"Protocolo";"data";"hora";"natureza";"situacao";"bairro";"endereco";"numero";"detalhe_endereco_acidente";"complemento";"bairro_cruzamento";"num_semaforo";"sentido_via";"tipo";"auto";"moto";"ciclom";"ciclista";"pedestre";"onibus";"caminhao";"viatura";"outros";"vitimas";"vitimasfatais";"acidente_verificado";"tempo_clima";"situacao_semaforo";"sinalizacao";"condicao_via";"conservacao_via";"ponto_controle";"situacao_placa";"velocidade_max_via";"mao_direcao";"divisao_via1";"divisao_via2"
"293820,0";"2024-01-12";"10:19:00";"COM VÍTIMA";"FINALIZADA";"BOA VIAGEM";"AV ENGENHEIRO DOMINGOS FERREIRA";"";"";"EM FRENTE AO ASSAI ATACADISTA";"BOA VIAGEM";"";"";"COLISÃO";"0,0";"1,0";"0,0";"0,0";"0,0";"0,0";"0,0";"0,0";"0,0";"1,0";"0,0";"";"";"";"";"";"";"";"";"";"";"";""
"293831,0";"2024-01-12";"12:00:00";"COM VÍTIMA";"FINALIZADA";"ESTANCIA";"AV RECIFE";"";"";"PROX AO ASSAI, SEMAFORO 259";"ESTANCIA";"";"";"COLISÃO LATERAL";"1,0";"1,0";"0,0";"0,0";"0,0";"0,0";"0,0";"0,0";"0,0";"1,0";"0,0";"";"";"";"";"";"";"";"";"";"";"";""
"293840,0";"2024-01-12";"02:15:00";"COM VÍTIMA";"FINALIZADA";"IBURA";"AV DOIS RIOS";"";"RUA RIO XINGU";"PROX AO POSTO BR";"IBURA";"";"";"COLISÃO FRONTAL";"1,0";"1,0";"0,0";"0,0";"0,0";"0,0";"0,0";"0,0";"0,0";"1,0";"0,0";"";"";"";"";"";"";"";"";"";"";"";""
"293858,0";"2024-01-12";"05:02:00";"COM VÍTIMA";"FINALIZADA";"MADALENA";"RUA DR JOAO COIMBRA";"335";"";"";"MADALENA";"";"";"COLISÃO";"1,0";"1,0";"0,0";"0,0";"0,0";"0,0";"0,0";"0,0";"0,0";"1,0";"0,0";"";"";"";"";"";"";"";"";"";"";"";""
"293859,0";"2024-01-12";"05:06:00";"COM VÍTIMA";"FINALIZADA";"CASA AMARELA";"AV NORTE MIGUEL ARRAES DE ALENCAR";"2786";"";"SUPERMERCADO MAIS VOCÊ";"CASA AMARELA";"";"";"COLISÃO LATERAL";"0,0";"2,0";"0,0";"0,0";"0,0";"0,0";"0,0";"0,0";"0,0";"1,0";"0,0";"";"";"";"";"";"";"";"";"";"";"";""
"293860,0";"2024-01-12";"05:13:00";"COM VÍTIMA";"FINALIZADA";"TORREAO";"AV NORTE MIGUEL ARRAES DE ALENCAR";"1623";"";"EM FRENTE A GUILHERME AUTO ELETRICA";"TORREAO";"";"CIDADE";"COLISÃO TRASEIRA";"1,0";"1,0";"0,0";"0,0";"0,0";"0,0";"0,0";"0,0";"0,0";"2,0";"0,0";"";"";"";"";"";"";"";"";"";"";"";""
"293865,0";"2024-01-12";"06:13:00";"COM VÍTIMA";"FINALIZADA";"CAXANGA";"AV JOAQUIM RIBEIRO";"";"RUA RIBEIRO PESSOA";"EM FRENTE A UPA DA CAXANGÁ";"CAXANGA";"";"";"COLISÃO LATERAL";"1,0";"1,0";"0,0";"0,0";"0,0";"0,0";"0,0";"0,0";"0,0";"2,0";"0,0";"";"";"";"";"";"";"";"";"";"";"";""
"293878,0";"2024-01-13";"01:13:00";"SEM VÍTIMA";"FINALIZADA";"BOA VIAGEM";"AV ENGENHEIRO DOMINGOS FERREIRA";"1229";"";"CHOQUE CONTRA O POSTE  PROXIMO A CLINICA LAB, SEM VITIMS";"BOA VIAGEM";"";"";"CHOQUE";"1,0";"1,0";"0,0";"0,0";"0,0";"0,0";"0,0";"0,0";"0,0";"0,0";"0,0";"";"";"";"";"";"";"";"";"";"";"";""
"293879,0";"2024-01-13";"01:42:00";"COM VÍTIMA";"FINALIZADA";"SAO JOSE";"PRC DAS CINCO PONTAS";"";"";"EM FRENTE AO FORTE DAS CINCO PONTAS";"SAO JOSE";"";"";"COLISÃO";"0,0";"1,0";"0,0";"0,0";"0,0";"1,0";"0,0";"0,0";"0,0";"2,0";"0,0";"";"";"";"";"";"";"";"";"";"";"";""
"293894,0";"2024-01-13";"07:20:00";"COM VÍTIMA";"FINALIZADA";"IMBIRIBEIRA";"AV MARECHAL MASCARENHAS DE MORAES";"38";"";"PACIENTE DENTRO DA LOJA FERREIRA COSTA DA IMBIRIBEIRA";"IMBIRIBEIRA";"";"";"COLISÃO";"0,0";"1,0";"0,0";"0,0";"0,0";"0,0";"0,0";"0,0";"0,0";"1,0";"0,0";"";"";"";"";"";"";"";"";"";"";"";""
"293896,0";"2024-01-13";"07:45:00";"COM VÍTIMA";"FINALIZADA";"SANTO AMARO";"RUA PRINCESA IZABEL";"";"";"EM FRENTE A CAMERAS DOS VEREADORES DO RECIFE";"SANTO AMARO";"";"";"COLISÃO LATERAL";"1,0";"1,0";"0,0";"0,0";"0,0";"0,0";"0,0";"0,0";"0,0";"1,0";"0,0";"";"";"";"";"";"";"";"";"";"";"";""
"293906,0";"2024-01-13";"10:04:00";"COM VÍTIMA";"FINALIZADA";"BOA VIAGEM";"AV CONSELHEIRO AGUIAR";"";"";"PROX A LOJA MASON / PROX AO POSTO DE GASOLINA BR";"BOA VIAGEM";"";"";"COLISÃO";"0,0";"1,0";"0,0";"0,0";"0,0";"0,0";"0,0";"0,0";"0,0";"1,0";"0,0";"";"";"";"";"";"";"";"";"";"";"";""
"293909,0";"2024-01-13";"10:41:00";"COM VÍTIMA";"FINALIZADA";"ENCRUZILHADA";"RUA ALFREDO DE CASTRO";"";"";"AO LADO DA LOCOLIZA";"ENCRUZILHADA";"";"";"QUEDA";"0,0";"1,0";"0,0";"0,0";"0,0";"0,0";"0,0";"0,0";"0,0";"1,0";"0,0";"";"";"";"";"";"";"";"";"";"";"";""
"293911,0";"2024-01-13";"12:12:00";"COM VÍTIMA";"FINALIZADA";"TEJIPIO";"AV DR JOSE RUFINO";"";"";"EM FRENTE A IGREJA CATOLICA DE TEJIPIO SENTIDO JABOATÃO NA DIVISA ENTRE RECIFE E JABOATÃO";"TEJIPIO";"";"";"COLISÃO";"0,0";"1,0";"0,0";"0,0";"0,0";"0,0";"0,0";"0,0";"0,0";"1,0";"0,0";"";"";"";"";"";"";"";"";"";"";"";""
"293918,0";"2024-01-13";"02:53:00";"COM VÍTIMA";"FINALIZADA";"JORDAO";"RUA DES EVANDRO NETTO";"349";"";"PROXIMO AO TERMINAL DE ÔNIBUS DE JORDÃO BAIXO E COLEGIO JOÃO PAULO";"JORDAO";"";"";"COLISÃO";"0,0";"1,0";"0,0";"0,0";"0,0";"0,0";"0,0";"0,0";"0,0";"1,0";"0,0";"";"";"";"";"";"";"";"";"";"";"";""
"293920,0";"2024-01-13";"03:16:00";"COM VÍTIMA";"FINALIZADA";"TORREAO";"RUA OTHON PARAISO";"735";"";"EM FRENTE AO EDIFICIO AURELINO MELO E POR TRAS DO HAPVIDA";"TORREAO";"";"";"COLISÃO";"0,0";"1,0";"0,0";"0,0";"0,0";"0,0";"0,0";"0,0";"0,0";"1,0";"0,0";"";"";"";"";"";"";"";"";"";"";"";""
"293922,0";"2024-01-13";"04:12:00";"COM VÍTIMA";"FINALIZADA";"IMBIRIBEIRA";"AV MARECHAL MASCARENHAS DE MORAES";"";"";"FRENTE ATACADO DOS PRESENTES";"IMBIRIBEIRA";"";"";"COLISÃO";"2,0";"0,0";"0,0";"0,0";"0,0";"0,0";"0,0";"0,0";"0,0";"1,0";"0,0";"";"";"";"";"";"";"";"";"";"";"";""
"293941,0";"2024-01-13";"08:32:00";"COM VÍTIMA";"FINALIZADA";"CAJUEIRO";"AV CIDADE DE MONTEIRO";"";"";"PROXIMO DA ACADEMIA DA CIDADE";"CAJUEIRO";"";"";"COLISÃO FRONTAL";"1,0";"1,0";"0,0";"0,0";"0,0";"0,0";"0,0";"0,0";"0,0";"1,0";"0,0";"";"";"";"";"";"";"";"";"";"";"";""
"293948,0";"2024-01-14";"12:41:00";"COM VÍTIMA";"FINALIZADA";"AREIAS";"AV DR JOSE RUFINO";"";"";"COM A RUA JOSE NATATARIO";"AREIAS";"";"";"COLISÃO FRONTAL";"1,0";"1,0";"0,0";"0,0";"0,0";"0,0";"0,0";"0,0";"0,0";"1,0";"0,0";"";"";"";"";"";"";"";"";"";"";"";""
"293949,0";"2024-01-14";"12:49:00";"COM VÍTIMA";"FINALIZADA";"VARZEA";"RUA GASTAO VIDIGAL";"315 A";"";"";"VARZEA";"";"";"COLISÃO FRONTAL";"1,0";"1,0";"0,0";"0,0";"0,0";"0,0";"0,0";"0,0";"0,0";"1,0";"0,0";"";"";"";"";"";"";"";"";"";"";"";""
"293954,0";"2024-01-14";"05:10:00";"SEM VÍTIMA";"FINALIZADA";"BOA VIAGEM";"RUA BRUNO VELOSO";"";"";"E/F A ACADEMIA SELTFIT";"BOA VIAGEM";"";"";"CAPOTAMENTO";"2,0";"0,0";"0,0";"0,0";"0,0";"0,0";"0,0";"0,0";"0,0";"0,0";"0,0";"";"";"";"";"";"";"";"";"";"";"";""
"293963,0";"2024-01-14";"07:24:00";"COM VÍTIMA";"FINALIZADA";"ILHA JOANA BEZERRA";"VIADUTO CAPITAO TEMUDO";"";"";"1° ALÇA VIADUTO CAPITÃO TEMUDO";"ILHA JOANA BEZERRA";"";"";"COLISÃO LATERAL";"0,0";"1,0";"0,0";"0,0";"0,0";"0,0";"0,0";"0,0";"0,0";"1,0";"0,0";"";"";"";"";"";"";"";"";"";"";"";""
"293975,0";"2024-01-14";"10:29:00";"COM VÍTIMA";"FINALIZADA";"SAO JOSE";"RUA FLORIANO PEIXOTO";"709";"RUA DO PEIXOTO";"PROX. A LEVI ARTES E RECIFE ACRILICOS";"SAO JOSE";"";"";"COLISÃO FRONTAL";"1,0";"1,0";"0,0";"0,0";"0,0";"0,0";"0,0";"0,0";"0,0";"1,0";"0,0";"";"";"";"";"";"";"";"";"";"";"";""
"293979,0";"2024-01-14";"11:52:00";"COM VÍTIMA";"FINALIZADA";"CORDEIRO";"RUA GOMES TABORDA";"";"";"PROX. AO GOLF CLUB";"CORDEIRO";"";"";"COLISÃO LATERAL";"0,0";"1,0";"0,0";"0,0";"0,0";"0,0";"0,0";"0,0";"0,0";"1,0";"0,0";"";"";"";"";"";"";"";"";"";"";"";""
"293985,0";"2024-01-14";"02:10:00";"SEM VÍTIMA";"CANCELADA";"BOA VIAGEM";"RUA RIBEIRO DE BRITO";"";"";"EM FRENTE AO HOTEL NACIONAL IN";"BOA VIAGEM";"";"";"COLISÃO LATERAL";"1,0";"1,0";"0,0";"0,0";"0,0";"0,0";"0,0";"0,0";"0,0";"0,0";"0,0";"";"";"";"";"";"";"";"";"";"";"";""
"293998,0";"2024-01-14";"07:25:00";"SEM VÍTIMA";"FINALIZADA";"AFLITOS";"AV SANTOS DUMONT";"";"AV CONS ROSA E SILVA";"CRUZAMENTO";"AFLITOS";"";"";"COLISÃO";"2,0";"0,0";"0,0";"0,0";"0,0";"0,0";"0,0";"0,0";"0,0";"0,0";"0,0";"";"";"";"";"";"";"";"";"";"";"";""
"294015,0";"2024-01-15";"06:37:00";"COM VÍTIMA";"FINALIZADA";"DERBY";"AV GOVERNADOR AGAMENON MAGALHAES";"";"PRC DO DERBY";"";"DERBY";"";"SUBURBIO";"ATROPELAMENTO DE PESSOA";"0,0";"0,0";"0,0";"0,0";"1,0";"1,0";"0,0";"0,0";"0,0";"1,0";"0,0";"";"";"";"";"";"";"";"";"";"";"";""
"294025,0";"2024-01-15";"07:38:00";"COM VÍTIMA";"FINALIZADA";"BOA VIAGEM";"RUA BARAO DE SOUZA LEAO";"";"";"EM FRENTE A LAVANDERIA NAPOLITANA";"BOA VIAGEM";"";"";"COLISÃO LATERAL";"0,0";"1,0";"0,0";"0,0";"0,0";"0,0";"0,0";"0,0";"0,0";"1,0";"0,0";"";"";"";"";"";"";"";"";"";"";"";""
"294026,0";"2024-01-15";"07:52:00";"COM VÍTIMA";"DUPLICIDADE";"BOA VIAGEM";"RUA BARAO DE SOUZA LEAO";"1000";"";"EM FRENTE A LAVANDERIA NAPOLITANO";"BOA VIAGEM";"";"";"COLISÃO LATERAL";"1,0";"1,0";"0,0";"0,0";"0,0";"0,0";"0,0";"0,0";"0,0";"1,0";"0,0";"";"";"";"";"";"";"";"";"";"";"";""
"294030,0";"2024-01-15";"08:19:00";"COM VÍTIMA";"FINALIZADA";"BOMBA DO HEMETERIO";"RUA MARAIAL";"";"";"EM FRENTE A FARMACIA DO TRABALHADOR";"BOMBA DO HEMETERIO";"";"";"COLISÃO LATERAL";"1,0";"1,0";"0,0";"0,0";"0,0";"0,0";"0,0";"0,0";"0,0";"1,0";"0,0";"";"";"";"";"";"";"";"";"";"";"";""
"294058,0";"2024-01-15";"11:48:00";"SEM VÍTIMA";"FINALIZADA";"GRACAS";"AV GOVERNADOR AGAMENON MAGALHAES";"";"";"TRIBUNAL REGIONAL ELEITORAL";"GRACAS";"37,0";"";"CHOQUE";"1,0";"0,0";"0,0";"0,0";"0,0";"0,0";"0,0";"0,0";"0,0";"0,0";"0,0";"";"";"";"";"";"";"";"";"";"";"";""
"294076,0";"2024-01-15";"05:12:00";"SEM VÍTIMA";"FINALIZADA";"IMBIRIBEIRA";"AV RECIFE";"";"";"JUNTO AO RESTAURANTE SAL E BRASA/ DESCIDA DO VIADUTO  TANCREDO NEVES SENTIDO AV RECIFE";"IMBIRIBEIRA";"";"";"";"2,0";"0,0";"0,0";"0,0";"0,0";"0,0";"0,0";"0,0";"0,0";"0,0";"0,0";"";"";"";"";"";"";"";"";"";"";"";""
"294090,0";"2024-01-15";"06:43:00";"COM VÍTIMA";"FINALIZADA";"PRADO";"RUA GOMES TABORDA";"";"";"MADEREIRA SÃO JUDAS";"PRADO";"";"";"COLISÃO FRONTAL";"1,0";"1,0";"0,0";"0,0";"0,0";"0,0";"0,0";"0,0";"0,0";"1,0";"0,0";"";"";"";"";"";"";"";"";"";"";"";""
"294095,0";"2024-01-15";"09:29:00";"COM VÍTIMA";"FINALIZADA";"BOA VIAGEM";"AV ENGENHEIRO DOMINGOS FERREIRA";"";"RUA ANTONIO FALCAO";"ESQUINA COM O CARREFOUR";"BOA VIAGEM";"";"";"COLISÃO LATERAL";"1,0";"1,0";"0,0";"0,0";"0,0";"0,0";"0,0";"0,0";"0,0";"2,0";"0,0";"";"";"";"";"";"";"";"";"";"";"";""
"294104,0";"2024-01-16";"06:04:00";"COM VÍTIMA";"FINALIZADA";"IPUTINGA";"AV CAXANGA";"";"";"NO SEMAFORO 533 PROX. A IPUTINGA AUTOMOVEIS";"IPUTINGA";"";"";"COLISÃO LATERAL";"1,0";"1,0";"0,0";"0,0";"0,0";"0,0";"0,0";"0,0";"0,0";"1,0";"0,0";"";"";"";"";"";"";"";"";"";"";"";""
"294117,0";"2024-01-16";"07:50:00";"COM VÍTIMA";"FINALIZADA";"CASA AMARELA";"RUA LUIZ CESARIO DE MELO";"";"";"EM FRENTE AO ARMAZEM SV FERRAGENS / EM FRENTE A MARTENIDADE BARROS LIMA";"CASA AMARELA";"";"";"COLISÃO";"0,0";"1,0";"0,0";"0,0";"0,0";"0,0";"0,0";"0,0";"0,0";"1,0";"0,0";"";"";"";"";"";"";"";"";"";"";"";""
"294121,0";"2024-01-16";"08:40:00";"COM VÍTIMA";"FINALIZADA";"BOA VIAGEM";"AVENIDA CELSO FURTADO (VIA MANGUE)";"";"";"SENTIDO BOA VIAGEM APOS O SHOPPING RIO MAR";"BOA VIAGEM";"";"";"COLISÃO";"0,0";"1,0";"0,0";"0,0";"0,0";"0,0";"0,0";"0,0";"0,0";"1,0";"0,0";"";"";"";"";"";"";"";"";"";"";"";""
"294122,0";"2024-01-16";"08:41:00";"COM VÍTIMA";"FINALIZADA";"BOA VIAGEM";"AV DES JOSE NEVES";"";"";"PROX. A ENTRADA DO SHOPPING RECIFE";"BOA VIAGEM";"";"";"COLISÃO LATERAL";"0,0";"1,0";"0,0";"0,0";"0,0";"0,0";"0,0";"0,0";"0,0";"1,0";"0,0";"";"";"";"";"";"";"";"";"";"";"";""
"294124,0";"2024-01-16";"08:46:00";"COM VÍTIMA";"DUPLICIDADE";"BOA VIAGEM";"AV DOM JOAO VI";"";"";"POR TRAS DO SHOOPING RECIFE BEIRA CANAL";"BOA VIAGEM";"";"";"COLISÃO TRASEIRA";"1,0";"1,0";"0,0";"0,0";"0,0";"0,0";"0,0";"0,0";"0,0";"1,0";"0,0";"";"";"";"";"";"";"";"";"";"";"";""
"294142,0";"2024-01-16";"11:00:00";"COM VÍTIMA";"FINALIZADA";"DOIS UNIDOS";"AV HILDEBRANDO DE VASCONCELOS";"2495";"";"PROX A VIDRAÇARIA SÃO JOSE  E ARMAZEM BERLIM";"DOIS UNIDOS";"";"";"COLISÃO";"0,0";"1,0";"0,0";"0,0";"0,0";"0,0";"0,0";"0,0";"0,0";"1,0";"0,0";"";"";"";"";"";"";"";"";"";"";"";""
"294157,0";"2024-01-16";"12:36:00";"COM VÍTIMA";"FINALIZADA";"SAN MARTIN";"AV ENGENHEIRO ABDIAS DE CARVALHO";"201";"";"CHESF / UPA DE TORROES SENTIDO CURADO";"SAN MARTIN";"";"";"COLISÃO LATERAL";"0,0";"1,0";"0,0";"0,0";"0,0";"0,0";"1,0";"0,0";"0,0";"1,0";"0,0";"";"";"";"";"";"";"";"";"";"";"";""
"294158,0";"2024-01-16";"12:38:00";"COM VÍTIMA";"FINALIZADA";"IMBIRIBEIRA";"AV MARECHAL MASCARENHAS DE MORAES";"6217";"";"EM FRENTE AO AEROPORTO DO RECIFE";"IMBIRIBEIRA";"";"";"COLISÃO LATERAL";"1,0";"1,0";"0,0";"0,0";"0,0";"0,0";"0,0";"0,0";"0,0";"1,0";"0,0";"";"";"";"";"";"";"";"";"";"";"";""
"294167,0";"2024-01-16";"02:27:00";"COM VÍTIMA";"FINALIZADA";"IMBIRIBEIRA";"RUA JAMAICA";"188";"";"EM FRENTE AO CENTER MAIS SAUDE";"IMBIRIBEIRA";"";"";"COLISÃO FRONTAL";"1,0";"1,0";"0,0";"0,0";"0,0";"0,0";"0,0";"0,0";"0,0";"1,0";"0,0";"";"";"";"";"";"";"";"";"";"";"";""
"294176,0";"2024-01-16";"03:58:00";"COM VÍTIMA";"FINALIZADA";"GRACAS";"RUA SENADOR ALBERTO PAIVA";"98";"";"POR TRAZ DO COLEGIO SAO  LUIZ";"GRACAS";"";"";"COLISÃO TRASEIRA";"1,0";"1,0";"0,0";"0,0";"0,0";"0,0";"0,0";"0,0";"0,0";"1,0";"0,0";"";"";"";"";"";"";"";"";"";"";"";""
"294178,0";"2024-01-16";"04:16:00";"SEM VÍTIMA";"FINALIZADA";"IMBIRIBEIRA";"AV MARECHAL MASCARENHAS DE MORAES";"";"";"AO LADO DO ATACADO DOS PRESENTES";"IMBIRIBEIRA";"";"";"COLISÃO LATERAL";"0,0";"0,0";"0,0";"0,0";"0,0";"0,0";"1,0";"1,0";"0,0";"0,0";"0,0";"";"";"";"";"";"";"";"";"";"";"";""
"294179,0";"2024-01-16";"04:26:00";"SEM VÍTIMA";"FINALIZADA";"ILHA DO RETIRO";"AV ENGENHEIRO ABDIAS DE CARVALHO";"";"";"SPORT CLUBE";"ILHA DO RETIRO";"";"";"COLISÃO TRASEIRA";"1,0";"0,0";"0,0";"0,0";"0,0";"1,0";"0,0";"0,0";"0,0";"0,0";"0,0";"";"";"";"";"";"";"";"";"";"";"";""
"294182,0";"2024-01-16";"05:39:00";"COM VÍTIMA";"FINALIZADA";"BOA VIAGEM";"AV ENGENHEIRO DOMINGOS FERREIRA";"";"";"PROXIMO AO CERPE E SPETTUS";"BOA VIAGEM";"";"";"COLISÃO LATERAL";"1,0";"1,0";"0,0";"0,0";"0,0";"0,0";"0,0";"0,0";"0,0";"2,0";"0,0";"";"";"";"";"";"";"";"";"";"";"";""
"294188,0";"2024-01-16";"07:27:00";"COM VÍTIMA";"FINALIZADA";"MADALENA";"AV VISCONDE DE ALBUQUERQUE";"401";"";"EM FRENTE AO MADALENA CENTER";"MADALENA";"";"";"COLISÃO";"1,0";"1,0";"0,0";"0,0";"0,0";"0,0";"0,0";"0,0";"0,0";"1,0";"0,0";"";"";"";"";"";"";"";"";"";"";"";""
"294189,0";"2024-01-16";"07:40:00";"COM VÍTIMA";"CANCELADA";"IMBIRIBEIRA";"AV MARECHAL MASCARENHAS DE MORAES";"";"";"EM FRENTE A FERREIRA COSTA";"IMBIRIBEIRA";"";"";"COLISÃO";"1,0";"1,0";"0,0";"0,0";"0,0";"0,0";"0,0";"0,0";"0,0";"1,0";"0,0";"";"";"";"";"";"";"";"";"";"";"";""
"294190,0";"2024-01-16";"08:03:00";"COM VÍTIMA";"FINALIZADA";"TORRE";"RUA LEMOS TORRES";"49";"";"EM FRENTE AO SHOPPING PLAZA";"TORRE";"";"";"COLISÃO";"1,0";"1,0";"0,0";"0,0";"0,0";"0,0";"0,0";"0,0";"0,0";"1,0";"0,0";"";"";"";"";"";"";"";"";"";"";"";""
"294191,0";"2024-01-16";"08:17:00";"COM VÍTIMA";"FINALIZADA";"BEBERIBE";"RUA DO TRIUNFO";"";"AV BEBERIBE";"DUZENTOS METROS APÓS O CAMPO DO DSANTA CRUZ SENTIDO ÁGUA FRIA";"BEBERIBE";"";"";"COLISÃO";"1,0";"1,0";"0,0";"0,0";"0,0";"0,0";"0,0";"0,0";"0,0";"1,0";"0,0";"";"";"";"";"";"";"";"";"";"";"";""
"294205,0";"2024-01-17";"05:31:00";"COM VÍTIMA";"FINALIZADA";"BOA VIAGEM";"RUA PROFESSOR JOAO MEDEIROS";"";"RUA ERNESTO DE PAULA SANTOS";"DROGASIL";"BOA VIAGEM";"";"";"COLISÃO";"2,0";"0,0";"0,0";"0,0";"0,0";"0,0";"0,0";"0,0";"0,0";"2,0";"0,0";"";"";"";"";"";"";"";"";"";"";"";""
"294212,0";"2024-01-17";"06:25:00";"COM VÍTIMA";"FINALIZADA";"IBURA";"LAD DA COHAB";"";"";"SUB. DA LADEIRA DA COHAB UR-01";"IBURA";"";"";"COLISÃO LATERAL";"1,0";"1,0";"0,0";"0,0";"0,0";"0,0";"0,0";"0,0";"0,0";"2,0";"0,0";"";"";"";"";"";"";"";"";"";"";"";""
"294228,0";"2024-01-17";"07:58:00";"COM VÍTIMA";"FINALIZADA";"IBURA";"AV DOIS RIOS";"";"";"IBURA DE BAIXO EM FRENTE AO MR SUPERMERCADO";"IBURA";"";"";"COLISÃO";"0,0";"1,0";"0,0";"0,0";"0,0";"0,0";"0,0";"0,0";"0,0";"1,0";"0,0";"";"";"";"";"";"";"";"";"";"";"";""
"294232,0";"2024-01-17";"08:06:00";"COM VÍTIMA";"FINALIZADA";"CASA AMARELA";"RUA PAULA BATISTA";"715";"";"NA FRENTE DO SUPER BOM PREÇO";"CASA AMARELA";"";"";"COLISÃO";"1,0";"1,0";"0,0";"0,0";"0,0";"0,0";"0,0";"0,0";"0,0";"1,0";"0,0";"";"";"";"";"";"";"";"";"";"";"";""
"294234,0";"2024-01-17";"08:11:00";"COM VÍTIMA";"FINALIZADA";"IBURA";"AV DOIS RIOS";"";"";"CTTU- BATEDORES EM ESCOLTA";"IBURA";"";"";"COLISÃO";"1,0";"1,0";"0,0";"0,0";"0,0";"0,0";"0,0";"0,0";"0,0";"1,0";"0,0";"";"";"";"";"";"";"";"";"";"";"";""
"294239,0";"2024-01-17";"08:26:00";"COM VÍTIMA";"FINALIZADA";"IMBIRIBEIRA";"AV MARECHAL MASCARENHAS DE MORAES";"";"";"PROX. AO GRAU TECNICO E GRILLO DECOR SENT. AFOGADOS";"IMBIRIBEIRA";"";"";"COLISÃO LATERAL";"0,0";"1,0";"0,0";"0,0";"0,0";"0,0";"0,0";"0,0";"0,0";"1,0";"0,0";"";"";"";"";"";"";"";"";"";"";"";""
"294244,0";"2024-01-17";"09:08:00";"COM VÍTIMA";"FINALIZADA";"CASA AMARELA";"AV NORTE MIGUEL ARRAES DE ALENCAR";"";"";"EM FRENTE A IGREJA ADVENTISTA SENT. CIDADE";"CASA AMARELA";"";"";"ATROPELAMENTO DE PESSOA";"1,0";"1,0";"0,0";"0,0";"1,0";"0,0";"0,0";"0,0";"0,0";"2,0";"0,0";"";"";"";"";"";"";"";"";"";"";"";""
"294248,0";"2024-01-17";"09:17:00";"COM VÍTIMA";"DUPLICIDADE";"CASA AMARELA";"AV NORTE MIGUEL ARRAES DE ALENCAR";"";"";"APOS O SUPERMERCADO DESCONTÃO EM FRENTE A IGREJA ADVENTISTA";"CASA AMARELA";"";"";"COLISÃO";"0,0";"1,0";"0,0";"0,0";"0,0";"0,0";"0,0";"0,0";"0,0";"1,0";"0,0";"";"";"";"";"";"";"";"";"";"";"";""
"294253,0";"2024-01-17";"09:46:00";"COM VÍTIMA";"FINALIZADA";"IMBIRIBEIRA";"AV MARECHAL MASCARENHAS DE MORAES";"";"AV ENGENHEIRO ALVES DE SOUZA";"EM FRENTE A  HONDA  ( PROX AO SEMAFORO 288  )";"IMBIRIBEIRA";"";"";"COLISÃO TRASEIRA";"1,0";"1,0";"0,0";"0,0";"0,0";"0,0";"0,0";"0,0";"0,0";"1,0";"0,0";"";"";"";"";"";"";"";"";"";"";"";""
"294258,0";"2024-01-17";"10:14:00";"COM VÍTIMA";"FINALIZADA";"BOA VIAGEM";"AV BOA VIAGEM";"2554";"";"DEPOIS DA PADARIOA BOA VIAGEM//";"BOA VIAGEM";"";"";"COLISÃO";"0,0";"1,0";"0,0";"0,0";"0,0";"0,0";"0,0";"0,0";"0,0";"1,0";"0,0";"";"";"";"";"";"";"";"";"";"";"";""
"294259,0";"2024-01-17";"10:14:00";"COM VÍTIMA";"FINALIZADA";"JORDAO";"AV MARIA IRENE";"72";"";"JORDÃO BAIXO , PROX A ACADEMIA GREEN FIT";"JORDAO";"";"";"COLISÃO";"0,0";"1,0";"0,0";"0,0";"0,0";"0,0";"0,0";"0,0";"0,0";"1,0";"0,0";"";"";"";"";"";"";"";"";"";"";"";""
"294260,0";"2024-01-17";"10:15:00";"COM VÍTIMA";"FINALIZADA";"AFOGADOS";"RUA COSME VIANA";"";"";"EM FRENTE A LOJA  TUPAN";"AFOGADOS";"";"";"COLISÃO FRONTAL";"1,0";"1,0";"0,0";"0,0";"0,0";"0,0";"0,0";"0,0";"0,0";"1,0";"0,0";"";"";"";"";"";"";"";"";"";"";"";""
"294264,0";"2024-01-17";"10:29:00";"COM VÍTIMA";"DUPLICIDADE";"BOA VIAGEM";"PRC DA BOA VIAGEM";"";"";"EM FRENTE AO QUIOSQUE 15 E PROX AO EDIFICIO MARIA EDUARDA";"BOA VIAGEM";"";"";"COLISÃO";"0,0";"1,0";"0,0";"0,0";"0,0";"0,0";"0,0";"0,0";"0,0";"1,0";"0,0";"";"";"";"";"";"";"";"";"";"";"";""
"294272,0";"2024-01-17";"11:49:00";"COM VÍTIMA";"FINALIZADA";"ILHA DO RETIRO";"RUA COSME VIANA";"";"";"AO LADO DA TUPAN";"ILHA DO RETIRO";"";"";"COLISÃO LATERAL";"0,0";"1,0";"0,0";"0,0";"0,0";"0,0";"0,0";"0,0";"0,0";"1,0";"0,0";"";"";"";"";"";"";"";"";"";"";"";""
"294276,0";"2024-01-17";"12:30:00";"COM VÍTIMA";"FINALIZADA";"MORRO DA CONCEICAO";"RUA ITACOATIARA";"";"";"PROX AO CALDO DE CANA TERENCIO / PROX AO BAR DO TONHO";"MORRO DA CONCEICAO";"";"";"COLISÃO";"0,0";"1,0";"0,0";"0,0";"0,0";"0,0";"0,0";"0,0";"0,0";"1,0";"0,0";"";"";"";"";"";"";"";"";"";"";"";""