"Protocolo";"data";"hora";"natureza";"situacao";"bairro";"endereco";"numero";"detalhe_endereco_acidente";"complemento";"bairro_cruzamento";"num_semaforo";"sentido_via";"tipo";"auto";"moto";"ciclom";"ciclista";"pedestre";"onibus";"caminhao";"viatura";"outros";"vitimas";"vitimasfatais";"acidente_verificado";"tempo_clima";"situacao_semaforo";"sinalizacao";"condicao_via";"conservacao_via";"ponto_controle";"situacao_placa";"velocidade_max_via";"mao_direcao";"divisao_via1";"divisao_via2"
"294284,0";"2024-01-17";"02:06:00";"COM VÍTIMA";"FINALIZADA";"PRADO";"RUA GOMES TABORDA";"869";"";"PROXIMO A DIR MOTOS E ECOPET";"PRADO";"";"";"COLISÃO";"0,0";"1,0";"0,0";"0,0";"0,0";"0,0";"0,0";"0,0";"0,0";"1,0";"0,0";"";"";"";"";"";"";"";"";"";"";"";""
"294297,0";"2024-01-17";"05:21:00";"SEM VÍTIMA";"FINALIZADA";"CABANGA";"AV SUL";"1450";"";"EM FRENTE A LOJA FEXIS CROMAGEM";"CABANGA";"";"";"COLISÃO TRASEIRA";"2,0";"0,0";"0,0";"0,0";"0,0";"0,0";"0,0";"0,0";"0,0";"0,0";"0,0";"";"";"";"";"";"";"";"";"";"";"";""
"294318,0";"2024-01-17";"07:40:00";"COM VÍTIMA";"FINALIZADA";"CASA AMARELA";"RUA PAULA BATISTA";"270";"";"E/F AO PREDIO MORADA PAULA BATISTA";"CASA AMARELA";"";"";"COLISÃO LATERAL";"0,0";"1,0";"0,0";"0,0";"0,0";"1,0";"0,0";"0,0";"0,0";"1,0";"0,0";"";"";"";"";"";"";"";"";"";"";"";""
"294323,0";"2024-01-17";"09:06:00";"COM VÍTIMA";"CANCELADA";"AGUA FRIA";"RUA LADEIRA DE PEDRA";"";"";"APÓS O TERMINAL DO ALTO DO PASCOAL";"AGUA FRIA";"";"";"COLISÃO FRONTAL";"1,0";"1,0";"0,0";"0,0";"0,0";"0,0";"0,0";"0,0";"0,0";"1,0";"0,0";"";"";"";"";"";"";"";"";"";"";"";""
"294337,0";"2024-01-18";"04:44:00";"VÍTIMA FATAL";"CANCELADA";"AGUA FRIA";"RUA ELZA";"165";"";"PROXIMO DA LADEIRA DE PEDRA";"AGUA FRIA";"";"";"CHOQUE";"1,0";"1,0";"0,0";"0,0";"0,0";"0,0";"0,0";"0,0";"0,0";"1,0";"1,0";"";"";"";"";"";"";"";"";"";"";"";""
"294350,0";"2024-01-18";"07:05:00";"COM VÍTIMA";"FINALIZADA";"IMBIRIBEIRA";"RUA PARIS";"";"";"PROX. A LAGOA DO ARAÇA";"IMBIRIBEIRA";"";"";"COLISÃO LATERAL";"0,0";"1,0";"0,0";"0,0";"0,0";"0,0";"0,0";"0,0";"0,0";"1,0";"0,0";"";"";"";"";"";"";"";"";"";"";"";""
"294358,0";"2024-01-18";"08:04:00";"SEM VÍTIMA";"FINALIZADA";"IMBIRIBEIRA";"RUA RIO ITORORO";"";"AV MARECHAL MASCARENHAS DE MORAES";"";"IMBIRIBEIRA";"";"";"COLISÃO";"2,0";"0,0";"0,0";"0,0";"0,0";"0,0";"0,0";"0,0";"0,0";"0,0";"0,0";"";"";"";"";"";"";"";"";"";"";"";""
"294360,0";"2024-01-18";"08:12:00";"COM VÍTIMA";"FINALIZADA";"ENCRUZILHADA";"RUA QUARENTA E OITO";"815";"";"EM FRENTE A LOJA SONHAR COLCHOES";"ENCRUZILHADA";"";"";"COLISÃO LATERAL";"0,0";"2,0";"0,0";"0,0";"0,0";"0,0";"0,0";"0,0";"0,0";"1,0";"0,0";"";"";"";"";"";"";"";"";"";"";"";""
"294363,0";"2024-01-18";"08:35:00";"SEM VÍTIMA";"FINALIZADA";"CORDEIRO";"RUA DR JOAO LACERDA";"395";"";"ESTACIONAMENTO DO PEPART, AO LADO DO DHPP";"CORDEIRO";"";"";"COLISÃO LATERAL";"1,0";"0,0";"0,0";"0,0";"0,0";"0,0";"0,0";"1,0";"0,0";"0,0";"0,0";"";"";"";"";"";"";"";"";"";"";"";""
"294365,0";"2024-01-18";"08:39:00";"COM VÍTIMA";"FINALIZADA";"CAXANGA";"AV CAXANGA";"";"";"EM FRENTE AO HOSPITAL SANTA TEREZINHA E PROX AO BOI E BRASA DA CAXANGA";"CAXANGA";"";"";"COLISÃO";"0,0";"1,0";"0,0";"0,0";"0,0";"0,0";"0,0";"0,0";"0,0";"1,0";"0,0";"";"";"";"";"";"";"";"";"";"";"";""
"294390,0";"2024-01-18";"12:01:00";"COM VÍTIMA";"FINALIZADA";"MADALENA";"RUA JANUARIO BARBOSA";"879";"AV BEIRA RIO";"EM FRENTE AO EDIFICIO QUATRO ESTAÇÃO";"MADALENA";"";"";"COLISÃO FRONTAL";"1,0";"1,0";"0,0";"0,0";"0,0";"0,0";"0,0";"0,0";"0,0";"1,0";"0,0";"";"";"";"";"";"";"";"";"";"";"";""
"294408,0";"2024-01-18";"03:43:00";"COM VÍTIMA";"FINALIZADA";"CASA FORTE";"AV DEZESSETE DE AGOSTO";"1461";"";"PROXIMO AO MUSEU DO HOMEM DO NORDESTE E HOSPITAL ERMIRIO DE MORAES";"CASA FORTE";"";"";"COLISÃO";"0,0";"1,0";"0,0";"0,0";"0,0";"0,0";"0,0";"0,0";"0,0";"1,0";"0,0";"";"";"";"";"";"";"";"";"";"";"";""
"294412,0";"2024-01-18";"04:48:00";"COM VÍTIMA";"FINALIZADA";"CAMPO GRANDE";"EST DE BELEM";"1198";"";"EM FRENTE AO SUPERMERCADO ECONOMICO";"CAMPO GRANDE";"";"";"COLISÃO";"0,0";"1,0";"0,0";"0,0";"0,0";"0,0";"0,0";"0,0";"0,0";"1,0";"0,0";"";"";"";"";"";"";"";"";"";"";"";""
"294413,0";"2024-01-18";"04:55:00";"COM VÍTIMA";"FINALIZADA";"SOLEDADE";"RUA JOAO FERNANDES VIEIRA";"335";"";"POR TRAS DA CELPE E NA PRAÇA OSWALDO CRUZ";"SOLEDADE";"";"";"COLISÃO";"0,0";"1,0";"0,0";"0,0";"0,0";"0,0";"0,0";"0,0";"0,0";"1,0";"0,0";"";"";"";"";"";"";"";"";"";"";"";""
"294418,0";"2024-01-18";"06:21:00";"COM VÍTIMA";"FINALIZADA";"CAMPO GRANDE";"RUA FRANKLIN TAVORA";"873";"";"PROX AO ESTABELECIMENTO NADECON MADEIRA";"CAMPO GRANDE";"";"";"COLISÃO FRONTAL";"0,0";"2,0";"0,0";"0,0";"0,0";"0,0";"0,0";"0,0";"0,0";"1,0";"0,0";"";"";"";"";"";"";"";"";"";"";"";""
"294420,0";"2024-01-18";"06:29:00";"COM VÍTIMA";"FINALIZADA";"CAMPINA DO BARRETO";"RUA CORONEL URBANO RIBEIRO DE SENA";"";"RUA CONSTANCA";"ARVORE DA BARRIGUDA";"CAMPINA DO BARRETO";"";"";"ATROPELAMENTO DE PESSOA";"1,0";"0,0";"0,0";"0,0";"1,0";"0,0";"0,0";"0,0";"0,0";"1,0";"0,0";"";"";"";"";"";"";"";"";"";"";"";""
"294421,0";"2024-01-18";"06:52:00";"COM VÍTIMA";"FINALIZADA";"ENCRUZILHADA";"AV NORTE MIGUEL ARRAES DE ALENCAR";"858";"";"BANCO SANTANDER";"ENCRUZILHADA";"";"";"COLISÃO LATERAL";"0,0";"2,0";"0,0";"0,0";"0,0";"0,0";"0,0";"0,0";"0,0";"1,0";"0,0";"";"";"";"";"";"";"";"";"";"";"";""
"294436,0";"2024-01-18";"11:50:00";"COM VÍTIMA";"FINALIZADA";"CAMPO GRANDE";"EST DE BELEM";"";"RUA PRUDENTE DE MORAES";"POSTO PETRONACA / PIZZARIA PASSIRA";"CAMPO GRANDE";"";"";"COLISÃO";"1,0";"1,0";"0,0";"0,0";"0,0";"0,0";"0,0";"0,0";"0,0";"2,0";"0,0";"";"";"";"";"";"";"";"";"";"";"";""
"294444,0";"2024-01-19";"05:25:00";"COM VÍTIMA";"FINALIZADA";"BOA VIAGEM";"RUA BRUNO VELOSO";"";"";"EM FRENTE A ACADEMIA SELFIT";"BOA VIAGEM";"335,0";"";"COLISÃO";"2,0";"0,0";"0,0";"0,0";"0,0";"0,0";"0,0";"0,0";"0,0";"1,0";"0,0";"";"";"";"";"";"";"";"";"";"";"";""
"294448,0";"2024-01-19";"06:58:00";"COM VÍTIMA";"FINALIZADA";"BOA VIAGEM";"AV MARECHAL JUAREZ TAVORA";"";"";"PROX. AO SUPERMERCADO RM E CANAL , EM FRENTE AO ARMAZEM ECOSEL";"BOA VIAGEM";"";"";"COLISÃO LATERAL";"0,0";"1,0";"0,0";"0,0";"0,0";"0,0";"0,0";"0,0";"0,0";"1,0";"0,0";"";"";"";"";"";"";"";"";"";"";"";""
"294462,0";"2024-01-19";"07:28:00";"COM VÍTIMA";"DUPLICIDADE";"BOA VIAGEM";"AV MARECHAL JUAREZ TAVORA";"315";"";"E/F ARMAZEM ECOZEL";"BOA VIAGEM";"";"";"COLISÃO LATERAL";"1,0";"1,0";"0,0";"0,0";"0,0";"0,0";"0,0";"0,0";"0,0";"1,0";"0,0";"";"";"";"";"";"";"";"";"";"";"";""
"294463,0";"2024-01-19";"07:34:00";"COM VÍTIMA";"FINALIZADA";"TEJIPIO";"AV DR JOSE RUFINO";"3048";"";"EM FRENTE AO COLEGIO ALBERTO TORRES";"TEJIPIO";"";"";"";"1,0";"1,0";"0,0";"0,0";"0,0";"0,0";"0,0";"0,0";"0,0";"1,0";"0,0";"";"";"";"";"";"";"";"";"";"";"";""
"294467,0";"2024-01-19";"07:42:00";"COM VÍTIMA";"FINALIZADA";"ENCRUZILHADA";"RUA CONS PORTELA";"";"";"PROX AO COLEGIO DOM VITAL / E GALERIA PORTELA";"ENCRUZILHADA";"";"";"COLISÃO LATERAL";"0,0";"2,0";"0,0";"0,0";"0,0";"0,0";"0,0";"0,0";"0,0";"1,0";"0,0";"";"";"";"";"";"";"";"";"";"";"";""
"294471,0";"2024-01-19";"08:09:00";"COM VÍTIMA";"FINALIZADA";"PINA";"AVENIDA CELSO FURTADO (VIA MANGUE)";"";"";"SENT. CIDADE, PROX. A OBRA. SOLICITANTE NÃO SOUBE PASSAR MAIS INF. PROX A OBRA DO PARQUE EDUARDO CAMPO / NA ENTRADA DO ANTIGO AEROPORTO";"PINA";"";"";"COLISÃO LATERAL";"0,0";"1,0";"0,0";"0,0";"0,0";"0,0";"0,0";"0,0";"0,0";"1,0";"0,0";"";"";"";"";"";"";"";"";"";"";"";""
"294473,0";"2024-01-19";"08:45:00";"COM VÍTIMA";"FINALIZADA";"PINA";"AV ENGENHEIRO DOMINGOS FERREIRA";"";"";"PROX A AP BEBIDAS /  PROX AO POSTO DE GASOLINA MULTI POSTO";"PINA";"";"";"COLISÃO";"0,0";"1,0";"0,0";"0,0";"0,0";"0,0";"0,0";"0,0";"0,0";"1,0";"0,0";"";"";"";"";"";"";"";"";"";"";"";""
"294474,0";"2024-01-19";"08:50:00";"COM VÍTIMA";"FINALIZADA";"SANTO AMARO";"AV CRUZ CABUGA";"";"RUA VINTE E QUATRO DE MAIO";"CONTAX";"SANTO AMARO";"";"";"COLISÃO COM CICLISTA";"1,0";"0,0";"0,0";"1,0";"0,0";"0,0";"0,0";"0,0";"0,0";"1,0";"0,0";"";"";"";"";"";"";"";"";"";"";"";""
"294478,0";"2024-01-19";"09:15:00";"COM VÍTIMA";"FINALIZADA";"SAO JOSE";"AV ENGENHEIRO JOSE ESTELITA";"";"";"PROX. AO VIADUTO DAS CINCO PONTAS SENT. CIDADE";"SAO JOSE";"";"";"COLISÃO TRASEIRA";"1,0";"1,0";"0,0";"0,0";"0,0";"0,0";"0,0";"0,0";"0,0";"2,0";"0,0";"";"";"";"";"";"";"";"";"";"";"";""
"294482,0";"2024-01-19";"09:45:00";"COM VÍTIMA";"FINALIZADA";"BOA VIAGEM";"RUA PADRE CARAPUCEIRO";"";"";"PROX AO SHOPPING RECIFE / PROX A OBRA DO SUPERMERCADO MIX MATHEUS O ANTIGO HIPER BOMPREÇO";"BOA VIAGEM";"";"";"COLISÃO";"0,0";"1,0";"0,0";"0,0";"0,0";"0,0";"0,0";"0,0";"0,0";"1,0";"0,0";"";"";"";"";"";"";"";"";"";"";"";""
"294498,0";"2024-01-19";"11:42:00";"COM VÍTIMA";"FINALIZADA";"CIDADE UNIVERSITARIA";"RUA GENERAL POLIDORO";"982";"";"EM FRENTE A FARMACIA PAGUE MENOS";"CIDADE UNIVERSITARIA";"";"";"ATROPELAMENTO DE PESSOA";"0,0";"1,0";"0,0";"0,0";"1,0";"0,0";"0,0";"0,0";"0,0";"2,0";"0,0";"";"";"";"";"";"";"";"";"";"";"";""
"294505,0";"2024-01-19";"01:00:00";"COM VÍTIMA";"FINALIZADA";"MADALENA";"RUA REAL DA TORRE";"";"";"PROX AO MERCADO PUBLICO DA MADALENA";"MADALENA";"";"";"COLISÃO";"0,0";"1,0";"0,0";"0,0";"0,0";"0,0";"0,0";"0,0";"0,0";"1,0";"0,0";"";"";"";"";"";"";"";"";"";"";"";""
"294516,0";"2024-01-19";"03:11:00";"COM VÍTIMA";"FINALIZADA";"TORRE";"RUA SOUZA BANDEIRA";"526";"";"PROXIMO A PADARIA DELICIA DO PÃO E A FARMACIA DO TRABALHADOR";"TORRE";"";"";"COLISÃO";"0,0";"1,0";"0,0";"0,0";"0,0";"0,0";"0,0";"0,0";"0,0";"1,0";"0,0";"";"";"";"";"";"";"";"";"";"";"";""
"294517,0";"2024-01-19";"03:11:00";"COM VÍTIMA";"FINALIZADA";"SAO JOSE";"AV SUL";"";"";"EM BAIXO DO PONTILHÃO SENTIDO AS TORES GEMEAS";"SAO JOSE";"";"";"COLISÃO";"1,0";"0,0";"0,0";"0,0";"0,0";"0,0";"0,0";"0,0";"0,0";"1,0";"0,0";"";"";"";"";"";"";"";"";"";"";"";""
"294519,0";"2024-01-19";"03:15:00";"COM VÍTIMA";"FINALIZADA";"SANTO AMARO";"RUA DO POMBAL";"546";"";"EM FRENTE AO IML";"SANTO AMARO";"";"";"COLISÃO";"0,0";"1,0";"0,0";"0,0";"0,0";"0,0";"0,0";"0,0";"0,0";"1,0";"0,0";"";"";"";"";"";"";"";"";"";"";"";""
"294523,0";"2024-01-19";"03:44:00";"SEM VÍTIMA";"FINALIZADA";"MANGUEIRA";"RUA VINTE E UM DE ABRIL";"1518";"";"EM FRENTE À MULTIAÇOS";"MANGUEIRA";"";"";"COLISÃO LATERAL";"0,0";"0,0";"0,0";"0,0";"0,0";"0,0";"1,0";"1,0";"0,0";"0,0";"0,0";"";"";"";"";"";"";"";"";"";"";"";""
"294524,0";"2024-01-19";"04:47:00";"COM VÍTIMA";"FINALIZADA";"CAMPO GRANDE";"EST DE BELEM";"";"RUA ODORICO MENDES";"E/F AO COLEGIO JESUS CRUCIFICADO";"CAMPO GRANDE";"";"";"COLISÃO TRASEIRA";"1,0";"1,0";"0,0";"0,0";"0,0";"0,0";"0,0";"0,0";"0,0";"1,0";"0,0";"";"";"";"";"";"";"";"";"";"";"";""
"294525,0";"2024-01-19";"05:05:00";"SEM VÍTIMA";"FINALIZADA";"ALTO SANTA TERESINHA";"AV ANIBAL BENEVOLO";"353";"";"TERMINAL DO ÔNIBUS";"ALTO SANTA TERESINHA";"";"";"COLISÃO FRONTAL";"0,0";"2,0";"0,0";"0,0";"0,0";"0,0";"0,0";"0,0";"0,0";"0,0";"0,0";"";"";"";"";"";"";"";"";"";"";"";""
"294532,0";"2024-01-19";"06:08:00";"COM VÍTIMA";"FINALIZADA";"SANTO AMARO";"AV VISCONDE DE SUASSUNA";"500";"";"SENAC";"SANTO AMARO";"";"";"COLISÃO LATERAL";"1,0";"1,0";"0,0";"0,0";"0,0";"0,0";"0,0";"0,0";"0,0";"1,0";"0,0";"";"";"";"";"";"";"";"";"";"";"";""
"294554,0";"2024-01-19";"11:26:00";"SEM VÍTIMA";"CANCELADA";"IBURA";"AV DOM HELDER CAMARA";"";"";"AO LADO DO ARMAZÉM ACHA AQUI";"IBURA";"";"";"COLISÃO";"1,0";"0,0";"0,0";"0,0";"0,0";"0,0";"1,0";"0,0";"0,0";"0,0";"0,0";"";"";"";"";"";"";"";"";"";"";"";""
"294555,0";"2024-01-19";"11:41:00";"COM VÍTIMA";"FINALIZADA";"CAJUEIRO";"AV CIDADE DE MONTEIRO";"";"";"ANTIGO AO RESTAURANTE TERRAÇO";"CAJUEIRO";"";"";"COLISÃO FRONTAL";"0,0";"2,0";"0,0";"0,0";"0,0";"0,0";"0,0";"0,0";"0,0";"2,0";"0,0";"";"";"";"";"";"";"";"";"";"";"";""
"294556,0";"2024-01-20";"01:57:00";"COM VÍTIMA";"FINALIZADA";"IPSEP";"RUA HELIO BRANDAO";"";"RUA SAO NICOLAU";"";"IPSEP";"";"";"COLISÃO TRASEIRA";"1,0";"1,0";"0,0";"0,0";"0,0";"0,0";"0,0";"0,0";"0,0";"1,0";"0,0";"";"";"";"";"";"";"";"";"";"";"";""
"294575,0";"2024-01-20";"07:06:00";"COM VÍTIMA";"FINALIZADA";"AFOGADOS";"AV DR JOSE RUFINO";"334";"";"PROX AO POSTO DE COMBUSTIVEL PBT BANCO DO BRASIL DE AFOGADOS";"AFOGADOS";"";"";"COLISÃO";"0,0";"2,0";"0,0";"0,0";"0,0";"0,0";"0,0";"0,0";"0,0";"1,0";"0,0";"";"";"";"";"";"";"";"";"";"";"";""
"294584,0";"2024-01-20";"09:24:00";"COM VÍTIMA";"FINALIZADA";"SANTO AMARO";"AV CRUZ CABUGA";"";"";"PROX AO CEMITÉRIO DO INGLESES / PROX AO MERCADO PUBLICO";"SANTO AMARO";"";"";"COLISÃO";"0,0";"1,0";"0,0";"0,0";"0,0";"0,0";"0,0";"0,0";"0,0";"1,0";"0,0";"";"";"";"";"";"";"";"";"";"";"";""
"294592,0";"2024-01-20";"11:16:00";"COM VÍTIMA";"FINALIZADA";"IPSEP";"RUA JEAN EMILE FAVRE";"";"";"APOS O POSTO BR, SENT. AV. RECIFE PROX. A REFUSO PARAFUSOS";"IPSEP";"";"";"COLISÃO LATERAL";"0,0";"1,0";"0,0";"0,0";"0,0";"0,0";"0,0";"0,0";"0,0";"1,0";"0,0";"";"";"";"";"";"";"";"";"";"";"";""
"294596,0";"2024-01-20";"12:34:00";"COM VÍTIMA";"FINALIZADA";"IMBIRIBEIRA";"RUA ITACARI";"";"";"AO LADO DO BANCO DO ITAÚ NA AV MASCARENGAS DE MORAES, EM FRENTE A BORRACHARIA IRMÃO FRANCISCO";"IMBIRIBEIRA";"";"";"COLISÃO";"0,0";"1,0";"0,0";"0,0";"0,0";"0,0";"0,0";"0,0";"0,0";"1,0";"0,0";"";"";"";"";"";"";"";"";"";"";"";""
"294597,0";"2024-01-20";"12:42:00";"COM VÍTIMA";"FINALIZADA";"ILHA DO RETIRO";"RUA TABAIARES";"458";"";"POR TRÁS DO PORTÃO DO ESTÁDIO DA ILHA DO RETIRO";"ILHA DO RETIRO";"";"";"COLISÃO";"0,0";"1,0";"0,0";"0,0";"0,0";"0,0";"0,0";"0,0";"0,0";"1,0";"0,0";"";"";"";"";"";"";"";"";"";"";"";""
"294599,0";"2024-01-20";"12:45:00";"COM VÍTIMA";"DUPLICIDADE";"ILHA DO RETIRO";"RUA JOAO ELISIO RAMOS";"12";"";"PROX AO SPORT E AO SEBRAI";"ILHA DO RETIRO";"";"";"COLISÃO";"0,0";"1,0";"0,0";"0,0";"0,0";"0,0";"0,0";"0,0";"0,0";"1,0";"0,0";"";"";"";"";"";"";"";"";"";"";"";""
"294608,0";"2024-01-20";"02:16:00";"COM VÍTIMA";"FINALIZADA";"IMBIRIBEIRA";"AV MARECHAL MASCARENHAS DE MORAES";"";"";"";"IMBIRIBEIRA";"";"";"COLISÃO";"1,0";"1,0";"0,0";"0,0";"0,0";"0,0";"0,0";"0,0";"0,0";"2,0";"0,0";"";"";"";"";"";"";"";"";"";"";"";""
"294609,0";"2024-01-20";"02:20:00";"COM VÍTIMA";"FINALIZADA";"MACAXEIRA";"AV NORTE MIGUEL ARRAES DE ALENCAR";"10908";"";"EM FRENTE A FABRICA CORONEL OTO, E O LADO DO PARQUE DA MACAXEIRA";"MACAXEIRA";"";"CIDADE";"COLISÃO";"1,0";"0,0";"0,0";"0,0";"0,0";"0,0";"0,0";"0,0";"0,0";"1,0";"0,0";"";"";"";"";"";"";"";"";"";"";"";""
"294615,0";"2024-01-20";"02:47:00";"COM VÍTIMA";"FINALIZADA";"BARRO";"RUA MAJOR CHAGAS DE OLIVEIRA";"60";"";"PROX OFICINA  TOTA ALTO SERVIÇOS";"BARRO";"";"";"COLISÃO TRASEIRA";"1,0";"1,0";"0,0";"0,0";"0,0";"0,0";"0,0";"0,0";"0,0";"1,0";"0,0";"";"";"";"";"";"";"";"";"";"";"";""
"294618,0";"2024-01-20";"03:58:00";"COM VÍTIMA";"FINALIZADA";"CASA FORTE";"AV DEZESSETE DE AGOSTO";"";"";"RESTAURANTE FORNEIRO";"CASA FORTE";"";"";"COLISÃO LATERAL";"1,0";"1,0";"0,0";"0,0";"0,0";"0,0";"0,0";"0,0";"0,0";"1,0";"0,0";"";"";"";"";"";"";"";"";"";"";"";""
"294626,0";"2024-01-20";"06:58:00";"SEM VÍTIMA";"FINALIZADA";"NOVA DESCOBERTA";"RUA DA IMBAUBA";"185";"";"BARRACA DO BRAS";"NOVA DESCOBERTA";"";"";"COLISÃO TRASEIRA";"2,0";"1,0";"0,0";"0,0";"0,0";"0,0";"0,0";"0,0";"0,0";"0,0";"0,0";"";"";"";"";"";"";"";"";"";"";"";""
"294629,0";"2024-01-20";"08:15:00";"COM VÍTIMA";"FINALIZADA";"CORDEIRO";"RUA DIANOPOLIS";"";"AV PROFESSOR ESTEVAO FRANCISCO DA COSTA";"POSTO PETROCAL";"CORDEIRO";"";"";"COLISÃO TRANSVERSAL";"1,0";"1,0";"0,0";"0,0";"0,0";"0,0";"0,0";"0,0";"0,0";"1,0";"0,0";"";"";"";"";"";"";"";"";"";"";"";""
"294633,0";"2024-01-21";"12:46:00";"SEM VÍTIMA";"FINALIZADA";"AGUA FRIA";"EST VELHA DE AGUA FRIA";"";"";"POSTO DE GASOLINA PNB, GIRADOURO DA BOMBA";"AGUA FRIA";"";"";"COLISÃO";"2,0";"0,0";"0,0";"0,0";"0,0";"0,0";"0,0";"0,0";"0,0";"0,0";"0,0";"";"";"";"";"";"";"";"";"";"";"";""
"294636,0";"2024-01-21";"01:05:00";"SEM VÍTIMA";"FINALIZADA";"MACAXEIRA";"RUA DOLCINOPOLIS";"202";"";"PROXIMO DA CRECHE SÃO JOÃO";"MACAXEIRA";"";"";"CAPOTAMENTO";"0,0";"0,0";"0,0";"0,0";"0,0";"0,0";"0,0";"0,0";"0,0";"0,0";"0,0";"";"";"";"";"";"";"";"";"";"";"";""
"294637,0";"2024-01-21";"01:47:00";"COM VÍTIMA";"FINALIZADA";"CAXANGA";"AV CAXANGA";"";"AV GENERAL SAN MARTIN";"EM FRENTE A FARMACIA DO TROBALHADOR";"CAXANGA";"";"";"COLISÃO";"1,0";"1,0";"0,0";"0,0";"0,0";"0,0";"0,0";"0,0";"0,0";"1,0";"0,0";"";"";"";"";"";"";"";"";"";"";"";""
"294663,0";"2024-01-21";"10:35:00";"COM VÍTIMA";"FINALIZADA";"CASA FORTE";"AV DEZESSETE DE AGOSTO";"";"";"PROX AO POSTO DE GASOLINA BR E CENTRO DE LINGUAS  WIZARD";"CASA FORTE";"";"";"COLISÃO";"0,0";"1,0";"0,0";"0,0";"0,0";"0,0";"0,0";"0,0";"0,0";"1,0";"0,0";"";"";"";"";"";"";"";"";"";"";"";""
"294674,0";"2024-01-21";"11:47:00";"COM VÍTIMA";"FINALIZADA";"COHAB";"AV JORNALISTA COSTA PORTO";"";"";"PROX A ESCOLA CRISTIANO CORDEIRO";"COHAB";"";"";"COLISÃO";"0,0";"1,0";"0,0";"0,0";"0,0";"0,0";"0,0";"0,0";"0,0";"1,0";"0,0";"";"";"";"";"";"";"";"";"";"";"";""
"294676,0";"2024-01-21";"12:07:00";"COM VÍTIMA";"FINALIZADA";"BOA VIAGEM";"AV BOA VIAGEM";"";"";"PROX AO QUIOSQUE 10 SEGUNDO JARDIM";"BOA VIAGEM";"";"";"COLISÃO";"0,0";"1,0";"0,0";"0,0";"0,0";"0,0";"0,0";"0,0";"0,0";"1,0";"0,0";"";"";"";"";"";"";"";"";"";"";"";""
"294683,0";"2024-01-21";"01:40:00";"COM VÍTIMA";"FINALIZADA";"CAMPO GRANDE";"AV PROFESSOR JOSE DOS ANJOS";"5184";"";"RESTAURANTE CINE YAKISOBA";"CAMPO GRANDE";"";"";"COLISÃO";"0,0";"1,0";"0,0";"0,0";"0,0";"0,0";"0,0";"0,0";"0,0";"1,0";"0,0";"";"";"";"";"";"";"";"";"";"";"";""
"294696,0";"2024-01-21";"04:41:00";"COM VÍTIMA";"FINALIZADA";"BOA VIAGEM";"RUA COPACABANA";"";"RUA WALDEMAR NERY CARNEIRO MONTEIRO";"EM FRENTE A PADARIA SETUBAL";"BOA VIAGEM";"";"";"COLISÃO FRONTAL";"1,0";"1,0";"0,0";"0,0";"0,0";"0,0";"0,0";"0,0";"0,0";"1,0";"0,0";"";"";"";"";"";"";"";"";"";"";"";""
"294697,0";"2024-01-21";"04:55:00";"COM VÍTIMA";"FINALIZADA";"MADALENA";"RUA ARLINDO GOUVEIA";"39";"";"EM FRENTE A PRAÇA DO CLUBE INTERNACIONAL E AO LADO DO POSTO DISLUB";"MADALENA";"";"";"COLISÃO LATERAL";"1,0";"1,0";"0,0";"0,0";"0,0";"0,0";"0,0";"0,0";"0,0";"1,0";"0,0";"";"";"";"";"";"";"";"";"";"";"";""
"294711,0";"2024-01-21";"07:40:00";"COM VÍTIMA";"FINALIZADA";"AFOGADOS";"EST DOS REMEDIOS";"";"";"EM FRENTE AO BAR CABLOQUINHO";"AFOGADOS";"";"";"COLISÃO FRONTAL";"1,0";"1,0";"0,0";"0,0";"0,0";"0,0";"0,0";"0,0";"0,0";"1,0";"0,0";"";"";"";"";"";"";"";"";"";"";"";""
"294716,0";"2024-01-22";"06:07:00";"COM VÍTIMA";"FINALIZADA";"DERBY";"AV GOVERNADOR AGAMENON MAGALHAES";"";"";"EM FRENTE  A MEDICAL, APOS O HR E UNIMED";"DERBY";"";"";"COLISÃO LATERAL";"0,0";"1,0";"0,0";"0,0";"0,0";"0,0";"0,0";"0,0";"0,0";"1,0";"0,0";"";"";"";"";"";"";"";"";"";"";"";""
"294732,0";"2024-01-22";"07:33:00";"COM VÍTIMA";"FINALIZADA";"ENCRUZILHADA";"RUA DR JOSE MARIA";"";"RUA GENERAL ARTUR OSCAR";"PROX. A FARMACIA PAGUE MENOS";"ENCRUZILHADA";"";"";"COLISÃO LATERAL";"0,0";"1,0";"0,0";"0,0";"0,0";"0,0";"0,0";"0,0";"0,0";"1,0";"0,0";"";"";"";"";"";"";"";"";"";"";"";""
"294733,0";"2024-01-22";"07:44:00";"SEM VÍTIMA";"FINALIZADA";"BOA VIAGEM";"RUA PEDRO PAES DE MENDONCA";"200";"";"EM FRENTE AO EDIFICIO MARIA OLÍVIA";"BOA VIAGEM";"";"";"COLISÃO";"2,0";"0,0";"0,0";"0,0";"0,0";"0,0";"0,0";"0,0";"0,0";"0,0";"0,0";"";"";"";"";"";"";"";"";"";"";"";""
"294736,0";"2024-01-22";"08:15:00";"COM VÍTIMA";"FINALIZADA";"TORRE";"RUA JOSE BONIFACIO";"3867";"";"PROX AO POSTO IPIRANGA /  PROX AO CARREFOUR";"TORRE";"";"";"COLISÃO";"0,0";"1,0";"0,0";"0,0";"0,0";"0,0";"0,0";"0,0";"0,0";"1,0";"0,0";"";"";"";"";"";"";"";"";"";"";"";""