"Protocolo";"data";"hora";"natureza";"situacao";"bairro";"endereco";"numero";"detalhe_endereco_acidente";"complemento";"bairro_cruzamento";"num_semaforo";"sentido_via";"tipo";"auto";"moto";"ciclom";"ciclista";"pedestre";"onibus";"caminhao";"viatura";"outros";"vitimas";"vitimasfatais";"acidente_verificado";"tempo_clima";"situacao_semaforo";"sinalizacao";"condicao_via";"conservacao_via";"ponto_controle";"situacao_placa";"velocidade_max_via";"mao_direcao";"divisao_via1";"divisao_via2"
"294737,0";"2024-01-22";"08:21:00";"COM VÍTIMA";"FINALIZADA";"BOA VIAGEM";"RUA JACK AYRES";"170";"";"PRÓX APO SHOPPING RECIFE  / APÓS A LOJA PET SHOP PETS";"BOA VIAGEM";"";"";"COLISÃO";"0,0";"1,0";"0,0";"0,0";"0,0";"0,0";"0,0";"0,0";"0,0";"1,0";"0,0";"";"";"";"";"";"";"";"";"";"";"";""
"294738,0";"2024-01-22";"08:28:00";"COM VÍTIMA";"FINALIZADA";"IPSEP";"AV RECIFE";"317";"";"PROX A VILA DO PÃO";"IPSEP";"";"SUBURBIO";"COLISÃO TRASEIRA";"1,0";"1,0";"0,0";"0,0";"0,0";"0,0";"0,0";"0,0";"0,0";"1,0";"0,0";"";"";"";"";"";"";"";"";"";"";"";""
"294743,0";"2024-01-22";"09:01:00";"COM VÍTIMA";"FINALIZADA";"MADALENA";"RUA BENFICA";"";"";"PROX AO NOVO SUPERMERCADO  ASSAI/ ANTIGO EXTRA";"MADALENA";"";"";"COLISÃO";"0,0";"1,0";"0,0";"0,0";"0,0";"0,0";"0,0";"0,0";"0,0";"1,0";"0,0";"";"";"";"";"";"";"";"";"";"";"";""
"294748,0";"2024-01-22";"09:17:00";"COM VÍTIMA";"FINALIZADA";"SAO JOSE";"AV SUL";"";"";"PROX A SEDE DO GALO DA MADRUGADA / PROX AO VIADUTO E TAMBÉM A FEIRA DO TROCAR TROCAR";"SAO JOSE";"";"";"COLISÃO";"0,0";"1,0";"0,0";"0,0";"0,0";"0,0";"0,0";"0,0";"0,0";"1,0";"0,0";"";"";"";"";"";"";"";"";"";"";"";""
"294749,0";"2024-01-22";"09:19:00";"COM VÍTIMA";"FINALIZADA";"ALTO JOSE BONIFACIO";"RUA CORREGO JOSE GRANDE";"";"";"PROX. AO MERCADINHO ZÉ GRANDE E ESCOLA JOSEFINA MARINHO";"ALTO JOSE BONIFACIO";"";"";"COLISÃO LATERAL";"0,0";"1,0";"0,0";"0,0";"0,0";"0,0";"0,0";"0,0";"0,0";"1,0";"0,0";"";"";"";"";"";"";"";"";"";"";"";""
"294757,0";"2024-01-22";"10:09:00";"COM VÍTIMA";"FINALIZADA";"IBURA";"AV PERNAMBUCO";"";"";"SENTIDO UR-03 / PROX A GALERIA UR-01 CENTER";"IBURA";"";"";"COLISÃO";"0,0";"1,0";"0,0";"0,0";"0,0";"0,0";"0,0";"0,0";"0,0";"1,0";"0,0";"";"";"";"";"";"";"";"";"";"";"";""
"294760,0";"2024-01-22";"10:19:00";"COM VÍTIMA";"FINALIZADA";"AREIAS";"AV DR JOSE RUFINO";"";"";"PROX. A SOCORRO DOCES E SALGADOS E CORREIOS";"AREIAS";"";"";"COLISÃO LATERAL";"0,0";"1,0";"0,0";"0,0";"0,0";"0,0";"0,0";"0,0";"0,0";"1,0";"0,0";"";"";"";"";"";"";"";"";"";"";"";""
"294770,0";"2024-01-22";"11:04:00";"COM VÍTIMA";"FINALIZADA";"CORDEIRO";"AV GENERAL SAN MARTIN";"";"";"PROX. AO HOSPITAL GETULIO VARGAS";"CORDEIRO";"";"";"COLISÃO LATERAL";"0,0";"1,0";"0,0";"0,0";"0,0";"0,0";"0,0";"0,0";"0,0";"1,0";"0,0";"";"";"";"";"";"";"";"";"";"";"";""
"294784,0";"2024-01-22";"01:38:00";"COM VÍTIMA";"FINALIZADA";"BOA VIAGEM";"RUA PADRE CARAPUCEIRO";"412";"";"ANTES DO ANTIGO COLEGIO MOTIVO";"BOA VIAGEM";"";"";"COLISÃO TRASEIRA";"1,0";"1,0";"0,0";"0,0";"0,0";"0,0";"0,0";"0,0";"0,0";"1,0";"0,0";"";"";"";"";"";"";"";"";"";"";"";""
"294785,0";"2024-01-22";"01:54:00";"COM VÍTIMA";"FINALIZADA";"AFOGADOS";"RUA SAO MIGUEL";"516";"";"PROX AO BANCO DO BRASIL";"AFOGADOS";"";"";"COLISÃO COM CICLISTA";"0,0";"1,0";"0,0";"1,0";"0,0";"0,0";"0,0";"0,0";"0,0";"2,0";"0,0";"";"";"";"";"";"";"";"";"";"";"";""
"294798,0";"2024-01-22";"05:36:00";"COM VÍTIMA";"FINALIZADA";"TORRE";"RUA REAL DA TORRE";"907";"";"EM FRENTE AO POSTO SETTA";"TORRE";"";"";"COLISÃO LATERAL";"0,0";"1,0";"0,0";"0,0";"0,0";"0,0";"0,0";"0,0";"0,0";"2,0";"0,0";"";"";"";"";"";"";"";"";"";"";"";""
"294807,0";"2024-01-22";"06:14:00";"COM VÍTIMA";"FINALIZADA";"ENCRUZILHADA";"AV NORTE MIGUEL ARRAES DE ALENCAR";"474";"";"RECIBOM SUPERMERCADO";"ENCRUZILHADA";"";"";"COLISÃO LATERAL";"0,0";"1,0";"0,0";"0,0";"0,0";"0,0";"0,0";"0,0";"0,0";"1,0";"0,0";"";"";"";"";"";"";"";"";"";"";"";""
"294808,0";"2024-01-22";"06:27:00";"SEM VÍTIMA";"FINALIZADA";"SANTO ANTONIO";"RUA DA CONCORDIA";"";"RUA PASSO DA PATRIA";"";"SANTO ANTONIO";"";"";"COLISÃO LATERAL";"0,0";"1,0";"0,0";"0,0";"0,0";"0,0";"0,0";"1,0";"0,0";"0,0";"0,0";"";"";"";"";"";"";"";"";"";"";"";""
"294813,0";"2024-01-22";"07:55:00";"COM VÍTIMA";"FINALIZADA";"PINA";"AV ANTONIO DE GOES";"500";"";"EM FRENTE A LOJA DE VEÍCULOS DETROIT";"PINA";"";"";"COLISÃO";"1,0";"1,0";"0,0";"0,0";"0,0";"0,0";"0,0";"0,0";"0,0";"1,0";"0,0";"";"";"";"";"";"";"";"";"";"";"";""
"294814,0";"2024-01-22";"08:25:00";"COM VÍTIMA";"FINALIZADA";"BOA VIAGEM";"AV GENERAL MAC ARTHUR";"";"AV GENERAL MAC ARTHUR";"PRÓX AO LE PARC";"BOA VIAGEM";"";"";"COLISÃO";"2,0";"0,0";"0,0";"0,0";"0,0";"0,0";"0,0";"0,0";"0,0";"2,0";"0,0";"";"";"";"";"";"";"";"";"";"";"";""
"294816,0";"2024-01-22";"08:36:00";"COM VÍTIMA";"FINALIZADA";"PARNAMIRIM";"RUA REAL DA TORRE";"";"";"EM FRENTE A GALERIA PARNAMIRIM";"PARNAMIRIM";"";"";"COLISÃO";"0,0";"1,0";"0,0";"0,0";"0,0";"1,0";"0,0";"0,0";"0,0";"1,0";"0,0";"";"";"";"";"";"";"";"";"";"";"";""
"294818,0";"2024-01-22";"10:35:00";"COM VÍTIMA";"FINALIZADA";"PINA";"AV ENGENHEIRO DOMINGOS FERREIRA";"";"RUA TOME GIBSON";"ESCOLA MUNICIPAL OSVALDO LIMA FILHO";"PINA";"";"";"COLISÃO";"1,0";"1,0";"0,0";"0,0";"0,0";"0,0";"0,0";"0,0";"0,0";"1,0";"0,0";"";"";"";"";"";"";"";"";"";"";"";""
"294839,0";"2024-01-23";"07:16:00";"COM VÍTIMA";"FINALIZADA";"IPUTINGA";"AV MAURICIO DE NASSAU";"2075";"";"EM FRENTE AO ALTINO VENTURA";"IPUTINGA";"";"";"COLISÃO FRONTAL";"1,0";"1,0";"0,0";"0,0";"0,0";"0,0";"0,0";"0,0";"0,0";"1,0";"0,0";"";"";"";"";"";"";"";"";"";"";"";""
"294844,0";"2024-01-23";"07:46:00";"COM VÍTIMA";"FINALIZADA";"SANTO AMARO";"RUA DO POMBAL";"";"RUA PEDRO AFONSO";"ESQUINA DO IML";"SANTO AMARO";"";"";"COLISÃO";"1,0";"1,0";"0,0";"0,0";"0,0";"0,0";"0,0";"0,0";"0,0";"1,0";"0,0";"";"";"";"";"";"";"";"";"";"";"";""
"294846,0";"2024-01-23";"08:00:00";"COM VÍTIMA";"FINALIZADA";"BAIRRO DO RECIFE";"PTE BUARQUE DE MACEDO";"428";"";"PROX AO BANCO DO BRASIL, SENTIDO MARCO ZERO";"BAIRRO DO RECIFE";"";"";"COLISÃO";"0,0";"1,0";"0,0";"0,0";"0,0";"0,0";"0,0";"0,0";"0,0";"1,0";"0,0";"";"";"";"";"";"";"";"";"";"";"";""
"294848,0";"2024-01-23";"08:02:00";"SEM VÍTIMA";"DUPLICIDADE";"BAIRRO DO RECIFE";"AV RIO BRANCO";"";"";"EM FRENTE AO BANCO DO BRASIL";"BAIRRO DO RECIFE";"";"";"COLISÃO LATERAL";"0,0";"1,0";"0,0";"0,0";"0,0";"0,0";"0,0";"1,0";"0,0";"0,0";"0,0";"";"";"";"";"";"";"";"";"";"";"";""
"294863,0";"2024-01-23";"10:09:00";"COM VÍTIMA";"FINALIZADA";"TORRE";"RUA MARQUES DE MARICA";"155";"";"PROX A PRAÇA BARRETO CAMPELO EM FRENTE AO NUMERO 155";"TORRE";"";"";"COLISÃO";"0,0";"1,0";"0,0";"0,0";"0,0";"0,0";"0,0";"0,0";"0,0";"1,0";"0,0";"";"";"";"";"";"";"";"";"";"";"";""
"294888,0";"2024-01-23";"02:02:00";"COM VÍTIMA";"FINALIZADA";"PASSARINHO";"RUA ANDORINHA";"444";"";"POSTO DE SAUDE DE PASSARINHO";"PASSARINHO";"";"";"COLISÃO LATERAL";"0,0";"1,0";"0,0";"0,0";"0,0";"0,0";"0,0";"0,0";"0,0";"1,0";"0,0";"";"";"";"";"";"";"";"";"";"";"";""
"294895,0";"2024-01-23";"03:51:00";"SEM VÍTIMA";"FINALIZADA";"SAN MARTIN";"AV CONSUL VILARES FRAGOSO";"289";"";"CELPE BONGI";"SAN MARTIN";"";"";"COLISÃO FRONTAL";"2,0";"0,0";"0,0";"0,0";"0,0";"0,0";"0,0";"0,0";"0,0";"0,0";"0,0";"";"";"";"";"";"";"";"";"";"";"";""
"294898,0";"2024-01-23";"04:05:00";"COM VÍTIMA";"FINALIZADA";"AFOGADOS";"RUA NICOLAU PEREIRA";"472";"";"ESCOLA EDITE BRAGA";"AFOGADOS";"";"";"COLISÃO LATERAL";"0,0";"1,0";"0,0";"0,0";"0,0";"0,0";"0,0";"0,0";"0,0";"1,0";"0,0";"";"";"";"";"";"";"";"";"";"";"";""
"294910,0";"2024-01-23";"06:05:00";"COM VÍTIMA";"CANCELADA";"AREIAS";"AV RECIFE";"10173";"";"EM FRENTE AO ATACADÃO / SENTIDO CEASA";"AREIAS";"";"";"COLISÃO LATERAL";"0,0";"1,0";"0,0";"0,0";"0,0";"0,0";"0,0";"0,0";"0,0";"1,0";"0,0";"";"";"";"";"";"";"";"";"";"";"";""
"294911,0";"2024-01-23";"06:05:00";"COM VÍTIMA";"CANCELADA";"CAXANGA";"AV CAXANGA";"1576";"";"CELPE";"CAXANGA";"";"";"COLISÃO LATERAL";"0,0";"1,0";"0,0";"0,0";"0,0";"0,0";"0,0";"0,0";"0,0";"1,0";"0,0";"";"";"";"";"";"";"";"";"";"";"";""
"294912,0";"2024-01-23";"06:05:00";"COM VÍTIMA";"FINALIZADA";"SAN MARTIN";"AV GENERAL SAN MARTIN";"";"";"INSTITUTO AGRONOMICO DE PE";"SAN MARTIN";"";"";"COLISÃO LATERAL";"0,0";"1,0";"0,0";"0,0";"0,0";"0,0";"0,0";"0,0";"0,0";"1,0";"0,0";"";"";"";"";"";"";"";"";"";"";"";""
"294925,0";"2024-01-23";"07:29:00";"SEM VÍTIMA";"CANCELADA";"BOA VIAGEM";"AV FERNANDO SIMOES BARBOSA";"";"";"SENTIDO DA VIA, E PONTO DE REFEÊNCIA NÃO INFORMADO";"BOA VIAGEM";"";"";"COLISÃO";"1,0";"0,0";"0,0";"0,0";"0,0";"0,0";"0,0";"0,0";"0,0";"0,0";"0,0";"";"";"";"";"";"";"";"";"";"";"";""
"294927,0";"2024-01-23";"08:35:00";"COM VÍTIMA";"FINALIZADA";"AFOGADOS";"RUA COSME VIANA";"";"";"PROXIMO AO EROS HOTEL E E/F AO POSTO SETA";"AFOGADOS";"";"";"COLISÃO TRASEIRA";"0,0";"2,0";"0,0";"0,0";"0,0";"0,0";"0,0";"0,0";"0,0";"2,0";"0,0";"";"";"";"";"";"";"";"";"";"";"";""
"294933,0";"2024-01-24";"01:46:00";"COM VÍTIMA";"FINALIZADA";"CORDEIRO";"RUA PROFESSOR JOAQUIM XAVIER DE BRITO";"";"RUA OCIDENTAL";"";"CORDEIRO";"";"";"COLISÃO FRONTAL";"0,0";"2,0";"0,0";"0,0";"0,0";"0,0";"0,0";"0,0";"0,0";"2,0";"0,0";"";"";"";"";"";"";"";"";"";"";"";""
"294957,0";"2024-01-24";"07:56:00";"COM VÍTIMA";"FINALIZADA";"CAMPO GRANDE";"RUA PRUDENTE DE MORAES";"";"";"PROX A PRAÇA HIPRODOMO / POSTO DE GASOLINA TOTAL DE ESQUINA";"CAMPO GRANDE";"";"";"COLISÃO";"0,0";"1,0";"0,0";"0,0";"0,0";"0,0";"0,0";"0,0";"0,0";"1,0";"0,0";"";"";"";"";"";"";"";"";"";"";"";""
"294959,0";"2024-01-24";"08:05:00";"COM VÍTIMA";"FINALIZADA";"AREIAS";"AV RECIFE";"";"";"PROX. A EMPRESA RBS, PROX. AO POSTO FEDERAL SENT. VIADUTO TANCREDO NEVES";"AREIAS";"";"";"COLISÃO LATERAL";"0,0";"1,0";"0,0";"0,0";"0,0";"0,0";"0,0";"0,0";"0,0";"1,0";"0,0";"";"";"";"";"";"";"";"";"";"";"";""
"294961,0";"2024-01-24";"08:35:00";"COM VÍTIMA";"FINALIZADA";"IPSEP";"RUA ITANAGE";"";"";"PROX. A LUCIANO BAR";"IPSEP";"";"";"COLISÃO LATERAL";"0,0";"1,0";"0,0";"0,0";"0,0";"0,0";"0,0";"0,0";"0,0";"1,0";"0,0";"";"";"";"";"";"";"";"";"";"";"";""
"294963,0";"2024-01-24";"08:58:00";"COM VÍTIMA";"FINALIZADA";"SANTO AMARO";"AV CRUZ CABUGA";"";"";"PROX. AO HOSPITAL NAVAL AO LADO DO DER";"SANTO AMARO";"";"";"COLISÃO LATERAL";"0,0";"1,0";"0,0";"0,0";"0,0";"0,0";"0,0";"0,0";"0,0";"1,0";"0,0";"";"";"";"";"";"";"";"";"";"";"";""
"294970,0";"2024-01-24";"09:33:00";"COM VÍTIMA";"FINALIZADA";"IBURA";"AV RECIFE";"";"";"NA ENTRADA DO IBURA / PROX AO NUCLEO DE POLICIA   / PISTA NPOVA DO SESI";"IBURA";"";"";"COLISÃO";"0,0";"1,0";"0,0";"0,0";"0,0";"0,0";"0,0";"0,0";"0,0";"1,0";"0,0";"";"";"";"";"";"";"";"";"";"";"";""
"294971,0";"2024-01-24";"09:47:00";"SEM VÍTIMA";"FINALIZADA";"BOA VISTA";"RUA DO HOSPICIO";"";"RUA DO RIACHUELO";"";"BOA VISTA";"92,0";"SUBURBIO";"COLISÃO";"1,0";"0,0";"0,0";"0,0";"0,0";"0,0";"0,0";"0,0";"1,0";"0,0";"0,0";"";"";"";"";"";"";"";"";"";"";"";""
"294980,0";"2024-01-24";"10:42:00";"COM VÍTIMA";"FINALIZADA";"AGUA FRIA";"AV ANIBAL BENEVOLO";"1201";"";"PROX AO COMPAZ EDUARDO CAMPO N, 1201";"AGUA FRIA";"";"";"COLISÃO";"1,0";"1,0";"0,0";"0,0";"0,0";"0,0";"0,0";"0,0";"0,0";"1,0";"0,0";"";"";"";"";"";"";"";"";"";"";"";""
"294984,0";"2024-01-24";"11:46:00";"COM VÍTIMA";"FINALIZADA";"BOA VIAGEM";"RUA BARAO DE SOUZA LEAO";"";"";"EM FRENTE AO SUPERMERCADO TREVO";"BOA VIAGEM";"";"";"COLISÃO";"0,0";"1,0";"0,0";"0,0";"0,0";"0,0";"0,0";"0,0";"0,0";"1,0";"0,0";"";"";"";"";"";"";"";"";"";"";"";""
"294986,0";"2024-01-24";"12:11:00";"COM VÍTIMA";"FINALIZADA";"DERBY";"RUA JENER DE SOUZA";"";"";"AO LADO DO QUARTEL DO DERBY";"DERBY";"";"";"COLISÃO";"0,0";"1,0";"0,0";"0,0";"0,0";"0,0";"0,0";"0,0";"0,0";"1,0";"0,0";"";"";"";"";"";"";"";"";"";"";"";""
"294989,0";"2024-01-24";"12:37:00";"COM VÍTIMA";"FINALIZADA";"TORRE";"RUA JOSE BONIFACIO";"";"";"EM FRENTE AO CARREFUOR DA TORRE";"TORRE";"";"";"COLISÃO";"0,0";"1,0";"0,0";"0,0";"0,0";"0,0";"0,0";"0,0";"0,0";"1,0";"0,0";"";"";"";"";"";"";"";"";"";"";"";""
"294991,0";"2024-01-24";"01:01:00";"COM VÍTIMA";"FINALIZADA";"PINA";"RUA TOME GIBSON";"";"AV ENGENHEIRO DOMINGOS FERREIRA";"SEMÁFORO 200";"PINA";"200,0";"";"COLISÃO LATERAL";"1,0";"1,0";"0,0";"0,0";"0,0";"0,0";"0,0";"0,0";"0,0";"1,0";"0,0";"";"";"";"";"";"";"";"";"";"";"";""
"294994,0";"2024-01-24";"02:23:00";"COM VÍTIMA";"FINALIZADA";"AFOGADOS";"EST DOS REMEDIOS";"1872";"";"";"AFOGADOS";"";"";"COLISÃO";"0,0";"0,0";"0,0";"0,0";"0,0";"0,0";"0,0";"0,0";"0,0";"1,0";"0,0";"";"";"";"";"";"";"";"";"";"";"";""
"295008,0";"2024-01-24";"05:07:00";"COM VÍTIMA";"FINALIZADA";"ESTANCIA";"AV RECIFE";"";"";"NA FRENTE DO ATACADÃO  SENTIDO IPSEP CAXANGÁ";"ESTANCIA";"621,0";"";"COLISÃO TRASEIRA";"2,0";"0,0";"0,0";"0,0";"0,0";"0,0";"0,0";"0,0";"0,0";"1,0";"0,0";"";"";"";"";"";"";"";"";"";"";"";""
"295021,0";"2024-01-24";"08:44:00";"COM VÍTIMA";"FINALIZADA";"BOA VIAGEM";"VIADUTO TANCREDO NEVES";"";"";"AO LADO DO ATACADÃO SENTIDO PRAIA";"BOA VIAGEM";"";"";"COLISÃO";"0,0";"1,0";"0,0";"0,0";"0,0";"0,0";"1,0";"0,0";"0,0";"2,0";"0,0";"";"";"";"";"";"";"";"";"";"";"";""
"295038,0";"2024-01-25";"06:36:00";"COM VÍTIMA";"FINALIZADA";"IPUTINGA";"AV CAXANGA";"";"";"EM FRENTE A ESCOLA PILOTO";"IPUTINGA";"";"";"ATROPELAMENTO DE ANIMAL";"0,0";"1,0";"0,0";"0,0";"0,0";"0,0";"0,0";"0,0";"0,0";"1,0";"0,0";"";"";"";"";"";"";"";"";"";"";"";""
"295049,0";"2024-01-25";"07:48:00";"SEM VÍTIMA";"FINALIZADA";"VARZEA";"AV PROFESSOR LUIZ FREIRE";"200";"AV VISCONDE DE SAO LEOPOLDO";"COMANDO DA 7º REGIÃO MILITAR DO EXÉRCITO";"VARZEA";"";"CIDADE";"COLISÃO";"2,0";"0,0";"0,0";"0,0";"0,0";"0,0";"0,0";"0,0";"0,0";"0,0";"0,0";"";"";"";"";"";"";"";"";"";"";"";""
"295058,0";"2024-01-25";"07:58:00";"COM VÍTIMA";"FINALIZADA";"JARDIM SAO PAULO";"AV RECIFE";"";"";"EM FRENTE AO SUPERMERCADO ASSAI";"JARDIM SAO PAULO";"";"";"COLISÃO TRASEIRA";"1,0";"1,0";"0,0";"0,0";"0,0";"0,0";"0,0";"0,0";"0,0";"1,0";"0,0";"";"";"";"";"";"";"";"";"";"";"";""
"295062,0";"2024-01-25";"08:20:00";"COM VÍTIMA";"FINALIZADA";"SANTO ANTONIO";"PRC DA REPUBLICA";"";"";"APOS A DESCIDA DA PONTE SANTA ISABEL EM FRENTE AO TEATRO";"SANTO ANTONIO";"";"";"COLISÃO LATERAL";"0,0";"1,0";"0,0";"0,0";"0,0";"0,0";"0,0";"0,0";"0,0";"1,0";"0,0";"";"";"";"";"";"";"";"";"";"";"";""
"295063,0";"2024-01-25";"08:31:00";"COM VÍTIMA";"FINALIZADA";"SANTO AMARO";"RUA JOAO LIRA";"";"";"AO LADO DO PARQUE TREZE DE MAIO / CRUZAMENTO DO SEMÁFORO 308";"SANTO AMARO";"308,0";"";"COLISÃO FRONTAL";"1,0";"1,0";"0,0";"0,0";"0,0";"0,0";"0,0";"0,0";"0,0";"1,0";"0,0";"";"";"";"";"";"";"";"";"";"";"";""
"295066,0";"2024-01-25";"08:48:00";"COM VÍTIMA";"FINALIZADA";"IBURA";"RUA RIO TAPADO";"";"";"PROX. A ECO ESTAÇÃO UR-02";"IBURA";"";"";"COLISÃO LATERAL";"0,0";"1,0";"0,0";"0,0";"0,0";"0,0";"0,0";"0,0";"0,0";"1,0";"0,0";"";"";"";"";"";"";"";"";"";"";"";""
"295084,0";"2024-01-25";"10:37:00";"SEM VÍTIMA";"FINALIZADA";"DERBY";"RUA AMARO BEZERRA";"458";"RUA JORNALISTA PAULO BITTENCOURT";"FARMACIA DROGRASIL";"DERBY";"";"";"COLISÃO LATERAL";"0,0";"0,0";"0,0";"0,0";"0,0";"0,0";"1,0";"1,0";"0,0";"0,0";"0,0";"";"";"";"";"";"";"";"";"";"";"";""
"295086,0";"2024-01-25";"10:49:00";"COM VÍTIMA";"CANCELADA";"IBURA";"AV DOM HELDER CAMARA";"1748";"";"AO LADO DA BORRACHARIA JM";"IBURA";"";"";"COLISÃO";"0,0";"1,0";"0,0";"0,0";"0,0";"0,0";"0,0";"0,0";"0,0";"1,0";"0,0";"";"";"";"";"";"";"";"";"";"";"";""
"295096,0";"2024-01-25";"12:03:00";"COM VÍTIMA";"FINALIZADA";"CASA AMARELA";"AV PROFESSOR JOSE DOS ANJOS";"";"AV NORTE MIGUEL ARRAES DE ALENCAR";"PROX AO SESC / BATERIA MOURA";"CASA AMARELA";"364,0";"";"QUEDA";"0,0";"1,0";"0,0";"0,0";"0,0";"0,0";"0,0";"0,0";"0,0";"1,0";"0,0";"";"";"";"";"";"";"";"";"";"";"";""
"295099,0";"2024-01-25";"12:34:00";"COM VÍTIMA";"FINALIZADA";"TAMARINEIRA";"RUA GOMES COUTINHO";"";"";"POR TRÁS DO SUPERMERCADO RECIBOM, NA SAIDA DO ESTACIONAMENTO ONDE O CAMINHÃO DESCARREGA";"TAMARINEIRA";"";"";"COLISÃO";"0,0";"1,0";"0,0";"0,0";"0,0";"0,0";"0,0";"0,0";"0,0";"1,0";"0,0";"";"";"";"";"";"";"";"";"";"";"";""
"295101,0";"2024-01-25";"12:41:00";"COM VÍTIMA";"FINALIZADA";"BOA VISTA";"AV GOVERNADOR AGAMENON MAGALHAES";"";"";"PISTA LOCAL SENTIDO OLINDA  PROX AO COLEGIO AMERICANO BATISTA";"BOA VISTA";"";"";"COLISÃO";"0,0";"1,0";"0,0";"0,0";"0,0";"0,0";"0,0";"0,0";"0,0";"1,0";"0,0";"";"";"";"";"";"";"";"";"";"";"";""
"295113,0";"2024-01-25";"03:00:00";"COM VÍTIMA";"FINALIZADA";"ESPINHEIRO";"AV JOAO DE BARROS";"3290";"";"BANCO ITAU / LOCADORA MOVIDA";"ESPINHEIRO";"";"";"COLISÃO LATERAL";"0,0";"1,0";"0,0";"0,0";"0,0";"0,0";"0,0";"0,0";"0,0";"1,0";"0,0";"";"";"";"";"";"";"";"";"";"";"";""
"295114,0";"2024-01-25";"03:06:00";"SEM VÍTIMA";"FINALIZADA";"ENCRUZILHADA";"RUA DA CORAGEM";"152";"RUA DONA JULIETA";"";"ENCRUZILHADA";"";"SUBURBIO";"COLISÃO TRASEIRA";"2,0";"0,0";"0,0";"0,0";"0,0";"0,0";"0,0";"0,0";"0,0";"0,0";"0,0";"";"";"";"";"";"";"";"";"";"";"";""
"295120,0";"2024-01-25";"05:45:00";"SEM VÍTIMA";"FINALIZADA";"SANTO AMARO";"RUA CAPITAO LIMA";"178";"RUA DA FUNDICAO";"AO LADO DA TV GLOBO";"SANTO AMARO";"";"CIDADE";"COLISÃO LATERAL";"2,0";"0,0";"0,0";"0,0";"0,0";"0,0";"0,0";"0,0";"0,0";"0,0";"0,0";"";"";"";"";"";"";"";"";"";"";"";""
"295123,0";"2024-01-25";"06:20:00";"COM VÍTIMA";"FINALIZADA";"ILHA DO RETIRO";"RUA JOAO ELISIO RAMOS";"189";"";"CELPE";"ILHA DO RETIRO";"";"";"COLISÃO LATERAL";"0,0";"1,0";"0,0";"0,0";"0,0";"0,0";"0,0";"0,0";"0,0";"1,0";"0,0";"";"";"";"";"";"";"";"";"";"";"";""
"295141,0";"2024-01-26";"01:50:00";"COM VÍTIMA";"FINALIZADA";"SANTO ANTONIO";"PTE CONDE MAURICIO DE NASSAU";"";"AV MARTINS DE BARROS";"PRÓXIMO À CASA DE PÃO";"SANTO ANTONIO";"";"";"COLISÃO FRONTAL";"1,0";"0,0";"0,0";"0,0";"0,0";"0,0";"1,0";"0,0";"0,0";"1,0";"0,0";"";"";"";"";"";"";"";"";"";"";"";""
"295142,0";"2024-01-26";"04:00:00";"COM VÍTIMA";"FINALIZADA";"IBURA";"RUA RIO CHUI";"";"AV DOIS RIOS";"";"IBURA";"";"";"COLISÃO TRANSVERSAL";"0,0";"1,0";"0,0";"0,0";"0,0";"0,0";"0,0";"1,0";"0,0";"2,0";"0,0";"";"";"";"";"";"";"";"";"";"";"";""
"295163,0";"2024-01-26";"07:57:00";"COM VÍTIMA";"FINALIZADA";"SAO JOSE";"RUA REALEZA";"";"";"PROX. AO DEPOSITO MINAS GAS";"SAO JOSE";"";"";"COLISÃO LATERAL";"0,0";"1,0";"0,0";"0,0";"0,0";"0,0";"0,0";"0,0";"0,0";"1,0";"0,0";"";"";"";"";"";"";"";"";"";"";"";""
"295172,0";"2024-01-26";"10:02:00";"COM VÍTIMA";"FINALIZADA";"CAXANGA";"AV PROFESSOR MORAES REGO";"637";"";"AO LADO DO PARAIBANOS BAR";"CAXANGA";"";"";"COLISÃO";"0,0";"1,0";"0,0";"0,0";"0,0";"0,0";"0,0";"0,0";"0,0";"1,0";"0,0";"";"";"";"";"";"";"";"";"";"";"";""
"295174,0";"2024-01-26";"10:36:00";"COM VÍTIMA";"FINALIZADA";"IBURA";"AV DOIS RIOS";"";"";"IBURA DE BAIXO EM FRENTE A LEO CAR E EM FRENTE A ODONTO IMAGEM";"IBURA";"";"";"COLISÃO";"0,0";"1,0";"0,0";"0,0";"0,0";"0,0";"0,0";"0,0";"0,0";"1,0";"0,0";"";"";"";"";"";"";"";"";"";"";"";""
"295183,0";"2024-01-26";"11:44:00";"COM VÍTIMA";"FINALIZADA";"CASA FORTE";"AV DEZESSETE DE AGOSTO";"";"";"PROX. AO SHOPPING PLAZA, AO LADO DO MC´DONALD E POSTO DISLUB";"CASA FORTE";"";"";"COLISÃO LATERAL";"0,0";"1,0";"0,0";"0,0";"0,0";"0,0";"0,0";"0,0";"0,0";"1,0";"0,0";"";"";"";"";"";"";"";"";"";"";"";""
"295186,0";"2024-01-26";"11:59:00";"SEM VÍTIMA";"FINALIZADA";"JARDIM SAO PAULO";"RUA DR GUSTAVO PINTO";"";"";"RUA DO ASSAI ATACADISTA";"JARDIM SAO PAULO";"";"";"QUEDA";"0,0";"0,0";"0,0";"0,0";"0,0";"0,0";"0,0";"0,0";"0,0";"0,0";"0,0";"";"";"";"";"";"";"";"";"";"";"";""