"Protocolo";"data";"hora";"natureza";"situacao";"bairro";"endereco";"numero";"detalhe_endereco_acidente";"complemento";"bairro_cruzamento";"num_semaforo";"sentido_via";"tipo";"auto";"moto";"ciclom";"ciclista";"pedestre";"onibus";"caminhao";"viatura";"outros";"vitimas";"vitimasfatais";"acidente_verificado";"tempo_clima";"situacao_semaforo";"sinalizacao";"condicao_via";"conservacao_via";"ponto_controle";"situacao_placa";"velocidade_max_via";"mao_direcao";"divisao_via1";"divisao_via2"
"295190,0";"2024-01-26";"12:22:00";"SEM VÍTIMA";"FINALIZADA";"JARDIM SAO PAULO";"RUA DR GUSTAVO PINTO";"";"";"RUA DO ASSAI ATACADISTA";"JARDIM SAO PAULO";"";"";"QUEDA";"0,0";"0,0";"0,0";"0,0";"0,0";"0,0";"0,0";"0,0";"0,0";"0,0";"0,0";"";"";"";"";"";"";"";"";"";"";"";""
"295199,0";"2024-01-26";"12:44:00";"COM VÍTIMA";"FINALIZADA";"IPSEP";"RUA JEAN EMILE FAVRE";"70";"";"PROX AO LADO DA UNIBLOCO";"IPSEP";"";"";"COLISÃO FRONTAL";"1,0";"1,0";"0,0";"0,0";"0,0";"0,0";"0,0";"0,0";"0,0";"1,0";"0,0";"";"";"";"";"";"";"";"";"";"";"";""
"295219,0";"2024-01-26";"04:17:00";"COM VÍTIMA";"FINALIZADA";"ESTANCIA";"AV DR JOSE RUFINO";"299";"";"PROX AO COLEGIO VISÃO, EM FRENTE A LOMBADA ELETRONICA";"ESTANCIA";"82,0";"SUBURBIO";"COLISÃO";"1,0";"1,0";"0,0";"0,0";"0,0";"0,0";"0,0";"0,0";"0,0";"1,0";"0,0";"";"";"";"";"";"";"";"";"";"";"";""
"295229,0";"2024-01-26";"06:20:00";"COM VÍTIMA";"FINALIZADA";"GUABIRABA";"AV DA RECUPERACAO";"7206";"";"COREMAL - PRODUTOS QUIMICOS";"GUABIRABA";"";"";"COLISÃO LATERAL";"0,0";"1,0";"0,0";"0,0";"0,0";"0,0";"0,0";"0,0";"0,0";"1,0";"0,0";"";"";"";"";"";"";"";"";"";"";"";""
"295235,0";"2024-01-26";"07:36:00";"COM VÍTIMA";"FINALIZADA";"BAIRRO DO RECIFE";"RUA DO APOLO";"";"";"EM FRENTE A EMPREL";"BAIRRO DO RECIFE";"";"";"COLISÃO";"1,0";"1,0";"0,0";"0,0";"0,0";"0,0";"0,0";"0,0";"0,0";"2,0";"0,0";"";"";"";"";"";"";"";"";"";"";"";""
"295240,0";"2024-01-26";"10:49:00";"SEM VÍTIMA";"FINALIZADA";"TAMARINEIRA";"AV CONS ROSA E SILVA";"";"";"FÁRMACIA PAGUE MENOS / ULISSES PERNAMBUCANO";"TAMARINEIRA";"";"";"COLISÃO";"1,0";"0,0";"0,0";"0,0";"0,0";"0,0";"0,0";"1,0";"0,0";"0,0";"0,0";"";"";"";"";"";"";"";"";"";"";"";""
"295241,0";"2024-01-26";"11:41:00";"SEM VÍTIMA";"FINALIZADA";"MACAXEIRA";"AV NORTE MIGUEL ARRAES DE ALENCAR";"";"";"PRÓX. A ROTATÓRIA DA  INTEGRAÇÃO DA MACAXEIRA";"MACAXEIRA";"";"SUBURBIO";"COLISÃO LATERAL";"3,0";"0,0";"0,0";"0,0";"0,0";"0,0";"0,0";"0,0";"0,0";"0,0";"0,0";"";"";"";"";"";"";"";"";"";"";"";""
"295262,0";"2024-01-27";"07:05:00";"COM VÍTIMA";"FINALIZADA";"MADALENA";"AV VISCONDE DE ALBUQUERQUE";"";"";"EM FRENTE AO RESTAURANTE CANECA FINA";"MADALENA";"";"";"COLISÃO";"0,0";"1,0";"0,0";"0,0";"0,0";"0,0";"0,0";"0,0";"0,0";"1,0";"0,0";"";"";"";"";"";"";"";"";"";"";"";""
"295264,0";"2024-01-27";"07:58:00";"COM VÍTIMA";"FINALIZADA";"SANTO AMARO";"AV GOVERNADOR AGAMENON MAGALHAES";"";"";"EM BAIXO DO VIADUTO DA JOAÃO DE BARROS SENTIDO DERBY";"SANTO AMARO";"";"";"COLISÃO";"0,0";"1,0";"0,0";"0,0";"0,0";"0,0";"0,0";"0,0";"0,0";"1,0";"0,0";"";"";"";"";"";"";"";"";"";"";"";""
"295267,0";"2024-01-27";"08:13:00";"COM VÍTIMA";"FINALIZADA";"LINHA DO TIRO";"RUA URIEL DE HOLANDA";"1623";"";"EM FRENTE AO NUMERO 1623 E PROX AO DEPOSITO DE ÁGUA ZE";"LINHA DO TIRO";"";"";"COLISÃO";"0,0";"1,0";"0,0";"0,0";"0,0";"0,0";"0,0";"0,0";"0,0";"1,0";"0,0";"";"";"";"";"";"";"";"";"";"";"";""
"295311,0";"2024-01-27";"03:12:00";"COM VÍTIMA";"FINALIZADA";"IPUTINGA";"RUA ARISTONICO OLIVEIRA";"269";"";"AO LADO DO DETRAN";"IPUTINGA";"";"";"COLISÃO LATERAL";"0,0";"1,0";"0,0";"0,0";"0,0";"0,0";"0,0";"0,0";"0,0";"1,0";"0,0";"";"";"";"";"";"";"";"";"";"";"";""
"295313,0";"2024-01-27";"03:20:00";"COM VÍTIMA";"FINALIZADA";"BOA VIAGEM";"AV MARECHAL JUAREZ TAVORA";"2907";"";"MOTEL FORUM";"BOA VIAGEM";"";"";"COLISÃO LATERAL";"0,0";"1,0";"0,0";"0,0";"0,0";"0,0";"0,0";"0,0";"0,0";"1,0";"0,0";"";"";"";"";"";"";"";"";"";"";"";""
"295315,0";"2024-01-27";"03:53:00";"COM VÍTIMA";"FINALIZADA";"SANTO ANTONIO";"RUA SIQUEIRA CAMPOS";"";"";"";"SANTO ANTONIO";"";"";"COLISÃO LATERAL";"0,0";"0,0";"0,0";"0,0";"0,0";"0,0";"0,0";"0,0";"0,0";"1,0";"0,0";"";"";"";"";"";"";"";"";"";"";"";""
"295339,0";"2024-01-27";"07:39:00";"COM VÍTIMA";"FINALIZADA";"IPUTINGA";"AV MAURICIO DE NASSAU";"243";"";"PADARIA ATLANTICO";"IPUTINGA";"";"";"COLISÃO COM CICLISTA";"0,0";"0,0";"1,0";"1,0";"0,0";"0,0";"0,0";"0,0";"0,0";"1,0";"0,0";"";"";"";"";"";"";"";"";"";"";"";""
"295340,0";"2024-01-27";"07:44:00";"COM VÍTIMA";"CANCELADA";"BOA VIAGEM";"RUA VISCONDE DE JEQUITINHONHA";"";"";"COM A RUA RIBEIRO DE BRITO";"BOA VIAGEM";"";"";"ATROPELAMENTO DE PESSOA";"1,0";"0,0";"0,0";"0,0";"1,0";"0,0";"0,0";"0,0";"0,0";"1,0";"0,0";"";"";"";"";"";"";"";"";"";"";"";""
"295344,0";"2024-01-27";"09:38:00";"COM VÍTIMA";"FINALIZADA";"IMBIRIBEIRA";"AV MARECHAL MASCARENHAS DE MORAES";"";"";"E/F AO GERALDÃO SENTIDO AEROPORTO";"IMBIRIBEIRA";"";"SUBURBIO";"COLISÃO FRONTAL";"0,0";"2,0";"1,0";"0,0";"0,0";"0,0";"0,0";"0,0";"0,0";"1,0";"0,0";"";"";"";"";"";"";"";"";"";"";"";""
"295379,0";"2024-01-28";"08:23:00";"COM VÍTIMA";"CANCELADA";"CASA AMARELA";"RUA ALEXANDRINO";"";"";"EM FRENTE AO TERMINAL DE ONIBUS DO ALTO SANTA ISABEL, PROX. A PIZZARIA A JATO";"CASA AMARELA";"";"";"COLISÃO LATERAL";"0,0";"1,0";"0,0";"0,0";"0,0";"0,0";"0,0";"0,0";"0,0";"1,0";"0,0";"";"";"";"";"";"";"";"";"";"";"";""
"295406,0";"2024-01-28";"11:20:00";"COM VÍTIMA";"FINALIZADA";"BOA VIAGEM";"RUA PROFESSOR EDUARDO WANDERLEY FILHO";"";"";"PROX. A ESCOLA MUNICIPAL CARLA PATRICIA";"BOA VIAGEM";"";"";"COLISÃO LATERAL";"0,0";"1,0";"0,0";"0,0";"0,0";"0,0";"0,0";"0,0";"0,0";"1,0";"0,0";"";"";"";"";"";"";"";"";"";"";"";""
"295407,0";"2024-01-28";"11:21:00";"COM VÍTIMA";"FINALIZADA";"CAMPINA DO BARRETO";"RUA DR ELIAS GOMES";"";"";"COM A RUA DR. IVO BARROS, EM FRENTE AO COLEGIO SÃO JUDAS TADEU";"CAMPINA DO BARRETO";"";"";"COLISÃO LATERAL";"0,0";"1,0";"0,0";"0,0";"0,0";"0,0";"0,0";"0,0";"0,0";"1,0";"0,0";"";"";"";"";"";"";"";"";"";"";"";""
"295412,0";"2024-01-28";"12:33:00";"COM VÍTIMA";"FINALIZADA";"BOA VIAGEM";"RUA DEZ DE JULHO";"433";"";"PROX A LUG BRASIL, NA RUA DO TERMINAL DE ONIBUS , LINHA AEROPORTO";"BOA VIAGEM";"";"";"COLISÃO";"0,0";"1,0";"0,0";"0,0";"0,0";"0,0";"0,0";"0,0";"0,0";"1,0";"0,0";"";"";"";"";"";"";"";"";"";"";"";""
"295413,0";"2024-01-28";"12:34:00";"COM VÍTIMA";"FINALIZADA";"DERBY";"AV GOVERNADOR AGAMENON MAGALHAES";"1766";"";"PROX AO HOSPITAL MEMORIAL  SAO JOSE S/T OLINDA";"DERBY";"";"";"COLISÃO LATERAL";"0,0";"0,0";"0,0";"0,0";"0,0";"0,0";"0,0";"0,0";"0,0";"1,0";"0,0";"";"";"";"";"";"";"";"";"";"";"";""
"295414,0";"2024-01-28";"12:37:00";"COM VÍTIMA";"FINALIZADA";"MUSTARDINHA";"AV MANOEL GONCALVES DA LUZ";"419";"";"E/F A ESCOLA OTHON PARAISO";"MUSTARDINHA";"";"";"COLISÃO LATERAL";"0,0";"0,0";"0,0";"0,0";"0,0";"0,0";"0,0";"0,0";"0,0";"1,0";"0,0";"";"";"";"";"";"";"";"";"";"";"";""
"295417,0";"2024-01-28";"12:49:00";"COM VÍTIMA";"DUPLICIDADE";"BOA VIAGEM";"RUA DEZ DE JULHO";"481";"";"E/F ALUGUE BRASIL ALUGUEL DE AUTOS";"BOA VIAGEM";"";"";"COLISÃO LATERAL";"1,0";"1,0";"0,0";"0,0";"0,0";"0,0";"0,0";"0,0";"0,0";"1,0";"0,0";"";"";"";"";"";"";"";"";"";"";"";""
"295429,0";"2024-01-28";"03:02:00";"COM VÍTIMA";"FINALIZADA";"AREIAS";"RUA OITICICA LINS";"94";"";"PROX A PRAÇA HEROI  DA RESTAURAÇAO";"AREIAS";"";"";"COLISÃO TRASEIRA";"1,0";"1,0";"0,0";"0,0";"0,0";"0,0";"0,0";"0,0";"0,0";"1,0";"0,0";"";"";"";"";"";"";"";"";"";"";"";""
"295436,0";"2024-01-28";"05:12:00";"COM VÍTIMA";"FINALIZADA";"TAMARINEIRA";"AV CONS ROSA E SILVA";"";"RUA DR JOSE MARIA";"";"TAMARINEIRA";"";"";"COLISÃO";"0,0";"0,0";"0,0";"0,0";"0,0";"0,0";"0,0";"0,0";"0,0";"1,0";"0,0";"";"";"";"";"";"";"";"";"";"";"";""
"295444,0";"2024-01-28";"07:21:00";"COM VÍTIMA";"FINALIZADA";"LINHA DO TIRO";"RUA CORREGO DA JAQUEIRA";"8";"";"PROXIMO AOS PRÉDIOS NANÁ VASCONCELOS";"LINHA DO TIRO";"";"";"COLISÃO COM CICLISTA";"1,0";"0,0";"0,0";"1,0";"0,0";"0,0";"0,0";"0,0";"0,0";"1,0";"0,0";"";"";"";"";"";"";"";"";"";"";"";""
"295449,0";"2024-01-28";"09:42:00";"COM VÍTIMA";"FINALIZADA";"IPSEP";"AV RECIFE";"";"";"ENTRADA DO IBURA";"IPSEP";"";"";"COLISÃO TRANSVERSAL";"0,0";"2,0";"0,0";"0,0";"0,0";"0,0";"0,0";"0,0";"0,0";"3,0";"0,0";"";"";"";"";"";"";"";"";"";"";"";""
"295464,0";"2024-01-29";"07:19:00";"COM VÍTIMA";"FINALIZADA";"IBURA";"AV DOIS RIOS";"";"";"PROX. A FARMACIA PAGUE MENOS E ACADEMIA MOTIVE";"IBURA";"";"";"COLISÃO LATERAL";"0,0";"1,0";"0,0";"0,0";"0,0";"0,0";"0,0";"0,0";"0,0";"1,0";"0,0";"";"";"";"";"";"";"";"";"";"";"";""
"295470,0";"2024-01-29";"07:39:00";"COM VÍTIMA";"FINALIZADA";"SAO JOSE";"AV AGOSTINHO GOMES";"";"";"SOB OPONTILHANDA JOANA BEZERRA DO METRO";"SAO JOSE";"";"";"COLISÃO LATERAL";"0,0";"1,0";"0,0";"0,0";"0,0";"0,0";"0,0";"0,0";"0,0";"1,0";"0,0";"";"";"";"";"";"";"";"";"";"";"";""
"295476,0";"2024-01-29";"08:54:00";"COM VÍTIMA";"FINALIZADA";"IMBIRIBEIRA";"RUA JOAQUIM BANDEIRA";"136";"RUA JACI";"LOGO NO  COMEÇO DA RUA  EM FRENTE A TARGET";"IMBIRIBEIRA";"";"SUBURBIO";"COLISÃO TRASEIRA";"1,0";"1,0";"0,0";"0,0";"0,0";"0,0";"0,0";"0,0";"0,0";"1,0";"0,0";"";"";"";"";"";"";"";"";"";"";"";""
"295477,0";"2024-01-29";"08:59:00";"COM VÍTIMA";"FINALIZADA";"SANTO AMARO";"AV CRUZ CABUGA";"";"";"EM FRENTE A IGREJA UNIVERSAL";"SANTO AMARO";"";"";"COLISÃO";"0,0";"1,0";"0,0";"0,0";"0,0";"0,0";"0,0";"0,0";"0,0";"1,0";"0,0";"";"";"";"";"";"";"";"";"";"";"";""
"295480,0";"2024-01-29";"09:10:00";"COM VÍTIMA";"DUPLICIDADE";"IMBIRIBEIRA";"RUA JOAQUIM BANDEIRA";"136";"";"PROX. A TARGEU BLINDAGEM";"IMBIRIBEIRA";"";"";"COLISÃO LATERAL";"0,0";"1,0";"0,0";"0,0";"0,0";"0,0";"0,0";"0,0";"0,0";"1,0";"0,0";"";"";"";"";"";"";"";"";"";"";"";""
"295487,0";"2024-01-29";"10:10:00";"COM VÍTIMA";"FINALIZADA";"TAMARINEIRA";"EST DO ARRAIAL";"";"";"EM FRENTE A PADARIA CIDADE JARDIM /PROX AO ESTUDO INTEGRADO";"TAMARINEIRA";"";"";"COLISÃO LATERAL";"2,0";"0,0";"0,0";"0,0";"0,0";"0,0";"0,0";"0,0";"0,0";"1,0";"0,0";"";"";"";"";"";"";"";"";"";"";"";""
"295489,0";"2024-01-29";"10:51:00";"COM VÍTIMA";"FINALIZADA";"IPSEP";"AV RECIFE";"3460";"";"E FRENTE A JJK VEICULOS , SENT. BR";"IPSEP";"";"";"COLISÃO LATERAL";"1,0";"1,0";"0,0";"0,0";"0,0";"0,0";"0,0";"0,0";"0,0";"1,0";"0,0";"";"";"";"";"";"";"";"";"";"";"";""
"295492,0";"2024-01-29";"11:23:00";"COM VÍTIMA";"FINALIZADA";"IMBIRIBEIRA";"RUA JOAQUIM BANDEIRA";"136";"RUA JACI";"LOGO NO  COMEÇO DA RUA  EM FRENTE A TARGET";"IMBIRIBEIRA";"";"SUBURBIO";"COLISÃO TRASEIRA";"1,0";"1,0";"0,0";"0,0";"0,0";"0,0";"0,0";"0,0";"0,0";"1,0";"0,0";"";"";"";"";"";"";"";"";"";"";"";""
"295493,0";"2024-01-29";"11:41:00";"COM VÍTIMA";"FINALIZADA";"BOA VIAGEM";"AV CONSELHEIRO AGUIAR";"3600";"";"EM FRENTE A FRUTTARIA / LOJAS AMERICANAS";"BOA VIAGEM";"";"";"ATROPELAMENTO DE PESSOA";"1,0";"0,0";"0,0";"0,0";"1,0";"0,0";"0,0";"0,0";"0,0";"1,0";"0,0";"";"";"";"";"";"";"";"";"";"";"";""
"295496,0";"2024-01-29";"11:57:00";"COM VÍTIMA";"FINALIZADA";"SAO JOSE";"AV DANTAS BARRETO";"910";"";"AO LADO DO CAMELÓDROMO / PROX AO BIG CELL";"SAO JOSE";"";"";"ATROPELAMENTO DE PESSOA";"1,0";"0,0";"0,0";"0,0";"1,0";"0,0";"0,0";"0,0";"0,0";"1,0";"0,0";"";"";"";"";"";"";"";"";"";"";"";""
"295503,0";"2024-01-29";"01:54:00";"VÍTIMA FATAL";"FINALIZADA";"SAN MARTIN";"AV JOAO CABRAL DE MELO NETO";"";"";"EM FRENTE AO COLÉGIO ADVENTISTA";"SAN MARTIN";"";"";"COLISÃO FRONTAL";"0,0";"1,0";"0,0";"0,0";"0,0";"0,0";"0,0";"0,0";"1,0";"0,0";"1,0";"";"";"";"";"";"";"";"";"";"";"";""
"295508,0";"2024-01-29";"03:00:00";"SEM VÍTIMA";"FINALIZADA";"MADALENA";"RUA BENFICA";"198";"";"BATALHAO DE CHOQUE  DA POLICIA MILITAR";"MADALENA";"";"CIDADE";"COLISÃO LATERAL";"0,0";"0,0";"0,0";"0,0";"0,0";"0,0";"1,0";"1,0";"0,0";"0,0";"0,0";"";"";"";"";"";"";"";"";"";"";"";""
"295509,0";"2024-01-29";"03:40:00";"COM VÍTIMA";"FINALIZADA";"SANTO AMARO";"AV DR JAYME DA FONTE";"13";"";"PRO AO CAMPO DO ONZE  E/FA COMPESA";"SANTO AMARO";"";"";"COLISÃO LATERAL";"0,0";"1,0";"0,0";"0,0";"0,0";"0,0";"0,0";"0,0";"0,0";"1,0";"0,0";"";"";"";"";"";"";"";"";"";"";"";""
"295512,0";"2024-01-29";"04:22:00";"COM VÍTIMA";"FINALIZADA";"BOA VIAGEM";"RUA PADRE LUIZ MARQUES TEIXEIRA";"261";"";"E/F AO RESTURANTE COSTA BRAVA  E A DELICATESSEN CHARME";"BOA VIAGEM";"";"";"COLISÃO LATERAL";"0,0";"0,0";"0,0";"0,0";"0,0";"0,0";"0,0";"0,0";"0,0";"1,0";"0,0";"";"";"";"";"";"";"";"";"";"";"";""
"295520,0";"2024-01-29";"05:39:00";"COM VÍTIMA";"FINALIZADA";"MACAXEIRA";"RUA REGINA";"355";"";"PROX A  REDE DE  ENERGIA CHESF  E AO CAMPO DO GAGO";"MACAXEIRA";"";"";"COLISÃO LATERAL";"0,0";"1,0";"0,0";"0,0";"0,0";"0,0";"0,0";"0,0";"0,0";"1,0";"0,0";"";"";"";"";"";"";"";"";"";"";"";""
"295537,0";"2024-01-29";"07:50:00";"COM VÍTIMA";"FINALIZADA";"ARRUDA";"AV BEBERIBE";"";"AV PROFESSOR JOSE DOS ANJOS";"AO LADO DO SANTA CRUZ E/F POSTO GASOLINA";"ARRUDA";"";"";"COLISÃO LATERAL";"0,0";"2,0";"0,0";"0,0";"0,0";"0,0";"0,0";"0,0";"0,0";"2,0";"0,0";"";"";"";"";"";"";"";"";"";"";"";""
"295560,0";"2024-01-30";"06:56:00";"COM VÍTIMA";"DUPLICIDADE";"ESTANCIA";"RUA SAO MIGUEL";"";"";"EM FRENTE AO ATACAREJO SHOPPING";"ESTANCIA";"425,0";"";"";"1,0";"1,0";"0,0";"0,0";"0,0";"0,0";"0,0";"0,0";"0,0";"1,0";"0,0";"";"";"";"";"";"";"";"";"";"";"";""
"295561,0";"2024-01-30";"07:14:00";"COM VÍTIMA";"FINALIZADA";"AFOGADOS";"RUA SAO MIGUEL";"";"";"EM FRENTE AO DD DAS BATERIAS";"AFOGADOS";"";"";"COLISÃO TRASEIRA";"1,0";"1,0";"0,0";"0,0";"0,0";"0,0";"0,0";"0,0";"0,0";"1,0";"0,0";"";"";"";"";"";"";"";"";"";"";"";""
"295564,0";"2024-01-30";"08:54:00";"COM VÍTIMA";"FINALIZADA";"AFOGADOS";"RUA COSME VIANA";"810";"";"PROX  A TRILHA RECIFE PEÇAS E SERVIÇOS";"AFOGADOS";"";"";"COLISÃO";"0,0";"1,0";"0,0";"0,0";"0,0";"0,0";"0,0";"0,0";"0,0";"1,0";"0,0";"";"";"";"";"";"";"";"";"";"";"";""
"295566,0";"2024-01-30";"09:07:00";"COM VÍTIMA";"FINALIZADA";"MADALENA";"AV VISCONDE DE ALBUQUERQUE";"236";"";"EM FRENTE A VIA TRANSITO";"MADALENA";"";"SUBURBIO";"COLISÃO LATERAL";"1,0";"0,0";"1,0";"0,0";"0,0";"0,0";"0,0";"0,0";"0,0";"1,0";"0,0";"";"";"";"";"";"";"";"";"";"";"";""
"295568,0";"2024-01-30";"09:15:00";"COM VÍTIMA";"FINALIZADA";"CASA AMARELA";"RUA BELA VISTA";"212";"";"PROX A PADARIA BELA VISTA ( PROX AO SITIO TRINDADE )";"CASA AMARELA";"";"";"COLISÃO LATERAL";"1,0";"1,0";"0,0";"0,0";"0,0";"0,0";"0,0";"0,0";"0,0";"1,0";"0,0";"";"";"";"";"";"";"";"";"";"";"";""
"295574,0";"2024-01-30";"10:27:00";"COM VÍTIMA";"FINALIZADA";"BOA VIAGEM";"AV BOA VIAGEM";"6246";"";"ANTES DO PARQUE DONA  LINDU";"BOA VIAGEM";"";"";"COLISÃO TRASEIRA";"1,0";"1,0";"0,0";"0,0";"0,0";"0,0";"0,0";"0,0";"0,0";"1,0";"0,0";"";"";"";"";"";"";"";"";"";"";"";""
"295576,0";"2024-01-30";"10:43:00";"COM VÍTIMA";"FINALIZADA";"CASA FORTE";"AV DEZESSETE DE AGOSTO";"1758";"";"PROX. A ENTRADA DO POÇO DA PANELA";"CASA FORTE";"";"";"COLISÃO LATERAL";"0,0";"1,0";"0,0";"0,0";"0,0";"0,0";"1,0";"0,0";"0,0";"2,0";"0,0";"";"";"";"";"";"";"";"";"";"";"";""
"295577,0";"2024-01-30";"10:45:00";"COM VÍTIMA";"DUPLICIDADE";"BOA VIAGEM";"PRC DA BOA VIAGEM";"6246";"";"EM FRENTE AO EDIFICIO RAFAELA  / EM FRENTE AO QUIOSQUE 50 ,";"BOA VIAGEM";"";"";"COLISÃO";"0,0";"1,0";"0,0";"0,0";"0,0";"0,0";"0,0";"0,0";"0,0";"1,0";"0,0";"";"";"";"";"";"";"";"";"";"";"";""
"295579,0";"2024-01-30";"10:59:00";"COM VÍTIMA";"FINALIZADA";"SANTO AMARO";"AV DR JAYME DA FONTE";"112";"";"PROX A EDUARDO REPARAÇÃO AUTOMOTIVA";"SANTO AMARO";"";"";"COLISÃO FRONTAL";"1,0";"1,0";"0,0";"0,0";"0,0";"0,0";"0,0";"0,0";"0,0";"1,0";"0,0";"";"";"";"";"";"";"";"";"";"";"";""
"295581,0";"2024-01-30";"11:22:00";"COM VÍTIMA";"FINALIZADA";"ILHA DO RETIRO";"RUA SPORT CLUBE DO RECIFE";"";"";"EM FRENTE DA CHURRASCARIA BOI E BRASA E ACADEMIA SELFITT";"ILHA DO RETIRO";"";"";"COLISÃO TRASEIRA";"1,0";"1,0";"0,0";"0,0";"0,0";"0,0";"0,0";"0,0";"0,0";"1,0";"0,0";"";"";"";"";"";"";"";"";"";"";"";""
"295587,0";"2024-01-30";"12:09:00";"COM VÍTIMA";"FINALIZADA";"CASA AMARELA";"RUA CONS NABUCO";"198";"";"DEPOIS DO POSTO BR, EM FRENTE AO NUMERO  271";"CASA AMARELA";"";"";"COLISÃO";"0,0";"1,0";"0,0";"0,0";"0,0";"0,0";"0,0";"0,0";"0,0";"1,0";"0,0";"";"";"";"";"";"";"";"";"";"";"";""
"295594,0";"2024-01-30";"12:43:00";"COM VÍTIMA";"FINALIZADA";"SANTO ANTONIO";"AV DANTAS BARRETO";"";"";"E/F AO BRT  DOS CORREIOS S/T CID";"SANTO ANTONIO";"";"";"ATROPELAMENTO DE PESSOA";"0,0";"1,0";"0,0";"1,0";"0,0";"0,0";"0,0";"0,0";"0,0";"1,0";"0,0";"";"";"";"";"";"";"";"";"";"";"";""
"295596,0";"2024-01-30";"12:48:00";"COM VÍTIMA";"DUPLICIDADE";"SANTO ANTONIO";"AV GUARARAPES";"289";"";"EM FRENTE AOS CORREIOS  / ESTAÇÃO BRT";"SANTO ANTONIO";"";"";"COLISÃO";"0,0";"1,0";"0,0";"0,0";"0,0";"0,0";"0,0";"0,0";"0,0";"1,0";"0,0";"";"";"";"";"";"";"";"";"";"";"";""
"295600,0";"2024-01-30";"01:21:00";"COM VÍTIMA";"FINALIZADA";"JOANA BEZERRA";"VIADUTO CAPITAO TEMUDO";"";"";"EM CIMA DO VIADUTO CAPITÃO TEMUDO SENTIDO FORUM DE JOANA BEZERRA";"JOANA BEZERRA";"";"";"COLISÃO TRASEIRA";"1,0";"1,0";"0,0";"0,0";"0,0";"0,0";"0,0";"0,0";"0,0";"2,0";"0,0";"";"";"";"";"";"";"";"";"";"";"";""
"295607,0";"2024-01-30";"02:10:00";"COM VÍTIMA";"FINALIZADA";"CASA AMARELA";"RUA PAULA BATISTA";"";"";"EM FRENTE AO BOMPREÇO DE CASA AMARELA";"CASA AMARELA";"";"";"COLISÃO LATERAL";"1,0";"1,0";"0,0";"0,0";"0,0";"1,0";"0,0";"0,0";"0,0";"1,0";"0,0";"";"";"";"";"";"";"";"";"";"";"";""
"295612,0";"2024-01-30";"02:56:00";"COM VÍTIMA";"FINALIZADA";"ESTANCIA";"RUA HAVAI";"202";"";"S/T AV RECIFE";"ESTANCIA";"";"";"COLISÃO LATERAL";"0,0";"0,0";"0,0";"0,0";"0,0";"0,0";"0,0";"0,0";"0,0";"1,0";"0,0";"";"";"";"";"";"";"";"";"";"";"";""
"295621,0";"2024-01-30";"04:30:00";"SEM VÍTIMA";"FINALIZADA";"BAIRRO DO RECIFE";"AV ALFREDO LISBOA";"1152";"";"E/F A RECEITA FEDERAL  S/T OLINDA";"BAIRRO DO RECIFE";"";"";"COLISÃO LATERAL";"1,0";"0,0";"0,0";"0,0";"0,0";"0,0";"0,0";"1,0";"0,0";"0,0";"0,0";"";"";"";"";"";"";"";"";"";"";"";""
"295627,0";"2024-01-30";"05:26:00";"COM VÍTIMA";"FINALIZADA";"IMBIRIBEIRA";"RUA ARQUITETO LUIZ NUNES";"958";"";"E/F A EMPRESA GT  AO LADO DO COLEGIO ANITA GARIBALDI";"IMBIRIBEIRA";"";"";"COLISÃO LATERAL";"1,0";"1,0";"0,0";"0,0";"0,0";"0,0";"0,0";"0,0";"0,0";"1,0";"0,0";"";"";"";"";"";"";"";"";"";"";"";""
"295634,0";"2024-01-30";"07:08:00";"COM VÍTIMA";"FINALIZADA";"CAXANGA";"RUA DEPUTADO JOSE FRANCISCO DE MELO CAVALCANTI";"";"RUA TABELIAO JOAO ROMA";"PRAÇA DE NOVA MORADA";"CAXANGA";"";"";"COLISÃO";"1,0";"1,0";"0,0";"0,0";"0,0";"0,0";"0,0";"0,0";"0,0";"1,0";"0,0";"";"";"";"";"";"";"";"";"";"";"";""
"295640,0";"2024-01-30";"09:56:00";"COM VÍTIMA";"FINALIZADA";"BOA VIAGEM";"RUA COSMORAMA";"";"RUA BALTAZAR PASSOS";"POSTO PETROBRÁS";"BOA VIAGEM";"";"";"COLISÃO";"0,0";"1,0";"0,0";"0,0";"0,0";"1,0";"0,0";"0,0";"0,0";"1,0";"0,0";"";"";"";"";"";"";"";"";"";"";"";""
"295665,0";"2024-01-31";"07:23:00";"COM VÍTIMA";"FINALIZADA";"SAO JOSE";"RUA DO PORAO";"121";"";"PROX AO MERCADO PUBLICO DE SAO JOSE";"SAO JOSE";"";"";"COLISÃO";"0,0";"1,0";"0,0";"0,0";"0,0";"0,0";"0,0";"0,0";"0,0";"1,0";"0,0";"";"";"";"";"";"";"";"";"";"";"";""
"295669,0";"2024-01-31";"07:36:00";"COM VÍTIMA";"FINALIZADA";"CASA AMARELA";"RUA PAULA BATISTA";"408";"";"EM FRENTE A ACADEMIA CONECT PEC, PROX AO BANCO BRADESCO";"CASA AMARELA";"";"";"COLISÃO";"0,0";"1,0";"0,0";"0,0";"0,0";"0,0";"0,0";"0,0";"0,0";"1,0";"0,0";"";"";"";"";"";"";"";"";"";"";"";""
"295672,0";"2024-01-31";"08:22:00";"COM VÍTIMA";"FINALIZADA";"SAN MARTIN";"AV ENGENHEIRO ABDIAS DE CARVALHO";"6173";"";"NA DESCIDA DO VIADUTO DO HOSPITAL DA MULHER, PROX A OFICINA DO GILVAN";"SAN MARTIN";"";"";"COLISÃO";"0,0";"1,0";"0,0";"0,0";"0,0";"0,0";"0,0";"0,0";"0,0";"1,0";"0,0";"";"";"";"";"";"";"";"";"";"";"";""