"Protocolo";"data";"hora";"natureza";"situacao";"bairro";"endereco";"numero";"detalhe_endereco_acidente";"complemento";"bairro_cruzamento";"num_semaforo";"sentido_via";"tipo";"auto";"moto";"ciclom";"ciclista";"pedestre";"onibus";"caminhao";"viatura";"outros";"vitimas";"vitimasfatais";"acidente_verificado";"tempo_clima";"situacao_semaforo";"sinalizacao";"condicao_via";"conservacao_via";"ponto_controle";"situacao_placa";"velocidade_max_via";"mao_direcao";"divisao_via1";"divisao_via2"
"295675,0";"2024-01-31";"08:44:00";"COM VÍTIMA";"FINALIZADA";"DERBY";"RUA DA BAIXA VERDE";"";"RUA JENER DE SOUZA";"";"DERBY";"";"";"COLISÃO LATERAL";"1,0";"1,0";"0,0";"0,0";"0,0";"0,0";"0,0";"0,0";"0,0";"1,0";"0,0";"";"";"";"";"";"";"";"";"";"";"";""
"295684,0";"2024-01-31";"09:51:00";"COM VÍTIMA";"FINALIZADA";"CORDEIRO";"RUA DR JOAO LACERDA";"191";"";"PROX AO DHPP SENTIDO AV CAXANGA";"CORDEIRO";"";"";"COLISÃO FRONTAL";"1,0";"1,0";"0,0";"0,0";"0,0";"0,0";"0,0";"0,0";"0,0";"1,0";"0,0";"";"";"";"";"";"";"";"";"";"";"";""
"295685,0";"2024-01-31";"09:57:00";"COM VÍTIMA";"DUPLICIDADE";"SANTO AMARO";"AV PREFEITO ARTUR LIMA CAVALCANTI";"";"";"PROX. AO CEMITERIO DOS INGLESES SENT. RECIFE";"SANTO AMARO";"";"";"COLISÃO LATERAL";"0,0";"1,0";"0,0";"0,0";"0,0";"0,0";"0,0";"0,0";"0,0";"1,0";"0,0";"";"";"";"";"";"";"";"";"";"";"";""
"295688,0";"2024-01-31";"10:09:00";"COM VÍTIMA";"FINALIZADA";"SANTO AMARO";"AV CRUZ CABUGA";"";"AV DR JAYME DA FONTE";"PROX. AO HOSPITAL DA MARINHA SENT. OLINDA";"SANTO AMARO";"";"";"COLISÃO LATERAL";"1,0";"1,0";"0,0";"0,0";"0,0";"0,0";"0,0";"0,0";"0,0";"1,0";"0,0";"";"";"";"";"";"";"";"";"";"";"";""
"295698,0";"2024-01-31";"12:23:00";"COM VÍTIMA";"FINALIZADA";"IMBIRIBEIRA";"AV MARECHAL MASCARENHAS DE MORAES";"55";"";"EM FRENTE A ENTRADA DO AEROPORTO, SENTIDO AFOGADOS / PRAZERES";"IMBIRIBEIRA";"";"";"COLISÃO";"0,0";"1,0";"0,0";"0,0";"0,0";"0,0";"0,0";"0,0";"0,0";"1,0";"0,0";"";"";"";"";"";"";"";"";"";"";"";""
"295701,0";"2024-01-31";"01:04:00";"COM VÍTIMA";"FINALIZADA";"ESPINHEIRO";"RUA CONS PORTELA";"";"RUA CARNEIRO VILELA";"CRUZAMENTO";"ESPINHEIRO";"";"";"COLISÃO";"0,0";"0,0";"0,0";"0,0";"0,0";"0,0";"0,0";"0,0";"0,0";"1,0";"0,0";"";"";"";"";"";"";"";"";"";"";"";""
"295709,0";"2024-01-31";"03:19:00";"COM VÍTIMA";"FINALIZADA";"SAO JOSE";"C SANTA RITA";"";"";"TORRES GEMEAS";"SAO JOSE";"";"";"COLISÃO TRASEIRA";"1,0";"1,0";"0,0";"0,0";"0,0";"0,0";"0,0";"0,0";"0,0";"1,0";"0,0";"";"";"";"";"";"";"";"";"";"";"";""
"295718,0";"2024-01-31";"03:53:00";"COM VÍTIMA";"FINALIZADA";"BOA VIAGEM";"RUA CORONEL ANIZIO RODRIGUES COELHO";"487";"";"PROX A PIZZARIA MATUTA  E AO COLEGIO E CURSO VENCER";"BOA VIAGEM";"";"";"COLISÃO LATERAL";"0,0";"1,0";"0,0";"0,0";"0,0";"0,0";"0,0";"0,0";"0,0";"1,0";"0,0";"";"";"";"";"";"";"";"";"";"";"";""
"295720,0";"2024-01-31";"04:16:00";"SEM VÍTIMA";"FINALIZADA";"SANTO AMARO";"";"";"";"AO LADO DO VIADUTO JOÃO DE BARROS";"SANTO AMARO";"";"";"COLISÃO LATERAL";"1,0";"1,0";"0,0";"0,0";"0,0";"0,0";"0,0";"0,0";"0,0";"0,0";"0,0";"";"";"";"";"";"";"";"";"";"";"";""
"295721,0";"2024-01-31";"04:18:00";"SEM VÍTIMA";"FINALIZADA";"SANTO AMARO";"RUA DO POMBAL";"";"";"LADO OPOSTO AO CEMITÉRIO";"SANTO AMARO";"";"SUBURBIO";"COLISÃO LATERAL";"1,0";"0,0";"0,0";"0,0";"0,0";"0,0";"0,0";"1,0";"0,0";"0,0";"0,0";"";"";"";"";"";"";"";"";"";"";"";""
"295740,0";"2024-01-31";"07:20:00";"COM VÍTIMA";"CANCELADA";"BOA VIAGEM";"RUA PEDRO PAES MENDONCA";"";"";"COM A RUA DOM JOÃO VI";"BOA VIAGEM";"";"";"COLISÃO LATERAL";"2,0";"0,0";"0,0";"0,0";"0,0";"0,0";"0,0";"0,0";"0,0";"1,0";"0,0";"";"";"";"";"";"";"";"";"";"";"";""
"295747,0";"2024-01-31";"08:32:00";"COM VÍTIMA";"FINALIZADA";"CAXANGA";"AV CAXANGA";"642";"";"APOS JOSE OSORIO";"CAXANGA";"";"";"COLISÃO COM CICLISTA";"0,0";"1,0";"0,0";"1,0";"0,0";"0,0";"0,0";"0,0";"0,0";"2,0";"0,0";"";"";"";"";"";"";"";"";"";"";"";""
"295749,0";"2024-01-31";"08:46:00";"COM VÍTIMA";"CANCELADA";"JARDIM SAO PAULO";"AV LIBERDADE";"";"";"E/F A IGREJA BATISTA RESGATAI PROXIMO AO CEMITÉRIO";"JARDIM SAO PAULO";"";"";"COLISÃO LATERAL";"1,0";"1,0";"0,0";"0,0";"0,0";"0,0";"0,0";"0,0";"0,0";"1,0";"0,0";"";"";"";"";"";"";"";"";"";"";"";""
"295763,0";"2024-02-01";"06:46:00";"COM VÍTIMA";"FINALIZADA";"SAO JOSE";"VDO DAS CINCO PONTAS";"";"";"NA DESCIDA DO VIADUTO SENT. CIDADE";"SAO JOSE";"";"";"QUEDA";"0,0";"1,0";"0,0";"0,0";"0,0";"0,0";"0,0";"0,0";"0,0";"1,0";"0,0";"";"";"";"";"";"";"";"";"";"";"";""
"295794,0";"2024-02-01";"11:28:00";"COM VÍTIMA";"FINALIZADA";"ESTANCIA";"AV DR JOSE RUFINO";"";"";"SENT. AREIAS, EM FRENTE AOS CORREIOS POR TRAS DO ARMAZEM CORAL";"ESTANCIA";"";"";"COLISÃO LATERAL";"0,0";"1,0";"0,0";"0,0";"0,0";"0,0";"0,0";"0,0";"0,0";"1,0";"0,0";"";"";"";"";"";"";"";"";"";"";"";""
"295803,0";"2024-02-01";"12:05:00";"SEM VÍTIMA";"FINALIZADA";"VARZEA";"RUA JOAO SALES MENEZES";"";"";"AO LADO DO Nº 419";"VARZEA";"";"";"COLISÃO FRONTAL";"0,0";"0,0";"0,0";"0,0";"0,0";"0,0";"1,0";"0,0";"1,0";"0,0";"0,0";"";"";"";"";"";"";"";"";"";"";"";""
"295812,0";"2024-02-01";"12:54:00";"SEM VÍTIMA";"FINALIZADA";"BOA VIAGEM";"RUA PROFESSOR EDUARDO WANDERLEY FILHO";"";"";"E/F AO COLEGIO BOA  VIAGEM";"BOA VIAGEM";"";"";"";"0,0";"0,0";"0,0";"0,0";"0,0";"0,0";"0,0";"0,0";"0,0";"0,0";"0,0";"";"";"";"";"";"";"";"";"";"";"";""
"295821,0";"2024-02-01";"02:51:00";"COM VÍTIMA";"FINALIZADA";"VASCO DA GAMA";"AV VEREADOR OTACILIO AZEVEDO";"1446";"";"PROX A UPA EA ESCOLA ROTARI  ANTES DO TERMINAL";"VASCO DA GAMA";"";"";"COLISÃO LATERAL";"0,0";"1,0";"0,0";"0,0";"0,0";"0,0";"0,0";"0,0";"0,0";"1,0";"0,0";"";"";"";"";"";"";"";"";"";"";"";""
"295825,0";"2024-02-01";"03:04:00";"COM VÍTIMA";"FINALIZADA";"IBURA";"AV DOIS RIOS";"1238";"";"NA ESQUINA DA  MOTIVE ACADEMIA";"IBURA";"";"";"COLISÃO FRONTAL";"1,0";"1,0";"0,0";"0,0";"0,0";"0,0";"0,0";"0,0";"0,0";"1,0";"0,0";"";"";"";"";"";"";"";"";"";"";"";""
"295828,0";"2024-02-01";"03:27:00";"COM VÍTIMA";"FINALIZADA";"BREJO DA GUABIRABA";"AV VEREADOR OTACILIO AZEVEDO";"988";"";"ESCOLA ROTARI";"BREJO DA GUABIRABA";"";"";"ATROPELAMENTO DE PESSOA";"0,0";"1,0";"0,0";"0,0";"1,0";"0,0";"0,0";"0,0";"0,0";"1,0";"0,0";"";"";"";"";"";"";"";"";"";"";"";""
"295840,0";"2024-02-01";"06:51:00";"COM VÍTIMA";"FINALIZADA";"IMBIRIBEIRA";"AV MARECHAL MASCARENHAS DE MORAES";"2716";"";"EM FRENTE AO GERALDÃO";"IMBIRIBEIRA";"";"";"COLISÃO LATERAL";"0,0";"1,0";"0,0";"0,0";"0,0";"1,0";"0,0";"0,0";"0,0";"1,0";"0,0";"";"";"";"";"";"";"";"";"";"";"";""
"295853,0";"2024-02-02";"05:25:00";"SEM VÍTIMA";"FINALIZADA";"TORRE";"RUA JOSE OSORIO";"";"RUA REAL DA TORRE";"";"TORRE";"";"";"COLISÃO";"1,0";"0,0";"0,0";"0,0";"0,0";"0,0";"1,0";"0,0";"0,0";"0,0";"0,0";"";"";"";"";"";"";"";"";"";"";"";""
"295878,0";"2024-02-02";"09:49:00";"COM VÍTIMA";"FINALIZADA";"IPSEP";"AV RECIFE";"3321";"AV RAIMUNDO DINIZ";"ENTRE AOS PREDIOS CHICO CITE";"IPSEP";"";"CIDADE";"COLISÃO FRONTAL";"1,0";"1,0";"0,0";"0,0";"0,0";"0,0";"0,0";"0,0";"0,0";"1,0";"0,0";"";"";"";"";"";"";"";"";"";"";"";""
"295881,0";"2024-02-02";"10:16:00";"COM VÍTIMA";"FINALIZADA";"AREIAS";"AV RECIFE";"4916";"";"PROX AO CARREFOUR, EM FRENTE AO CONJ. IGNÊS ANDREZZA";"AREIAS";"";"";"COLISÃO";"0,0";"1,0";"0,0";"0,0";"0,0";"0,0";"0,0";"0,0";"0,0";"1,0";"0,0";"";"";"";"";"";"";"";"";"";"";"";""
"295889,0";"2024-02-02";"10:52:00";"COM VÍTIMA";"FINALIZADA";"IMBIRIBEIRA";"AV MARECHAL MASCARENHAS DE MORAES";"43";"";"EM FRENTE A IMBIRIBEIRA DIESEL, BANCO SANTADER E BANCO ITAÚ, SENTIDO AEROPORTO";"IMBIRIBEIRA";"";"";"COLISÃO";"0,0";"1,0";"0,0";"0,0";"0,0";"0,0";"0,0";"0,0";"0,0";"1,0";"0,0";"";"";"";"";"";"";"";"";"";"";"";""
"295898,0";"2024-02-02";"11:42:00";"COM VÍTIMA";"FINALIZADA";"AREIAS";"RUA AMELIA JESUINA";"99";"";"EM FRENTE AO MINI SHOPPINHG DE AREIAS";"AREIAS";"";"";"COLISÃO";"0,0";"1,0";"0,0";"0,0";"0,0";"0,0";"0,0";"0,0";"0,0";"1,0";"0,0";"";"";"";"";"";"";"";"";"";"";"";""
"295899,0";"2024-02-02";"11:43:00";"COM VÍTIMA";"FINALIZADA";"SAN MARTIN";"AV GENERAL SAN MARTIN";"";"";"EM FRENTE AO QUARTEL DA CAVALARIA";"SAN MARTIN";"";"";"COLISÃO";"0,0";"1,0";"0,0";"0,0";"0,0";"0,0";"0,0";"0,0";"0,0";"1,0";"0,0";"";"";"";"";"";"";"";"";"";"";"";""
"295912,0";"2024-02-02";"01:49:00";"COM VÍTIMA";"FINALIZADA";"SAO JOSE";"AV DANTAS BARRETO";"1162";"";"PROX A ESTAÇAO RECIFE E A CASA D CULTURA";"SAO JOSE";"";"";"COLISÃO LATERAL";"0,0";"1,0";"0,0";"0,0";"0,0";"0,0";"0,0";"0,0";"0,0";"1,0";"0,0";"";"";"";"";"";"";"";"";"";"";"";""
"295913,0";"2024-02-02";"01:49:00";"COM VÍTIMA";"DUPLICIDADE";"SAO JOSE";"RUA DA PALMA";"793";"";"PROX A LOJA VIVO";"SAO JOSE";"";"";"COLISÃO LATERAL";"0,0";"1,0";"0,0";"0,0";"0,0";"0,0";"0,0";"0,0";"0,0";"1,0";"0,0";"";"";"";"";"";"";"";"";"";"";"";""
"295914,0";"2024-02-02";"01:56:00";"COM VÍTIMA";"DUPLICIDADE";"SAO JOSE";"RUA TOBIAS BARRETO";"";"";"MUSEU / ESTAÇÃO RECIFE";"SAO JOSE";"";"";"ATROPELAMENTO DE PESSOA";"0,0";"1,0";"0,0";"0,0";"1,0";"0,0";"0,0";"0,0";"0,0";"1,0";"0,0";"";"";"";"";"";"";"";"";"";"";"";""
"295918,0";"2024-02-02";"02:38:00";"COM VÍTIMA";"FINALIZADA";"BOA VIAGEM";"AVENIDA CELSO FURTADO (VIA MANGUE)";"";"";"NO INICIO DA VIA MANGUE S/T SHOPPING RIOMAR";"BOA VIAGEM";"";"";"CHOQUE";"0,0";"1,0";"0,0";"0,0";"0,0";"0,0";"0,0";"0,0";"0,0";"1,0";"0,0";"";"";"";"";"";"";"";"";"";"";"";""
"295919,0";"2024-02-02";"02:44:00";"SEM VÍTIMA";"FINALIZADA";"PARNAMIRIM";"RUA JOAO TUDE DE MELO";"";"RUA VIRGINIA LORETO";"POSTO DE GASOLINA IPIRANGA";"PARNAMIRIM";"649,0";"SUBURBIO";"COLISÃO TRASEIRA";"2,0";"0,0";"0,0";"0,0";"0,0";"0,0";"0,0";"0,0";"0,0";"0,0";"0,0";"";"";"";"";"";"";"";"";"";"";"";""
"295925,0";"2024-02-02";"03:32:00";"COM VÍTIMA";"FINALIZADA";"ILHA DO LEITE";"AV FREI MATIAS TEVES";"";"RUA SENADOR JOSE HENRIQUE";"HOSP. ALBERT SABIN";"ILHA DO LEITE";"";"";"COLISÃO LATERAL";"1,0";"1,0";"0,0";"0,0";"0,0";"0,0";"0,0";"0,0";"0,0";"1,0";"0,0";"";"";"";"";"";"";"";"";"";"";"";""
"295926,0";"2024-02-02";"03:34:00";"SEM VÍTIMA";"FINALIZADA";"TORREAO";"AV NORTE MIGUEL ARRAES DE ALENCAR";"";"";"EM FRENTE A BOSCH CAR SERVICE, SENTIDO SUBÚRBIO";"TORREAO";"";"";"COLISÃO";"1,0";"0,0";"0,0";"0,0";"0,0";"1,0";"0,0";"0,0";"0,0";"0,0";"0,0";"";"";"";"";"";"";"";"";"";"";"";""
"295934,0";"2024-02-02";"03:59:00";"COM VÍTIMA";"DUPLICIDADE";"ILHA DO LEITE";"AV FREI MATIAS TEVES";"206";"";"PROX AO EMPRESARIAL ALBERTO EINSTEIN";"ILHA DO LEITE";"";"";"COLISÃO LATERAL";"0,0";"1,0";"0,0";"0,0";"0,0";"0,0";"0,0";"0,0";"0,0";"1,0";"0,0";"";"";"";"";"";"";"";"";"";"";"";""
"295943,0";"2024-02-02";"05:18:00";"COM VÍTIMA";"FINALIZADA";"SAO JOSE";"AV ENGENHEIRO JOSE ESTELITA";"891";"";"PROX AO BATALHAO DA POLICIA  E AS TORRES GEMEAS";"SAO JOSE";"";"";"COLISÃO LATERAL";"0,0";"1,0";"0,0";"0,0";"0,0";"0,0";"0,0";"0,0";"0,0";"1,0";"0,0";"";"";"";"";"";"";"";"";"";"";"";""
"295945,0";"2024-02-02";"05:23:00";"COM VÍTIMA";"FINALIZADA";"GRACAS";"RUA DAS GRACAS";"389";"";"PROX A DROGASIL EA IGREJA DAS GRAÇAS";"GRACAS";"";"";"COLISÃO LATERAL";"0,0";"1,0";"0,0";"0,0";"0,0";"0,0";"0,0";"0,0";"0,0";"1,0";"0,0";"";"";"";"";"";"";"";"";"";"";"";""
"295966,0";"2024-02-02";"10:13:00";"COM VÍTIMA";"FINALIZADA";"BARRO";"AV DR JOSE RUFINO";"";"";"EM CIMA DO VIADUTO DA AV. JOSÉ RUFINO - SENTIDO TEJIPIO";"BARRO";"";"";"COLISÃO LATERAL";"2,0";"0,0";"0,0";"0,0";"0,0";"0,0";"0,0";"0,0";"0,0";"1,0";"0,0";"";"";"";"";"";"";"";"";"";"";"";""
"296002,0";"2024-02-03";"07:44:00";"COM VÍTIMA";"FINALIZADA";"BOA VIAGEM";"AV DES JOSE NEVES";"";"";"APOS O TUNEL SENT. SHOPPING RECIFE";"BOA VIAGEM";"";"";"COLISÃO LATERAL";"0,0";"1,0";"0,0";"0,0";"0,0";"0,0";"0,0";"0,0";"0,0";"1,0";"0,0";"";"";"";"";"";"";"";"";"";"";"";""
"296011,0";"2024-02-03";"08:54:00";"COM VÍTIMA";"FINALIZADA";"ARRUDA";"EST VELHA DE AGUA FRIA";"";"";"EM FRENTE AO MARTELINHO DE OURO, APOS O DENOX";"ARRUDA";"";"";"COLISÃO LATERAL";"0,0";"1,0";"0,0";"0,0";"0,0";"0,0";"0,0";"0,0";"0,0";"1,0";"0,0";"";"";"";"";"";"";"";"";"";"";"";""
"296026,0";"2024-02-03";"10:03:00";"COM VÍTIMA";"FINALIZADA";"MACAXEIRA";"AV NORTE MIGUEL ARRAES DE ALENCAR";"";"";"EM FRENTE AO PARQUE DA MACAXEIRA E IGREJA";"MACAXEIRA";"";"";"COLISÃO LATERAL";"0,0";"1,0";"0,0";"0,0";"0,0";"0,0";"0,0";"0,0";"0,0";"1,0";"0,0";"";"";"";"";"";"";"";"";"";"";"";""
"296027,0";"2024-02-03";"10:19:00";"COM VÍTIMA";"FINALIZADA";"DERBY";"RUA JENER DE SOUZA";"";"PRC DO DERBY";"";"DERBY";"";"";"QUEDA";"0,0";"1,0";"0,0";"0,0";"0,0";"0,0";"0,0";"0,0";"0,0";"1,0";"0,0";"";"";"";"";"";"";"";"";"";"";"";""
"296028,0";"2024-02-03";"10:20:00";"COM VÍTIMA";"FINALIZADA";"BOA VIAGEM";"RUA BALTAZAR PASSOS";"";"RUA JOSE HIPOLITO CARDOSO";"NA RUA DO CAFE SÃO BRAZ  DE ESQUINA COM A PADARIA PAN JOVEM";"BOA VIAGEM";"";"";"COLISÃO LATERAL";"1,0";"1,0";"0,0";"0,0";"0,0";"0,0";"0,0";"0,0";"0,0";"1,0";"0,0";"";"";"";"";"";"";"";"";"";"";"";""
"296030,0";"2024-02-03";"10:34:00";"COM VÍTIMA";"DUPLICIDADE";"DERBY";"PRC DO DERBY";"";"";"NO CRUZAMENTO DO DERBY PROX AO QUARTEL";"DERBY";"";"";"COLISÃO";"0,0";"1,0";"0,0";"0,0";"0,0";"0,0";"0,0";"0,0";"0,0";"1,0";"0,0";"";"";"";"";"";"";"";"";"";"";"";""
"296044,0";"2024-02-03";"01:08:00";"COM VÍTIMA";"FINALIZADA";"MADALENA";"AV BEIRA RIO";"";"";"PROX AO EDIFICIO VILA RICA";"MADALENA";"";"";"COLISÃO COM CICLISTA";"0,0";"1,0";"0,0";"1,0";"0,0";"0,0";"0,0";"0,0";"0,0";"1,0";"0,0";"";"";"";"";"";"";"";"";"";"";"";""
"296049,0";"2024-02-03";"02:05:00";"COM VÍTIMA";"FINALIZADA";"IPSEP";"AV RECIFE";"1314";"";"E/F  A PIZZARIA ATLANTICO";"IPSEP";"";"";"COLISÃO LATERAL";"1,0";"1,0";"0,0";"0,0";"0,0";"0,0";"0,0";"0,0";"0,0";"1,0";"0,0";"";"";"";"";"";"";"";"";"";"";"";""
"296078,0";"2024-02-03";"07:49:00";"SEM VÍTIMA";"FINALIZADA";"IMBIRIBEIRA";"AV SUL";"";"";"EM FRENTE O TERMINAL DE INTEGRAÇÃO TANCREDO NEVES";"IMBIRIBEIRA";"";"SUBURBIO";"COLISÃO";"1,0";"0,0";"0,0";"0,0";"0,0";"0,0";"1,0";"0,0";"0,0";"0,0";"0,0";"";"";"";"";"";"";"";"";"";"";"";""
"296081,0";"2024-02-03";"08:33:00";"COM VÍTIMA";"FINALIZADA";"PINA";"PTE GOVERNADOR PAULO GUERRA";"";"";"VIADUTO SENTIDO PINA";"PINA";"";"";"";"1,0";"1,0";"0,0";"0,0";"0,0";"0,0";"0,0";"0,0";"0,0";"2,0";"0,0";"";"";"";"";"";"";"";"";"";"";"";""
"296084,0";"2024-02-03";"09:43:00";"SEM VÍTIMA";"FINALIZADA";"SANTO AMARO";"AV CRUZ CABUGA";"";"";"EM FRENTE A IGREJA ASSEMBLEIA DE DEUS";"SANTO AMARO";"";"";"CHOQUE";"0,0";"0,0";"0,0";"0,0";"0,0";"0,0";"0,0";"0,0";"0,0";"0,0";"0,0";"";"";"";"";"";"";"";"";"";"";"";""
"296090,0";"2024-02-04";"12:43:00";"COM VÍTIMA";"CANCELADA";"LINHA DO TIRO";"RUA URIEL DE HOLANDA";"";"";"EM FRENTE A UPINHA";"LINHA DO TIRO";"";"";"COLISÃO";"0,0";"2,0";"0,0";"0,0";"0,0";"0,0";"0,0";"0,0";"0,0";"1,0";"0,0";"";"";"";"";"";"";"";"";"";"";"";""
"296105,0";"2024-02-04";"07:03:00";"COM VÍTIMA";"FINALIZADA";"AFOGADOS";"RUA SAO MIGUEL";"";"";"DE FRENTE AO QUARTEL/ 14 BATALHAO";"AFOGADOS";"";"";"COLISÃO LATERAL";"1,0";"1,0";"0,0";"0,0";"0,0";"0,0";"0,0";"0,0";"0,0";"1,0";"0,0";"";"";"";"";"";"";"";"";"";"";"";""
"296121,0";"2024-02-04";"08:57:00";"COM VÍTIMA";"FINALIZADA";"MADALENA";"RUA JOAO IVO DA SILVA";"139";"";"EM FRENTE AO MUSEU DA ABOLIÇÃO";"MADALENA";"";"";"COLISÃO LATERAL";"0,0";"2,0";"0,0";"0,0";"0,0";"0,0";"0,0";"0,0";"0,0";"3,0";"0,0";"";"";"";"";"";"";"";"";"";"";"";""
"296132,0";"2024-02-04";"10:29:00";"SEM VÍTIMA";"FINALIZADA";"BOA VISTA";"AV GOVERNADOR AGAMENON MAGALHAES";"2805";"";"EM FRENTE AO EDIFICIO HENRIQUE DIAS";"BOA VISTA";"";"SUBURBIO";"CHOQUE";"0,0";"0,0";"0,0";"0,0";"0,0";"1,0";"0,0";"0,0";"0,0";"0,0";"0,0";"";"";"";"";"";"";"";"";"";"";"";""
"296164,0";"2024-02-04";"05:52:00";"COM VÍTIMA";"FINALIZADA";"IBURA";"AV JORNALISTA COSTA PORTO";"1010";"";"MERCADINHO DO FIRMINO / BARBEARIA BARBA NEGRA";"IBURA";"";"";"COLISÃO LATERAL";"1,0";"1,0";"0,0";"0,0";"0,0";"0,0";"0,0";"0,0";"0,0";"1,0";"0,0";"";"";"";"";"";"";"";"";"";"";"";""
"296169,0";"2024-02-04";"06:29:00";"SEM VÍTIMA";"FINALIZADA";"BOA VISTA";"RUA DO RIACHUELO";"495";"RUA GERVASIO PIRES";"HOSP. DO EXERCITO";"BOA VISTA";"";"";"COLISÃO FRONTAL";"2,0";"0,0";"0,0";"0,0";"0,0";"0,0";"0,0";"0,0";"0,0";"0,0";"0,0";"";"";"";"";"";"";"";"";"";"";"";""
"296179,0";"2024-02-04";"09:10:00";"COM VÍTIMA";"FINALIZADA";"CAXANGA";"RUA DEPUTADO JOSE FRANCISCO DE MELO CAVALCANTI";"444";"";"EM FRENTE FARMACIA POPULAR";"CAXANGA";"";"";"COLISÃO LATERAL";"1,0";"1,0";"0,0";"0,0";"0,0";"0,0";"0,0";"0,0";"0,0";"1,0";"0,0";"";"";"";"";"";"";"";"";"";"";"";""
"296185,0";"2024-02-04";"10:46:00";"COM VÍTIMA";"CANCELADA";"IBURA";"AV DOIS RIOS";"";"RUA RIO XINGU";"";"IBURA";"";"";"COLISÃO LATERAL";"1,0";"1,0";"0,0";"0,0";"0,0";"0,0";"0,0";"0,0";"0,0";"1,0";"0,0";"";"";"";"";"";"";"";"";"";"";"";""
"296197,0";"2024-02-05";"06:27:00";"COM VÍTIMA";"FINALIZADA";"BOA VISTA";"AV CONDE DA BOA VISTA";"1209";"";"DE FRENTE AO GRAU TECNICO";"BOA VISTA";"";"CIDADE";"ATROPELAMENTO DE PESSOA";"1,0";"0,0";"0,0";"0,0";"1,0";"0,0";"0,0";"0,0";"0,0";"1,0";"0,0";"";"";"";"";"";"";"";"";"";"";"";""
"296201,0";"2024-02-05";"07:05:00";"COM VÍTIMA";"FINALIZADA";"AFLITOS";"AV CONS ROSA E SILVA";"1053";"";"EM FRENTE A DROGASIL , EM FRENTE AO BOMPREÇO";"AFLITOS";"";"";"COLISÃO LATERAL";"1,0";"1,0";"0,0";"0,0";"0,0";"0,0";"0,0";"0,0";"0,0";"1,0";"0,0";"";"";"";"";"";"";"";"";"";"";"";""
"296208,0";"2024-02-05";"07:44:00";"COM VÍTIMA";"FINALIZADA";"MADALENA";"RUA JOSE OSORIO";"882";"";"EM FRENTE A LOJA AUTO SUL";"MADALENA";"";"";"COLISÃO";"0,0";"1,0";"0,0";"0,0";"0,0";"0,0";"0,0";"0,0";"0,0";"1,0";"0,0";"";"";"";"";"";"";"";"";"";"";"";""
"296211,0";"2024-02-05";"08:03:00";"SEM VÍTIMA";"FINALIZADA";"PINA";"AV ANTONIO DE GOES";"";"";"após o túnel josue de castro";"PINA";"";"";"COLISÃO";"0,0";"0,0";"0,0";"0,0";"0,0";"0,0";"0,0";"0,0";"0,0";"0,0";"0,0";"";"";"";"";"";"";"";"";"";"";"";""
"296218,0";"2024-02-05";"08:19:00";"SEM VÍTIMA";"FINALIZADA";"IBURA";"AV DOIS RIOS";"";"LAD DA COHAB";"GIRADOR HOTEL";"IBURA";"707,0";"CIDADE";"CHOQUE";"1,0";"0,0";"0,0";"0,0";"0,0";"0,0";"0,0";"0,0";"0,0";"0,0";"0,0";"";"";"";"";"";"";"";"";"";"";"";""
"296224,0";"2024-02-05";"09:03:00";"COM VÍTIMA";"FINALIZADA";"SAO JOSE";"AV DANTAS BARRETO";"";"";"EM FRENTE A MIX DISTRIBUIDORA E CAMELODROMO";"SAO JOSE";"";"";"COLISÃO LATERAL";"0,0";"1,0";"0,0";"0,0";"0,0";"0,0";"0,0";"0,0";"0,0";"1,0";"0,0";"";"";"";"";"";"";"";"";"";"";"";""
"296226,0";"2024-02-05";"09:06:00";"COM VÍTIMA";"CANCELADA";"BOA VISTA";"RUA DO HOSPICIO";"";"";"LOJAS AMERICANAS";"BOA VISTA";"";"";"COLISÃO LATERAL";"1,0";"1,0";"0,0";"0,0";"0,0";"0,0";"0,0";"0,0";"0,0";"1,0";"0,0";"";"";"";"";"";"";"";"";"";"";"";""
"296238,0";"2024-02-05";"10:06:00";"COM VÍTIMA";"FINALIZADA";"BAIRRO DO RECIFE";"CAIS DO APOLO";"";"";"EM FRENTE AO TRIBUNAL REGIONAL FEDERAL / PROX  AO CAIS DO APOLO";"BAIRRO DO RECIFE";"";"";"COLISÃO";"0,0";"1,0";"0,0";"0,0";"0,0";"0,0";"0,0";"0,0";"0,0";"1,0";"0,0";"";"";"";"";"";"";"";"";"";"";"";""
"296239,0";"2024-02-05";"10:08:00";"COM VÍTIMA";"FINALIZADA";"ILHA DO RETIRO";"AV JOSE GONCALVES DE MEDEIROS";"";"";"EM FRENTE AO ASSAI ATACADISTA";"ILHA DO RETIRO";"";"";"COLISÃO";"0,0";"0,0";"0,0";"0,0";"0,0";"0,0";"0,0";"0,0";"0,0";"1,0";"0,0";"";"";"";"";"";"";"";"";"";"";"";""
"296248,0";"2024-02-05";"10:57:00";"COM VÍTIMA";"FINALIZADA";"MADALENA";"RUA JOSE OSORIO";"";"";"SEU CARRO PE // PRAÇA DA MADALENA";"MADALENA";"";"";"COLISÃO TRASEIRA";"1,0";"1,0";"0,0";"0,0";"0,0";"0,0";"0,0";"0,0";"0,0";"1,0";"0,0";"";"";"";"";"";"";"";"";"";"";"";""