"Protocolo";"data";"hora";"natureza";"situacao";"bairro";"endereco";"numero";"detalhe_endereco_acidente";"complemento";"bairro_cruzamento";"num_semaforo";"sentido_via";"tipo";"auto";"moto";"ciclom";"ciclista";"pedestre";"onibus";"caminhao";"viatura";"outros";"vitimas";"vitimasfatais";"acidente_verificado";"tempo_clima";"situacao_semaforo";"sinalizacao";"condicao_via";"conservacao_via";"ponto_controle";"situacao_placa";"velocidade_max_via";"mao_direcao";"divisao_via1";"divisao_via2"
"296752,0";"2024-02-09";"05:33:00";"COM VÍTIMA";"FINALIZADA";"SANTO AMARO";"AV CRUZ CABUGA";"";"";"E/F A SANTA CASA DA MISERICORDIA";"SANTO AMARO";"";"";"COLISÃO LATERAL";"1,0";"1,0";"0,0";"0,0";"0,0";"0,0";"0,0";"0,0";"0,0";"1,0";"0,0";"";"";"";"";"";"";"";"";"";"";"";""
"296754,0";"2024-02-09";"05:58:00";"COM VÍTIMA";"FINALIZADA";"CAMPO GRANDE";"RUA LAURO DE SOUZA";"600";"";"PROX AO BAR DA BILU E A OFICINA DO BIU";"CAMPO GRANDE";"";"";"COLISÃO";"0,0";"1,0";"0,0";"0,0";"0,0";"0,0";"0,0";"0,0";"0,0";"1,0";"0,0";"";"";"";"";"";"";"";"";"";"";"";""
"296756,0";"2024-02-09";"06:55:00";"COM VÍTIMA";"FINALIZADA";"DERBY";"AV GOVERNADOR AGAMENON MAGALHAES";"";"RUA HENRIQUE DIAS";"COCO BAMBU";"DERBY";"";"";"COLISÃO FRONTAL";"1,0";"1,0";"0,0";"0,0";"0,0";"0,0";"0,0";"0,0";"0,0";"1,0";"0,0";"";"";"";"";"";"";"";"";"";"";"";""
"296759,0";"2024-02-09";"07:29:00";"COM VÍTIMA";"FINALIZADA";"CAMPO GRANDE";"RUA JERONIMO VILELA";"";"";"PRÓXIMO A DROGASIL";"CAMPO GRANDE";"";"";"COLISÃO";"1,0";"1,0";"0,0";"0,0";"0,0";"0,0";"0,0";"0,0";"0,0";"1,0";"0,0";"";"";"";"";"";"";"";"";"";"";"";""
"296760,0";"2024-02-09";"08:07:00";"COM VÍTIMA";"FINALIZADA";"PINA";"AVENIDA CELSO FURTADO (VIA MANGUE)";"";"";"PROXIMO A LOMBADA ELETRONICA SENTIDO BOA VIAGEM";"PINA";"";"";"CHOQUE";"1,0";"1,0";"0,0";"0,0";"0,0";"0,0";"0,0";"0,0";"0,0";"1,0";"0,0";"";"";"";"";"";"";"";"";"";"";"";""
"296779,0";"2024-02-10";"07:02:00";"COM VÍTIMA";"FINALIZADA";"MADALENA";"RUA BENFICA";"";"RUA DEMOCRITO DE SOUZA FILHO";"PROX AO ASSAI ATACADISTA";"MADALENA";"628,0";"";"COLISÃO LATERAL";"1,0";"1,0";"0,0";"0,0";"0,0";"0,0";"0,0";"0,0";"0,0";"1,0";"0,0";"";"";"";"";"";"";"";"";"";"";"";""
"296780,0";"2024-02-10";"07:07:00";"COM VÍTIMA";"FINALIZADA";"MADALENA";"AV ENGENHEIRO ABDIAS DE CARVALHO";"";"";"ENTRADA DO ARCO DO SPORT";"MADALENA";"";"";"COLISÃO LATERAL";"1,0";"1,0";"0,0";"0,0";"0,0";"0,0";"0,0";"0,0";"0,0";"1,0";"0,0";"";"";"";"";"";"";"";"";"";"";"";""
"296781,0";"2024-02-10";"07:13:00";"COM VÍTIMA";"DUPLICIDADE";"ILHA DO LEITE";"AV BEIRA RIO";"";"";"AO ALDO DO CAMPO DO SPORT";"ILHA DO LEITE";"";"";"";"0,0";"1,0";"0,0";"0,0";"0,0";"0,0";"0,0";"0,0";"0,0";"1,0";"0,0";"";"";"";"";"";"";"";"";"";"";"";""
"296784,0";"2024-02-10";"08:52:00";"COM VÍTIMA";"FINALIZADA";"SAO JOSE";"C SANTA RITA";"";"";"EM FRENTE AO GRANDE RECIFE";"SAO JOSE";"";"";"COLISÃO";"1,0";"1,0";"0,0";"0,0";"0,0";"0,0";"0,0";"0,0";"0,0";"1,0";"0,0";"";"";"";"";"";"";"";"";"";"";"";""
"296785,0";"2024-02-10";"09:18:00";"COM VÍTIMA";"FINALIZADA";"VASCO DA GAMA";"AV VEREADOR OTACILIO AZEVEDO";"";"";"EM FRENTE A CASA DE NUMERO 800 // PROX AO TERMINAL DE ONIBUS DO BREJO // PROX A UPA DE NOVA DESCOBERTA";"VASCO DA GAMA";"";"";"COLISÃO";"0,0";"1,0";"0,0";"0,0";"0,0";"0,0";"0,0";"0,0";"0,0";"1,0";"0,0";"";"";"";"";"";"";"";"";"";"";"";""
"296789,0";"2024-02-10";"10:36:00";"COM VÍTIMA";"CANCELADA";"PONTO DE PARADA";"RUA COUTO MAGALHAES";"85";"";"JOAO DA GALINHA";"PONTO DE PARADA";"";"";"COLISÃO LATERAL";"1,0";"0,0";"0,0";"0,0";"1,0";"0,0";"0,0";"0,0";"0,0";"1,0";"0,0";"";"";"";"";"";"";"";"";"";"";"";""
"296792,0";"2024-02-10";"01:41:00";"COM VÍTIMA";"FINALIZADA";"BEBERIBE";"AV BEBERIBE";"4111";"";"EM FRENTE A MAX SAUDE";"BEBERIBE";"";"";"COLISÃO FRONTAL";"1,0";"1,0";"0,0";"0,0";"0,0";"1,0";"0,0";"0,0";"0,0";"1,0";"0,0";"";"";"";"";"";"";"";"";"";"";"";""
"296793,0";"2024-02-10";"02:10:00";"COM VÍTIMA";"FINALIZADA";"MADALENA";"AV VISCONDE DE ALBUQUERQUE";"945";"";"PROXIMO AO RESTAURANTE CANECA FINA";"MADALENA";"";"";"COLISÃO";"0,0";"1,0";"0,0";"0,0";"0,0";"0,0";"0,0";"0,0";"0,0";"1,0";"0,0";"";"";"";"";"";"";"";"";"";"";"";""
"296796,0";"2024-02-10";"02:49:00";"COM VÍTIMA";"FINALIZADA";"PINA";"AV ENGENHEIRO DOMINGOS FERREIRA";"";"";"PROXIMO AO EMPREASRIAL DOMINGOS FERREIRA";"PINA";"";"";"COLISÃO";"0,0";"1,0";"0,0";"0,0";"0,0";"0,0";"0,0";"0,0";"0,0";"1,0";"0,0";"";"";"";"";"";"";"";"";"";"";"";""
"296799,0";"2024-02-10";"04:38:00";"COM VÍTIMA";"FINALIZADA";"MADALENA";"RUA MONSENHOR JULIO MARIA";"247";"";"TUNEL DA ABOLIÇÃO";"MADALENA";"";"";"COLISÃO LATERAL";"0,0";"0,0";"0,0";"0,0";"0,0";"0,0";"0,0";"0,0";"0,0";"1,0";"0,0";"";"";"";"";"";"";"";"";"";"";"";""
"296828,0";"2024-02-11";"08:25:00";"SEM VÍTIMA";"FINALIZADA";"AFLITOS";"AV CONS ROSA E SILVA";"1701";"";"EM FRENTE A DROGASIL";"AFLITOS";"";"SUBURBIO";"COLISÃO TRASEIRA";"1,0";"0,0";"0,0";"0,0";"0,0";"0,0";"0,0";"1,0";"0,0";"0,0";"0,0";"";"";"";"";"";"";"";"";"";"";"";""
"296832,0";"2024-02-11";"08:58:00";"COM VÍTIMA";"FINALIZADA";"AFOGADOS";"PTE DE AFOGADOS";"";"";"EN FRENTE A FABRICA ASA E A FABRICA LUMIAÇO";"AFOGADOS";"";"";"COLISÃO LATERAL";"0,0";"1,0";"0,0";"0,0";"0,0";"0,0";"0,0";"0,0";"0,0";"2,0";"0,0";"";"";"";"";"";"";"";"";"";"";"";""
"296839,0";"2024-02-11";"09:27:00";"COM VÍTIMA";"FINALIZADA";"PINA";"AV HERCULANO BANDEIRA";"312";"";"NO FIANL DA AVENIDA, NA DOBRA SENTIDO DOMINGOS FERREIRA, NA FRENTE DO LOJÃO DO BARAY";"PINA";"";"";"COLISÃO";"0,0";"1,0";"0,0";"0,0";"0,0";"0,0";"0,0";"0,0";"0,0";"1,0";"0,0";"";"";"";"";"";"";"";"";"";"";"";""
"296854,0";"2024-02-11";"03:32:00";"COM VÍTIMA";"FINALIZADA";"VASCO DA GAMA";"RUA ALTO TREZE DE MAIO";"171";"";"E/F A CAIXA D´AGUA  DA COMPESA";"VASCO DA GAMA";"";"";"COLISÃO FRONTAL";"0,0";"2,0";"0,0";"0,0";"0,0";"0,0";"0,0";"0,0";"0,0";"1,0";"0,0";"";"";"";"";"";"";"";"";"";"";"";""
"296862,0";"2024-02-11";"06:46:00";"SEM VÍTIMA";"FINALIZADA";"SANTO AMARO";"AV PREFEITO ARTUR LIMA CAVALCANTI";"";"";"AO LADO DA MARINHA ( HOSPITAL )";"SANTO AMARO";"";"";"CHOQUE";"1,0";"0,0";"0,0";"0,0";"0,0";"0,0";"0,0";"0,0";"0,0";"0,0";"0,0";"";"";"";"";"";"";"";"";"";"";"";""
"296865,0";"2024-02-11";"07:45:00";"COM VÍTIMA";"FINALIZADA";"SAO JOSE";"RUA DA CONCORDIA";"";"RUA TOBIAS BARRETO";"";"SAO JOSE";"";"";"COLISÃO";"1,0";"1,0";"0,0";"0,0";"0,0";"0,0";"0,0";"0,0";"0,0";"1,0";"0,0";"";"";"";"";"";"";"";"";"";"";"";""
"296880,0";"2024-02-12";"04:32:00";"COM VÍTIMA";"FINALIZADA";"BOA VISTA";"AV MANOEL BORBA";"";"RUA GERVASIO PIRES";"";"BOA VISTA";"";"";"COLISÃO TRANSVERSAL";"2,0";"0,0";"0,0";"0,0";"0,0";"0,0";"0,0";"0,0";"0,0";"2,0";"0,0";"";"";"";"";"";"";"";"";"";"";"";""
"296886,0";"2024-02-12";"08:13:00";"COM VÍTIMA";"FINALIZADA";"IPUTINGA";"AV CAXANGA";"";"";"PROX AO GOLF CLUB E AO SUPERMERCADO ATACADAO";"IPUTINGA";"";"";"COLISÃO";"0,0";"1,0";"0,0";"0,0";"0,0";"0,0";"0,0";"0,0";"0,0";"1,0";"0,0";"";"";"";"";"";"";"";"";"";"";"";""
"296897,0";"2024-02-12";"11:08:00";"COM VÍTIMA";"FINALIZADA";"SANTO AMARO";"RUA ODORICO MENDES";"";"AV GOVERNADOR AGAMENON MAGALHAES";"CAMPO DO ONZE";"SANTO AMARO";"";"";"COLISÃO LATERAL";"1,0";"1,0";"0,0";"0,0";"0,0";"0,0";"0,0";"0,0";"0,0";"1,0";"0,0";"";"";"";"";"";"";"";"";"";"";"";""
"296898,0";"2024-02-12";"11:22:00";"COM VÍTIMA";"FINALIZADA";"ENCRUZILHADA";"AV BEBERIBE";"";"";"EM FRENTE A AUTO ESCOLA BELÉM, PRÓX AO POSTO DE COMBUSTÍVEL SHELL";"ENCRUZILHADA";"";"";"COLISÃO";"0,0";"1,0";"0,0";"0,0";"0,0";"0,0";"0,0";"0,0";"0,0";"1,0";"0,0";"";"";"";"";"";"";"";"";"";"";"";""
"296904,0";"2024-02-12";"03:11:00";"COM VÍTIMA";"DUPLICIDADE";"NOVA DESCOBERTA";"AV NORTE MIGUEL ARRAES DE ALENCAR";"";"RUA NOVA DESCOBERTA";"PRÓXIMO À ANTIGA GARAGEM DA GLOBO E A UPA";"NOVA DESCOBERTA";"";"";"COLISÃO LATERAL";"0,0";"0,0";"0,0";"0,0";"0,0";"0,0";"0,0";"0,0";"0,0";"1,0";"0,0";"";"";"";"";"";"";"";"";"";"";"";""
"296906,0";"2024-02-12";"03:33:00";"COM VÍTIMA";"FINALIZADA";"CASA AMARELA";"AV NORTE MIGUEL ARRAES DE ALENCAR";"";"";"PROX AO COLEGIO CLOTILDE DE OLIVEIRA";"CASA AMARELA";"";"";"COLISÃO LATERAL";"1,0";"1,0";"0,0";"0,0";"0,0";"0,0";"0,0";"0,0";"0,0";"1,0";"0,0";"";"";"";"";"";"";"";"";"";"";"";""
"296907,0";"2024-02-12";"03:58:00";"COM VÍTIMA";"FINALIZADA";"SANTO AMARO";"AV CRUZ CABUGA";"";"";"APÓS O MIX MATHEUS";"SANTO AMARO";"";"";"COLISÃO LATERAL";"2,0";"0,0";"0,0";"0,0";"0,0";"0,0";"0,0";"0,0";"0,0";"3,0";"0,0";"";"";"";"";"";"";"";"";"";"";"";""
"296920,0";"2024-02-13";"02:10:00";"SEM VÍTIMA";"FINALIZADA";"IPSEP";"AV RECIFE";"";"";"EM FRENTE AO POSTO  GASOLINA FEDERAL";"IPSEP";"";"";"CAPOTAMENTO";"1,0";"0,0";"0,0";"0,0";"0,0";"0,0";"0,0";"0,0";"0,0";"0,0";"0,0";"";"";"";"";"";"";"";"";"";"";"";""
"296934,0";"2024-02-13";"09:59:00";"COM VÍTIMA";"FINALIZADA";"BARRO";"RUA EVALDO BRAGA";"510";"";"DEPOIS DO PAGODE DO CHATO / CASA NUMERO 100";"BARRO";"";"";"COLISÃO";"0,0";"1,0";"0,0";"0,0";"0,0";"0,0";"0,0";"0,0";"0,0";"1,0";"0,0";"";"";"";"";"";"";"";"";"";"";"";""
"296938,0";"2024-02-13";"10:45:00";"COM VÍTIMA";"FINALIZADA";"PINA";"RUA NOGUEIRA DE SOUZA";"96";"";"PRÓX AO CALDINHO DO NENÉM";"PINA";"";"";"COLISÃO";"0,0";"1,0";"0,0";"0,0";"0,0";"0,0";"0,0";"0,0";"0,0";"1,0";"0,0";"";"";"";"";"";"";"";"";"";"";"";""
"296939,0";"2024-02-13";"11:45:00";"COM VÍTIMA";"FINALIZADA";"SANTO AMARO";"AV GOVERNADOR AGAMENON MAGALHAES";"8276";"";"SENTIDO BOA VIAGEM, PRÓX AO ANTIGO UNICORDES, EM FRENTE AO POSTO BR";"SANTO AMARO";"";"";"COLISÃO LATERAL";"1,0";"1,0";"0,0";"0,0";"0,0";"0,0";"0,0";"0,0";"0,0";"1,0";"0,0";"";"";"";"";"";"";"";"";"";"";"";""
"296942,0";"2024-02-13";"01:21:00";"SEM VÍTIMA";"FINALIZADA";"AFOGADOS";"RUA VINTE E UM DE ABRIL";"";"";"EM FRENTE AO Nº 1343";"AFOGADOS";"";"";"COLISÃO LATERAL";"0,0";"1,0";"0,0";"0,0";"0,0";"0,0";"0,0";"1,0";"0,0";"0,0";"0,0";"";"";"";"";"";"";"";"";"";"";"";""
"296967,0";"2024-02-14";"12:44:00";"COM VÍTIMA";"FINALIZADA";"JORDAO";"AV DONA CARENTINA";"";"";"PRÓXIMO A LADEIRA DO S, IGREJA ASSEMBLÉIA DE DEUS";"JORDAO";"";"";"COLISÃO";"1,0";"1,0";"0,0";"0,0";"0,0";"0,0";"0,0";"0,0";"0,0";"1,0";"0,0";"";"";"";"";"";"";"";"";"";"";"";""
"296968,0";"2024-02-14";"12:52:00";"COM VÍTIMA";"FINALIZADA";"CAMPO GRANDE";"RUA JERONIMO VILELA";"77";"";"VETERINARIA BICHO SOLTO";"CAMPO GRANDE";"";"";"COLISÃO";"1,0";"1,0";"0,0";"0,0";"0,0";"0,0";"0,0";"0,0";"0,0";"1,0";"0,0";"";"";"";"";"";"";"";"";"";"";"";""
"296985,0";"2024-02-14";"09:38:00";"COM VÍTIMA";"FINALIZADA";"IBURA";"AV RECIFE";"";"";"APOS O SAL E BRASA, SENTIDO BOA VIAGEM, VIADUTO TANCREDO NEVES";"IBURA";"";"";"COLISÃO LATERAL";"1,0";"1,0";"0,0";"0,0";"0,0";"0,0";"0,0";"0,0";"0,0";"1,0";"0,0";"";"";"";"";"";"";"";"";"";"";"";""
"296992,0";"2024-02-14";"12:13:00";"COM VÍTIMA";"FINALIZADA";"BAIRRO DO RECIFE";"RUA DO BOM JESUS";"240";"";"PRÓX A PRAÇA DO ARSENAL";"BAIRRO DO RECIFE";"";"";"COLISÃO";"0,0";"1,0";"0,0";"0,0";"0,0";"0,0";"0,0";"0,0";"0,0";"1,0";"0,0";"";"";"";"";"";"";"";"";"";"";"";""
"296998,0";"2024-02-14";"01:42:00";"COM VÍTIMA";"FINALIZADA";"SANTO AMARO";"RUA PRINCESA IZABEL";"";"";"ENTRE  AO PARQUE TREZE DE MAIO  E/F A FACULDADE DE DIREITO";"SANTO AMARO";"";"";"ATROPELAMENTO DE PESSOA";"0,0";"0,0";"0,0";"0,0";"1,0";"0,0";"0,0";"0,0";"0,0";"1,0";"0,0";"";"";"";"";"";"";"";"";"";"";"";""
"297000,0";"2024-02-14";"01:59:00";"SEM VÍTIMA";"CANCELADA";"AGUA FRIA";"RUA SAO BENTO";"";"";"PRÓXIMO AO POSTO BR";"AGUA FRIA";"";"";"COLISÃO";"0,0";"0,0";"0,0";"0,0";"0,0";"0,0";"0,0";"1,0";"0,0";"0,0";"0,0";"";"";"";"";"";"";"";"";"";"";"";""
"297005,0";"2024-02-14";"03:18:00";"SEM VÍTIMA";"FINALIZADA";"ESTANCIA";"AV RECIFE";"493";"RUA NOSSA SENHORA DE FATIMA";"SAÍDA DE JARDIM SÃO PAULO";"ESTANCIA";"";"SUBURBIO";"COLISÃO";"1,0";"0,0";"0,0";"0,0";"0,0";"0,0";"1,0";"1,0";"0,0";"0,0";"0,0";"";"";"";"";"";"";"";"";"";"";"";""
"297006,0";"2024-02-14";"03:34:00";"COM VÍTIMA";"FINALIZADA";"MADALENA";"EST DOS REMEDIOS";"";"";"AO ALDO  DO VERDE FRUTE";"MADALENA";"";"";"COLISÃO TRASEIRA";"1,0";"1,0";"0,0";"0,0";"0,0";"0,0";"0,0";"0,0";"0,0";"1,0";"0,0";"";"";"";"";"";"";"";"";"";"";"";""
"297011,0";"2024-02-14";"04:05:00";"COM VÍTIMA";"FINALIZADA";"JOANA BEZERRA";"AV ADVOGADO JOSE PAULO CAVALCANTI";"866";"";"FORUM DE JOANA BEZERRA";"JOANA BEZERRA";"";"";"COLISÃO LATERAL";"0,0";"1,0";"0,0";"0,0";"0,0";"0,0";"0,0";"0,0";"0,0";"1,0";"0,0";"";"";"";"";"";"";"";"";"";"";"";""
"297013,0";"2024-02-14";"04:12:00";"COM VÍTIMA";"FINALIZADA";"IBURA";"AV DOIS RIOS";"84";"";"NA FRENTE DO POSTO MAIS  E DEPOIS DA  UPA";"IBURA";"";"";"ATROPELAMENTO DE PESSOA";"0,0";"1,0";"0,0";"0,0";"1,0";"0,0";"0,0";"0,0";"0,0";"2,0";"0,0";"";"";"";"";"";"";"";"";"";"";"";""
"297018,0";"2024-02-14";"06:15:00";"COM VÍTIMA";"FINALIZADA";"AFOGADOS";"RUA SAO MIGUEL";"940";"";"CERPE";"AFOGADOS";"";"";"COLISÃO LATERAL";"0,0";"0,0";"0,0";"0,0";"0,0";"0,0";"0,0";"0,0";"0,0";"1,0";"0,0";"";"";"";"";"";"";"";"";"";"";"";""
"297021,0";"2024-02-14";"06:25:00";"COM VÍTIMA";"FINALIZADA";"IMBIRIBEIRA";"RUA ARQUITETO LUIZ NUNES";"";"";"ATRAS DO AÇAI";"IMBIRIBEIRA";"";"";"COLISÃO LATERAL";"1,0";"1,0";"0,0";"0,0";"0,0";"0,0";"0,0";"0,0";"0,0";"1,0";"0,0";"";"";"";"";"";"";"";"";"";"";"";""
"297028,0";"2024-02-14";"06:55:00";"COM VÍTIMA";"CANCELADA";"ESTANCIA";"AV RECIFE";"12994";"";"ATACADÃO";"ESTANCIA";"";"";"COLISÃO LATERAL";"0,0";"0,0";"0,0";"0,0";"0,0";"0,0";"0,0";"0,0";"0,0";"1,0";"0,0";"";"";"";"";"";"";"";"";"";"";"";""
"297034,0";"2024-02-14";"09:20:00";"SEM VÍTIMA";"FINALIZADA";"AFLITOS";"AV CONS ROSA E SILVA";"798";"RUA AMELIA";"";"AFLITOS";"";"";"CHOQUE";"1,0";"0,0";"0,0";"0,0";"0,0";"0,0";"0,0";"0,0";"0,0";"0,0";"0,0";"";"";"";"";"";"";"";"";"";"";"";""
"297063,0";"2024-02-15";"09:02:00";"COM VÍTIMA";"FINALIZADA";"SAO JOSE";"AV SUL";"";"";"ANTES DA PRAÇA SÉRGIO LORETO, E DA LOJA MINEIRO RODAS";"SAO JOSE";"";"";"COLISÃO";"0,0";"1,0";"0,0";"0,0";"0,0";"0,0";"0,0";"0,0";"0,0";"1,0";"0,0";"";"";"";"";"";"";"";"";"";"";"";""
"297069,0";"2024-02-15";"09:55:00";"COM VÍTIMA";"FINALIZADA";"SAO JOSE";"AV DANTAS BARRETO";"";"";"SEMAFORO 381";"SAO JOSE";"";"";"ATROPELAMENTO DE PESSOA";"0,0";"0,0";"0,0";"0,0";"1,0";"0,0";"0,0";"0,0";"0,0";"1,0";"0,0";"";"";"";"";"";"";"";"";"";"";"";""
"297079,0";"2024-02-15";"11:33:00";"COM VÍTIMA";"FINALIZADA";"AREIAS";"AV DR JOSE RUFINO";"1122";"";"EM FRENTE AO MERCADO PUBLICO DE AREIS  / EM FRENTE AO SENAI";"AREIAS";"";"";"ATROPELAMENTO DE PESSOA";"0,0";"1,0";"0,0";"0,0";"1,0";"0,0";"0,0";"0,0";"0,0";"2,0";"0,0";"";"";"";"";"";"";"";"";"";"";"";""
"297081,0";"2024-02-15";"11:36:00";"COM VÍTIMA";"FINALIZADA";"PINA";"AVENIDA CELSO FURTADO (VIA MANGUE)";"645";"";"EM CIMA DO VIADUTO, SENTIDO SHOPPING RIO MAR";"PINA";"";"";"COLISÃO";"0,0";"1,0";"0,0";"0,0";"0,0";"0,0";"0,0";"0,0";"0,0";"1,0";"0,0";"";"";"";"";"";"";"";"";"";"";"";""
"297087,0";"2024-02-15";"12:21:00";"COM VÍTIMA";"FINALIZADA";"BOA VIAGEM";"RUA PADRE CARAPUCEIRO";"968";"";"PRÓX A TORRE GENETE COSTA, POR TRÁS DO ANTIGO BOMPREÇO";"BOA VIAGEM";"";"";"COLISÃO";"0,0";"1,0";"0,0";"0,0";"0,0";"0,0";"0,0";"0,0";"0,0";"1,0";"0,0";"";"";"";"";"";"";"";"";"";"";"";""
"297090,0";"2024-02-15";"12:26:00";"COM VÍTIMA";"FINALIZADA";"SAO JOSE";"AV SUL";"1562";"";"APÓS O MINISTÉRIO DA FAZENDA,  SENTIDO CABO EUTROPIO";"SAO JOSE";"";"";"COLISÃO LATERAL";"1,0";"1,0";"0,0";"0,0";"0,0";"0,0";"0,0";"0,0";"0,0";"1,0";"0,0";"";"";"";"";"";"";"";"";"";"";"";""
"297091,0";"2024-02-15";"01:35:00";"COM VÍTIMA";"FINALIZADA";"PINA";"AV CONSELHEIRO AGUIAR";"1555";"";"GALERIA TRADE CENTER";"PINA";"";"";"COLISÃO LATERAL";"0,0";"0,0";"0,0";"0,0";"0,0";"0,0";"0,0";"0,0";"0,0";"1,0";"0,0";"";"";"";"";"";"";"";"";"";"";"";""
"297096,0";"2024-02-15";"03:54:00";"COM VÍTIMA";"FINALIZADA";"BOA VIAGEM";"RUA JOAO DIAS MARTINS";"476";"RUA DONA MAGINA PONTUAL";"EDF MIRELLA";"BOA VIAGEM";"";"";"COLISÃO LATERAL";"1,0";"0,0";"0,0";"0,0";"0,0";"0,0";"0,0";"0,0";"0,0";"1,0";"0,0";"";"";"";"";"";"";"";"";"";"";"";""
"297111,0";"2024-02-15";"08:50:00";"SEM VÍTIMA";"FINALIZADA";"AFLITOS";"AV CONS ROSA E SILVA";"1460";"";"EM FRENTE AO SHOPPING ETC";"AFLITOS";"";"";"COLISÃO";"2,0";"0,0";"0,0";"0,0";"0,0";"0,0";"0,0";"0,0";"0,0";"0,0";"0,0";"";"";"";"";"";"";"";"";"";"";"";""
"297117,0";"2024-02-16";"12:54:00";"COM VÍTIMA";"FINALIZADA";"PRADO";"AV ENGENHEIRO ABDIAS DE CARVALHO";"";"RUA JOAO IVO DA SILVA";"";"PRADO";"";"";"COLISÃO TRANSVERSAL";"1,0";"0,0";"0,0";"0,0";"0,0";"0,0";"1,0";"0,0";"0,0";"1,0";"0,0";"";"";"";"";"";"";"";"";"";"";"";""
"297138,0";"2024-02-16";"06:52:00";"COM VÍTIMA";"FINALIZADA";"GRACAS";"RUA JOAQUIM NABUCO";"";"";"EM FRENTE A ACADEMIA TREINO FITINS , SENTIDO JOSE OZOORIO , SENTIDO BEIRA RIO";"GRACAS";"";"";"COLISÃO";"0,0";"1,0";"0,0";"0,0";"0,0";"0,0";"0,0";"0,0";"0,0";"1,0";"0,0";"";"";"";"";"";"";"";"";"";"";"";""
"297149,0";"2024-02-16";"08:18:00";"COM VÍTIMA";"CANCELADA";"BARRO";"AV DR JOSE RUFINO";"2561";"";"PROX. A SOCORRO VENANCIO RECEPCÕES, EM FRENTE AO COLEGIO DECISÃO KIDS";"BARRO";"";"";"COLISÃO FRONTAL";"1,0";"1,0";"0,0";"0,0";"0,0";"0,0";"0,0";"0,0";"0,0";"1,0";"0,0";"";"";"";"";"";"";"";"";"";"";"";""
"297164,0";"2024-02-16";"10:23:00";"COM VÍTIMA";"FINALIZADA";"AGUA FRIA";"AV BEBERIBE";"";"";"EM FRENTE AO MERCADO DOIS IRMÃOS E PAGODE DA PRESSAO";"AGUA FRIA";"";"";"COLISÃO LATERAL";"0,0";"1,0";"0,0";"0,0";"0,0";"0,0";"0,0";"0,0";"0,0";"1,0";"0,0";"";"";"";"";"";"";"";"";"";"";"";""
"297166,0";"2024-02-16";"10:45:00";"COM VÍTIMA";"FINALIZADA";"BOA VIAGEM";"RUA PROFESSOR AUGUSTO LINS E SILVA";"953";"";"EM FRENTE A PAN JOVEM";"BOA VIAGEM";"";"";"COLISÃO LATERAL";"1,0";"1,0";"0,0";"0,0";"0,0";"0,0";"0,0";"0,0";"0,0";"1,0";"0,0";"";"";"";"";"";"";"";"";"";"";"";""
"297178,0";"2024-02-16";"11:36:00";"COM VÍTIMA";"FINALIZADA";"BOA VIAGEM";"RUA PROFESSOR AUGUSTO LINS E SILVA";"953";"";"EM FRENTE A PADARIA PAN JOVEM";"BOA VIAGEM";"";"";"COLISÃO";"0,0";"1,0";"0,0";"0,0";"0,0";"0,0";"0,0";"0,0";"0,0";"1,0";"0,0";"";"";"";"";"";"";"";"";"";"";"";""
"297187,0";"2024-02-16";"12:25:00";"COM VÍTIMA";"DUPLICIDADE";"BOA VIAGEM";"RUA PROFESSOR AUGUSTO LINS E SILVA";"953";"";"EM FRENTE A PADARIA PAN JOVEM";"BOA VIAGEM";"";"";"COLISÃO";"0,0";"1,0";"0,0";"0,0";"0,0";"0,0";"0,0";"0,0";"0,0";"1,0";"0,0";"";"";"";"";"";"";"";"";"";"";"";""
"297190,0";"2024-02-16";"12:41:00";"COM VÍTIMA";"FINALIZADA";"VARZEA";"AV BARAO DE BONITO";"22";"";"PRÓX AO GOLF CLUB, PROX A FABRICA DA BRASILIT";"VARZEA";"";"";"COLISÃO";"0,0";"1,0";"0,0";"0,0";"0,0";"0,0";"0,0";"0,0";"0,0";"1,0";"0,0";"";"";"";"";"";"";"";"";"";"";"";""
"297199,0";"2024-02-16";"02:23:00";"COM VÍTIMA";"FINALIZADA";"AFOGADOS";"RUA VINTE E UM DE ABRIL";"1654";"";"PROXIMO A FABRICA DO CAFE PETINHO E PROXIMO A PADARIA IPIRANGA";"AFOGADOS";"";"";"COLISÃO";"0,0";"1,0";"0,0";"0,0";"0,0";"0,0";"0,0";"0,0";"0,0";"1,0";"0,0";"";"";"";"";"";"";"";"";"";"";"";""
"297202,0";"2024-02-16";"02:42:00";"COM VÍTIMA";"FINALIZADA";"CORDEIRO";"RUA GOMES TABORDA";"515";"";"EM FRENTE AO BAR DO VAPOR E AO COLEGIO VALENTIM";"CORDEIRO";"";"";"COLISÃO";"0,0";"1,0";"0,0";"0,0";"0,0";"0,0";"0,0";"0,0";"0,0";"1,0";"0,0";"";"";"";"";"";"";"";"";"";"";"";""
"297233,0";"2024-02-16";"06:40:00";"SEM VÍTIMA";"FINALIZADA";"DERBY";"RUA HENRIQUE DIAS";"609";"";"EM FRENTE AO COLEGIO DA POLICIA MILITAR";"DERBY";"";"";"COLISÃO LATERAL";"1,0";"1,0";"0,0";"0,0";"0,0";"0,0";"0,0";"0,0";"0,0";"0,0";"0,0";"";"";"";"";"";"";"";"";"";"";"";""