"Protocolo";"data";"hora";"natureza";"situacao";"bairro";"endereco";"numero";"detalhe_endereco_acidente";"complemento";"bairro_cruzamento";"num_semaforo";"sentido_via";"tipo";"auto";"moto";"ciclom";"ciclista";"pedestre";"onibus";"caminhao";"viatura";"outros";"vitimas";"vitimasfatais";"acidente_verificado";"tempo_clima";"situacao_semaforo";"sinalizacao";"condicao_via";"conservacao_via";"ponto_controle";"situacao_placa";"velocidade_max_via";"mao_direcao";"divisao_via1";"divisao_via2"
"297248,0";"2024-02-17";"06:55:00";"COM VÍTIMA";"FINALIZADA";"SANTO ANTONIO";"RUA NOSSA SRA DO CARMO";"";"RUA DA PRAIA";"PRÓX AO CAIS DE SANTA RITA";"SANTO ANTONIO";"";"";"COLISÃO";"0,0";"2,0";"0,0";"0,0";"0,0";"1,0";"0,0";"0,0";"0,0";"1,0";"0,0";"";"";"";"";"";"";"";"";"";"";"";""
"297257,0";"2024-02-17";"07:37:00";"COM VÍTIMA";"FINALIZADA";"SAN MARTIN";"RUA INDUSTRIAL JOSE PAULO ALIMONDA";"2268";"RUA VINTE E UM DE ABRIL";"PRÓX A ESCOLA ANTOMIO DE FARIAS  / PROX A PADARIA 21 DE ABRIL";"SAN MARTIN";"";"";"COLISÃO LATERAL";"1,0";"1,0";"0,0";"0,0";"0,0";"0,0";"0,0";"0,0";"0,0";"1,0";"0,0";"";"";"";"";"";"";"";"";"";"";"";""
"297278,0";"2024-02-17";"10:30:00";"COM VÍTIMA";"FINALIZADA";"BOA VISTA";"RUA AURORA";"1616";"";"NA PONTE DUARTE COELHO / INÍCIO DA AURORA";"BOA VISTA";"";"";"COLISÃO";"0,0";"1,0";"0,0";"0,0";"0,0";"0,0";"0,0";"0,0";"0,0";"1,0";"0,0";"";"";"";"";"";"";"";"";"";"";"";""
"297283,0";"2024-02-17";"11:35:00";"COM VÍTIMA";"FINALIZADA";"TORRE";"RUA CANTORA CLARA NUNES";"";"";"PROX A CAPELINHA, QUADRA B3";"TORRE";"";"";"COLISÃO COM CICLISTA";"1,0";"0,0";"0,0";"1,0";"0,0";"0,0";"0,0";"0,0";"0,0";"1,0";"0,0";"";"";"";"";"";"";"";"";"";"";"";""
"297285,0";"2024-02-17";"11:42:00";"COM VÍTIMA";"FINALIZADA";"AREIAS";"AV DR JOSE RUFINO";"2448";"";"EM FRENTE A LOJA PERNAMBUCO DISTRIBUIDORA";"AREIAS";"";"";"COLISÃO";"0,0";"1,0";"0,0";"0,0";"0,0";"0,0";"0,0";"0,0";"0,0";"1,0";"0,0";"";"";"";"";"";"";"";"";"";"";"";""
"297291,0";"2024-02-17";"02:50:00";"COM VÍTIMA";"FINALIZADA";"BOA VIAGEM";"AV CONSELHEIRO AGUIAR";"1998";"";"PROX AO MINUTO PÃO DE AÇUCA";"BOA VIAGEM";"";"";"COLISÃO LATERAL";"1,0";"1,0";"0,0";"0,0";"0,0";"0,0";"0,0";"0,0";"0,0";"1,0";"0,0";"";"";"";"";"";"";"";"";"";"";"";""
"297307,0";"2024-02-17";"07:46:00";"SEM VÍTIMA";"FINALIZADA";"PRADO";"RUA GOMES TABORDA";"1343";"";"PAGUE MENOS";"PRADO";"";"";"COLISÃO TRASEIRA";"2,0";"0,0";"0,0";"0,0";"0,0";"0,0";"0,0";"0,0";"0,0";"0,0";"0,0";"";"";"";"";"";"";"";"";"";"";"";""
"297321,0";"2024-02-18";"06:58:00";"COM VÍTIMA";"FINALIZADA";"CAJUEIRO";"AV CIDADE DE MONTEIRO";"";"";"EM FRENTE AO ARMAZEM CORAL";"CAJUEIRO";"";"";"COLISÃO LATERAL";"0,0";"1,0";"0,0";"0,0";"0,0";"0,0";"0,0";"0,0";"0,0";"1,0";"0,0";"";"";"";"";"";"";"";"";"";"";"";""
"297322,0";"2024-02-18";"07:59:00";"COM VÍTIMA";"FINALIZADA";"DERBY";"AV GOVERNADOR AGAMENON MAGALHAES";"";"";"EM FRENTE AO COCO BAMBU";"DERBY";"";"";"COLISÃO LATERAL";"0,0";"1,0";"0,0";"0,0";"0,0";"0,0";"0,0";"0,0";"0,0";"1,0";"0,0";"";"";"";"";"";"";"";"";"";"";"";""
"297328,0";"2024-02-18";"09:54:00";"COM VÍTIMA";"FINALIZADA";"SANTO AMARO";"AV GOVERNADOR AGAMENON MAGALHAES";"";"";"APOS A UPA SENT. DERBY";"SANTO AMARO";"";"";"COLISÃO LATERAL";"0,0";"1,0";"0,0";"0,0";"0,0";"0,0";"0,0";"0,0";"0,0";"1,0";"0,0";"";"";"";"";"";"";"";"";"";"";"";""
"297349,0";"2024-02-18";"02:16:00";"COM VÍTIMA";"FINALIZADA";"SAN MARTIN";"AV RECIFE";"629";"";"PROXIMO A CASA DO PORTA PALETES/ SENTIDO BR";"SAN MARTIN";"";"";"COLISÃO";"1,0";"1,0";"0,0";"0,0";"0,0";"0,0";"0,0";"0,0";"0,0";"1,0";"0,0";"";"";"";"";"";"";"";"";"";"";"";""
"297350,0";"2024-02-18";"02:27:00";"COM VÍTIMA";"FINALIZADA";"AFOGADOS";"RUA VINTE E UM DE ABRIL";"1351";"";"PROXIMO A PIZZARIA ROCK";"AFOGADOS";"";"";"COLISÃO";"0,0";"1,0";"0,0";"0,0";"0,0";"0,0";"0,0";"0,0";"0,0";"1,0";"0,0";"";"";"";"";"";"";"";"";"";"";"";""
"297382,0";"2024-02-19";"07:10:00";"COM VÍTIMA";"FINALIZADA";"IBURA";"RUA EXP FRANCISCO VITORIANO";"119";"";"ODONTO PLUS";"IBURA";"";"";"COLISÃO";"1,0";"1,0";"0,0";"0,0";"0,0";"0,0";"0,0";"0,0";"0,0";"1,0";"0,0";"";"";"";"";"";"";"";"";"";"";"";""
"297393,0";"2024-02-19";"08:22:00";"COM VÍTIMA";"FINALIZADA";"AFOGADOS";"RUA SAO MIGUEL";"3952";"";"EM FRENTE AO HOSPITAL AMAURI DE MEDEIROS";"AFOGADOS";"";"";"COLISÃO";"0,0";"1,0";"0,0";"0,0";"1,0";"0,0";"0,0";"0,0";"0,0";"1,0";"0,0";"";"";"";"";"";"";"";"";"";"";"";""
"297399,0";"2024-02-19";"09:18:00";"COM VÍTIMA";"FINALIZADA";"BOA VISTA";"RUA MONTE CASTELO";"253";"";"EM FRENTE A AZUL CARGO EXPRESS";"BOA VISTA";"";"";"COLISÃO";"0,0";"1,0";"0,0";"0,0";"0,0";"0,0";"0,0";"0,0";"0,0";"1,0";"0,0";"";"";"";"";"";"";"";"";"";"";"";""
"297406,0";"2024-02-19";"10:08:00";"COM VÍTIMA";"FINALIZADA";"TORRE";"RUA JOSE BONIFACIO";"";"";"PROX. AO CARREFOUR, SOBRE A PONTE DA TORRE";"TORRE";"";"";"COLISÃO LATERAL";"0,0";"1,0";"0,0";"0,0";"0,0";"0,0";"0,0";"0,0";"0,0";"1,0";"0,0";"";"";"";"";"";"";"";"";"";"";"";""
"297420,0";"2024-02-19";"12:09:00";"COM VÍTIMA";"FINALIZADA";"CAXANGA";"AV CAXANGA";"1658";"";"EM FRENTE AO HOSPITAL BARÃO DE LUCENA";"CAXANGA";"";"";"COLISÃO LATERAL";"0,0";"1,0";"0,0";"0,0";"0,0";"0,0";"1,0";"0,0";"0,0";"1,0";"0,0";"";"";"";"";"";"";"";"";"";"";"";""
"297423,0";"2024-02-19";"01:22:00";"COM VÍTIMA";"FINALIZADA";"BOA VIAGEM";"RUA CORONEL BENEDITO CHAVES";"150";"";"ESQUINA DA MC DONALD´S";"BOA VIAGEM";"";"";"COLISÃO LATERAL";"0,0";"0,0";"0,0";"0,0";"0,0";"0,0";"0,0";"0,0";"0,0";"1,0";"0,0";"";"";"";"";"";"";"";"";"";"";"";""
"297424,0";"2024-02-19";"01:30:00";"COM VÍTIMA";"FINALIZADA";"JARDIM SAO PAULO";"RUA LEANDRO BARRETO";"1020";"";"EM FRENTE A MONTE CARLOS";"JARDIM SAO PAULO";"";"";"COLISÃO";"0,0";"0,0";"0,0";"0,0";"0,0";"1,0";"0,0";"0,0";"0,0";"1,0";"0,0";"";"";"";"";"";"";"";"";"";"";"";""
"297426,0";"2024-02-19";"01:34:00";"COM VÍTIMA";"FINALIZADA";"AREIAS";"AV DR JOSE RUFINO";"1260";"";"E/F AO  SUPERMERCADO ARCOMIX";"AREIAS";"";"";"COLISÃO LATERAL";"0,0";"0,0";"0,0";"0,0";"0,0";"0,0";"0,0";"0,0";"0,0";"1,0";"0,0";"";"";"";"";"";"";"";"";"";"";"";""
"297427,0";"2024-02-19";"01:38:00";"COM VÍTIMA";"FINALIZADA";"CASA AMARELA";"AV NORTE MIGUEL ARRAES DE ALENCAR";"";"";"PROX A MATERNIDADE BARROS LIMA S/T MACAXEIRA";"CASA AMARELA";"";"";"COLISÃO LATERAL";"0,0";"0,0";"0,0";"0,0";"0,0";"0,0";"0,0";"0,0";"0,0";"1,0";"0,0";"";"";"";"";"";"";"";"";"";"";"";""
"297432,0";"2024-02-19";"02:05:00";"COM VÍTIMA";"FINALIZADA";"ILHA DO RETIRO";"AV ENGENHEIRO ABDIAS DE CARVALHO";"1055";"";"EM FRENTE AO POSTO BR";"ILHA DO RETIRO";"";"";"COLISÃO FRONTAL";"1,0";"1,0";"0,0";"0,0";"0,0";"0,0";"0,0";"0,0";"0,0";"1,0";"0,0";"";"";"";"";"";"";"";"";"";"";"";""
"297469,0";"2024-02-20";"07:28:00";"COM VÍTIMA";"FINALIZADA";"IPUTINGA";"AV MAURICIO DE NASSAU";"";"";"PROX A ALTINO VENTURA";"IPUTINGA";"";"";"COLISÃO";"0,0";"1,0";"0,0";"0,0";"0,0";"0,0";"0,0";"0,0";"0,0";"1,0";"0,0";"";"";"";"";"";"";"";"";"";"";"";""
"297470,0";"2024-02-20";"07:34:00";"COM VÍTIMA";"FINALIZADA";"IMBIRIBEIRA";"VIADUTO TANCREDO NEVES";"";"";"EM CIMA DO VIADUTO TANCREDO NEVES";"IMBIRIBEIRA";"";"";"COLISÃO TRASEIRA";"1,0";"1,0";"0,0";"0,0";"0,0";"0,0";"0,0";"0,0";"0,0";"1,0";"0,0";"";"";"";"";"";"";"";"";"";"";"";""
"297473,0";"2024-02-20";"07:50:00";"SEM VÍTIMA";"FINALIZADA";"GRACAS";"AV RUI BARBOSA";"";"";"NA ALTURA DA PRAÇA DO ENTRONCAMENO";"GRACAS";"";"";"COLISÃO";"0,0";"0,0";"0,0";"0,0";"0,0";"0,0";"0,0";"0,0";"0,0";"0,0";"0,0";"";"";"";"";"";"";"";"";"";"";"";""
"297478,0";"2024-02-20";"08:27:00";"SEM VÍTIMA";"FINALIZADA";"BOA VIAGEM";"RUA PROFESSOR EDUARDO WANDERLEY FILHO";"161";"";"";"BOA VIAGEM";"";"";"CHOQUE";"0,0";"2,0";"0,0";"0,0";"0,0";"0,0";"1,0";"0,0";"0,0";"0,0";"0,0";"";"";"";"";"";"";"";"";"";"";"";""
"297483,0";"2024-02-20";"09:46:00";"SEM VÍTIMA";"CANCELADA";"MADALENA";"AV CAXANGA";"";"";"TUNEL DA ABOLIÇÃO / E/F BRADESCO";"MADALENA";"";"";"COLISÃO LATERAL";"1,0";"0,0";"0,0";"0,0";"0,0";"0,0";"0,0";"1,0";"0,0";"0,0";"0,0";"";"";"";"";"";"";"";"";"";"";"";""
"297514,0";"2024-02-20";"12:37:00";"COM VÍTIMA";"FINALIZADA";"SANTO AMARO";"AV GOVERNADOR AGAMENON MAGALHAES";"7161";"";"EM FRENTE A REITORIA  DA UPE";"SANTO AMARO";"";"";"COLISÃO";"0,0";"1,0";"0,0";"0,0";"0,0";"0,0";"0,0";"0,0";"0,0";"1,0";"0,0";"";"";"";"";"";"";"";"";"";"";"";""
"297520,0";"2024-02-20";"01:06:00";"COM VÍTIMA";"FINALIZADA";"BEBERIBE";"AV BEBERIBE";"";"";"AO LADO DO SUPEMERCADO TEM";"BEBERIBE";"";"";"COLISÃO LATERAL";"0,0";"0,0";"0,0";"0,0";"0,0";"0,0";"0,0";"0,0";"0,0";"1,0";"0,0";"";"";"";"";"";"";"";"";"";"";"";""
"297530,0";"2024-02-20";"02:00:00";"COM VÍTIMA";"DUPLICIDADE";"BEBERIBE";"AV BEBERIBE";"";"";"E/F A PRAÇA DA CONVERÇAO";"BEBERIBE";"";"";"COLISÃO LATERAL";"0,0";"1,0";"0,0";"0,0";"0,0";"1,0";"0,0";"0,0";"0,0";"1,0";"0,0";"";"";"";"";"";"";"";"";"";"";"";""
"297534,0";"2024-02-20";"02:40:00";"COM VÍTIMA";"FINALIZADA";"IMBIRIBEIRA";"AV GENERAL MAC ARTHUR";"";"";"ESTAÇÃO ANTÔNIO FALCÃO";"IMBIRIBEIRA";"";"";"COLISÃO LATERAL";"0,0";"1,0";"0,0";"1,0";"0,0";"0,0";"0,0";"0,0";"0,0";"1,0";"0,0";"";"";"";"";"";"";"";"";"";"";"";""
"297545,0";"2024-02-20";"03:59:00";"COM VÍTIMA";"FINALIZADA";"BOA VISTA";"PTE PRINCESA IZABEL";"";"";"NA PONTE PRINCESA IZABEL";"BOA VISTA";"";"";"COLISÃO TRASEIRA";"0,0";"2,0";"0,0";"0,0";"0,0";"0,0";"1,0";"0,0";"0,0";"1,0";"0,0";"";"";"";"";"";"";"";"";"";"";"";""
"297548,0";"2024-02-20";"04:25:00";"COM VÍTIMA";"FINALIZADA";"CAXANGA";"AV CAXANGA";"9083";"";"E/F A UPA DA CAXANGA";"CAXANGA";"";"";"COLISÃO LATERAL";"0,0";"1,0";"0,0";"0,0";"0,0";"0,0";"0,0";"0,0";"0,0";"1,0";"0,0";"";"";"";"";"";"";"";"";"";"";"";""
"297554,0";"2024-02-20";"04:59:00";"COM VÍTIMA";"FINALIZADA";"BOA VIAGEM";"RUA JONATHAS DE VASCONCELOS";"563";"";"PROX A FACULDADE UNNASSAU E O HOTEL  NACIONAL INN RECIFE";"BOA VIAGEM";"";"";"COLISÃO LATERAL";"0,0";"0,0";"0,0";"0,0";"0,0";"0,0";"0,0";"0,0";"0,0";"1,0";"0,0";"";"";"";"";"";"";"";"";"";"";"";""
"297584,0";"2024-02-21";"12:08:00";"COM VÍTIMA";"FINALIZADA";"ALTO JOSE BONIFACIO";"RUA ALTO JOSE BONIFACIO";"140";"";"NO INICIO DA LADEIRA, PROXIMO A RODINHA, CASA PEREIRA FERRAGENS";"ALTO JOSE BONIFACIO";"";"";"COLISÃO LATERAL";"1,0";"1,0";"0,0";"0,0";"0,0";"0,0";"0,0";"0,0";"0,0";"1,0";"0,0";"";"";"";"";"";"";"";"";"";"";"";""
"297587,0";"2024-02-21";"04:41:00";"SEM VÍTIMA";"FINALIZADA";"BEBERIBE";"AV BEBERIBE";"4457";"";"";"BEBERIBE";"";"SUBURBIO";"CHOQUE";"2,0";"0,0";"0,0";"0,0";"0,0";"0,0";"0,0";"0,0";"0,0";"0,0";"0,0";"";"";"";"";"";"";"";"";"";"";"";""
"297602,0";"2024-02-21";"06:58:00";"COM VÍTIMA";"FINALIZADA";"IBURA";"AV DOIS RIOS";"";"";"PROX. AO NUCLEO SENT. AV. RECIFE";"IBURA";"";"";"COLISÃO LATERAL";"0,0";"1,0";"0,0";"0,0";"0,0";"0,0";"0,0";"0,0";"0,0";"1,0";"0,0";"";"";"";"";"";"";"";"";"";"";"";""
"297604,0";"2024-02-21";"07:07:00";"COM VÍTIMA";"FINALIZADA";"VARZEA";"RUA ACADEMICO HELIO RAMOS";"647";"";"PCT DENTRO DA CRECHE CENTRO MUNICIPAL DE EDUCAÇÃO INFANTIL PROF PAULO ROSAS";"VARZEA";"";"";"COLISÃO";"0,0";"1,0";"0,0";"0,0";"0,0";"0,0";"0,0";"0,0";"0,0";"1,0";"0,0";"";"";"";"";"";"";"";"";"";"";"";""
"297607,0";"2024-02-21";"07:24:00";"COM VÍTIMA";"FINALIZADA";"BAIRRO DO RECIFE";"AV RIO BRANCO";"";"";"PROX. A PREFEITURA, NA ESQUINA DO BANCO DO BRASIL";"BAIRRO DO RECIFE";"";"";"COLISÃO LATERAL";"1,0";"1,0";"0,0";"0,0";"0,0";"0,0";"0,0";"0,0";"0,0";"1,0";"0,0";"";"";"";"";"";"";"";"";"";"";"";""
"297609,0";"2024-02-21";"07:52:00";"COM VÍTIMA";"FINALIZADA";"JOANA BEZERRA";"AV GOVERNADOR AGAMENON MAGALHAES";"";"";"EM FRENTE A COMPESA, SENTIDO BOA VIAGEM";"JOANA BEZERRA";"";"";"COLISÃO COM CICLISTA";"0,0";"0,0";"0,0";"1,0";"0,0";"1,0";"0,0";"0,0";"0,0";"1,0";"0,0";"";"";"";"";"";"";"";"";"";"";"";""
"297615,0";"2024-02-21";"08:30:00";"COM VÍTIMA";"FINALIZADA";"CORDEIRO";"EST DO FORTE DO ARRAIAL N. DO B. JESUS";"";"";"PROX A ACADEMIA CIA FIT";"CORDEIRO";"";"";"COLISÃO LATERAL";"1,0";"1,0";"0,0";"0,0";"0,0";"0,0";"0,0";"0,0";"0,0";"1,0";"0,0";"";"";"";"";"";"";"";"";"";"";"";""
"297623,0";"2024-02-21";"09:12:00";"SEM VÍTIMA";"FINALIZADA";"BOA VISTA";"RUA DO PRINCIPE";"";"";"HMAR";"BOA VISTA";"";"CIDADE";"COLISÃO TRASEIRA";"1,0";"0,0";"0,0";"0,0";"0,0";"0,0";"0,0";"1,0";"0,0";"0,0";"0,0";"";"";"";"";"";"";"";"";"";"";"";""
"297624,0";"2024-02-21";"09:12:00";"COM VÍTIMA";"FINALIZADA";"AGUA FRIA";"RUA EGAS MUNIZ";"145";"";"PRÓX AO MERCADINHO NOBRE , PROX A ESCOLA CASTELO DO SABER";"AGUA FRIA";"";"";"COLISÃO";"0,0";"1,0";"0,0";"0,0";"0,0";"0,0";"0,0";"0,0";"0,0";"1,0";"0,0";"";"";"";"";"";"";"";"";"";"";"";""
"297627,0";"2024-02-21";"09:21:00";"SEM VÍTIMA";"DUPLICIDADE";"BOA VISTA";"RUA DO PRINCIPE";"";"";"EM FRENTE AO HOSPITAL MILITAR";"BOA VISTA";"";"";"COLISÃO TRASEIRA";"1,0";"0,0";"0,0";"0,0";"0,0";"0,0";"0,0";"1,0";"0,0";"0,0";"0,0";"";"";"";"";"";"";"";"";"";"";"";""
"297630,0";"2024-02-21";"09:26:00";"COM VÍTIMA";"FINALIZADA";"ALTO JOSE BONIFACIO";"RUA ALTO JOSE BONIFACIO";"640";"";"NA SUBIDA DA LADEIRA DO BOI, PRÓX A ESQUINA DO GALETO";"ALTO JOSE BONIFACIO";"";"";"COLISÃO";"0,0";"1,0";"0,0";"0,0";"0,0";"0,0";"0,0";"0,0";"0,0";"1,0";"0,0";"";"";"";"";"";"";"";"";"";"";"";""
"297635,0";"2024-02-21";"10:20:00";"COM VÍTIMA";"FINALIZADA";"SANTO AMARO";"RUA FREI CASSIMIRO";"231";"";"PROX. AO SENAI / PROX A BORRACHARIA";"SANTO AMARO";"";"";"COLISÃO LATERAL";"0,0";"1,0";"0,0";"0,0";"0,0";"1,0";"0,0";"0,0";"0,0";"1,0";"0,0";"";"";"";"";"";"";"";"";"";"";"";""
"297644,0";"2024-02-21";"11:24:00";"COM VÍTIMA";"FINALIZADA";"PASSARINHO";"RUA DA LINHA";"";"";"PROX. A IGREJA METODISTA E COMPESA";"PASSARINHO";"";"";"COLISÃO LATERAL";"0,0";"1,0";"0,0";"0,0";"0,0";"0,0";"0,0";"0,0";"0,0";"1,0";"0,0";"";"";"";"";"";"";"";"";"";"";"";""
"297648,0";"2024-02-21";"11:47:00";"COM VÍTIMA";"FINALIZADA";"JOANA BEZERRA";"VIADUTO CAPITAO TEMUDO";"86";"";"EM FRENTE AO HOPE, EM CIMA DO VIADUTO";"JOANA BEZERRA";"";"";"COLISÃO";"0,0";"1,0";"0,0";"0,0";"0,0";"0,0";"0,0";"0,0";"0,0";"1,0";"0,0";"";"";"";"";"";"";"";"";"";"";"";""
"297654,0";"2024-02-21";"12:32:00";"COM VÍTIMA";"FINALIZADA";"SAN MARTIN";"AV GENERAL SAN MARTIN";"2382";"";"EM FRENTE AO CENTRO DE TRATAMENTO DOS CORREIOS  //  PROX AO COMPAZ";"SAN MARTIN";"";"";"COLISÃO LATERAL";"0,0";"1,0";"0,0";"0,0";"0,0";"0,0";"1,0";"0,0";"0,0";"1,0";"0,0";"";"";"";"";"";"";"";"";"";"";"";""
"297655,0";"2024-02-21";"12:35:00";"COM VÍTIMA";"FINALIZADA";"CAMPINA DO BARRETO";"RUA DOS CRAVEIROS";"173";"";"PROX A POLICLINICA AMAURY COUTINHO E DA ESCOLA MUNICIPAL DE AGUA FRIA";"CAMPINA DO BARRETO";"";"";"COLISÃO";"0,0";"1,0";"0,0";"0,0";"0,0";"0,0";"0,0";"0,0";"0,0";"1,0";"0,0";"";"";"";"";"";"";"";"";"";"";"";""
"297656,0";"2024-02-21";"12:41:00";"COM VÍTIMA";"FINALIZADA";"MADALENA";"AV VISCONDE DE ALBUQUERQUE";"400";"RUA LOPES DE CARVALHO";"EM FRENTE A GALERIA MADALENA CENTER";"MADALENA";"";"";"COLISÃO LATERAL";"1,0";"1,0";"0,0";"0,0";"0,0";"0,0";"0,0";"0,0";"0,0";"1,0";"0,0";"";"";"";"";"";"";"";"";"";"";"";""
"297657,0";"2024-02-21";"01:14:00";"COM VÍTIMA";"FINALIZADA";"BOA VIAGEM";"RUA VISCONDE DE JEQUITINHONHA";"81";"";"AO LADO DO RECIFE FLETE";"BOA VIAGEM";"";"";"COLISÃO LATERAL";"1,0";"1,0";"0,0";"0,0";"0,0";"0,0";"0,0";"0,0";"0,0";"1,0";"0,0";"";"";"";"";"";"";"";"";"";"";"";""
"297662,0";"2024-02-21";"02:42:00";"SEM VÍTIMA";"FINALIZADA";"BOA VISTA";"AV GOVERNADOR CARLOS DE LIMA CAVALCANTI";"";"RUA DOM BOSCO";"PRÓXIMO AO POSTO BR";"BOA VISTA";"27,0";"SUBURBIO";"COLISÃO LATERAL";"1,0";"0,0";"0,0";"0,0";"0,0";"0,0";"0,0";"1,0";"0,0";"0,0";"0,0";"";"";"";"";"";"";"";"";"";"";"";""
"297667,0";"2024-02-21";"03:23:00";"COM VÍTIMA";"FINALIZADA";"MADALENA";"RUA LOPES DE CARVALHO";"180";"AV VISCONDE DE ALBUQUERQUE";"AO LADO DO NOVO  ESCRITORIO COMPATILHADO  E A LOJA MUNDO DO CABELEIREIRO";"MADALENA";"";"";"COLISÃO LATERAL";"0,0";"0,0";"0,0";"0,0";"0,0";"0,0";"0,0";"0,0";"0,0";"1,0";"0,0";"";"";"";"";"";"";"";"";"";"";"";""
"297669,0";"2024-02-21";"03:27:00";"COM VÍTIMA";"FINALIZADA";"SANTO AMARO";"RUA JOAO LIRA";"310";"";"AO LADO DA CAIXA ECONOMICA FEDERAL";"SANTO AMARO";"";"";"COLISÃO LATERAL";"0,0";"0,0";"0,0";"0,0";"0,0";"0,0";"0,0";"0,0";"0,0";"1,0";"0,0";"";"";"";"";"";"";"";"";"";"";"";""
"297678,0";"2024-02-21";"04:21:00";"COM VÍTIMA";"FINALIZADA";"CURADO";"RUA CANAA";"45";"";"POR TRÁS DO ATACADO DOS PRESENTES";"CURADO";"";"";"COLISÃO LATERAL";"1,0";"1,0";"0,0";"0,0";"0,0";"0,0";"0,0";"0,0";"0,0";"1,0";"0,0";"";"";"";"";"";"";"";"";"";"";"";""
"297685,0";"2024-02-21";"05:18:00";"COM VÍTIMA";"FINALIZADA";"ENCRUZILHADA";"AV NORTE MIGUEL ARRAES DE ALENCAR";"";"";"E/F AO LEITAO E/T CID";"ENCRUZILHADA";"";"";"COLISÃO LATERAL";"1,0";"1,0";"0,0";"0,0";"0,0";"0,0";"0,0";"0,0";"0,0";"1,0";"0,0";"";"";"";"";"";"";"";"";"";"";"";""
"297699,0";"2024-02-21";"09:22:00";"COM VÍTIMA";"FINALIZADA";"MADALENA";"AV BEIRA RIO";"825";"";"DEPOIS DA PONTE DA CAPUNGA";"MADALENA";"";"";"COLISÃO LATERAL";"1,0";"1,0";"0,0";"0,0";"0,0";"0,0";"0,0";"0,0";"0,0";"1,0";"0,0";"";"";"";"";"";"";"";"";"";"";"";""
"297712,0";"2024-02-22";"07:06:00";"COM VÍTIMA";"FINALIZADA";"CAXANGA";"AV CAXANGA";"";"";"E/F TERMINAL CDU";"CAXANGA";"";"";"COLISÃO LATERAL";"1,0";"1,0";"0,0";"0,0";"0,0";"0,0";"0,0";"0,0";"0,0";"1,0";"0,0";"";"";"";"";"";"";"";"";"";"";"";""
"297713,0";"2024-02-22";"06:57:00";"COM VÍTIMA";"FINALIZADA";"CABANGA";"AV ENGENHEIRO JOSE ESTELITA";"163";"";"PROX AO CABANGA /  PRÓX AO VIADUTO";"CABANGA";"";"";"COLISÃO TRASEIRA";"1,0";"1,0";"0,0";"0,0";"0,0";"0,0";"0,0";"0,0";"0,0";"2,0";"0,0";"";"";"";"";"";"";"";"";"";"";"";""
"297714,0";"2024-02-22";"07:10:00";"COM VÍTIMA";"DUPLICIDADE";"IPUTINGA";"AV CAXANGA";"4244";"";"PRÓX A INTERGRAÇÃO DE ÔNIBUS CDU / PRÓX AO ANTIGO BOMPREÇO";"IPUTINGA";"";"";"COLISÃO";"0,0";"1,0";"0,0";"0,0";"0,0";"0,0";"0,0";"0,0";"0,0";"1,0";"0,0";"";"";"";"";"";"";"";"";"";"";"";""
"297718,0";"2024-02-22";"07:40:00";"COM VÍTIMA";"FINALIZADA";"BOA VIAGEM";"RUA CAPITAO ZUZINHA";"";"";"PROX. A TOCA BARBEARIA E MARIA DO CARMO PAIVA VETERINARIA";"BOA VIAGEM";"";"";"COLISÃO LATERAL";"0,0";"1,0";"0,0";"0,0";"0,0";"0,0";"0,0";"0,0";"0,0";"1,0";"0,0";"";"";"";"";"";"";"";"";"";"";"";""
"297726,0";"2024-02-22";"08:14:00";"COM VÍTIMA";"FINALIZADA";"SANTO AMARO";"AV GOVERNADOR AGAMENON MAGALHAES";"285";"";"EM FRENTE A REITORIA DA UPE";"SANTO AMARO";"";"";"COLISÃO LATERAL";"0,0";"2,0";"0,0";"0,0";"0,0";"0,0";"0,0";"0,0";"0,0";"2,0";"0,0";"";"";"";"";"";"";"";"";"";"";"";""
"297735,0";"2024-02-22";"09:42:00";"COM VÍTIMA";"FINALIZADA";"IMBIRIBEIRA";"AV MARECHAL MASCARENHAS DE MORAES";"2455";"";"PRÓX A CONCESSIONÁRIA TAMBAÍ";"IMBIRIBEIRA";"";"";"COLISÃO";"0,0";"1,0";"0,0";"0,0";"0,0";"0,0";"0,0";"0,0";"0,0";"1,0";"0,0";"";"";"";"";"";"";"";"";"";"";"";""
"297750,0";"2024-02-22";"10:44:00";"COM VÍTIMA";"FINALIZADA";"AFOGADOS";"AV DR JOSE RUFINO";"";"RUA SAO MIGUEL";"ESQUINA COM O POSTO DE GASOLINA PDT, DO LADO DO BANCO DO BRASIL";"AFOGADOS";"";"";"COLISÃO";"1,0";"1,0";"0,0";"0,0";"0,0";"0,0";"0,0";"0,0";"0,0";"1,0";"0,0";"";"";"";"";"";"";"";"";"";"";"";""
"297752,0";"2024-02-22";"11:35:00";"COM VÍTIMA";"FINALIZADA";"SANTO AMARO";"AV CRUZ CABUGA";"";"";"HOSPITAL NAVAL";"SANTO AMARO";"";"";"COLISÃO FRONTAL";"1,0";"0,0";"0,0";"0,0";"1,0";"0,0";"0,0";"0,0";"0,0";"1,0";"0,0";"";"";"";"";"";"";"";"";"";"";"";""
"297759,0";"2024-02-22";"12:17:00";"COM VÍTIMA";"FINALIZADA";"APIPUCOS";"RUA DE APIPUCOS";"165";"";"PROX AO INSTITUTO DE PESQUISAS SOCIAIS";"APIPUCOS";"";"";"COLISÃO LATERAL";"1,0";"1,0";"0,0";"0,0";"0,0";"0,0";"0,0";"0,0";"0,0";"1,0";"0,0";"";"";"";"";"";"";"";"";"";"";"";""