"Protocolo";"data";"hora";"natureza";"situacao";"bairro";"endereco";"numero";"detalhe_endereco_acidente";"complemento";"bairro_cruzamento";"num_semaforo";"sentido_via";"tipo";"auto";"moto";"ciclom";"ciclista";"pedestre";"onibus";"caminhao";"viatura";"outros";"vitimas";"vitimasfatais";"acidente_verificado";"tempo_clima";"situacao_semaforo";"sinalizacao";"condicao_via";"conservacao_via";"ponto_controle";"situacao_placa";"velocidade_max_via";"mao_direcao";"divisao_via1";"divisao_via2"
"297763,0";"2024-02-22";"12:26:00";"SEM VÍTIMA";"FINALIZADA";"ILHA DO LEITE";"RUA FRANCISCO ALVES";"145";"PRC MIGUEL DE CERVANTES";"AO LADO DO HOSPITAL ESPERANÇA SOB O SEMÁFORO 508";"ILHA DO LEITE";"508,0";"CIDADE";"COLISÃO LATERAL";"1,0";"0,0";"0,0";"0,0";"0,0";"1,0";"0,0";"0,0";"0,0";"0,0";"0,0";"";"";"";"";"";"";"";"";"";"";"";""
"297770,0";"2024-02-22";"02:33:00";"SEM VÍTIMA";"FINALIZADA";"IPSEP";"RUA ROSA MAGALHAES";"71";"AV RECIFE";"";"IPSEP";"";"";"CHOQUE";"0,0";"0,0";"0,0";"0,0";"0,0";"0,0";"1,0";"0,0";"0,0";"0,0";"0,0";"";"";"";"";"";"";"";"";"";"";"";""
"297782,0";"2024-02-22";"04:44:00";"COM VÍTIMA";"FINALIZADA";"VARZEA";"RUA GENERAL POLIDORO";"320";"";"EM FRENTE AO EDIFICIO RESERVA POLIDORO";"VARZEA";"";"";"COLISÃO";"0,0";"1,0";"0,0";"0,0";"0,0";"0,0";"0,0";"0,0";"0,0";"2,0";"0,0";"";"";"";"";"";"";"";"";"";"";"";""
"297787,0";"2024-02-22";"05:23:00";"COM VÍTIMA";"FINALIZADA";"MACAXEIRA";"RUA REGINA";"598";"";"NA LADEIRA DA CHESF";"MACAXEIRA";"";"";"COLISÃO LATERAL";"0,0";"1,0";"0,0";"0,0";"0,0";"0,0";"0,0";"0,0";"0,0";"1,0";"0,0";"";"";"";"";"";"";"";"";"";"";"";""
"297793,0";"2024-02-22";"06:28:00";"COM VÍTIMA";"FINALIZADA";"CASA FORTE";"AV DEZESSETE DE AGOSTO";"";"";"EDF PORTA D'AGUA";"CASA FORTE";"";"";"ATROPELAMENTO DE PESSOA";"1,0";"0,0";"0,0";"0,0";"1,0";"0,0";"0,0";"0,0";"0,0";"1,0";"0,0";"";"";"";"";"";"";"";"";"";"";"";""
"297806,0";"2024-02-22";"08:27:00";"COM VÍTIMA";"FINALIZADA";"BOA VIAGEM";"AV ARMINDO MOURA";"";"";"E/F A DROGASIL";"BOA VIAGEM";"";"";"COLISÃO LATERAL";"1,0";"1,0";"0,0";"0,0";"0,0";"0,0";"0,0";"0,0";"0,0";"1,0";"0,0";"";"";"";"";"";"";"";"";"";"";"";""
"297812,0";"2024-02-22";"09:45:00";"COM VÍTIMA";"FINALIZADA";"MADALENA";"RUA JOSE OSORIO";"";"RUA REAL DA TORRE";"";"MADALENA";"";"";"QUEDA";"0,0";"1,0";"0,0";"0,0";"0,0";"0,0";"0,0";"0,0";"0,0";"1,0";"0,0";"";"";"";"";"";"";"";"";"";"";"";""
"297826,0";"2024-02-23";"06:58:00";"SEM VÍTIMA";"FINALIZADA";"SANTO AMARO";"AV CRUZ CABUGA";"";"";"SHOPPING TACARUNA";"SANTO AMARO";"";"";"COLISÃO LATERAL";"0,0";"0,0";"0,0";"0,0";"0,0";"2,0";"0,0";"0,0";"0,0";"0,0";"0,0";"";"";"";"";"";"";"";"";"";"";"";""
"297827,0";"2024-02-23";"07:08:00";"COM VÍTIMA";"FINALIZADA";"ROSARINHO";"AV NORTE MIGUEL ARRAES DE ALENCAR";"";"";"PROX. AO POSTO IPIRANGA E EDF. DAVID BECKER";"ROSARINHO";"";"";"COLISÃO LATERAL";"0,0";"1,0";"0,0";"0,0";"0,0";"0,0";"0,0";"0,0";"0,0";"1,0";"0,0";"";"";"";"";"";"";"";"";"";"";"";""
"297835,0";"2024-02-23";"08:04:00";"COM VÍTIMA";"FINALIZADA";"MADALENA";"RUA BARTOLOMEU DE GUSMAO";"";"";"PROX. AO CENTRO PASTORAL SANTO AFONSO LIGORIO E CLINICA ORTOSANI";"MADALENA";"";"";"COLISÃO LATERAL";"0,0";"1,0";"0,0";"0,0";"0,0";"0,0";"0,0";"0,0";"0,0";"1,0";"0,0";"";"";"";"";"";"";"";"";"";"";"";""
"297838,0";"2024-02-23";"08:25:00";"SEM VÍTIMA";"FINALIZADA";"AFOGADOS";"AV SUL";"";"";"EM FRENTE A ESTAÇÃO LARGO DA PAZ";"AFOGADOS";"";"CIDADE";"COLISÃO LATERAL";"1,0";"0,0";"0,0";"0,0";"0,0";"0,0";"1,0";"0,0";"0,0";"0,0";"0,0";"";"";"";"";"";"";"";"";"";"";"";""
"297842,0";"2024-02-23";"08:55:00";"COM VÍTIMA";"FINALIZADA";"IMBIRIBEIRA";"AV MARECHAL MASCARENHAS DE MORAES";"";"";"EM FRENTE A FACULDADE DE SAUDE";"IMBIRIBEIRA";"530,0";"";"COLISÃO TRASEIRA";"0,0";"2,0";"0,0";"0,0";"0,0";"0,0";"0,0";"0,0";"0,0";"1,0";"0,0";"";"";"";"";"";"";"";"";"";"";"";""
"297843,0";"2024-02-23";"08:58:00";"COM VÍTIMA";"FINALIZADA";"CAMPO GRANDE";"EST DE BELEM";"";"";"PROX. A ROTATORIA PARA MIRABILANDIA E ARMAZEM DE CONSTRUÇÃO";"CAMPO GRANDE";"";"";"COLISÃO LATERAL";"0,0";"1,0";"0,0";"0,0";"0,0";"0,0";"0,0";"0,0";"0,0";"1,0";"0,0";"";"";"";"";"";"";"";"";"";"";"";""
"297852,0";"2024-02-23";"09:51:00";"COM VÍTIMA";"FINALIZADA";"BOA VIAGEM";"RUA ANTONIO VICENTE";"538";"RUA ALMIRANTE TAMANDARE";"PROX AO BUTECO PISCOU LASCOU  / RESTAURANTE TIO PEPE";"BOA VIAGEM";"";"";"COLISÃO FRONTAL";"1,0";"1,0";"0,0";"0,0";"0,0";"0,0";"0,0";"0,0";"0,0";"1,0";"0,0";"";"";"";"";"";"";"";"";"";"";"";""
"297860,0";"2024-02-23";"11:49:00";"COM VÍTIMA";"FINALIZADA";"IPUTINGA";"AV MAURICIO DE NASSAU";"434";"";"APOS O HOSPITAL ALTINO VENTURA";"IPUTINGA";"";"";"COLISÃO LATERAL";"1,0";"1,0";"0,0";"0,0";"0,0";"0,0";"0,0";"0,0";"0,0";"1,0";"0,0";"";"";"";"";"";"";"";"";"";"";"";""
"297861,0";"2024-02-23";"12:00:00";"SEM VÍTIMA";"FINALIZADA";"IMBIRIBEIRA";"AV MARECHAL MASCARENHAS DE MORAES";"";"";"E/F A FACULDADE PERNAMBUCANA";"IMBIRIBEIRA";"";"CIDADE";"COLISÃO TRASEIRA";"3,0";"0,0";"0,0";"0,0";"0,0";"0,0";"0,0";"1,0";"0,0";"0,0";"0,0";"";"";"";"";"";"";"";"";"";"";"";""
"297862,0";"2024-02-23";"12:00:00";"COM VÍTIMA";"DUPLICIDADE";"IPUTINGA";"AV MAURICIO DE NASSAU";"";"EST DO BARBALHO";"PROX AO HOSPITAL ALTINO VENTURA  / EM FRENTE A BJ REBOQUES";"IPUTINGA";"";"";"COLISÃO LATERAL";"1,0";"1,0";"0,0";"0,0";"0,0";"0,0";"0,0";"0,0";"0,0";"1,0";"0,0";"";"";"";"";"";"";"";"";"";"";"";""
"297867,0";"2024-02-23";"12:24:00";"COM VÍTIMA";"FINALIZADA";"SAO JOSE";"AV SUL";"1329";"";"PRÓX A SEDE DO GALO";"SAO JOSE";"";"";"COLISÃO";"0,0";"0,0";"0,0";"0,0";"0,0";"1,0";"0,0";"0,0";"0,0";"1,0";"0,0";"";"";"";"";"";"";"";"";"";"";"";""
"297868,0";"2024-02-23";"12:42:00";"COM VÍTIMA";"DUPLICIDADE";"IPUTINGA";"AV MAURICIO DE NASSAU";"803";"";"PROX AO REBOQUE PNEUS E DA EQUIPADORA AUTO FILMES , NO CRUZAMENTO COM A  ESTRADA DO BARBALHO";"IPUTINGA";"";"";"COLISÃO";"0,0";"1,0";"0,0";"0,0";"0,0";"0,0";"0,0";"0,0";"0,0";"1,0";"0,0";"";"";"";"";"";"";"";"";"";"";"";""
"297872,0";"2024-02-23";"02:05:00";"COM VÍTIMA";"FINALIZADA";"PINA";"AVENIDA CELSO FURTADO (VIA MANGUE)";"1801";"";"SENTIDO IMBIRIBEIRA";"PINA";"";"";"COLISÃO";"0,0";"1,0";"0,0";"0,0";"0,0";"0,0";"0,0";"0,0";"0,0";"1,0";"0,0";"";"";"";"";"";"";"";"";"";"";"";""
"297874,0";"2024-02-23";"02:39:00";"SEM VÍTIMA";"FINALIZADA";"SANTO ANTONIO";"RUA IMPERADOR PEDRO SEGUNDO";"";"";"PRAÇA DEZESSETE";"SANTO ANTONIO";"";"CIDADE";"COLISÃO";"1,0";"0,0";"0,0";"0,0";"0,0";"0,0";"0,0";"1,0";"0,0";"0,0";"0,0";"";"";"";"";"";"";"";"";"";"";"";""
"297879,0";"2024-02-23";"04:12:00";"COM VÍTIMA";"FINALIZADA";"IPSEP";"RUA ITAJAI";"703";"";"E/F A CLINICA CENTER MAIS SAUDE";"IPSEP";"";"";"COLISÃO LATERAL";"0,0";"0,0";"0,0";"0,0";"0,0";"0,0";"0,0";"0,0";"0,0";"1,0";"0,0";"";"";"";"";"";"";"";"";"";"";"";""
"297881,0";"2024-02-23";"04:53:00";"COM VÍTIMA";"FINALIZADA";"BOMBA DO HEMETERIO";"RUA ARLINDO CISNEIRO";"921";"";"E/F AO MECADINHO BOM DE PREÇO";"BOMBA DO HEMETERIO";"";"";"COLISÃO LATERAL";"0,0";"0,0";"0,0";"0,0";"0,0";"0,0";"0,0";"0,0";"0,0";"1,0";"0,0";"";"";"";"";"";"";"";"";"";"";"";""
"297883,0";"2024-02-23";"05:55:00";"COM VÍTIMA";"FINALIZADA";"ILHA DO LEITE";"RUA SENADOR JOSE HENRIQUE";"207";"";"PROX A MULTIMAGEM  EMPRESARIAL  CHARLES DARWIN";"ILHA DO LEITE";"";"";"COLISÃO FRONTAL";"1,0";"1,0";"0,0";"0,0";"0,0";"0,0";"0,0";"0,0";"0,0";"1,0";"0,0";"";"";"";"";"";"";"";"";"";"";"";""
"297884,0";"2024-02-23";"06:01:00";"COM VÍTIMA";"FINALIZADA";"SAO JOSE";"C SANTA RITA";"494";"";"E/F A FARMACIA  BALCAO FARMA";"SAO JOSE";"";"";"COLISÃO LATERAL";"0,0";"0,0";"0,0";"0,0";"0,0";"0,0";"0,0";"0,0";"0,0";"1,0";"0,0";"";"";"";"";"";"";"";"";"";"";"";""
"297888,0";"2024-02-23";"07:19:00";"COM VÍTIMA";"FINALIZADA";"BEBERIBE";"AV BEBERIBE";"";"RUA CORONEL URBANO RIBEIRO DE SENA";"";"BEBERIBE";"";"";"COLISÃO TRANSVERSAL";"1,0";"0,0";"0,0";"0,0";"0,0";"0,0";"0,0";"0,0";"0,0";"1,0";"0,0";"";"";"";"";"";"";"";"";"";"";"";""
"297900,0";"2024-02-23";"09:16:00";"SEM VÍTIMA";"FINALIZADA";"IMBIRIBEIRA";"AV MARECHAL MASCARENHAS DE MORAES";"";"RUA ANTONIO FALCAO";"EM FRENTE AO BANCO ITAÚ";"IMBIRIBEIRA";"";"";"COLISÃO";"3,0";"0,0";"0,0";"0,0";"0,0";"0,0";"0,0";"0,0";"0,0";"0,0";"0,0";"";"";"";"";"";"";"";"";"";"";"";""
"297922,0";"2024-02-24";"08:12:00";"COM VÍTIMA";"FINALIZADA";"IMBIRIBEIRA";"AV MARECHAL MASCARENHAS DE MORAES";"";"";"LADO OPOSTO AGROFLORES/  PROX PONTE MOTOCOLOMBO/ SENTIDO AEROPORTO";"IMBIRIBEIRA";"";"";"COLISÃO";"1,0";"1,0";"0,0";"0,0";"0,0";"0,0";"0,0";"0,0";"0,0";"1,0";"0,0";"";"";"";"";"";"";"";"";"";"";"";""
"297923,0";"2024-02-24";"08:14:00";"COM VÍTIMA";"FINALIZADA";"SANTO AMARO";"AV CRUZ CABUGA";"";"";"EM FRENTE AO MIX MATEUS SENT. OLINDA";"SANTO AMARO";"";"";"COLISÃO LATERAL";"1,0";"1,0";"0,0";"0,0";"0,0";"0,0";"0,0";"0,0";"0,0";"1,0";"0,0";"";"";"";"";"";"";"";"";"";"";"";""
"297926,0";"2024-02-24";"09:40:00";"COM VÍTIMA";"FINALIZADA";"COHAB";"AV DOIS RIOS";"";"";"PROX. A POLICLINICA PROFESSOR ARNALDO MARQUES, EMBAIXO DO VIADUTO";"COHAB";"";"";"COLISÃO LATERAL";"1,0";"1,0";"0,0";"0,0";"0,0";"0,0";"0,0";"0,0";"0,0";"1,0";"0,0";"";"";"";"";"";"";"";"";"";"";"";""
"297932,0";"2024-02-24";"10:14:00";"SEM VÍTIMA";"FINALIZADA";"CASA FORTE";"EST DAS UBAIAS";"1706";"";"SOB O SEMÁFORO 469";"CASA FORTE";"469,0";"";"COLISÃO LATERAL";"1,0";"0,0";"0,0";"0,0";"0,0";"0,0";"1,0";"0,0";"0,0";"0,0";"0,0";"";"";"";"";"";"";"";"";"";"";"";""
"297936,0";"2024-02-24";"11:03:00";"COM VÍTIMA";"FINALIZADA";"MADALENA";"RUA DEMOCRITO DE SOUZA FILHO";"";"";"DE ESQUINA COM O POSTO DE GASOLINA FORMA, APOS A PONTE DA JOSE OSORIO PRIMEIRA A ESQ.";"MADALENA";"";"";"COLISÃO LATERAL";"2,0";"0,0";"0,0";"0,0";"0,0";"0,0";"0,0";"0,0";"0,0";"1,0";"0,0";"";"";"";"";"";"";"";"";"";"";"";""
"297942,0";"2024-02-24";"11:44:00";"COM VÍTIMA";"FINALIZADA";"VARZEA";"RUA BERNARDIM RIBEIRO";"1100";"";"PROX. A THAYS RUAMA STUDIO HAIR";"VARZEA";"";"";"COLISÃO FRONTAL";"2,0";"0,0";"0,0";"0,0";"0,0";"0,0";"0,0";"0,0";"0,0";"1,0";"0,0";"";"";"";"";"";"";"";"";"";"";"";""
"297946,0";"2024-02-24";"12:16:00";"COM VÍTIMA";"FINALIZADA";"IMBIRIBEIRA";"RUA OLIVIA MENELAU";"118";"";"LOJA GRILO";"IMBIRIBEIRA";"";"";"COLISÃO LATERAL";"1,0";"1,0";"0,0";"0,0";"0,0";"0,0";"0,0";"0,0";"0,0";"1,0";"0,0";"";"";"";"";"";"";"";"";"";"";"";""
"297950,0";"2024-02-24";"02:01:00";"COM VÍTIMA";"FINALIZADA";"ENCRUZILHADA";"EST DE BELEM";"580";"";"ACADEMIA HI";"ENCRUZILHADA";"";"";"COLISÃO FRONTAL";"1,0";"1,0";"0,0";"0,0";"0,0";"0,0";"0,0";"0,0";"0,0";"2,0";"0,0";"";"";"";"";"";"";"";"";"";"";"";""
"297954,0";"2024-02-24";"03:25:00";"COM VÍTIMA";"FINALIZADA";"GRACAS";"RUA DO FUTURO";"2348";"";"PROXIMO AO ANTIGO JUIZADO DO TORCEDOR";"GRACAS";"";"";"COLISÃO";"0,0";"1,0";"0,0";"0,0";"0,0";"0,0";"0,0";"0,0";"0,0";"1,0";"0,0";"";"";"";"";"";"";"";"";"";"";"";""
"297963,0";"2024-02-24";"05:02:00";"COM VÍTIMA";"FINALIZADA";"MADALENA";"AV ENGENHEIRO ABDIAS DE CARVALHO";"480";"";"EM FRENTE DAVITA TRATAMENTO RENAL/ SENTIDO BR";"MADALENA";"";"";"COLISÃO LATERAL";"1,0";"1,0";"0,0";"0,0";"0,0";"0,0";"0,0";"0,0";"0,0";"1,0";"0,0";"";"";"";"";"";"";"";"";"";"";"";""
"297989,0";"2024-02-25";"12:59:00";"COM VÍTIMA";"FINALIZADA";"ROSARINHO";"AV NORTE MIGUEL ARRAES DE ALENCAR";"";"AV SANTOS DUMONT";"E/F DELICATESSEN ROSARINHO. ANTES DA PRAÇA DO ROSARINHO";"ROSARINHO";"";"";"COLISÃO LATERAL";"0,0";"2,0";"0,0";"0,0";"0,0";"0,0";"0,0";"0,0";"0,0";"1,0";"0,0";"";"";"";"";"";"";"";"";"";"";"";""
"297990,0";"2024-02-25";"03:17:00";"COM VÍTIMA";"FINALIZADA";"NOVA DESCOBERTA";"AV VEREADOR OTACILIO AZEVEDO";"";"";"PRÓXIMO À UPA DA NOVA DESCOBERTA";"NOVA DESCOBERTA";"";"";"COLISÃO";"1,0";"1,0";"0,0";"0,0";"0,0";"0,0";"0,0";"0,0";"0,0";"1,0";"0,0";"";"";"";"";"";"";"";"";"";"";"";""
"298015,0";"2024-02-25";"08:57:00";"COM VÍTIMA";"FINALIZADA";"AFOGADOS";"RUA SAO MIGUEL";"795";"";"PROX AO QUARTEL 14B";"AFOGADOS";"";"";"COLISÃO COM CICLISTA";"1,0";"0,0";"0,0";"1,0";"0,0";"0,0";"0,0";"0,0";"0,0";"1,0";"0,0";"";"";"";"";"";"";"";"";"";"";"";""
"298025,0";"2024-02-25";"11:31:00";"COM VÍTIMA";"FINALIZADA";"TORRE";"RUA MARQUES DE MARICA";"78";"";"EM FRENTE A ASSOCIAÇÃO PESTALOZZI DO RECIFE";"TORRE";"";"";"COLISÃO";"0,0";"1,0";"0,0";"0,0";"0,0";"0,0";"0,0";"0,0";"0,0";"1,0";"0,0";"";"";"";"";"";"";"";"";"";"";"";""
"298028,0";"2024-02-25";"12:19:00";"COM VÍTIMA";"FINALIZADA";"ARRUDA";"AV PROFESSOR JOSE DOS ANJOS";"44";"";"PROX A IGREJA ASSEBLEIA DE DEUS";"ARRUDA";"";"";"COLISÃO TRASEIRA";"1,0";"1,0";"0,0";"0,0";"0,0";"0,0";"0,0";"0,0";"0,0";"1,0";"0,0";"";"";"";"";"";"";"";"";"";"";"";""
"298030,0";"2024-02-25";"12:44:00";"COM VÍTIMA";"FINALIZADA";"SAO JOSE";"RUA DA PALMA";"538";"";"PROX A GALERIA  910 , PROX A LOJA ELETRO PALMA";"SAO JOSE";"";"";"COLISÃO";"0,0";"1,0";"0,0";"0,0";"0,0";"0,0";"0,0";"0,0";"0,0";"1,0";"0,0";"";"";"";"";"";"";"";"";"";"";"";""
"298037,0";"2024-02-25";"03:43:00";"SEM VÍTIMA";"FINALIZADA";"BOA VISTA";"RUA AFONSO PENA";"270";"";"E/F A  UNIVERSIDADE CATOLICA";"BOA VISTA";"";"";"COLISÃO LATERAL";"1,0";"0,0";"0,0";"0,0";"0,0";"0,0";"0,0";"1,0";"0,0";"0,0";"0,0";"";"";"";"";"";"";"";"";"";"";"";""
"298055,0";"2024-02-25";"10:13:00";"COM VÍTIMA";"FINALIZADA";"ALTO JOSE BONIFACIO";"RUA CORREGO DO EUCLIDES";"507";"";"PROXIMO A ASSEMBLEIA DE DEUS DO CORREGO DO EUCLIDES";"ALTO JOSE BONIFACIO";"";"";"COLISÃO";"1,0";"1,0";"0,0";"0,0";"0,0";"0,0";"0,0";"0,0";"0,0";"2,0";"0,0";"";"";"";"";"";"";"";"";"";"";"";""
"298058,0";"2024-02-25";"11:59:00";"SEM VÍTIMA";"CANCELADA";"TOTO";"RUA PAULINO DE FARIAS";"416";"";"APÓS O MERCADO CUSTODIA";"TOTO";"";"";"CHOQUE";"1,0";"0,0";"0,0";"0,0";"0,0";"0,0";"0,0";"0,0";"0,0";"0,0";"0,0";"";"";"";"";"";"";"";"";"";"";"";""
"298073,0";"2024-02-26";"07:27:00";"COM VÍTIMA";"FINALIZADA";"ESPINHEIRO";"RUA QUARENTA E OITO";"";"";"PRÓX AO POSTO DE GASOLINA  BR, APÓS A ESCOLA DE SAUDE, EM FRENTE AO NÚMERO 102";"ESPINHEIRO";"";"";"COLISÃO";"0,0";"1,0";"0,0";"0,0";"0,0";"0,0";"0,0";"0,0";"0,0";"1,0";"0,0";"";"";"";"";"";"";"";"";"";"";"";""
"298086,0";"2024-02-26";"08:32:00";"SEM VÍTIMA";"FINALIZADA";"ESTANCIA";"AV RECIFE";"";"";"";"ESTANCIA";"";"";"COLISÃO";"0,0";"0,0";"0,0";"0,0";"0,0";"0,0";"0,0";"0,0";"0,0";"0,0";"0,0";"";"";"";"";"";"";"";"";"";"";"";""
"298087,0";"2024-02-26";"08:39:00";"SEM VÍTIMA";"DUPLICIDADE";"IMBIRIBEIRA";"AV MARECHAL MASCARENHAS DE MORAES";"5093";"";"PRÓXIMO A DM PEÇAS E PNEUS";"IMBIRIBEIRA";"";"";"COLISÃO";"0,0";"0,0";"0,0";"0,0";"0,0";"0,0";"0,0";"0,0";"0,0";"0,0";"0,0";"";"";"";"";"";"";"";"";"";"";"";""
"298090,0";"2024-02-26";"09:05:00";"SEM VÍTIMA";"FINALIZADA";"JORDAO";"AV MARECHAL MASCARENHAS DE MORAES";"";"";"APÓS O AEROPORTO";"JORDAO";"";"SUBURBIO";"COLISÃO";"0,0";"0,0";"0,0";"0,0";"0,0";"0,0";"0,0";"0,0";"0,0";"0,0";"0,0";"";"";"";"";"";"";"";"";"";"";"";""
"298091,0";"2024-02-26";"09:05:00";"COM VÍTIMA";"FINALIZADA";"SANTO AMARO";"RUA DOS PALMARES";"1037";"";"PROX AO PROCAPE E AO SIDETRAN";"SANTO AMARO";"";"";"COLISÃO";"0,0";"1,0";"0,0";"0,0";"0,0";"0,0";"0,0";"0,0";"0,0";"1,0";"0,0";"";"";"";"";"";"";"";"";"";"";"";""
"298092,0";"2024-02-26";"09:11:00";"COM VÍTIMA";"FINALIZADA";"CASA AMARELA";"AV NORTE MIGUEL ARRAES DE ALENCAR";"50";"";"EM FRENTE A CONCESSIONÁRIA YAMAHA";"CASA AMARELA";"";"";"COLISÃO";"0,0";"1,0";"0,0";"0,0";"0,0";"0,0";"0,0";"0,0";"0,0";"1,0";"0,0";"";"";"";"";"";"";"";"";"";"";"";""
"298106,0";"2024-02-26";"10:55:00";"COM VÍTIMA";"FINALIZADA";"IBURA";"AV RECIFE";"";"";"PROX. AO NUCLEO POLICIAL DO IBURA DE BAIXO, SAIDA DO IPSEP";"IBURA";"";"";"COLISÃO LATERAL";"0,0";"1,0";"0,0";"0,0";"0,0";"0,0";"0,0";"0,0";"0,0";"1,0";"0,0";"";"";"";"";"";"";"";"";"";"";"";""
"298107,0";"2024-02-26";"10:57:00";"SEM VÍTIMA";"FINALIZADA";"ILHA DO RETIRO";"EST DOS REMEDIOS";"1939";"RUA DONA MARIA VIEIRA";"LADO OPOSTO A LA FITNESS";"ILHA DO RETIRO";"";"";"COLISÃO LATERAL";"1,0";"0,0";"0,0";"0,0";"0,0";"0,0";"0,0";"1,0";"0,0";"0,0";"0,0";"";"";"";"";"";"";"";"";"";"";"";""
"298114,0";"2024-02-26";"12:43:00";"COM VÍTIMA";"FINALIZADA";"SANTO AMARO";"RUA VINTE E QUATRO DE AGOSTO";"";"";"TV UNIVERSITARIA";"SANTO AMARO";"";"";"COLISÃO FRONTAL";"1,0";"0,0";"0,0";"0,0";"0,0";"1,0";"0,0";"0,0";"0,0";"1,0";"0,0";"";"";"";"";"";"";"";"";"";"";"";""
"298116,0";"2024-02-26";"12:55:00";"SEM VÍTIMA";"FINALIZADA";"BOA VIAGEM";"AV DOM JOAO VI";"";"";"PRÓXIMO AO CRUZAMENTO COM A RUA PADRE CARAPUCEIRO";"BOA VIAGEM";"";"CIDADE";"COLISÃO";"0,0";"0,0";"0,0";"0,0";"0,0";"0,0";"0,0";"0,0";"0,0";"0,0";"0,0";"";"";"";"";"";"";"";"";"";"";"";""
"298120,0";"2024-02-26";"01:57:00";"COM VÍTIMA";"FINALIZADA";"MACAXEIRA";"AV JOSE AMERICO DE ALMEIDA";"151";"";"EM FRENTE AO RESIDENCIAL AQUARELA, PROX AO PARQUE DA MACAXEIRA";"MACAXEIRA";"";"";"COLISÃO";"0,0";"1,0";"0,0";"0,0";"0,0";"0,0";"0,0";"0,0";"0,0";"1,0";"0,0";"";"";"";"";"";"";"";"";"";"";"";""
"298134,0";"2024-02-26";"03:58:00";"SEM VÍTIMA";"FINALIZADA";"SANTO AMARO";"RUA TREZE DE MAIO";"";"";"PROXIMO A PRAÇA DE SANTO AMARO";"SANTO AMARO";"";"";"COLISÃO";"1,0";"1,0";"0,0";"0,0";"0,0";"0,0";"0,0";"0,0";"0,0";"0,0";"0,0";"";"";"";"";"";"";"";"";"";"";"";""
"298146,0";"2024-02-26";"05:51:00";"COM VÍTIMA";"FINALIZADA";"PINA";"AV ANTONIO DE GOES";"1696";"";"PROX A IGREJA CATÓLICA DO PINA";"PINA";"";"";"COLISÃO";"1,0";"1,0";"0,0";"0,0";"0,0";"0,0";"0,0";"0,0";"0,0";"1,0";"0,0";"";"";"";"";"";"";"";"";"";"";"";""
"298157,0";"2024-02-26";"06:45:00";"COM VÍTIMA";"FINALIZADA";"VARZEA";"RUA JORNALISTA MURILO MARROQUIM";"";"";"PROX AO GALPÃO DA NAGEM";"VARZEA";"";"";"COLISÃO TRASEIRA";"1,0";"1,0";"0,0";"0,0";"0,0";"0,0";"0,0";"0,0";"0,0";"1,0";"0,0";"";"";"";"";"";"";"";"";"";"";"";""
"298188,0";"2024-02-27";"08:26:00";"COM VÍTIMA";"FINALIZADA";"CORDEIRO";"RUA DR MIGUEL VIEIRA FERREIRA";"";"";"PROX. A BETO BEBIDAS E CAMPELO COMUNICAÇÃO";"CORDEIRO";"";"";"COLISÃO LATERAL";"0,0";"2,0";"0,0";"0,0";"0,0";"0,0";"0,0";"0,0";"0,0";"1,0";"0,0";"";"";"";"";"";"";"";"";"";"";"";""
"298197,0";"2024-02-27";"10:55:00";"SEM VÍTIMA";"FINALIZADA";"SANTO AMARO";"AV GOVERNADOR AGAMENON MAGALHAES";"";"RUA BARROS BARRETO";"NO INÍCIO DA RUA BARROS BARRETO, EM FRENTE A UPE";"SANTO AMARO";"";"CIDADE";"COLISÃO LATERAL";"2,0";"0,0";"0,0";"0,0";"0,0";"0,0";"0,0";"0,0";"0,0";"0,0";"0,0";"";"";"";"";"";"";"";"";"";"";"";""
"298201,0";"2024-02-27";"11:27:00";"COM VÍTIMA";"FINALIZADA";"BOA VISTA";"RUA DA AURORA";"529";"";"ESQUINA DO PREDIO PCP";"BOA VISTA";"";"";"COLISÃO FRONTAL";"1,0";"0,0";"0,0";"0,0";"1,0";"0,0";"0,0";"0,0";"0,0";"1,0";"0,0";"";"";"";"";"";"";"";"";"";"";"";""
"298205,0";"2024-02-27";"11:46:00";"COM VÍTIMA";"FINALIZADA";"PINA";"AV ANTONIO DE GOES";"1377";"";"PROX AO DENIT //  SENTIDO DERBY";"PINA";"";"";"COLISÃO";"0,0";"1,0";"0,0";"0,0";"0,0";"0,0";"0,0";"0,0";"0,0";"1,0";"0,0";"";"";"";"";"";"";"";"";"";"";"";""
"298219,0";"2024-02-27";"03:18:00";"COM VÍTIMA";"FINALIZADA";"BOA VIAGEM";"RUA DOS NAVEGANTES";"401";"";"EDF. SCALLA";"BOA VIAGEM";"";"";"COLISÃO LATERAL";"1,0";"1,0";"0,0";"0,0";"0,0";"0,0";"0,0";"0,0";"0,0";"1,0";"0,0";"";"";"";"";"";"";"";"";"";"";"";""
"298232,0";"2024-02-27";"08:08:00";"COM VÍTIMA";"FINALIZADA";"IBURA";"AV DOIS RIOS";"";"RUA JORNALISTA EDSON REGIS";"PRÓXIMO A LINHA DO TRÊM";"IBURA";"";"";"COLISÃO TRASEIRA";"1,0";"1,0";"0,0";"0,0";"0,0";"0,0";"0,0";"0,0";"0,0";"1,0";"0,0";"";"";"";"";"";"";"";"";"";"";"";""