"Protocolo";"data";"hora";"natureza";"situacao";"bairro";"endereco";"numero";"detalhe_endereco_acidente";"complemento";"bairro_cruzamento";"num_semaforo";"sentido_via";"tipo";"auto";"moto";"ciclom";"ciclista";"pedestre";"onibus";"caminhao";"viatura";"outros";"vitimas";"vitimasfatais";"acidente_verificado";"tempo_clima";"situacao_semaforo";"sinalizacao";"condicao_via";"conservacao_via";"ponto_controle";"situacao_placa";"velocidade_max_via";"mao_direcao";"divisao_via1";"divisao_via2"
"298247,0";"2024-02-28";"06:59:00";"COM VÍTIMA";"FINALIZADA";"SAO JOSE";"AV SUL";"";"";"ANTES DE SUBIR O VIADUTO, SENT. CABANGA";"SAO JOSE";"";"";"COLISÃO LATERAL";"1,0";"1,0";"0,0";"0,0";"0,0";"0,0";"0,0";"0,0";"0,0";"1,0";"0,0";"";"";"";"";"";"";"";"";"";"";"";""
"298252,0";"2024-02-28";"07:29:00";"SEM VÍTIMA";"FINALIZADA";"TORRE";"RUA PROFESSOR TRAJANO DE MENDONCA";"";"";"PRÓXIMO A ESCOLA MUNICIPAL";"TORRE";"";"";"COLISÃO";"0,0";"0,0";"0,0";"0,0";"0,0";"0,0";"0,0";"0,0";"0,0";"0,0";"0,0";"";"";"";"";"";"";"";"";"";"";"";""
"298254,0";"2024-02-28";"07:33:00";"COM VÍTIMA";"FINALIZADA";"BARRO";"AV DR JOSE RUFINO";"3606";"";"PROX A ENTRADA DO CEMITÉRIO, PRÓX A IGREJA DO BARRO";"BARRO";"";"";"COLISÃO";"0,0";"1,0";"0,0";"0,0";"0,0";"0,0";"0,0";"0,0";"0,0";"1,0";"0,0";"";"";"";"";"";"";"";"";"";"";"";""
"298255,0";"2024-02-28";"07:51:00";"COM VÍTIMA";"FINALIZADA";"BOA VIAGEM";"PRC DA BOA VIAGEM";"3114";"";"EM FRENTE AO HOTEL JANGADEIRO";"BOA VIAGEM";"";"";"COLISÃO";"0,0";"1,0";"0,0";"0,0";"0,0";"0,0";"0,0";"0,0";"0,0";"1,0";"0,0";"";"";"";"";"";"";"";"";"";"";"";""
"298268,0";"2024-02-28";"08:49:00";"COM VÍTIMA";"FINALIZADA";"IPSEP";"RUA JEAN EMILE FAVRE";"1077";"";"EM FGRENTE AO NÚMERO  1001 / EM FRENTE A FARMÁCIA SANTA LUZIA E A FARMÁCIA PAGUE MENOS";"IPSEP";"";"";"QUEDA";"0,0";"1,0";"0,0";"0,0";"0,0";"0,0";"0,0";"0,0";"0,0";"1,0";"0,0";"";"";"";"";"";"";"";"";"";"";"";""
"298269,0";"2024-02-28";"08:49:00";"COM VÍTIMA";"FINALIZADA";"CAMPO GRANDE";"AV PROFESSOR JOSE DOS ANJOS";"";"";"PROX. A BARRACA DE GAMBA E O CANAL DO ARRUDA";"CAMPO GRANDE";"";"";"COLISÃO LATERAL";"0,0";"1,0";"0,0";"0,0";"0,0";"0,0";"0,0";"0,0";"0,0";"1,0";"0,0";"";"";"";"";"";"";"";"";"";"";"";""
"298283,0";"2024-02-28";"09:48:00";"COM VÍTIMA";"FINALIZADA";"AGUA FRIA";"RUA ALEGRE";"360";"";"AO LADO DA DELEGACIA DE AGUA FRIA / COLÉGIO ALFREDO FREIRE";"AGUA FRIA";"";"";"COLISÃO";"0,0";"1,0";"0,0";"0,0";"0,0";"0,0";"0,0";"0,0";"0,0";"1,0";"0,0";"";"";"";"";"";"";"";"";"";"";"";""
"298284,0";"2024-02-28";"10:12:00";"COM VÍTIMA";"FINALIZADA";"SAO JOSE";"RUA SANTA RITA";"104";"";"POR TRÁS DO ARMAZÉM CORAL,  PRÓX AO SESC";"SAO JOSE";"";"";"COLISÃO";"0,0";"1,0";"0,0";"0,0";"0,0";"0,0";"0,0";"0,0";"0,0";"1,0";"0,0";"";"";"";"";"";"";"";"";"";"";"";""
"298285,0";"2024-02-28";"10:18:00";"COM VÍTIMA";"FINALIZADA";"MUSTARDINHA";"RUA RAIMUNDA COELHO";"295";"";"EM FRENTE AO NÚMERO 420, NA ANTIGA RUA DA FEIRA, APÓS A FÁBRICA DE LIVROS";"MUSTARDINHA";"";"";"COLISÃO";"0,0";"1,0";"0,0";"0,0";"0,0";"0,0";"0,0";"0,0";"0,0";"1,0";"0,0";"";"";"";"";"";"";"";"";"";"";"";""
"298286,0";"2024-02-28";"10:26:00";"COM VÍTIMA";"FINALIZADA";"CORDEIRO";"AV ENGENHEIRO ABDIAS DE CARVALHO";"";"";"EM FRENTE AO COMPAZ ARIANO SUASSUNA";"CORDEIRO";"";"SUB";"COLISÃO";"0,0";"1,0";"0,0";"0,0";"0,0";"1,0";"0,0";"0,0";"0,0";"1,0";"0,0";"";"";"";"";"";"";"";"";"";"";"";""
"298287,0";"2024-02-28";"10:36:00";"COM VÍTIMA";"FINALIZADA";"AGUA FRIA";"RUA BURITIS";"";"";"PROX. AO TERMINAL DE ONIBUS AGUA FRIA";"AGUA FRIA";"";"";"COLISÃO LATERAL";"0,0";"1,0";"0,0";"0,0";"0,0";"0,0";"0,0";"0,0";"0,0";"1,0";"0,0";"";"";"";"";"";"";"";"";"";"";"";""
"298296,0";"2024-02-28";"12:00:00";"COM VÍTIMA";"FINALIZADA";"IPUTINGA";"AV MAURICIO DE NASSAU";"838";"";"PRÓX AO MERCADO RENDE MAIS / PRÓX AO FITEIRO DO DOUGLAS";"IPUTINGA";"";"";"COLISÃO";"0,0";"1,0";"0,0";"0,0";"0,0";"0,0";"0,0";"0,0";"0,0";"1,0";"0,0";"";"";"";"";"";"";"";"";"";"";"";""
"298297,0";"2024-02-28";"12:36:00";"COM VÍTIMA";"FINALIZADA";"CURADO";"RUA JOSE TAVARES DE HOLANDA";"196";"";"POR TRÁS DO HOSPITAL DA MULHER , NA COMUNIDADE DO INFERNINHO,, PRÓX AO PRÉDIO DA JUSTIÇA FEDERAL";"CURADO";"";"";"COLISÃO";"0,0";"1,0";"0,0";"0,0";"0,0";"0,0";"0,0";"0,0";"0,0";"1,0";"0,0";"";"";"";"";"";"";"";"";"";"";"";""
"298298,0";"2024-02-28";"01:24:00";"SEM VÍTIMA";"FINALIZADA";"BOA VISTA";"RUA JOSE DE ALENCAR";"81";"";"PRÓXIMO A INTERSEÇÃO COM A RUA GIRIQUITI";"BOA VISTA";"";"";"COLISÃO";"0,0";"0,0";"0,0";"0,0";"0,0";"0,0";"0,0";"0,0";"0,0";"0,0";"0,0";"";"";"";"";"";"";"";"";"";"";"";""
"298300,0";"2024-02-28";"01:47:00";"COM VÍTIMA";"FINALIZADA";"ILHA DO LEITE";"AV FREI MATIAS TEVES";"";"";"E/F AO HOPE  AO LADO DA MUTIMAGEM";"ILHA DO LEITE";"";"";"COLISÃO COM CICLISTA";"1,0";"0,0";"0,0";"1,0";"0,0";"0,0";"0,0";"0,0";"0,0";"1,0";"0,0";"";"";"";"";"";"";"";"";"";"";"";""
"298309,0";"2024-02-28";"02:21:00";"COM VÍTIMA";"FINALIZADA";"SANCHO";"AV PADRE IBIAPINA";"420";"RUA APRIGIO GUIMARAES";"EM FRENTE AO QUARTEL 7ª CIA COM";"SANCHO";"";"";"COLISÃO LATERAL";"1,0";"1,0";"0,0";"0,0";"0,0";"0,0";"0,0";"0,0";"0,0";"2,0";"0,0";"";"";"";"";"";"";"";"";"";"";"";""
"298319,0";"2024-02-28";"04:12:00";"SEM VÍTIMA";"FINALIZADA";"MADALENA";"RUA JOAO IVO DA SILVA";"";"AV ENGENHEIRO ABDIAS DE CARVALHO";"";"MADALENA";"";"";"COLISÃO";"2,0";"0,0";"0,0";"0,0";"0,0";"0,0";"0,0";"0,0";"0,0";"0,0";"0,0";"";"";"";"";"";"";"";"";"";"";"";""
"298320,0";"2024-02-28";"04:39:00";"COM VÍTIMA";"FINALIZADA";"BOA VIAGEM";"RUA ERNESTO DE PAULA SANTOS";"1115";"RUA AGENOR LOPES";"E/F A TEMAKERIA CONI  MOVEL";"BOA VIAGEM";"";"";"COLISÃO LATERAL";"1,0";"1,0";"0,0";"0,0";"0,0";"0,0";"0,0";"0,0";"0,0";"1,0";"0,0";"";"";"";"";"";"";"";"";"";"";"";""
"298331,0";"2024-02-28";"06:07:00";"SEM VÍTIMA";"CANCELADA";"AREIAS";"AV RECIFE";"";"RUA SINDICATO DOS BANCARIOS";"";"AREIAS";"";"";"COLISÃO";"2,0";"0,0";"0,0";"0,0";"0,0";"0,0";"0,0";"0,0";"0,0";"0,0";"0,0";"";"";"";"";"";"";"";"";"";"";"";""
"298361,0";"2024-02-29";"06:35:00";"COM VÍTIMA";"FINALIZADA";"MADALENA";"RUA BENFICA";"946";"";"EM FRENTE A Clínica Reumatológica Eliézer Rushansky   ESQUINA COM O BOMPREÇO BENFICA, UM POUCO ANTES DO CRUZAMENTO COM A VISCONDE DE ALBUQUERQUE";"MADALENA";"";"";"COLISÃO";"1,0";"1,0";"0,0";"0,0";"0,0";"0,0";"0,0";"0,0";"0,0";"1,0";"0,0";"";"";"";"";"";"";"";"";"";"";"";""
"298375,0";"2024-02-29";"07:55:00";"COM VÍTIMA";"FINALIZADA";"CASA FORTE";"AV DEZESSETE DE AGOSTO";"1020";"";"AO LADO DO CPOR EM FRENTE AO RESTAURANTE EXTRA MAR";"CASA FORTE";"";"";"COLISÃO";"0,0";"1,0";"0,0";"0,0";"0,0";"0,0";"0,0";"0,0";"0,0";"1,0";"0,0";"";"";"";"";"";"";"";"";"";"";"";""
"298377,0";"2024-02-29";"08:10:00";"COM VÍTIMA";"FINALIZADA";"TOTO";"RUA ONZE DE AGOSTO";"425";"";"EM FRENTE AO TERMINAL DO MICRO ONIBUS , BIDUCRAUSE , BR CONSTRUÇÃO";"TOTO";"";"";"COLISÃO";"0,0";"1,0";"0,0";"0,0";"0,0";"0,0";"0,0";"0,0";"0,0";"1,0";"0,0";"";"";"";"";"";"";"";"";"";"";"";""
"298379,0";"2024-02-29";"08:11:00";"SEM VÍTIMA";"FINALIZADA";"PARNAMIRIM";"RUA JOAO TUDE DE MELO";"77";"";"LADO OPOSTO AO SHOPPING PARNAMIRIM";"PARNAMIRIM";"";"";"COLISÃO LATERAL";"1,0";"1,0";"0,0";"0,0";"0,0";"0,0";"1,0";"0,0";"0,0";"0,0";"0,0";"";"";"";"";"";"";"";"";"";"";"";""
"298381,0";"2024-02-29";"08:22:00";"COM VÍTIMA";"FINALIZADA";"IPSEP";"RUA BLUMENAU";"82";"";"EM FRENTE A CAPOTARIA CABUGA";"IPSEP";"";"";"COLISÃO";"0,0";"1,0";"0,0";"0,0";"0,0";"0,0";"0,0";"0,0";"0,0";"1,0";"0,0";"";"";"";"";"";"";"";"";"";"";"";""
"298384,0";"2024-02-29";"08:47:00";"SEM VÍTIMA";"FINALIZADA";"MADALENA";"TUNEL DA ABOLICAO";"";"";"";"MADALENA";"";"";"COLISÃO LATERAL";"0,0";"0,0";"0,0";"0,0";"0,0";"0,0";"0,0";"1,0";"0,0";"0,0";"0,0";"";"";"";"";"";"";"";"";"";"";"";""
"298395,0";"2024-02-29";"10:09:00";"COM VÍTIMA";"FINALIZADA";"LINHA DO TIRO";"RUA SODRELANDIA";"";"";"NA SUBIDA DO CAMPO DO CAFE";"LINHA DO TIRO";"";"";"COLISÃO";"0,0";"1,0";"0,0";"0,0";"0,0";"0,0";"0,0";"0,0";"0,0";"1,0";"0,0";"";"";"";"";"";"";"";"";"";"";"";""
"298400,0";"2024-02-29";"11:32:00";"COM VÍTIMA";"FINALIZADA";"TORRE";"RUA REAL DA TORRE";"";"";"TUNEL DA ABOLIÇÃO";"TORRE";"";"";"COLISÃO LATERAL";"1,0";"1,0";"0,0";"0,0";"0,0";"0,0";"0,0";"0,0";"0,0";"1,0";"0,0";"";"";"";"";"";"";"";"";"";"";"";""
"298404,0";"2024-02-29";"12:16:00";"COM VÍTIMA";"FINALIZADA";"IMBIRIBEIRA";"AV MARECHAL MASCARENHAS DE MORAES";"22";"";"EM FRENTE AO AEROPORTO/ EM FRENTE A LOCALIZA  , SENTIDO PRAZERES";"IMBIRIBEIRA";"";"";"COLISÃO";"0,0";"1,0";"0,0";"0,0";"0,0";"0,0";"0,0";"0,0";"0,0";"1,0";"0,0";"";"";"";"";"";"";"";"";"";"";"";""
"298408,0";"2024-02-29";"12:57:00";"COM VÍTIMA";"CANCELADA";"GRACAS";"AV RUI BARBOSA";"1104";"";"EM FRENTE AO COLEGIO MARISTA SÃO LUIZ";"GRACAS";"";"";"COLISÃO COM CICLISTA";"1,0";"0,0";"0,0";"1,0";"0,0";"0,0";"0,0";"0,0";"0,0";"1,0";"0,0";"";"";"";"";"";"";"";"";"";"";"";""
"298418,0";"2024-02-29";"03:57:00";"COM VÍTIMA";"FINALIZADA";"BOA VIAGEM";"RUA BARAO DE SOUZA LEAO";"";"RUA DO CANAL";"PROX AO MERCADO TREVO";"BOA VIAGEM";"";"";"COLISÃO LATERAL";"1,0";"1,0";"0,0";"0,0";"0,0";"0,0";"0,0";"0,0";"0,0";"1,0";"0,0";"";"";"";"";"";"";"";"";"";"";"";""
"298423,0";"2024-02-29";"04:30:00";"SEM VÍTIMA";"FINALIZADA";"SAO JOSE";"RUA BARAO DA VITORIA";"";"";"EM FRENTE A ESTAÇÃO CENTRAL DO METRÔ";"SAO JOSE";"";"CIDADE";"COLISÃO TRASEIRA";"2,0";"0,0";"0,0";"0,0";"0,0";"0,0";"0,0";"0,0";"0,0";"0,0";"0,0";"";"";"";"";"";"";"";"";"";"";"";""
"298425,0";"2024-02-29";"05:03:00";"COM VÍTIMA";"FINALIZADA";"MADALENA";"AV VISCONDE DE ALBUQUERQUE";"401";"";"E/F A MADALENA CENTE";"MADALENA";"";"";"COLISÃO FRONTAL";"1,0";"1,0";"0,0";"0,0";"0,0";"0,0";"0,0";"0,0";"0,0";"1,0";"0,0";"";"";"";"";"";"";"";"";"";"";"";""
"298426,0";"2024-02-29";"05:06:00";"COM VÍTIMA";"FINALIZADA";"ALTO JOSE DO PINHO";"AV NORTE MIGUEL ARRAES DE ALENCAR";"5010";"";"EM FRENTE A IGREJA DO AMOR";"ALTO JOSE DO PINHO";"";"SUBURBIO";"ATROPELAMENTO DE PESSOA";"0,0";"1,0";"0,0";"0,0";"1,0";"0,0";"0,0";"0,0";"0,0";"1,0";"0,0";"";"";"";"";"";"";"";"";"";"";"";""
"298438,0";"2024-02-29";"09:38:00";"SEM VÍTIMA";"FINALIZADA";"DOIS IRMAOS";"RUA DOIS IRMAOS";"";"AV DA RECUPERACAO";"SOB O SEMÁFORO 416";"DOIS IRMAOS";"416,0";"SUBURBIO";"CHOQUE";"1,0";"0,0";"0,0";"0,0";"0,0";"0,0";"0,0";"0,0";"0,0";"0,0";"0,0";"";"";"";"";"";"";"";"";"";"";"";""
"298439,0";"2024-02-29";"10:05:00";"SEM VÍTIMA";"FINALIZADA";"BOA VIAGEM";"AV ENGENHEIRO DOMINGOS FERREIRA";"";"RUA BRUNO VELOSO";"";"BOA VIAGEM";"";"";"COLISÃO";"0,0";"0,0";"0,0";"0,0";"0,0";"0,0";"0,0";"0,0";"0,0";"0,0";"0,0";"";"";"";"";"";"";"";"";"";"";"";""
"298458,0";"2024-03-01";"07:54:00";"SEM VÍTIMA";"FINALIZADA";"BOA VISTA";"AV GOVERNADOR AGAMENON MAGALHAES";"3159";"";"APÓS PARQUE AMORIM";"BOA VISTA";"";"SUBURBIO";"COLISÃO LATERAL";"2,0";"0,0";"0,0";"0,0";"0,0";"0,0";"0,0";"0,0";"0,0";"0,0";"0,0";"";"";"";"";"";"";"";"";"";"";"";""
"298463,0";"2024-03-01";"08:18:00";"COM VÍTIMA";"FINALIZADA";"BONGI";"AV ENGENHEIRO ABDIAS DE CARVALHO";"";"";"PROX AO POSTO DE GASOLINA PETROBRAS // DAVITA TRATAMENTO RENAL";"BONGI";"";"";"COLISÃO";"0,0";"1,0";"0,0";"0,0";"0,0";"0,0";"0,0";"0,0";"0,0";"1,0";"0,0";"";"";"";"";"";"";"";"";"";"";"";""
"298464,0";"2024-03-01";"08:20:00";"COM VÍTIMA";"FINALIZADA";"ILHA DO RETIRO";"AV BEIRA RIO";"230";"";"SPORT CLUBE  /  ED. PORTAL DO CAPIBARIBE";"ILHA DO RETIRO";"";"";"COLISÃO TRASEIRA";"1,0";"1,0";"0,0";"0,0";"0,0";"0,0";"0,0";"0,0";"0,0";"2,0";"0,0";"";"";"";"";"";"";"";"";"";"";"";""
"298466,0";"2024-03-01";"08:30:00";"COM VÍTIMA";"FINALIZADA";"BOA VIAGEM";"RUA VISCONDE DE JEQUITINHONHA";"";"RUA DES JOAO PAES";"";"BOA VIAGEM";"";"";"COLISÃO LATERAL";"1,0";"1,0";"0,0";"0,0";"0,0";"0,0";"0,0";"0,0";"0,0";"1,0";"0,0";"";"";"";"";"";"";"";"";"";"";"";""
"298468,0";"2024-03-01";"08:49:00";"COM VÍTIMA";"DUPLICIDADE";"BOA VIAGEM";"AV HELIO FALCAO";"";"";"EM FRENTE AO EDF LAGOA DO ABATE PROX AO ANTIGO EDF ANTIGUA IBONARE";"BOA VIAGEM";"";"";"COLISÃO";"0,0";"1,0";"0,0";"0,0";"0,0";"0,0";"0,0";"0,0";"0,0";"1,0";"0,0";"";"";"";"";"";"";"";"";"";"";"";""
"298474,0";"2024-03-01";"09:25:00";"COM VÍTIMA";"FINALIZADA";"MADALENA";"RUA BENFICA";"";"";"PROX. A DPCA EM FRENTE A MAX TROCA";"MADALENA";"";"";"COLISÃO LATERAL";"0,0";"1,0";"0,0";"0,0";"0,0";"0,0";"0,0";"0,0";"0,0";"1,0";"0,0";"";"";"";"";"";"";"";"";"";"";"";""
"298477,0";"2024-03-01";"09:46:00";"COM VÍTIMA";"FINALIZADA";"PAISSANDU";"AV ENGENHEIRO AGAMENON DE MAGALHAES MELO";"";"";"EM FRENTE AO HOSPITAL PORTUGUES";"PAISSANDU";"";"";"COLISÃO";"0,0";"1,0";"0,0";"0,0";"0,0";"0,0";"0,0";"0,0";"0,0";"1,0";"0,0";"";"";"";"";"";"";"";"";"";"";"";""
"298479,0";"2024-03-01";"10:19:00";"COM VÍTIMA";"FINALIZADA";"IBURA";"RUA EMILIO MONTEIRO FONSECA";"";"";"PROX. A ALEXANDRE AUTO ELETRICA E FRANCISCO TOLDOS, IBURA DE BAIXO";"IBURA";"";"";"COLISÃO LATERAL";"0,0";"1,0";"0,0";"0,0";"0,0";"0,0";"0,0";"0,0";"0,0";"1,0";"0,0";"";"";"";"";"";"";"";"";"";"";"";""
"298491,0";"2024-03-01";"11:37:00";"COM VÍTIMA";"FINALIZADA";"CASA AMARELA";"RUA GENERAL ABREU E LIMA";"";"";"CAPREMOS  / POSTO BR.";"CASA AMARELA";"";"";"COLISÃO LATERAL";"0,0";"1,0";"0,0";"0,0";"0,0";"0,0";"0,0";"0,0";"0,0";"1,0";"0,0";"";"";"";"";"";"";"";"";"";"";"";""
"298493,0";"2024-03-01";"11:49:00";"COM VÍTIMA";"DUPLICIDADE";"ROSARINHO";"RUA GENERAL ABREU E LIMA";"";"";"IBURA DE BAIXO // PROX A ALEXANDRE AUTO ELETRICA // FRANCISCO TOLDOS";"ROSARINHO";"";"";"COLISÃO";"0,0";"1,0";"0,0";"0,0";"0,0";"0,0";"0,0";"0,0";"0,0";"1,0";"0,0";"";"";"";"";"";"";"";"";"";"";"";""
"298498,0";"2024-03-01";"12:27:00";"COM VÍTIMA";"FINALIZADA";"CIDADE UNIVERSITARIA";"RUA PROFESSOR ANTONIO COELHO";"";"";"EM FRENTE A TI CDU";"CIDADE UNIVERSITARIA";"";"";"COLISÃO LATERAL";"0,0";"1,0";"0,0";"0,0";"0,0";"1,0";"0,0";"0,0";"0,0";"1,0";"0,0";"";"";"";"";"";"";"";"";"";"";"";""
"298510,0";"2024-03-01";"02:18:00";"COM VÍTIMA";"FINALIZADA";"AREIAS";"AV DR JOSE RUFINO";"";"";"E/F A HONDA";"AREIAS";"";"";"COLISÃO LATERAL";"1,0";"1,0";"0,0";"0,0";"0,0";"0,0";"0,0";"0,0";"0,0";"1,0";"0,0";"";"";"";"";"";"";"";"";"";"";"";""
"298524,0";"2024-03-01";"03:54:00";"COM VÍTIMA";"FINALIZADA";"BARRO";"AV DR JOSE RUFINO";"2284";"";"DEPOIS DA IGREJA DO BARRO";"BARRO";"";"";"COLISÃO LATERAL";"1,0";"1,0";"0,0";"0,0";"0,0";"0,0";"0,0";"0,0";"0,0";"1,0";"0,0";"";"";"";"";"";"";"";"";"";"";"";""
"298525,0";"2024-03-01";"04:09:00";"COM VÍTIMA";"FINALIZADA";"BOA VISTA";"RUA DOM BOSCO";"";"AV GOVERNADOR CARLOS DE LIMA CAVALCANTI";"";"BOA VISTA";"";"";"COLISÃO LATERAL";"1,0";"1,0";"0,0";"0,0";"0,0";"0,0";"0,0";"0,0";"0,0";"1,0";"0,0";"";"";"";"";"";"";"";"";"";"";"";""
"298533,0";"2024-03-01";"05:12:00";"COM VÍTIMA";"FINALIZADA";"AREIAS";"AV DR JOSE RUFINO";"";"RUA JOSE NATARIO";"AO LADO DA DROGASIL";"AREIAS";"";"";"COLISÃO LATERAL";"1,0";"1,0";"0,0";"0,0";"0,0";"0,0";"0,0";"0,0";"0,0";"1,0";"0,0";"";"";"";"";"";"";"";"";"";"";"";""
"298538,0";"2024-03-01";"05:48:00";"SEM VÍTIMA";"CANCELADA";"ILHA DO RETIRO";"RUA SPORT CLUBE DO RECIFE";"";"";"E/F A LOJA DO SPORT S/T CID";"ILHA DO RETIRO";"";"";"COLISÃO TRASEIRA";"1,0";"0,0";"0,0";"0,0";"0,0";"0,0";"0,0";"1,0";"0,0";"0,0";"0,0";"";"";"";"";"";"";"";"";"";"";"";""
"298554,0";"2024-03-01";"09:11:00";"COM VÍTIMA";"FINALIZADA";"AGUA FRIA";"RUA SAO BENTO";"";"RUA POMPEIA";"PERTO DA ESCOLA SAO FRANCISCO DE ASSIS E DO POSTO QUE PEGOU FOGO.SAMU JA ESTA NO LOCAL";"AGUA FRIA";"";"";"COLISÃO LATERAL";"1,0";"1,0";"0,0";"0,0";"0,0";"0,0";"0,0";"0,0";"0,0";"2,0";"0,0";"";"";"";"";"";"";"";"";"";"";"";""
"298555,0";"2024-03-01";"09:30:00";"COM VÍTIMA";"FINALIZADA";"AFOGADOS";"AV SUL";"";"";"E/F POLICLINICA AGAMENON MAGALHAES";"AFOGADOS";"";"";"COLISÃO TRASEIRA";"1,0";"1,0";"0,0";"0,0";"0,0";"0,0";"0,0";"0,0";"0,0";"1,0";"0,0";"";"";"";"";"";"";"";"";"";"";"";""
"298559,0";"2024-03-01";"11:07:00";"COM VÍTIMA";"FINALIZADA";"MADALENA";"AV VISCONDE DE ALBUQUERQUE";"400";"";"E/F GALERIA MADALENA CENTER";"MADALENA";"";"";"COLISÃO LATERAL";"1,0";"1,0";"0,0";"0,0";"0,0";"0,0";"0,0";"0,0";"0,0";"2,0";"0,0";"";"";"";"";"";"";"";"";"";"";"";""
"298564,0";"2024-03-02";"03:54:00";"COM VÍTIMA";"FINALIZADA";"BOA VIAGEM";"RUA RIBEIRO DE BRITO";"";"";"COM A RUA TEN DOMINGOS DE BRITO";"BOA VIAGEM";"";"";"COLISÃO TRANSVERSAL";"1,0";"1,0";"0,0";"0,0";"0,0";"0,0";"0,0";"0,0";"0,0";"2,0";"0,0";"";"";"";"";"";"";"";"";"";"";"";""
"298571,0";"2024-03-02";"06:37:00";"COM VÍTIMA";"FINALIZADA";"DOIS UNIDOS";"RUA BACHAREL SEVERINO T.G.DO NASCIMENTO";"2013";"";"PROX. AO BARATEIRO";"DOIS UNIDOS";"";"";"ATROPELAMENTO DE PESSOA";"1,0";"0,0";"0,0";"0,0";"2,0";"0,0";"0,0";"0,0";"0,0";"2,0";"0,0";"";"";"";"";"";"";"";"";"";"";"";""
"298572,0";"2024-03-02";"06:57:00";"COM VÍTIMA";"FINALIZADA";"IPSEP";"RUA SAO NICOLAU";"231";"";"EM FRENTE A FARMACIA BOM CONSELHO";"IPSEP";"";"";"COLISÃO FRONTAL";"1,0";"1,0";"0,0";"0,0";"0,0";"0,0";"0,0";"0,0";"0,0";"1,0";"0,0";"";"";"";"";"";"";"";"";"";"";"";""
"298590,0";"2024-03-02";"07:46:00";"COM VÍTIMA";"FINALIZADA";"IPSEP";"RUA BLUMENAU";"73";"";"EM FRENTE AO ARMAZEM COELHINHO";"IPSEP";"";"";"COLISÃO LATERAL";"1,0";"1,0";"0,0";"0,0";"0,0";"0,0";"0,0";"0,0";"0,0";"1,0";"0,0";"";"";"";"";"";"";"";"";"";"";"";""
"298597,0";"2024-03-02";"08:59:00";"COM VÍTIMA";"FINALIZADA";"TORRE";"RUA PADRE ANCHIETA";"";"";"PROX. A DROGARIA SAO PAULO";"TORRE";"";"";"COLISÃO LATERAL";"0,0";"1,0";"0,0";"0,0";"0,0";"0,0";"0,0";"0,0";"0,0";"1,0";"0,0";"";"";"";"";"";"";"";"";"";"";"";""
"298599,0";"2024-03-02";"09:06:00";"COM VÍTIMA";"FINALIZADA";"BOA VIAGEM";"RUA BALTAZAR PASSOS";"";"";"EM FRENTE A CULTURA INGLESA";"BOA VIAGEM";"";"";"ENGAVETAMENTO";"4,0";"1,0";"0,0";"0,0";"0,0";"0,0";"0,0";"0,0";"0,0";"1,0";"0,0";"";"";"";"";"";"";"";"";"";"";"";""
"298619,0";"2024-03-02";"02:38:00";"SEM VÍTIMA";"FINALIZADA";"TAMARINEIRA";"EST VELHA DE AGUA FRIA";"";"";"AO LADO DO Nº 596";"TAMARINEIRA";"";"SUBURBIO";"COLISÃO TRASEIRA";"2,0";"0,0";"0,0";"0,0";"0,0";"0,0";"0,0";"1,0";"0,0";"0,0";"0,0";"";"";"";"";"";"";"";"";"";"";"";""
"298624,0";"2024-03-02";"03:36:00";"COM VÍTIMA";"FINALIZADA";"MADALENA";"AV JOSE GONCALVES DE MEDEIROS";"165";"";"E/F AO BAR MEU AMADO BOTEQUIM";"MADALENA";"";"";"COLISÃO LATERAL";"1,0";"1,0";"0,0";"0,0";"0,0";"0,0";"0,0";"0,0";"0,0";"1,0";"0,0";"";"";"";"";"";"";"";"";"";"";"";""
"298627,0";"2024-03-02";"03:54:00";"COM VÍTIMA";"FINALIZADA";"AGUA FRIA";"EST VELHA DE AGUA FRIA";"1423";"RUA BARAO DE MELGACO";"PROX AO POSTO DA BOMBA DO HEMETERIO";"AGUA FRIA";"";"";"COLISÃO LATERAL";"1,0";"1,0";"0,0";"0,0";"0,0";"0,0";"0,0";"0,0";"0,0";"2,0";"0,0";"";"";"";"";"";"";"";"";"";"";"";""
"298632,0";"2024-03-02";"04:26:00";"COM VÍTIMA";"FINALIZADA";"IPUTINGA";"AV MAURICIO DE NASSAU";"";"";"E/F A FEIRA DO TROCA   NO SEMAFORO  088";"IPUTINGA";"";"";"ATROPELAMENTO DE PESSOA";"1,0";"1,0";"0,0";"0,0";"1,0";"0,0";"0,0";"0,0";"0,0";"1,0";"0,0";"";"";"";"";"";"";"";"";"";"";"";""
"298644,0";"2024-03-02";"08:58:00";"SEM VÍTIMA";"FINALIZADA";"CAJUEIRO";"RUA CORONEL URBANO RIBEIRO DE SENA";"";"";"TORRE DO CAPIBARIBE";"CAJUEIRO";"";"";"CHOQUE";"0,0";"0,0";"0,0";"0,0";"0,0";"0,0";"0,0";"0,0";"0,0";"0,0";"0,0";"";"";"";"";"";"";"";"";"";"";"";""
"298646,0";"2024-03-03";"12:01:00";"SEM VÍTIMA";"FINALIZADA";"IPUTINGA";"RUA SAO MATEUS";"";"RUA LEAL DE BARROS";"ANTIGO DEPÓSITO DOS CORREIOS / CONDOMÍNIO FLORENÇA";"IPUTINGA";"";"";"COLISÃO";"0,0";"2,0";"0,0";"0,0";"0,0";"0,0";"0,0";"0,0";"0,0";"0,0";"0,0";"";"";"";"";"";"";"";"";"";"";"";""