"Protocolo";"data";"hora";"natureza";"situacao";"bairro";"endereco";"numero";"detalhe_endereco_acidente";"complemento";"bairro_cruzamento";"num_semaforo";"sentido_via";"tipo";"auto";"moto";"ciclom";"ciclista";"pedestre";"onibus";"caminhao";"viatura";"outros";"vitimas";"vitimasfatais";"acidente_verificado";"tempo_clima";"situacao_semaforo";"sinalizacao";"condicao_via";"conservacao_via";"ponto_controle";"situacao_placa";"velocidade_max_via";"mao_direcao";"divisao_via1";"divisao_via2"
"299010,0";"2024-03-07";"03:20:00";"COM VÍTIMA";"FINALIZADA";"SAO JOSE";"C SANTA RITA";"";"";"TERMINAL DO CAIS DE SANTA RITA";"SAO JOSE";"";"";"ATROPELAMENTO DE PESSOA";"0,0";"0,0";"0,0";"0,0";"1,0";"1,0";"0,0";"0,0";"0,0";"1,0";"0,0";"";"";"";"";"";"";"";"";"";"";"";""
"299011,0";"2024-03-07";"03:32:00";"SEM VÍTIMA";"FINALIZADA";"GRACAS";"AV CONS ROSA E SILVA";"295";"";"EM FRENTE LOJA COLCHÕES STORE";"GRACAS";"";"CIDADE";"COLISÃO LATERAL";"2,0";"0,0";"0,0";"0,0";"0,0";"0,0";"0,0";"0,0";"0,0";"0,0";"0,0";"";"";"";"";"";"";"";"";"";"";"";""
"299012,0";"2024-03-07";"03:46:00";"COM VÍTIMA";"FINALIZADA";"TORRE";"RUA CONDE DE IRAJA";"";"";"PROXIMO AO RECIBOM E PROXIMO A PADARIA PAN ARMADA";"TORRE";"";"";"COLISÃO";"0,0";"1,0";"0,0";"0,0";"0,0";"0,0";"0,0";"0,0";"0,0";"1,0";"0,0";"";"";"";"";"";"";"";"";"";"";"";""
"299013,0";"2024-03-07";"03:56:00";"COM VÍTIMA";"FINALIZADA";"CAXANGA";"AV JOAQUIM RIBEIRO";"2269";"";"EM FRENTE A FABRICA DA AGUA MINERAL CAXANGA/ SENTIDO CAMARAGIBE";"CAXANGA";"";"";"COLISÃO";"0,0";"1,0";"0,0";"0,0";"0,0";"0,0";"0,0";"0,0";"0,0";"1,0";"0,0";"";"";"";"";"";"";"";"";"";"";"";""
"299016,0";"2024-03-07";"04:30:00";"SEM VÍTIMA";"FINALIZADA";"CASA AMARELA";"AV DR EURICO CHAVES";"484";"";"SORVETERIA EXPLOSÃO DE SABOR";"CASA AMARELA";"";"SUBURBIO";"COLISÃO FRONTAL";"0,0";"1,0";"0,0";"0,0";"0,0";"0,0";"0,0";"1,0";"0,0";"0,0";"0,0";"";"";"";"";"";"";"";"";"";"";"";""
"299019,0";"2024-03-07";"04:53:00";"SEM VÍTIMA";"FINALIZADA";"BOA VISTA";"RUA JOAO FERNANDES VIEIRA";"587";"";"PRÓX. AO HOSPITAL DE FRATURAS";"BOA VISTA";"";"";"COLISÃO LATERAL";"1,0";"0,0";"0,0";"0,0";"0,0";"0,0";"1,0";"0,0";"0,0";"0,0";"0,0";"";"";"";"";"";"";"";"";"";"";"";""
"299023,0";"2024-03-07";"05:31:00";"COM VÍTIMA";"FINALIZADA";"PINA";"RUA MANOEL DE BRITO";"";"AV REPUBLICA ARABE UNIDA";"SEMÁFORO 659";"PINA";"";"";"COLISÃO COM CICLISTA";"0,0";"0,0";"0,0";"1,0";"0,0";"1,0";"0,0";"0,0";"0,0";"1,0";"0,0";"";"";"";"";"";"";"";"";"";"";"";""
"299032,0";"2024-03-07";"06:45:00";"COM VÍTIMA";"FINALIZADA";"BOA VIAGEM";"AV CONSELHEIRO AGUIAR";"88";"";"EXTRA";"BOA VIAGEM";"";"";"COLISÃO FRONTAL";"1,0";"1,0";"0,0";"0,0";"0,0";"0,0";"0,0";"0,0";"0,0";"1,0";"0,0";"";"";"";"";"";"";"";"";"";"";"";""
"299035,0";"2024-03-07";"07:36:00";"COM VÍTIMA";"FINALIZADA";"ENCRUZILHADA";"RUA AMARO COUTINHO";"";"";"NA FRENTE DO BAR DO TONHÃO";"ENCRUZILHADA";"";"";"COLISÃO LATERAL";"1,0";"1,0";"0,0";"0,0";"0,0";"0,0";"0,0";"0,0";"0,0";"1,0";"0,0";"";"";"";"";"";"";"";"";"";"";"";""
"299045,0";"2024-03-07";"10:19:00";"COM VÍTIMA";"FINALIZADA";"MACAXEIRA";"AV JOSE AMERICO DE ALMEIDA";"";"";"ESCOLA DO CIRCO";"MACAXEIRA";"";"";"COLISÃO LATERAL";"1,0";"1,0";"0,0";"0,0";"0,0";"0,0";"0,0";"0,0";"0,0";"1,0";"0,0";"";"";"";"";"";"";"";"";"";"";"";""
"299048,0";"2024-03-07";"11:47:00";"SEM VÍTIMA";"FINALIZADA";"MADALENA";"RUA DEMOCRITO DE SOUZA FILHO";"452";"";"E/F ANTIGA FACULDADE STA HELENA";"MADALENA";"";"CIDADE";"COLISÃO LATERAL";"1,0";"0,0";"0,0";"0,0";"0,0";"0,0";"0,0";"1,0";"0,0";"0,0";"0,0";"";"";"";"";"";"";"";"";"";"";"";""
"299049,0";"2024-03-08";"01:24:00";"SEM VÍTIMA";"FINALIZADA";"DERBY";"AV GOVERNADOR AGAMENON MAGALHAES";"";"AV GOVERNADOR CARLOS DE LIMA CAVALCANTI";"LADO LESTE DA PRAÇA DO DERBY";"DERBY";"75,0";"";"COLISÃO LATERAL";"1,0";"0,0";"0,0";"0,0";"0,0";"0,0";"1,0";"0,0";"0,0";"0,0";"0,0";"";"";"";"";"";"";"";"";"";"";"";""
"299075,0";"2024-03-08";"08:04:00";"SEM VÍTIMA";"FINALIZADA";"MADALENA";"AV VISCONDE DE ALBUQUERQUE";"";"RUA JOSE OSORIO";"FARMÁCIA PAGUE MENOS";"MADALENA";"50,0";"SUBURBIO";"CHOQUE";"2,0";"0,0";"0,0";"0,0";"0,0";"0,0";"0,0";"0,0";"0,0";"0,0";"0,0";"";"";"";"";"";"";"";"";"";"";"";""
"299095,0";"2024-03-08";"10:05:00";"COM VÍTIMA";"FINALIZADA";"AGUA FRIA";"RUA DO MACHADO";"";"";"PROX AO IMPERIO DA CERVEJA";"AGUA FRIA";"";"";"COLISÃO";"0,0";"1,0";"0,0";"0,0";"0,0";"0,0";"0,0";"0,0";"0,0";"1,0";"0,0";"";"";"";"";"";"";"";"";"";"";"";""
"299106,0";"2024-03-08";"11:39:00";"COM VÍTIMA";"FINALIZADA";"BOA VIAGEM";"RUA JORNAL VANGUARDA";"1360";"";"EM FRENTE  DO BOM PREÇO AO LADO DA GALERIA CENTRO SUL";"BOA VIAGEM";"";"";"COLISÃO COM CICLISTA";"0,0";"0,0";"0,0";"1,0";"0,0";"0,0";"0,0";"1,0";"0,0";"1,0";"0,0";"";"";"";"";"";"";"";"";"";"";"";""
"299118,0";"2024-03-08";"01:36:00";"COM VÍTIMA";"FINALIZADA";"SAO JOSE";"AV RIO CAPIBARIBE";"153";"";"EM FRENTE AO CIODS";"SAO JOSE";"";"";"COLISÃO";"0,0";"1,0";"0,0";"0,0";"0,0";"0,0";"0,0";"0,0";"0,0";"1,0";"0,0";"";"";"";"";"";"";"";"";"";"";"";""
"299123,0";"2024-03-08";"02:01:00";"COM VÍTIMA";"FINALIZADA";"SANTO AMARO";"PTE DO LIMOEIRO";"102";"";"NA PONTE";"SANTO AMARO";"";"";"COLISÃO LATERAL";"0,0";"1,0";"0,0";"0,0";"0,0";"0,0";"0,0";"0,0";"0,0";"1,0";"0,0";"";"";"";"";"";"";"";"";"";"";"";""
"299128,0";"2024-03-08";"03:34:00";"COM VÍTIMA";"FINALIZADA";"IPUTINGA";"RUA RIBEIRO PESSOA";"";"";"EM FRENTE A UPA DA CAXANGAR";"IPUTINGA";"";"";"COLISÃO FRONTAL";"0,0";"1,0";"0,0";"0,0";"0,0";"1,0";"0,0";"0,0";"0,0";"2,0";"0,0";"";"";"";"";"";"";"";"";"";"";"";""
"299136,0";"2024-03-08";"04:46:00";"COM VÍTIMA";"FINALIZADA";"AFOGADOS";"RUA PROFESSOR AUGUSTO WANDERLEY FILHO";"";"";"AO LADO DA BIBLIOTECA DE AFOGADOS";"AFOGADOS";"";"";"COLISÃO";"0,0";"0,0";"0,0";"0,0";"0,0";"0,0";"0,0";"0,0";"0,0";"1,0";"0,0";"";"";"";"";"";"";"";"";"";"";"";""
"299137,0";"2024-03-08";"04:51:00";"COM VÍTIMA";"FINALIZADA";"PINA";"AV HERCULANO BANDEIRA";"347";"";"EM FRENTE A JBS MOTOS";"PINA";"";"";"COLISÃO";"0,0";"1,0";"0,0";"0,0";"0,0";"0,0";"0,0";"0,0";"0,0";"1,0";"0,0";"";"";"";"";"";"";"";"";"";"";"";""
"299144,0";"2024-03-08";"05:50:00";"SEM VÍTIMA";"FINALIZADA";"TORROES";"AV ENGENHEIRO ABDIAS DE CARVALHO";"338";"";"EM FRENTE AO NÚMERO 338";"TORROES";"";"CIDADE";"COLISÃO LATERAL";"1,0";"0,0";"0,0";"0,0";"0,0";"1,0";"0,0";"0,0";"0,0";"0,0";"0,0";"";"";"";"";"";"";"";"";"";"";"";""
"299145,0";"2024-03-08";"05:51:00";"COM VÍTIMA";"FINALIZADA";"BOA VIAGEM";"RUA BALTAZAR PASSOS";"306";"";"BOLERIA DAS MARIAS";"BOA VIAGEM";"";"";"COLISÃO LATERAL";"0,0";"1,0";"0,0";"0,0";"0,0";"0,0";"0,0";"0,0";"0,0";"1,0";"0,0";"";"";"";"";"";"";"";"";"";"";"";""
"299146,0";"2024-03-08";"05:55:00";"SEM VÍTIMA";"FINALIZADA";"IMBIRIBEIRA";"RUA PRESIDENTE NILO PECANHA";"231";"";"EM FRENTE AO JUNTO RESIDENCIAL BOA VIAGEM";"IMBIRIBEIRA";"";"";"COLISÃO LATERAL";"2,0";"0,0";"0,0";"0,0";"0,0";"0,0";"0,0";"0,0";"0,0";"0,0";"0,0";"";"";"";"";"";"";"";"";"";"";"";""
"299148,0";"2024-03-08";"06:03:00";"SEM VÍTIMA";"FINALIZADA";"AFOGADOS";"RUA DA PAZ";"267";"";"LOGO APOS A CAIXA ECONOMICA";"AFOGADOS";"";"";"COLISÃO LATERAL";"3,0";"0,0";"0,0";"0,0";"0,0";"0,0";"0,0";"0,0";"0,0";"0,0";"0,0";"";"";"";"";"";"";"";"";"";"";"";""
"299149,0";"2024-03-08";"06:09:00";"SEM VÍTIMA";"DUPLICIDADE";"TORROES";"AV ENGENHEIRO ABDIAS DE CARVALHO";"1428";"";"UPA";"TORROES";"";"";"COLISÃO LATERAL";"0,0";"0,0";"0,0";"0,0";"0,0";"1,0";"0,0";"1,0";"0,0";"0,0";"0,0";"";"";"";"";"";"";"";"";"";"";"";""
"299154,0";"2024-03-08";"07:50:00";"COM VÍTIMA";"FINALIZADA";"SAN MARTIN";"AV GENERAL SAN MARTIN";"134";"";"PRÓXIMO A IGREJA PENTECOSTAL";"SAN MARTIN";"";"";"COLISÃO";"0,0";"0,0";"0,0";"0,0";"0,0";"0,0";"0,0";"0,0";"0,0";"2,0";"0,0";"";"";"";"";"";"";"";"";"";"";"";""
"299160,0";"2024-03-08";"08:55:00";"SEM VÍTIMA";"FINALIZADA";"ALTO SANTA TERESINHA";"AV ANIBAL BENEVOLO";"1029";"RUA SODRELANDIA";"";"ALTO SANTA TERESINHA";"";"";"COLISÃO";"1,0";"0,0";"0,0";"0,0";"0,0";"0,0";"0,0";"1,0";"0,0";"0,0";"0,0";"";"";"";"";"";"";"";"";"";"";"";""
"299161,0";"2024-03-08";"09:01:00";"SEM VÍTIMA";"FINALIZADA";"SAO JOSE";"RUA FLORIANO PEIXOTO";"";"";"EM FRENTE A ESTAÇÃO DO METRO RECIFE";"SAO JOSE";"";"";"COLISÃO";"1,0";"0,0";"0,0";"0,0";"0,0";"0,0";"1,0";"0,0";"0,0";"0,0";"0,0";"";"";"";"";"";"";"";"";"";"";"";""
"299165,0";"2024-03-08";"09:50:00";"COM VÍTIMA";"FINALIZADA";"SAO JOSE";"RUA IMPERIAL";"1222";"";"PRÓX. AO COLÉGIO JOAQUIM NABUCO";"SAO JOSE";"";"";"COLISÃO";"1,0";"1,0";"0,0";"0,0";"0,0";"0,0";"0,0";"0,0";"0,0";"2,0";"0,0";"";"";"";"";"";"";"";"";"";"";"";""
"299167,0";"2024-03-08";"11:52:00";"COM VÍTIMA";"FINALIZADA";"BOA VIAGEM";"AV VINTE DE JANEIRO";"";"RUA JOAO CARDOSO AIRES";"";"BOA VIAGEM";"";"";"COLISÃO";"0,0";"0,0";"0,0";"0,0";"0,0";"0,0";"0,0";"0,0";"0,0";"1,0";"0,0";"";"";"";"";"";"";"";"";"";"";"";""
"299172,0";"2024-03-09";"02:44:00";"COM VÍTIMA";"FINALIZADA";"BOA VIAGEM";"AV CONSELHEIRO AGUIAR";"523";"";"EM FRENTE AO EMPÓRIO DA LUZ";"BOA VIAGEM";"";"";"ATROPELAMENTO DE PESSOA";"1,0";"0,0";"0,0";"0,0";"1,0";"0,0";"0,0";"0,0";"0,0";"1,0";"0,0";"";"";"";"";"";"";"";"";"";"";"";""
"299183,0";"2024-03-09";"07:12:00";"COM VÍTIMA";"FINALIZADA";"SANTO AMARO";"AV CRUZ CABUGA";"";"";"PROX A APAC E A VICE GORVENADORIA";"SANTO AMARO";"";"";"COLISÃO";"0,0";"1,0";"0,0";"0,0";"0,0";"0,0";"0,0";"0,0";"0,0";"1,0";"0,0";"";"";"";"";"";"";"";"";"";"";"";""
"299186,0";"2024-03-09";"07:40:00";"SEM VÍTIMA";"FINALIZADA";"CIDADE UNIVERSITARIA";"RUA ZEZITO COSTA REGO";"36";"";"PROX AO HAPVIDA";"CIDADE UNIVERSITARIA";"";"";"COLISÃO";"2,0";"0,0";"0,0";"0,0";"0,0";"0,0";"0,0";"0,0";"0,0";"0,0";"0,0";"";"";"";"";"";"";"";"";"";"";"";""
"299190,0";"2024-03-09";"09:31:00";"COM VÍTIMA";"FINALIZADA";"SAO JOSE";"C SANTA RITA";"";"";"AO LADO CAIS DE SANTA RITA / PROX AO ESTACIONAMENTO DO ARMAZEM CORAL";"SAO JOSE";"";"";"ATROPELAMENTO DE PESSOA";"1,0";"0,0";"0,0";"0,0";"1,0";"0,0";"0,0";"0,0";"0,0";"1,0";"0,0";"";"";"";"";"";"";"";"";"";"";"";""
"299194,0";"2024-03-09";"09:37:00";"COM VÍTIMA";"FINALIZADA";"AFOGADOS";"RUA NICOLAU PEREIRA";"";"";"EMBAIXO DO VIADUTO / EM FRENTE A ESTAÇÃO DE AFOGADOS";"AFOGADOS";"";"";"COLISÃO";"0,0";"0,0";"0,0";"0,0";"0,0";"1,0";"0,0";"0,0";"0,0";"1,0";"0,0";"";"";"";"";"";"";"";"";"";"";"";""
"299195,0";"2024-03-09";"09:44:00";"SEM VÍTIMA";"FINALIZADA";"AGUA FRIA";"AV BEBERIBE";"1951";"";"SOB O SEMÁFORO 405";"AGUA FRIA";"405,0";"SUBURBIO";"COLISÃO LATERAL";"0,0";"0,0";"0,0";"0,0";"0,0";"1,0";"0,0";"1,0";"0,0";"0,0";"0,0";"";"";"";"";"";"";"";"";"";"";"";""
"299196,0";"2024-03-09";"09:48:00";"COM VÍTIMA";"FINALIZADA";"IMBIRIBEIRA";"AV MARECHAL MASCARENHAS DE MORAES";"";"";"EM FRENTE AO GERALDAO";"IMBIRIBEIRA";"";"";"COLISÃO";"0,0";"1,0";"0,0";"0,0";"0,0";"0,0";"0,0";"0,0";"0,0";"1,0";"0,0";"";"";"";"";"";"";"";"";"";"";"";""
"299198,0";"2024-03-09";"10:01:00";"COM VÍTIMA";"FINALIZADA";"BOA VIAGEM";"RUA ANTONIO VICENTE";"158";"";"PROX AO NUMERO 158 / PROX AO COMBOY SAPATEIRO E SUPERMERCADO RECIBOM";"BOA VIAGEM";"";"";"ATROPELAMENTO DE PESSOA";"0,0";"0,0";"0,0";"0,0";"1,0";"1,0";"0,0";"0,0";"0,0";"1,0";"0,0";"";"";"";"";"";"";"";"";"";"";"";""
"299207,0";"2024-03-09";"12:10:00";"COM VÍTIMA";"FINALIZADA";"MADALENA";"AV VISCONDE DE ALBUQUERQUE";"";"";"PROX AO SUPERMERCADO BOMPREÇO DA BENFICA  / PROX A CASA DAS BATERIA / PROX A VERDE FRUTT";"MADALENA";"";"";"COLISÃO";"1,0";"1,0";"0,0";"0,0";"0,0";"0,0";"0,0";"0,0";"0,0";"1,0";"0,0";"";"";"";"";"";"";"";"";"";"";"";""
"299219,0";"2024-03-09";"02:32:00";"COM VÍTIMA";"FINALIZADA";"BEBERIBE";"AV BEBERIBE";"";"";"PROXIMO AO REI DO ARRUMADINHO E AO POSTO SIVINI";"BEBERIBE";"";"";"COLISÃO";"0,0";"1,0";"0,0";"0,0";"0,0";"0,0";"0,0";"0,0";"0,0";"1,0";"0,0";"";"";"";"";"";"";"";"";"";"";"";""
"299222,0";"2024-03-09";"02:47:00";"COM VÍTIMA";"FINALIZADA";"IMBIRIBEIRA";"AV MARECHAL MASCARENHAS DE MORAES";"354";"";"EM FRENTE AO GERALDÃO E PROXIMO A CASA DO CONSTRUTOR/ SENTIDO CIDADE";"IMBIRIBEIRA";"289,0";"";"COLISÃO LATERAL";"1,0";"1,0";"0,0";"0,0";"0,0";"0,0";"0,0";"0,0";"0,0";"1,0";"0,0";"";"";"";"";"";"";"";"";"";"";"";""
"299223,0";"2024-03-09";"02:52:00";"SEM VÍTIMA";"FINALIZADA";"AGUA FRIA";"EST VELHA DE AGUA FRIA";"1029";"";"RESIDENCIAL VILA COIMBRA";"AGUA FRIA";"";"";"COLISÃO LATERAL";"1,0";"0,0";"0,0";"0,0";"0,0";"0,0";"0,0";"1,0";"0,0";"0,0";"0,0";"";"";"";"";"";"";"";"";"";"";"";""
"299226,0";"2024-03-09";"03:17:00";"COM VÍTIMA";"FINALIZADA";"BOA VIAGEM";"RUA CAPITAO ZUZINHA";"457";"";"PROXIMO A HAMBURGUERIA ZE BURGER";"BOA VIAGEM";"";"";"COLISÃO";"0,0";"1,0";"0,0";"0,0";"0,0";"0,0";"0,0";"0,0";"0,0";"1,0";"0,0";"";"";"";"";"";"";"";"";"";"";"";""
"299232,0";"2024-03-09";"04:33:00";"COM VÍTIMA";"FINALIZADA";"BOA VIAGEM";"RUA SA E SOUZA";"572";"";"PROXIMO AO COLEGIO AMERICANO BATISTA E RECIBOM";"BOA VIAGEM";"";"";"COLISÃO";"0,0";"1,0";"0,0";"0,0";"0,0";"0,0";"0,0";"0,0";"0,0";"1,0";"0,0";"";"";"";"";"";"";"";"";"";"";"";""
"299266,0";"2024-03-10";"06:53:00";"COM VÍTIMA";"FINALIZADA";"CAXANGA";"AV JOAQUIM RIBEIRO";"";"";"PROX. A UPA, SENT. CAMARAGIBE";"CAXANGA";"";"";"COLISÃO LATERAL";"0,0";"1,0";"0,0";"0,0";"0,0";"0,0";"0,0";"0,0";"0,0";"1,0";"0,0";"";"";"";"";"";"";"";"";"";"";"";""
"299276,0";"2024-03-10";"11:01:00";"SEM VÍTIMA";"FINALIZADA";"BOA VIAGEM";"AV BOA VIAGEM";"5740";"";"EM FRENTE AO EDF. MANOEL DE BRITO";"BOA VIAGEM";"445,0";"CIDADE";"COLISÃO TRASEIRA";"2,0";"0,0";"0,0";"0,0";"0,0";"0,0";"0,0";"0,0";"0,0";"0,0";"0,0";"";"";"";"";"";"";"";"";"";"";"";""
"299295,0";"2024-03-10";"02:14:00";"SEM VÍTIMA";"FINALIZADA";"TORRE";"RUA JOSE BONIFACIO";"";"";"PROXIMO AO ATACDO DOS PRESENTES";"TORRE";"";"";"COLISÃO";"0,0";"0,0";"0,0";"0,0";"0,0";"0,0";"0,0";"0,0";"0,0";"0,0";"0,0";"";"";"";"";"";"";"";"";"";"";"";""
"299315,0";"2024-03-10";"08:43:00";"COM VÍTIMA";"FINALIZADA";"AFOGADOS";"RUA SAO MIGUEL";"485";"";"AO LADO DO POSTO DISLUB";"AFOGADOS";"";"";"COLISÃO";"1,0";"1,0";"0,0";"0,0";"0,0";"0,0";"0,0";"0,0";"0,0";"1,0";"0,0";"";"";"";"";"";"";"";"";"";"";"";""
"202406373,0";"2024-03-11";"09:44:00";"COM VÍTIMA";"FINALIZADA";"IMBIRIBEIRA";"AV MARECHAL MASCARENHAS DE MORAES";"884";"";"PROX. A ESTAÇÃO IMBIRIBEIRA E MARÇAL ACESSORIOS AUTOMOTIVOS";"IMBIRIBEIRA";"";"";"COLISÃO LATERAL";"0,0";"1,0";"0,0";"0,0";"0,0";"0,0";"0,0";"0,0";"0,0";"1,0";"0,0";"";"";"";"";"";"";"";"";"";"";"";""
"202406384,0";"2024-03-11";"10:07:00";"COM VÍTIMA";"FINALIZADA";"CASA AMARELA";"AV NORTE MIGUEL ARRAES DE ALENCAR";"";"";"NA SUB. DO MORRO DA CONCEIÇÃO";"CASA AMARELA";"";"";"COLISÃO LATERAL";"0,0";"1,0";"0,0";"0,0";"0,0";"0,0";"0,0";"0,0";"0,0";"1,0";"0,0";"";"";"";"";"";"";"";"";"";"";"";""
"202406392,0";"2024-03-11";"10:57:00";"COM VÍTIMA";"FINALIZADA";"IMBIRIBEIRA";"AV MARECHAL MASCARENHAS DE MORAES";"";"";"EM FRENTE AO AEROPORTO NA ENTRADA DO JORDAO";"IMBIRIBEIRA";"";"";"COLISÃO LATERAL";"0,0";"1,0";"0,0";"0,0";"0,0";"0,0";"0,0";"0,0";"0,0";"1,0";"0,0";"";"";"";"";"";"";"";"";"";"";"";""
"202406393,0";"2024-03-11";"10:57:00";"COM VÍTIMA";"FINALIZADA";"PARNAMIRIM";"AV DEZESSETE DE AGOSTO";"";"";"PROX A PRAÇA DR JOSÉ VILELA / EM FRENTE AO HORT FRUT ALEM CAMPO / ANTIGA FARMACIA PERMANENTE";"PARNAMIRIM";"";"";"COLISÃO";"0,0";"1,0";"0,0";"0,0";"0,0";"0,0";"0,0";"0,0";"0,0";"1,0";"0,0";"";"";"";"";"";"";"";"";"";"";"";""
"202406395,0";"2024-03-11";"11:01:00";"COM VÍTIMA";"FINALIZADA";"ESPINHEIRO";"RUA ESMERALDINO BANDEIRA";"55";"";"EM FRENTE A PIZZARIA ATLANTICO";"ESPINHEIRO";"";"";"COLISÃO LATERAL";"1,0";"1,0";"0,0";"0,0";"0,0";"0,0";"0,0";"0,0";"0,0";"1,0";"0,0";"";"";"";"";"";"";"";"";"";"";"";""
"202406400,0";"2024-03-11";"11:52:00";"COM VÍTIMA";"FINALIZADA";"CAXANGA";"AV CAXANGA";"";"";"EM FRENTE A JBS SENTIDO SUBURBIO";"CAXANGA";"";"SUBURBIO";"COLISÃO";"0,0";"1,0";"0,0";"0,0";"0,0";"0,0";"0,0";"0,0";"0,0";"1,0";"0,0";"";"";"";"";"";"";"";"";"";"";"";""
"202406403,0";"2024-03-11";"12:04:00";"COM VÍTIMA";"FINALIZADA";"MONTEIRO";"PRC MONTEIRO";"28";"";"PROX AO ARMAZÉM CORAL";"MONTEIRO";"";"";"COLISÃO";"0,0";"1,0";"0,0";"0,0";"0,0";"0,0";"0,0";"0,0";"0,0";"1,0";"0,0";"";"";"";"";"";"";"";"";"";"";"";""
"202406407,0";"2024-03-11";"12:29:00";"SEM VÍTIMA";"FINALIZADA";"BOA VISTA";"AV GOVERNADOR AGAMENON MAGALHAES";"";"";"PRÓXIMO A PRAÇA DO DERBY";"BOA VISTA";"";"";"COLISÃO";"0,0";"0,0";"0,0";"0,0";"0,0";"0,0";"0,0";"0,0";"0,0";"0,0";"0,0";"";"";"";"";"";"";"";"";"";"";"";""
"202406409,0";"2024-03-11";"01:12:00";"SEM VÍTIMA";"CANCELADA";"BOA VISTA";"RUA DO PRINCIPE";"";"";"PROXIMO AO HOSPITAL DO EXERCITO";"BOA VISTA";"";"";"COLISÃO TRASEIRA";"1,0";"0,0";"0,0";"0,0";"0,0";"0,0";"0,0";"1,0";"0,0";"0,0";"0,0";"";"";"";"";"";"";"";"";"";"";"";""
"202406413,0";"2024-03-11";"02:05:00";"COM VÍTIMA";"FINALIZADA";"BOA VIAGEM";"RUA PADRE CARAPUCEIRO";"733";"";"NA ENTRADA DO SHOPPING RECIFE / ANTIGO BOMPREÇO";"BOA VIAGEM";"";"";"COLISÃO TRASEIRA";"2,0";"0,0";"0,0";"0,0";"0,0";"0,0";"0,0";"0,0";"0,0";"1,0";"0,0";"";"";"";"";"";"";"";"";"";"";"";""
"202406421,0";"2024-03-11";"03:37:00";"SEM VÍTIMA";"FINALIZADA";"TORROES";"AV ENGENHEIRO ABDIAS DE CARVALHO";"300";"";"PROXIMO A OFICINA CARVALHO";"TORROES";"";"";"COLISÃO";"0,0";"0,0";"0,0";"0,0";"0,0";"0,0";"0,0";"0,0";"0,0";"0,0";"0,0";"";"";"";"";"";"";"";"";"";"";"";""
"202406424,0";"2024-03-11";"04:27:00";"COM VÍTIMA";"FINALIZADA";"CAXANGA";"AV CAXANGA";"7975";"";"INTEGRAÇÃO DA CAXANGÁ";"CAXANGA";"";"";"COLISÃO LATERAL";"0,0";"1,0";"0,0";"0,0";"0,0";"0,0";"0,0";"0,0";"0,0";"1,0";"0,0";"";"";"";"";"";"";"";"";"";"";"";""
"202406428,0";"2024-03-11";"05:14:00";"COM VÍTIMA";"FINALIZADA";"CAJUEIRO";"AV CIDADE DE MONTEIRO";"536";"";"ARMAZEM CORAL";"CAJUEIRO";"";"";"COLISÃO LATERAL";"1,0";"0,0";"0,0";"0,0";"0,0";"0,0";"0,0";"0,0";"0,0";"1,0";"0,0";"";"";"";"";"";"";"";"";"";"";"";""
"202406435,0";"2024-03-11";"05:54:00";"COM VÍTIMA";"FINALIZADA";"VARZEA";"RUA EMILIANO BRAGA";"";"";"VIADUTO DA CAXANGA";"VARZEA";"";"";"COLISÃO LATERAL";"0,0";"1,0";"0,0";"0,0";"0,0";"1,0";"0,0";"0,0";"0,0";"1,0";"0,0";"";"";"";"";"";"";"";"";"";"";"";""
"202406441,0";"2024-03-11";"06:35:00";"COM VÍTIMA";"FINALIZADA";"";"AV GOVERNADOR AGAMENON MAGALHAES";"";"";"VIADUTO DA AV. NORTE.";"";"";"";"COLISÃO";"0,0";"0,0";"0,0";"0,0";"0,0";"0,0";"0,0";"0,0";"0,0";"1,0";"0,0";"";"";"";"";"";"";"";"";"";"";"";""
"202406450,0";"2024-03-11";"08:07:00";"COM VÍTIMA";"FINALIZADA";"SAN MARTIN";"AV JOAO CABRAL DE MELO NETO";"2000";"";"PROXIMO AO CERPE";"SAN MARTIN";"";"";"COLISÃO FRONTAL";"1,0";"1,0";"0,0";"0,0";"0,0";"0,0";"0,0";"0,0";"0,0";"1,0";"0,0";"";"";"";"";"";"";"";"";"";"";"";""
"202406467,0";"2024-03-12";"06:34:00";"COM VÍTIMA";"FINALIZADA";"AREIAS";"RUA ERNESTO NAZARETH";"";"";"PRAÇA DO TOURÃO EM FRENTE A ESCOLA MUNICIPAL MIGUEL ARRAES DE ALENCAR";"AREIAS";"";"";"COLISÃO LATERAL";"2,0";"1,0";"0,0";"0,0";"0,0";"0,0";"0,0";"0,0";"0,0";"1,0";"0,0";"";"";"";"";"";"";"";"";"";"";"";""
"202406472,0";"2024-03-12";"07:05:00";"COM VÍTIMA";"FINALIZADA";"AFOGADOS";"AV SUL";"";"";"EM FRENTE A POLICLINICA AGAMENOM MAGALHAES E ESTAÇÃO LARGO DA PAZ";"AFOGADOS";"";"";"COLISÃO LATERAL";"0,0";"1,0";"0,0";"0,0";"0,0";"0,0";"0,0";"0,0";"0,0";"1,0";"0,0";"";"";"";"";"";"";"";"";"";"";"";""
"202406474,0";"2024-03-12";"07:10:00";"COM VÍTIMA";"FINALIZADA";"SANTO AMARO";"AV PREFEITO ARTUR LIMA CAVALCANTI";"";"";"POR TRAS DO HOSPITAL DA MARINHA";"SANTO AMARO";"";"";"COLISÃO LATERAL";"0,0";"1,0";"0,0";"0,0";"0,0";"0,0";"0,0";"0,0";"0,0";"1,0";"0,0";"";"";"";"";"";"";"";"";"";"";"";""