"Protocolo";"data";"hora";"natureza";"situacao";"bairro";"endereco";"numero";"detalhe_endereco_acidente";"complemento";"bairro_cruzamento";"num_semaforo";"sentido_via";"tipo";"auto";"moto";"ciclom";"ciclista";"pedestre";"onibus";"caminhao";"viatura";"outros";"vitimas";"vitimasfatais";"acidente_verificado";"tempo_clima";"situacao_semaforo";"sinalizacao";"condicao_via";"conservacao_via";"ponto_controle";"situacao_placa";"velocidade_max_via";"mao_direcao";"divisao_via1";"divisao_via2"
"202406485,0";"2024-03-12";"08:25:00";"SEM VÍTIMA";"FINALIZADA";"TORRE";"RUA REAL DA TORRE";"1335";"";"PROX. AO LEO COURO";"TORRE";"";"";"COLISÃO LATERAL";"1,0";"0,0";"0,0";"0,0";"0,0";"0,0";"1,0";"0,0";"0,0";"0,0";"0,0";"";"";"";"";"";"";"";"";"";"";"";""
"202406491,0";"2024-03-12";"08:45:00";"SEM VÍTIMA";"FINALIZADA";"SANTO AMARO";"AV GOVERNADOR AGAMENON MAGALHAES";"";"";"PROX AO MINISTERIO DO TRABALHO / PROX A IGREJA DOS MORMOS (   SENTINDO CIDADE )";"SANTO AMARO";"";"";"COLISÃO TRASEIRA";"2,0";"0,0";"0,0";"0,0";"0,0";"0,0";"0,0";"0,0";"0,0";"0,0";"0,0";"";"";"";"";"";"";"";"";"";"";"";""
"202406504,0";"2024-03-12";"11:02:00";"COM VÍTIMA";"FINALIZADA";"TORROES";"AV ENGENHEIRO ABDIAS DE CARVALHO";"";"";"PROX A UPA DOS TORROES E A LOJA TOP GRAN";"TORROES";"";"";"COLISÃO";"0,0";"1,0";"0,0";"0,0";"0,0";"0,0";"0,0";"0,0";"0,0";"1,0";"0,0";"";"";"";"";"";"";"";"";"";"";"";""
"202406510,0";"2024-03-12";"11:22:00";"COM VÍTIMA";"FINALIZADA";"VARZEA";"RUA GASTAO VIDIGAL";"";"";"PROX A OFICINA FRANCISCO BRENNAND";"VARZEA";"";"";"COLISÃO";"1,0";"1,0";"0,0";"0,0";"0,0";"0,0";"0,0";"0,0";"0,0";"1,0";"0,0";"";"";"";"";"";"";"";"";"";"";"";""
"202406518,0";"2024-03-12";"11:40:00";"COM VÍTIMA";"FINALIZADA";"APIPUCOS";"RUA DOIS IRMAOS";"320";"";"NO SEMAFORO 535";"APIPUCOS";"";"";"COLISÃO LATERAL";"1,0";"1,0";"0,0";"0,0";"0,0";"0,0";"0,0";"0,0";"0,0";"1,0";"0,0";"";"";"";"";"";"";"";"";"";"";"";""
"202406527,0";"2024-03-12";"12:57:00";"COM VÍTIMA";"FINALIZADA";"IBURA";"AV JORNALISTA COSTA PORTO";"";"";"UR 2 PROX A CELPE";"IBURA";"";"";"COLISÃO";"0,0";"1,0";"0,0";"0,0";"0,0";"0,0";"0,0";"0,0";"0,0";"1,0";"0,0";"";"";"";"";"";"";"";"";"";"";"";""
"202406538,0";"2024-03-12";"03:06:00";"COM VÍTIMA";"FINALIZADA";"IPUTINGA";"EST DO BARBALHO";"698";"";"APÓS O ALTINO VENTURA";"IPUTINGA";"";"";"COLISÃO LATERAL";"0,0";"1,0";"0,0";"0,0";"0,0";"0,0";"0,0";"0,0";"0,0";"1,0";"0,0";"";"";"";"";"";"";"";"";"";"";"";""
"202406540,0";"2024-03-12";"03:21:00";"COM VÍTIMA";"FINALIZADA";"TAMARINEIRA";"AV NORTE MIGUEL ARRAES DE ALENCAR";"4140";"";"PROX AO HOTEL NEXOS";"TAMARINEIRA";"";"CIDADE";"COLISÃO TRASEIRA";"0,0";"2,0";"0,0";"0,0";"0,0";"0,0";"0,0";"0,0";"0,0";"1,0";"0,0";"";"";"";"";"";"";"";"";"";"";"";""
"202406553,0";"2024-03-12";"05:05:00";"SEM VÍTIMA";"FINALIZADA";"APIPUCOS";"RUA DOIS IRMAOS";"";"";"SOB O  SEMAFORO 416";"APIPUCOS";"416,0";"CIDADE";"CHOQUE";"1,0";"0,0";"0,0";"0,0";"0,0";"0,0";"0,0";"0,0";"0,0";"0,0";"0,0";"";"";"";"";"";"";"";"";"";"";"";""
"202406561,0";"2024-03-12";"06:19:00";"COM VÍTIMA";"FINALIZADA";"BOA VIAGEM";"RUA DEZ DE JULHO";"517";"";"CONCESSIONÁRIA ALUGUE BRASIL";"BOA VIAGEM";"";"";"COLISÃO LATERAL";"0,0";"1,0";"0,0";"0,0";"0,0";"0,0";"0,0";"0,0";"0,0";"1,0";"0,0";"";"";"";"";"";"";"";"";"";"";"";""
"202406565,0";"2024-03-12";"06:51:00";"COM VÍTIMA";"FINALIZADA";"PINA";"AV BOA VIAGEM";"";"";"JCPM";"PINA";"";"";"COLISÃO LATERAL";"0,0";"1,0";"0,0";"0,0";"0,0";"0,0";"0,0";"0,0";"0,0";"1,0";"0,0";"";"";"";"";"";"";"";"";"";"";"";""
"202406586,0";"2024-03-13";"07:30:00";"COM VÍTIMA";"FINALIZADA";"CAXANGA";"AV CAXANGA";"";"";"EM FRENTE AO COLEGIO CSI E A LOJA MF CONFECÇÕES";"CAXANGA";"";"";"QUEDA";"0,0";"1,0";"0,0";"0,0";"0,0";"0,0";"0,0";"0,0";"0,0";"1,0";"0,0";"";"";"";"";"";"";"";"";"";"";"";""
"202406587,0";"2024-03-13";"07:29:00";"COM VÍTIMA";"CANCELADA";"ARRUDA";"AV BEBERIBE";"";"";"EM FRENTE A FERREIRA PINTO";"ARRUDA";"";"";"COLISÃO LATERAL";"0,0";"1,0";"0,0";"0,0";"0,0";"0,0";"0,0";"0,0";"0,0";"1,0";"0,0";"";"";"";"";"";"";"";"";"";"";"";""
"202406588,0";"2024-03-13";"07:49:00";"COM VÍTIMA";"FINALIZADA";"BOA VIAGEM";"RUA ERNESTO DE PAULA SANTOS";"551";"";"APOIS A ENTRADA DO SHOPPING RECIFE / E PROX A AO CANAL DE BOA VIAGEM";"BOA VIAGEM";"";"";"COLISÃO LATERAL";"1,0";"1,0";"0,0";"0,0";"0,0";"0,0";"0,0";"0,0";"0,0";"1,0";"0,0";"";"";"";"";"";"";"";"";"";"";"";""
"202406589,0";"2024-03-13";"07:54:00";"COM VÍTIMA";"FINALIZADA";"DERBY";"RUA DAS FRONTEIRAS";"";"";"NO ESTACIONAMENTO DO HOSPITAL MEMORIAL SAO JOSE";"DERBY";"";"";"COLISÃO LATERAL";"2,0";"0,0";"0,0";"0,0";"0,0";"0,0";"0,0";"0,0";"0,0";"1,0";"0,0";"";"";"";"";"";"";"";"";"";"";"";""
"202406593,0";"2024-03-13";"08:24:00";"COM VÍTIMA";"FINALIZADA";"BREJO DE BEBERIBE";"RUA PORTELANDIA";"";"";"ALTO DO REFUGIO, SUBIDA DA KINITOS, PROX. AO CAMPO DO FLUMINENSE";"BREJO DE BEBERIBE";"";"";"COLISÃO LATERAL";"0,0";"1,0";"0,0";"0,0";"0,0";"0,0";"0,0";"0,0";"0,0";"1,0";"0,0";"";"";"";"";"";"";"";"";"";"";"";""
"202406599,0";"2024-03-13";"09:27:00";"COM VÍTIMA";"FINALIZADA";"AFOGADOS";"AV SUL";"";"";"POR TRAS DA CAIXA ECONOMICA DE AFOGADOS";"AFOGADOS";"";"";"COLISÃO TRASEIRA";"1,0";"0,0";"0,0";"0,0";"0,0";"0,0";"1,0";"0,0";"0,0";"3,0";"0,0";"";"";"";"";"";"";"";"";"";"";"";""
"202406618,0";"2024-03-13";"12:37:00";"COM VÍTIMA";"FINALIZADA";"JORDAO";"AV MARIA IRENE";"82";"";"PRÓX AO MASTER FRIOS";"JORDAO";"";"";"COLISÃO";"0,0";"1,0";"0,0";"0,0";"0,0";"0,0";"0,0";"0,0";"0,0";"1,0";"0,0";"";"";"";"";"";"";"";"";"";"";"";""
"202406624,0";"2024-03-13";"01:56:00";"COM VÍTIMA";"FINALIZADA";"JARDIM SAO PAULO";"AV LIBERDADE";"2260";"";"DROGASIL";"JARDIM SAO PAULO";"";"";"COLISÃO LATERAL";"0,0";"1,0";"0,0";"0,0";"0,0";"0,0";"0,0";"0,0";"0,0";"1,0";"0,0";"";"";"";"";"";"";"";"";"";"";"";""
"202406626,0";"2024-03-13";"02:06:00";"SEM VÍTIMA";"FINALIZADA";"PRADO";"RUA SANTA EDWIRGES";"135";"";"";"PRADO";"";"";"COLISÃO LATERAL";"0,0";"0,0";"0,0";"0,0";"0,0";"0,0";"1,0";"1,0";"0,0";"0,0";"0,0";"";"";"";"";"";"";"";"";"";"";"";""
"202406628,0";"2024-03-13";"02:43:00";"COM VÍTIMA";"FINALIZADA";"IMBIRIBEIRA";"RUA ARQUITETO LUIZ NUNES";"249";"";"KATO FLORES";"IMBIRIBEIRA";"";"";"COLISÃO LATERAL";"0,0";"1,0";"0,0";"0,0";"0,0";"0,0";"0,0";"0,0";"0,0";"1,0";"0,0";"";"";"";"";"";"";"";"";"";"";"";""
"202406633,0";"2024-03-13";"03:15:00";"COM VÍTIMA";"FINALIZADA";"JARDIM SAO PAULO";"RUA LEANDRO BARRETO";"692";"";"";"JARDIM SAO PAULO";"";"";"COLISÃO COM CICLISTA";"0,0";"0,0";"0,0";"1,0";"0,0";"1,0";"0,0";"0,0";"0,0";"1,0";"0,0";"";"";"";"";"";"";"";"";"";"";"";""
"202406636,0";"2024-03-13";"03:27:00";"SEM VÍTIMA";"FINALIZADA";"PAISSANDU";"AV GOVERNADOR AGAMENON MAGALHAES";"";"";"EM FRENTE AO HOSPITAL PORTUGUÊS";"PAISSANDU";"";"SUBURBIO";"COLISÃO TRASEIRA";"1,0";"0,0";"0,0";"0,0";"0,0";"0,0";"0,0";"1,0";"0,0";"0,0";"0,0";"";"";"";"";"";"";"";"";"";"";"";""
"202406651,0";"2024-03-13";"06:56:00";"COM VÍTIMA";"CANCELADA";"PINA";"RUA JOSE RODRIGUES";"1350";"";"IGREJA DOS CAPUCHINHOS";"PINA";"";"";"COLISÃO LATERAL";"0,0";"1,0";"0,0";"0,0";"0,0";"0,0";"0,0";"0,0";"0,0";"1,0";"0,0";"";"";"";"";"";"";"";"";"";"";"";""
"202406658,0";"2024-03-13";"10:38:00";"COM VÍTIMA";"FINALIZADA";"CORDEIRO";"RUA GOMES TABORDA";"";"EST DO FORTE DO ARRAIAL N. DO B. JESUS";"";"CORDEIRO";"";"";"COLISÃO LATERAL";"1,0";"1,0";"0,0";"0,0";"0,0";"0,0";"0,0";"0,0";"0,0";"1,0";"0,0";"";"";"";"";"";"";"";"";"";"";"";""
"202406665,0";"2024-03-14";"04:29:00";"SEM VÍTIMA";"FINALIZADA";"IBURA";"AV DOIS RIOS";"";"LAD DA COHAB";"SEMAFORO 707";"IBURA";"707,0";"";"CHOQUE";"0,0";"0,0";"0,0";"0,0";"0,0";"0,0";"0,0";"0,0";"0,0";"0,0";"0,0";"";"";"";"";"";"";"";"";"";"";"";""
"202406684,0";"2024-03-14";"07:55:00";"COM VÍTIMA";"FINALIZADA";"IPUTINGA";"AV CAXANGA";"";"";"EM FRENTE A AUTO ESCOLA PILOTO E A PARADA DO BRT";"IPUTINGA";"";"";"COLISÃO LATERAL";"0,0";"1,0";"0,0";"0,0";"0,0";"0,0";"0,0";"0,0";"0,0";"1,0";"0,0";"";"";"";"";"";"";"";"";"";"";"";""
"202406686,0";"2024-03-14";"08:04:00";"COM VÍTIMA";"FINALIZADA";"MADALENA";"RUA JOSE OSORIO";"";"";"PROX. A GT VEICULOS E ZEUS MULTIMARCAS";"MADALENA";"";"";"COLISÃO LATERAL";"0,0";"1,0";"0,0";"0,0";"0,0";"0,0";"0,0";"0,0";"0,0";"1,0";"0,0";"";"";"";"";"";"";"";"";"";"";"";""
"202406697,0";"2024-03-14";"09:41:00";"COM VÍTIMA";"FINALIZADA";"BOA VISTA";"AV CONDE DA BOA VISTA";"";"";"EM FRENTE A DEFENSORIA PUBLICA";"BOA VISTA";"682,0";"";"COLISÃO TRASEIRA";"0,0";"1,0";"0,0";"0,0";"0,0";"1,0";"0,0";"0,0";"0,0";"1,0";"0,0";"";"";"";"";"";"";"";"";"";"";"";""
"202406700,0";"2024-03-14";"09:48:00";"COM VÍTIMA";"FINALIZADA";"JOANA BEZERRA";"VIADUTO CAPITAO TEMUDO";"106";"";"EM CIMA DO VIADUTO CAPITÃO TEMUDO";"JOANA BEZERRA";"";"";"COLISÃO";"0,0";"1,0";"0,0";"0,0";"0,0";"0,0";"0,0";"0,0";"0,0";"1,0";"0,0";"";"";"";"";"";"";"";"";"";"";"";""
"202406702,0";"2024-03-14";"10:24:00";"COM VÍTIMA";"FINALIZADA";"IMBIRIBEIRA";"AV MARECHAL MASCARENHAS DE MORAES";"";"";"EM FRENTE AO ESTADIO DO GERALDÃO";"IMBIRIBEIRA";"";"";"COLISÃO";"0,0";"1,0";"0,0";"0,0";"0,0";"0,0";"0,0";"0,0";"0,0";"1,0";"0,0";"";"";"";"";"";"";"";"";"";"";"";""
"202406712,0";"2024-03-14";"11:02:00";"COM VÍTIMA";"FINALIZADA";"IMBIRIBEIRA";"AV MARECHAL MASCARENHAS DE MORAES";"";"";"EM FRENTE A MADER CENTER SENTIDO BOA VIAGEM";"IMBIRIBEIRA";"";"";"COLISÃO";"0,0";"1,0";"0,0";"0,0";"0,0";"0,0";"0,0";"0,0";"0,0";"1,0";"0,0";"";"";"";"";"";"";"";"";"";"";"";""
"202406726,0";"2024-03-14";"01:52:00";"COM VÍTIMA";"FINALIZADA";"MADALENA";"RUA BENFICA";"371";"";"COLÉGIO GGE";"MADALENA";"";"";"COLISÃO LATERAL";"0,0";"0,0";"1,0";"0,0";"0,0";"0,0";"0,0";"0,0";"0,0";"1,0";"0,0";"";"";"";"";"";"";"";"";"";"";"";""
"202406728,0";"2024-03-14";"02:00:00";"COM VÍTIMA";"FINALIZADA";"PAISSANDU";"RUA PAISSANDU";"669";"";"ESCRITÓRIO CEMITÉRIO MORADA DA PAZ";"PAISSANDU";"";"";"COLISÃO LATERAL";"0,0";"0,0";"1,0";"0,0";"0,0";"0,0";"0,0";"0,0";"0,0";"1,0";"0,0";"";"";"";"";"";"";"";"";"";"";"";""
"202406741,0";"2024-03-14";"05:14:00";"COM VÍTIMA";"FINALIZADA";"DOIS IRMAOS";"RUA DOIS IRMAOS";"917";"";"LAFEPE";"DOIS IRMAOS";"";"";"COLISÃO LATERAL";"0,0";"1,0";"0,0";"0,0";"0,0";"0,0";"0,0";"0,0";"0,0";"1,0";"0,0";"";"";"";"";"";"";"";"";"";"";"";""
"202406746,0";"2024-03-14";"06:49:00";"COM VÍTIMA";"FINALIZADA";"BOA VIAGEM";"RUA VISCONDE DE JEQUITINHONHA";"7150";"";"CONDOMINIO DA AERONAUTICA";"BOA VIAGEM";"";"";"COLISÃO LATERAL";"0,0";"1,0";"0,0";"0,0";"0,0";"0,0";"0,0";"0,0";"0,0";"1,0";"0,0";"";"";"";"";"";"";"";"";"";"";"";""
"202406755,0";"2024-03-14";"08:22:00";"COM VÍTIMA";"FINALIZADA";"IMBIRIBEIRA";"AV MARECHAL MASCARENHAS DE MORAES";"";"";"EM FRENTE A ASSOCIAÇÃO DE FORNECEDORES DE CANA DE PERNAMBUCO";"IMBIRIBEIRA";"";"";"QUEDA";"0,0";"1,0";"0,0";"0,0";"0,0";"0,0";"0,0";"0,0";"0,0";"1,0";"0,0";"";"";"";"";"";"";"";"";"";"";"";""
"202406757,0";"2024-03-14";"10:21:00";"SEM VÍTIMA";"FINALIZADA";"IMBIRIBEIRA";"PRC MINISTRO SALGADO FILHO";"";"";"NA SUBIDA DA ALÇA DE RETORNO APÓS O AEROPORTO";"IMBIRIBEIRA";"";"SUBURBIO";"CHOQUE";"1,0";"0,0";"0,0";"0,0";"0,0";"0,0";"0,0";"0,0";"0,0";"0,0";"0,0";"";"";"";"";"";"";"";"";"";"";"";""
"202406773,0";"2024-03-15";"07:04:00";"COM VÍTIMA";"FINALIZADA";"IMBIRIBEIRA";"AV MARECHAL MASCARENHAS DE MORAES";"";"";"PROX. A JACAUNA MOVEIS E FACULDADE UNIVERSO";"IMBIRIBEIRA";"";"";"COLISÃO LATERAL";"2,0";"0,0";"0,0";"0,0";"0,0";"0,0";"0,0";"0,0";"0,0";"1,0";"0,0";"";"";"";"";"";"";"";"";"";"";"";""
"202406774,0";"2024-03-15";"07:13:00";"COM VÍTIMA";"FINALIZADA";"CAMPO GRANDE";"RUA BONINA";"";"";"PROX. AO CANAL DO ARRUDA, POSTO DE SAUDE SANTO ANTONIO E POSTO DISLUB";"CAMPO GRANDE";"";"";"COLISÃO LATERAL";"0,0";"1,0";"0,0";"0,0";"0,0";"0,0";"0,0";"0,0";"0,0";"1,0";"0,0";"";"";"";"";"";"";"";"";"";"";"";""
"202406775,0";"2024-03-15";"07:18:00";"SEM VÍTIMA";"FINALIZADA";"PARNAMIRIM";"RUA JOAO TUDE DE MELO";"";"";"PRÓXIMO A RUA VIRGÍNIA LORETO";"PARNAMIRIM";"";"SUBURBIO";"COLISÃO";"0,0";"0,0";"0,0";"0,0";"0,0";"0,0";"0,0";"0,0";"0,0";"0,0";"0,0";"";"";"";"";"";"";"";"";"";"";"";""
"202406782,0";"2024-03-15";"07:59:00";"COM VÍTIMA";"FINALIZADA";"ESTANCIA";"RUA MADRESSILVA";"49";"";"AO LADO DO RESTAURANTE BODE DO NÔ";"ESTANCIA";"";"";"COLISÃO LATERAL";"1,0";"1,0";"0,0";"0,0";"0,0";"0,0";"0,0";"0,0";"0,0";"2,0";"0,0";"";"";"";"";"";"";"";"";"";"";"";""
"202406792,0";"2024-03-15";"09:01:00";"COM VÍTIMA";"FINALIZADA";"BOA VIAGEM";"RUA BARAO DE SOUZA LEAO";"";"";"EM FRENTE A PRAÇA E IGREJA DE BOA VIAGEM";"BOA VIAGEM";"";"";"COLISÃO LATERAL";"0,0";"1,0";"0,0";"0,0";"0,0";"0,0";"0,0";"0,0";"0,0";"1,0";"0,0";"";"";"";"";"";"";"";"";"";"";"";""
"202406802,0";"2024-03-15";"09:38:00";"COM VÍTIMA";"FINALIZADA";"CAMPO GRANDE";"RUA ODORICO MENDES";"126";"";"";"CAMPO GRANDE";"";"";"COLISÃO";"1,0";"1,0";"0,0";"0,0";"0,0";"0,0";"0,0";"0,0";"0,0";"1,0";"0,0";"";"";"";"";"";"";"";"";"";"";"";""
"202406805,0";"2024-03-15";"09:50:00";"COM VÍTIMA";"DUPLICIDADE";"CAMPO GRANDE";"RUA ODORICO MENDES";"";"";"APOS O CLUBE DAS PAZ SENTIDO SUBURBIO";"CAMPO GRANDE";"";"";"COLISÃO";"0,0";"1,0";"0,0";"0,0";"0,0";"0,0";"0,0";"0,0";"0,0";"1,0";"0,0";"";"";"";"";"";"";"";"";"";"";"";""
"202406809,0";"2024-03-15";"10:23:00";"COM VÍTIMA";"DUPLICIDADE";"CAMPO GRANDE";"RUA ODORICO MENDES";"";"";"APOS O CLUBE DAS PAS";"CAMPO GRANDE";"";"";"COLISÃO LATERAL";"0,0";"1,0";"0,0";"0,0";"0,0";"0,0";"0,0";"0,0";"0,0";"1,0";"0,0";"";"";"";"";"";"";"";"";"";"";"";""
"202406814,0";"2024-03-15";"10:58:00";"COM VÍTIMA";"FINALIZADA";"ENCRUZILHADA";"AV BEBERIBE";"";"";"";"ENCRUZILHADA";"";"";"COLISÃO";"1,0";"0,0";"0,0";"0,0";"0,0";"1,0";"0,0";"0,0";"0,0";"1,0";"0,0";"";"";"";"";"";"";"";"";"";"";"";""
"202406823,0";"2024-03-15";"12:21:00";"COM VÍTIMA";"DUPLICIDADE";"MADALENA";"RUA JOSE OSORIO";"";"";"EM FRENTE A RM EXPRESS";"MADALENA";"";"";"COLISÃO";"0,0";"1,0";"0,0";"0,0";"0,0";"0,0";"0,0";"0,0";"0,0";"1,0";"0,0";"";"";"";"";"";"";"";"";"";"";"";""
"202406829,0";"2024-03-15";"12:47:00";"COM VÍTIMA";"FINALIZADA";"MADALENA";"RUA JOSE OSORIO";"";"";"AO LADO DO POSTO PETROBRAS";"MADALENA";"";"";"COLISÃO LATERAL";"1,0";"1,0";"0,0";"0,0";"0,0";"0,0";"0,0";"0,0";"0,0";"1,0";"0,0";"";"";"";"";"";"";"";"";"";"";"";""
"202406848,0";"2024-03-15";"04:17:00";"SEM VÍTIMA";"FINALIZADA";"JARDIM SAO PAULO";"AV RECIFE";"";"RUA NOSSA SENHORA DE FATIMA";"EM FRENTE AO POSTO SHEL";"JARDIM SAO PAULO";"";"";"COLISÃO";"0,0";"0,0";"0,0";"0,0";"0,0";"0,0";"0,0";"0,0";"0,0";"0,0";"0,0";"";"";"";"";"";"";"";"";"";"";"";""
"202406859,0";"2024-03-15";"05:06:00";"COM VÍTIMA";"FINALIZADA";"IPUTINGA";"AV CAXANGA";"2618";"";"POSTO DE GASOLINA BR";"IPUTINGA";"";"";"COLISÃO LATERAL";"1,0";"1,0";"0,0";"0,0";"0,0";"0,0";"0,0";"0,0";"0,0";"1,0";"0,0";"";"";"";"";"";"";"";"";"";"";"";""
"202406860,0";"2024-03-15";"05:12:00";"COM VÍTIMA";"FINALIZADA";"CAXANGA";"AV CAXANGA";"";"";"NA FAIXA DO BRT E/F A LOJA RANCHO ALEGRE  S/T  SUB";"CAXANGA";"";"";"COLISÃO LATERAL";"0,0";"2,0";"0,0";"0,0";"0,0";"0,0";"0,0";"0,0";"0,0";"2,0";"0,0";"";"";"";"";"";"";"";"";"";"";"";""
"202406865,0";"2024-03-15";"06:04:00";"COM VÍTIMA";"FINALIZADA";"JOANA BEZERRA";"AV CENTRAL";"";"";"AACD";"JOANA BEZERRA";"";"";"COLISÃO LATERAL";"0,0";"1,0";"0,0";"0,0";"0,0";"0,0";"0,0";"0,0";"0,0";"1,0";"0,0";"";"";"";"";"";"";"";"";"";"";"";""
"202406878,0";"2024-03-15";"07:15:00";"SEM VÍTIMA";"CANCELADA";"VARZEA";"AV AFONSO OLINDENSE";"1394";"";"PROXIMO A FARMÁCIA PAGUE MENOS";"VARZEA";"";"";"COLISÃO";"0,0";"0,0";"0,0";"0,0";"0,0";"0,0";"0,0";"0,0";"0,0";"0,0";"0,0";"";"";"";"";"";"";"";"";"";"";"";""
"202406879,0";"2024-03-15";"08:13:00";"SEM VÍTIMA";"CANCELADA";"VARZEA";"RUA TIGUASSU";"52";"";"PRÓXIMOA O CAMPO DA BREGUE CHIQUE";"VARZEA";"";"";"CHOQUE";"1,0";"1,0";"0,0";"0,0";"0,0";"0,0";"0,0";"0,0";"0,0";"0,0";"0,0";"";"";"";"";"";"";"";"";"";"";"";""
"202406885,0";"2024-03-15";"10:07:00";"SEM VÍTIMA";"FINALIZADA";"SANTO ANTONIO";"RUA DO ROSARIO";"";"";"AO LADO DAS LOJAS CATTAN";"SANTO ANTONIO";"";"CIDADE";"CHOQUE";"1,0";"0,0";"0,0";"0,0";"0,0";"0,0";"0,0";"0,0";"0,0";"0,0";"0,0";"";"";"";"";"";"";"";"";"";"";"";""
"202406886,0";"2024-03-15";"11:26:00";"COM VÍTIMA";"FINALIZADA";"DOIS UNIDOS";"AV HILDEBRANDO DE VASCONCELOS";"316A";"";"PRÓXIMO À PADARIA PAN ESTRELANÇA NA CURVA DE DOIS UNIDOS";"DOIS UNIDOS";"";"";"COLISÃO TRANSVERSAL";"0,0";"1,0";"0,0";"0,0";"0,0";"1,0";"0,0";"0,0";"0,0";"1,0";"0,0";"";"";"";"";"";"";"";"";"";"";"";""
"202406918,0";"2024-03-16";"07:54:00";"COM VÍTIMA";"FINALIZADA";"BOA VIAGEM";"RUA COSMORAMA";"805";"";"AO LADO DO MONTEBELO DISTRIBUIDORA  DE MEDICAMENTOS / PROX AO COLEGIO MADRE DE DEUS / PROX AO ANTIGO CLUBE DAS AGUIAS";"BOA VIAGEM";"";"";"COLISÃO";"0,0";"1,0";"0,0";"0,0";"0,0";"0,0";"0,0";"0,0";"0,0";"1,0";"0,0";"";"";"";"";"";"";"";"";"";"";"";""
"202406923,0";"2024-03-16";"08:00:00";"COM VÍTIMA";"FINALIZADA";"PINA";"AV ANTONIO DE GOES";"";"";"EM FRENTE A PRF";"PINA";"";"";"ATROPELAMENTO DE PESSOA";"0,0";"0,0";"0,0";"0,0";"1,0";"1,0";"0,0";"0,0";"0,0";"1,0";"0,0";"";"";"";"";"";"";"";"";"";"";"";""
"202406929,0";"2024-03-16";"10:03:00";"COM VÍTIMA";"CANCELADA";"ARRUDA";"RUA ZEFERINO AGRA";"52";"";"APÓS O CAMPO DO SANTA CRUZ  / ANTES DO CENTRO DE ÁGUA FRIA";"ARRUDA";"";"";"COLISÃO";"0,0";"1,0";"0,0";"0,0";"0,0";"0,0";"0,0";"0,0";"0,0";"1,0";"0,0";"";"";"";"";"";"";"";"";"";"";"";""
"202406939,0";"2024-03-16";"12:14:00";"SEM VÍTIMA";"FINALIZADA";"BOA VIAGEM";"RUA WALDEMAR NERY CARNEIRO MONTEIRO";"";"RUA COPACABANA";"PROX A PADARIA SETUBAL";"BOA VIAGEM";"";"";"COLISÃO FRONTAL";"2,0";"0,0";"0,0";"0,0";"0,0";"0,0";"0,0";"0,0";"0,0";"0,0";"0,0";"";"";"";"";"";"";"";"";"";"";"";""
"202406956,0";"2024-03-16";"02:47:00";"SEM VÍTIMA";"FINALIZADA";"AFOGADOS";"EST DOS REMEDIOS";"";"";"DEPOIS DO TODO DIA  NA SAIDA DO METRÔ DE AFOGADOS";"AFOGADOS";"";"SUBURBIO";"COLISÃO LATERAL";"2,0";"0,0";"0,0";"0,0";"0,0";"0,0";"0,0";"0,0";"0,0";"0,0";"0,0";"";"";"";"";"";"";"";"";"";"";"";""
"202406967,0";"2024-03-16";"06:42:00";"COM VÍTIMA";"FINALIZADA";"TORREAO";"AV NORTE MIGUEL ARRAES DE ALENCAR";"2392";"";"PROX A FERREIRA MOTO PEÇAS E AUTO PEÇAS GUILHERME";"TORREAO";"";"";"COLISÃO";"0,0";"1,0";"0,0";"0,0";"0,0";"0,0";"0,0";"0,0";"0,0";"1,0";"0,0";"";"";"";"";"";"";"";"";"";"";"";""
"202406976,0";"2024-03-16";"11:38:00";"COM VÍTIMA";"FINALIZADA";"TORRE";"RUA VERMELHA";"";"RUA JOSE BONIFACIO";"ATRÁS DO ATACADO DOS PRESENTES";"TORRE";"";"";"COLISÃO";"0,0";"2,0";"0,0";"0,0";"0,0";"0,0";"0,0";"0,0";"0,0";"2,0";"0,0";"";"";"";"";"";"";"";"";"";"";"";""
"202406977,0";"2024-03-17";"12:33:00";"COM VÍTIMA";"FINALIZADA";"SANTO AMARO";"AV CRUZ CABUGA";"";"";"EM FRENTE A IGREJA UNIVERSAL";"SANTO AMARO";"";"";"CHOQUE";"1,0";"0,0";"0,0";"0,0";"0,0";"0,0";"0,0";"0,0";"0,0";"1,0";"0,0";"";"";"";"";"";"";"";"";"";"";"";""
"202406978,0";"2024-03-17";"12:50:00";"COM VÍTIMA";"FINALIZADA";"BOA VIAGEM";"RUA JOSE MARIA DE MIRANDA";"";"AV ENGENHEIRO DOMINGOS FERREIRA";"EM FRENTE AO BAR DO PAULINHO";"BOA VIAGEM";"";"";"COLISÃO TRASEIRA";"1,0";"1,0";"0,0";"0,0";"0,0";"0,0";"0,0";"0,0";"0,0";"1,0";"0,0";"";"";"";"";"";"";"";"";"";"";"";""
"202406982,0";"2024-03-17";"05:25:00";"COM VÍTIMA";"FINALIZADA";"VARZEA";"AV CAXANGA";"";"AV JOAQUIM RIBEIRO";"EM FRENTE A UPA DA CAXANGÁ";"VARZEA";"";"";"COLISÃO";"0,0";"1,0";"0,0";"0,0";"0,0";"1,0";"0,0";"0,0";"0,0";"1,0";"0,0";"";"";"";"";"";"";"";"";"";"";"";""