"Protocolo";"data";"hora";"natureza";"situacao";"bairro";"endereco";"numero";"detalhe_endereco_acidente";"complemento";"bairro_cruzamento";"num_semaforo";"sentido_via";"tipo";"auto";"moto";"ciclom";"ciclista";"pedestre";"onibus";"caminhao";"viatura";"outros";"vitimas";"vitimasfatais";"acidente_verificado";"tempo_clima";"situacao_semaforo";"sinalizacao";"condicao_via";"conservacao_via";"ponto_controle";"situacao_placa";"velocidade_max_via";"mao_direcao";"divisao_via1";"divisao_via2"
"202407008,0";"2024-03-17";"10:05:00";"COM VÍTIMA";"FINALIZADA";"TORROES";"AV ENGENHEIRO ABDIAS DE CARVALHO";"";"";"PROX A UPA DOS TORROES";"TORROES";"";"";"COLISÃO";"0,0";"1,0";"0,0";"0,0";"0,0";"0,0";"0,0";"0,0";"0,0";"1,0";"0,0";"";"";"";"";"";"";"";"";"";"";"";""
"202407020,0";"2024-03-17";"12:01:00";"COM VÍTIMA";"FINALIZADA";"VARZEA";"RUA CONEGO JOSE FERNANDES MACHADO";"";"";"PROX AO POSTO DE SAUDE E AO TERMINAL DA ROSA SELVAGEM";"VARZEA";"";"";"COLISÃO";"0,0";"1,0";"0,0";"0,0";"0,0";"0,0";"0,0";"0,0";"0,0";"1,0";"0,0";"";"";"";"";"";"";"";"";"";"";"";""
"202407021,0";"2024-03-17";"12:07:00";"COM VÍTIMA";"FINALIZADA";"BOA VIAGEM";"AV BOA VIAGEM";"2128";"";"EM FRENTE AO EDIFICIO ILHA BELA SEGUNDO JARDIM";"BOA VIAGEM";"";"";"COLISÃO";"1,0";"1,0";"0,0";"0,0";"0,0";"0,0";"0,0";"0,0";"0,0";"1,0";"0,0";"";"";"";"";"";"";"";"";"";"";"";""
"202407037,0";"2024-03-17";"04:17:00";"COM VÍTIMA";"FINALIZADA";"VASCO DA GAMA";"RUA PIRIZAL";"290";"";"BARRACA DE NEM";"VASCO DA GAMA";"";"";"COLISÃO LATERAL";"0,0";"1,0";"0,0";"0,0";"0,0";"0,0";"0,0";"0,0";"0,0";"1,0";"0,0";"";"";"";"";"";"";"";"";"";"";"";""
"202407038,0";"2024-03-17";"04:32:00";"SEM VÍTIMA";"FINALIZADA";"BOA VISTA";"PTE DUARTE COELHO";"";"";"";"BOA VISTA";"";"";"COLISÃO";"1,0";"0,0";"0,0";"0,0";"0,0";"1,0";"0,0";"0,0";"0,0";"0,0";"0,0";"";"";"";"";"";"";"";"";"";"";"";""
"202407040,0";"2024-03-17";"04:32:00";"COM VÍTIMA";"FINALIZADA";"IMBIRIBEIRA";"RUA ANTONIO FALCAO";"438";"";"EDF MARIA EMILIA";"IMBIRIBEIRA";"";"";"COLISÃO LATERAL";"0,0";"1,0";"0,0";"0,0";"0,0";"0,0";"0,0";"0,0";"0,0";"1,0";"0,0";"";"";"";"";"";"";"";"";"";"";"";""
"202407052,0";"2024-03-17";"06:11:00";"COM VÍTIMA";"FINALIZADA";"BOA VISTA";"RUA GERVASIO PIRES";"480";"";"SHOPPING BOA VISTA";"BOA VISTA";"";"";"COLISÃO LATERAL";"0,0";"1,0";"0,0";"0,0";"0,0";"0,0";"0,0";"0,0";"0,0";"1,0";"0,0";"";"";"";"";"";"";"";"";"";"";"";""
"202407062,0";"2024-03-17";"10:43:00";"SEM VÍTIMA";"FINALIZADA";"GRACAS";"RUA DO CUPIM";"37";"";"CONFRARIA DA BARBA";"GRACAS";"";"CIDADE";"CHOQUE";"2,0";"0,0";"0,0";"0,0";"0,0";"0,0";"0,0";"0,0";"0,0";"0,0";"0,0";"";"";"";"";"";"";"";"";"";"";"";""
"202407071,0";"2024-03-18";"05:58:00";"COM VÍTIMA";"FINALIZADA";"VARZEA";"RUA MARIO CAMPELO";"";"RUA JOAO FRANCISCO LISBOA";"AO LADO RESIDENCIAL MORADA VERDE";"VARZEA";"";"";"COLISÃO LATERAL";"0,0";"2,0";"0,0";"0,0";"0,0";"0,0";"0,0";"0,0";"0,0";"2,0";"0,0";"";"";"";"";"";"";"";"";"";"";"";""
"202407088,0";"2024-03-18";"07:35:00";"COM VÍTIMA";"FINALIZADA";"SAO JOSE";"RUA IMPERIAL";"";"";"NA DESCIDA DA PONTE, NO VIADUTO SENT. AFOGADOS";"SAO JOSE";"";"";"COLISÃO LATERAL";"0,0";"1,0";"0,0";"0,0";"0,0";"0,0";"0,0";"0,0";"0,0";"1,0";"0,0";"";"";"";"";"";"";"";"";"";"";"";""
"202407096,0";"2024-03-18";"08:44:00";"COM VÍTIMA";"FINALIZADA";"BOA VISTA";"AV GOVERNADOR AGAMENON MAGALHAES";"";"RUA DR LEOPOLDO LINS";"EM FRENTE A CAIXA ECONOMICA";"BOA VISTA";"78,0";"";"COLISÃO COM CICLISTA";"1,0";"0,0";"0,0";"1,0";"0,0";"0,0";"0,0";"0,0";"0,0";"1,0";"0,0";"";"";"";"";"";"";"";"";"";"";"";""
"202407101,0";"2024-03-18";"09:22:00";"SEM VÍTIMA";"FINALIZADA";"SANTO AMARO";"AV GOVERNADOR AGAMENON MAGALHAES";"";"";"EM FRENTE TRT ( MINISTÉRIO DO TRABALHO)";"SANTO AMARO";"";"";"COLISÃO TRASEIRA";"0,0";"0,0";"0,0";"0,0";"0,0";"1,0";"0,0";"1,0";"0,0";"0,0";"0,0";"";"";"";"";"";"";"";"";"";"";"";""
"202407104,0";"2024-03-18";"09:44:00";"COM VÍTIMA";"FINALIZADA";"AFOGADOS";"RUA SAO MIGUEL";"1285";"";"CENTRAL DO CIMENTO / PROX AO BODE DO NO";"AFOGADOS";"";"";"COLISÃO";"0,0";"1,0";"0,0";"0,0";"0,0";"0,0";"1,0";"0,0";"0,0";"1,0";"0,0";"";"";"";"";"";"";"";"";"";"";"";""
"202407107,0";"2024-03-18";"10:20:00";"COM VÍTIMA";"FINALIZADA";"TORRE";"RUA JOSE BONIFACIO";"";"";"EM FRENTE A ATACADO DOS PRESENTES";"TORRE";"";"";"COLISÃO LATERAL";"0,0";"1,0";"0,0";"0,0";"0,0";"0,0";"0,0";"0,0";"0,0";"1,0";"0,0";"";"";"";"";"";"";"";"";"";"";"";""
"202407113,0";"2024-03-18";"10:43:00";"COM VÍTIMA";"FINALIZADA";"AREIAS";"AV DR JOSE RUFINO";"";"RUA SAO MIGUEL";"PROX A BEZERRA REBOQUER PROX AO POSTO DE GASOLINA IPIRANGA";"AREIAS";"";"";"COLISÃO";"1,0";"1,0";"0,0";"0,0";"0,0";"0,0";"0,0";"0,0";"0,0";"1,0";"0,0";"";"";"";"";"";"";"";"";"";"";"";""
"202407125,0";"2024-03-18";"12:08:00";"COM VÍTIMA";"FINALIZADA";"AREIAS";"RUA SAO MIGUEL";"2149";"";"EM FRENTE A BIZERRA REBOQUE";"AREIAS";"";"";"COLISÃO TRASEIRA";"1,0";"1,0";"0,0";"0,0";"0,0";"0,0";"0,0";"0,0";"0,0";"1,0";"0,0";"";"";"";"";"";"";"";"";"";"";"";""
"202407127,0";"2024-03-18";"12:39:00";"SEM VÍTIMA";"FINALIZADA";"DERBY";"RUA JORNALISTA PAULO BITTENCOURT";"";"";"AO LADO DA RESTAURAÇÃO";"DERBY";"";"";"COLISÃO";"1,0";"1,0";"0,0";"0,0";"0,0";"0,0";"0,0";"0,0";"0,0";"0,0";"0,0";"";"";"";"";"";"";"";"";"";"";"";""
"202407128,0";"2024-03-18";"12:42:00";"COM VÍTIMA";"FINALIZADA";"TORROES";"AV ENGENHEIRO ABDIAS DE CARVALHO";"5981";"";"PROXIMO A BIG CAR/ SENTIDO BR";"TORROES";"";"";"COLISÃO";"0,0";"1,0";"0,0";"0,0";"0,0";"0,0";"0,0";"0,0";"0,0";"1,0";"0,0";"";"";"";"";"";"";"";"";"";"";"";""
"202407131,0";"2024-03-18";"12:57:00";"COM VÍTIMA";"FINALIZADA";"PINA";"AVENIDA CELSO FURTADO (VIA MANGUE)";"";"";"PROX AO SHOPPING RIOMAR NA SUBIDA DA VIA MANGUE";"PINA";"";"";"COLISÃO LATERAL";"1,0";"1,0";"0,0";"0,0";"0,0";"0,0";"0,0";"0,0";"0,0";"1,0";"0,0";"";"";"";"";"";"";"";"";"";"";"";""
"202407133,0";"2024-03-18";"01:43:00";"COM VÍTIMA";"FINALIZADA";"AGUA FRIA";"AV BEBERIBE";"";"";"EM FRENTE A HORT FRUT E SELECTA ALIMENTOS";"AGUA FRIA";"";"";"COLISÃO";"0,0";"1,0";"0,0";"0,0";"0,0";"0,0";"0,0";"0,0";"0,0";"1,0";"0,0";"";"";"";"";"";"";"";"";"";"";"";""
"202407135,0";"2024-03-18";"01:46:00";"COM VÍTIMA";"FINALIZADA";"BOA VIAGEM";"RUA JOAO CARDOSO AIRES";"";"RUA WALDEMAR NERY CARNEIRO MONTEIRO";"AO LADO DA PADARIA SEMENTE DO TRIGO";"BOA VIAGEM";"";"";"COLISÃO FRONTAL";"1,0";"1,0";"0,0";"0,0";"0,0";"0,0";"0,0";"0,0";"0,0";"1,0";"0,0";"";"";"";"";"";"";"";"";"";"";"";""
"202407142,0";"2024-03-18";"03:01:00";"COM VÍTIMA";"FINALIZADA";"SANTO AMARO";"AV NORTE MIGUEL ARRAES DE ALENCAR";"685";"";"PROXIMO AO SENAI";"SANTO AMARO";"";"CIDADE";"ATROPELAMENTO DE PESSOA";"0,0";"0,0";"0,0";"0,0";"1,0";"0,0";"0,0";"0,0";"0,0";"1,0";"0,0";"";"";"";"";"";"";"";"";"";"";"";""
"202407155,0";"2024-03-18";"06:43:00";"SEM VÍTIMA";"FINALIZADA";"ALTO JOSE BONIFACIO";"RUA VISCONDE DE SA BANDEIRA";"90";"";"EM FRENTE AO Nº 90";"ALTO JOSE BONIFACIO";"";"";"CHOQUE";"0,0";"0,0";"0,0";"0,0";"0,0";"0,0";"0,0";"1,0";"0,0";"0,0";"0,0";"";"";"";"";"";"";"";"";"";"";"";""
"202407157,0";"2024-03-18";"06:49:00";"COM VÍTIMA";"FINALIZADA";"IPUTINGA";"EST DO BARBALHO";"284";"";"POR TRÁS DO SUPERERCADO MIX MATHEUS";"IPUTINGA";"";"";"COLISÃO LATERAL";"1,0";"1,0";"0,0";"0,0";"0,0";"0,0";"0,0";"0,0";"0,0";"1,0";"0,0";"";"";"";"";"";"";"";"";"";"";"";""
"202407165,0";"2024-03-19";"02:43:00";"COM VÍTIMA";"FINALIZADA";"DERBY";"AV GOVERNADOR AGAMENON MAGALHAES";"";"PRC PARQUE AMORIM";"";"DERBY";"";"";"COLISÃO";"0,0";"1,0";"0,0";"0,0";"1,0";"0,0";"0,0";"0,0";"0,0";"1,0";"0,0";"";"";"";"";"";"";"";"";"";"";"";""
"202407171,0";"2024-03-19";"06:05:00";"COM VÍTIMA";"FINALIZADA";"MADALENA";"RUA GALVAO RAPOSO";"";"";"PROX. A SEGURANÇA ELETRONICA RSAT";"MADALENA";"";"";"COLISÃO LATERAL";"0,0";"1,0";"0,0";"0,0";"0,0";"0,0";"0,0";"0,0";"0,0";"1,0";"0,0";"";"";"";"";"";"";"";"";"";"";"";""
"202407185,0";"2024-03-19";"07:41:00";"SEM VÍTIMA";"FINALIZADA";"SAO JOSE";"AV MARTINS DE BARROS";"";"";"EM FRENTE AO BANCO ITAU / PROX A PONTE MAURICIO DE NASSAU";"SAO JOSE";"";"";"COLISÃO LATERAL";"0,0";"1,0";"0,0";"0,0";"0,0";"0,0";"0,0";"1,0";"0,0";"0,0";"0,0";"";"";"";"";"";"";"";"";"";"";"";""
"202407186,0";"2024-03-19";"08:07:00";"COM VÍTIMA";"FINALIZADA";"SANTO AMARO";"AV GOVERNADOR AGAMENON MAGALHAES";"";"";"PROX. A ANTIGA FABRICA TACARUNA, APOS O CLASSIC HALL";"SANTO AMARO";"";"";"COLISÃO LATERAL";"0,0";"1,0";"0,0";"0,0";"0,0";"0,0";"0,0";"0,0";"0,0";"1,0";"0,0";"";"";"";"";"";"";"";"";"";"";"";""
"202407187,0";"2024-03-19";"07:44:00";"COM VÍTIMA";"FINALIZADA";"SANTO AMARO";"AV CRUZ CABUGA";"";"";"PROX. A IGREJA UNIVERSAL E ASSEMBLEIA DE DEUS";"SANTO AMARO";"";"";"COLISÃO LATERAL";"0,0";"1,0";"0,0";"0,0";"0,0";"0,0";"0,0";"0,0";"0,0";"1,0";"0,0";"";"";"";"";"";"";"";"";"";"";"";""
"202407188,0";"2024-03-19";"08:17:00";"COM VÍTIMA";"FINALIZADA";"SAO JOSE";"AV DANTAS BARRETO";"";"";"NO CRUZAMENTO  DA AV GUARARAPES  COM ESQUINA COM A PRAÇA DO DIARIO";"SAO JOSE";"";"";"COLISÃO";"0,0";"1,0";"0,0";"0,0";"0,0";"0,0";"0,0";"0,0";"0,0";"1,0";"0,0";"";"";"";"";"";"";"";"";"";"";"";""
"202407198,0";"2024-03-19";"09:36:00";"COM VÍTIMA";"FINALIZADA";"DERBY";"AV GOVERNADOR AGAMENON MAGALHAES";"";"AV RUI BARBOSA";"";"DERBY";"37,0";"";"COLISÃO";"1,0";"1,0";"0,0";"0,0";"0,0";"0,0";"0,0";"0,0";"0,0";"1,0";"0,0";"";"";"";"";"";"";"";"";"";"";"";""
"202407204,0";"2024-03-19";"10:34:00";"COM VÍTIMA";"FINALIZADA";"BOA VIAGEM";"AV BOA VIAGEM";"";"";"PROX AO POSTO 07 DE BOMBEIROS /  QUIOSQUE 26";"BOA VIAGEM";"";"";"COLISÃO FRONTAL";"1,0";"0,0";"0,0";"0,0";"1,0";"0,0";"0,0";"0,0";"0,0";"1,0";"0,0";"";"";"";"";"";"";"";"";"";"";"";""
"202407205,0";"2024-03-19";"10:40:00";"SEM VÍTIMA";"FINALIZADA";"CASA FORTE";"RUA VIRGINIA LORETO";"";"AV DEZESSETE DE AGOSTO";"SEMÁFORO 415";"CASA FORTE";"415,0";"CIDADE";"COLISÃO LATERAL";"2,0";"0,0";"0,0";"0,0";"0,0";"0,0";"0,0";"0,0";"0,0";"0,0";"0,0";"";"";"";"";"";"";"";"";"";"";"";""
"202407219,0";"2024-03-19";"12:27:00";"COM VÍTIMA";"FINALIZADA";"CAXANGA";"AV CAXANGA";"";"";"EM FRENTE AO POSTO SHELL E A FIAT ITALIANA DA CAXANGA";"CAXANGA";"";"";"COLISÃO";"0,0";"1,0";"0,0";"0,0";"0,0";"0,0";"0,0";"0,0";"0,0";"1,0";"0,0";"";"";"";"";"";"";"";"";"";"";"";""
"202407221,0";"2024-03-19";"12:43:00";"COM VÍTIMA";"FINALIZADA";"IMBIRIBEIRA";"RUA JOAQUIM BANDEIRA";"";"";"PROX AO IC SEMI NOVOS E ADA LOJA GESSO MACENA";"IMBIRIBEIRA";"";"";"COLISÃO LATERAL";"1,0";"1,0";"0,0";"0,0";"0,0";"0,0";"0,0";"0,0";"0,0";"1,0";"0,0";"";"";"";"";"";"";"";"";"";"";"";""
"202407226,0";"2024-03-19";"02:12:00";"COM VÍTIMA";"FINALIZADA";"SANTO AMARO";"AV GOVERNADOR AGAMENON MAGALHAES";"";"";"NO SEMÁFORO 108 / SENTIDO BOA VIAGEM";"SANTO AMARO";"";"";"COLISÃO LATERAL";"0,0";"2,0";"0,0";"0,0";"0,0";"0,0";"0,0";"0,0";"0,0";"1,0";"0,0";"";"";"";"";"";"";"";"";"";"";"";""
"202407227,0";"2024-03-19";"02:30:00";"COM VÍTIMA";"FINALIZADA";"TEJIPIO";"RUA APRIGIO GUIMARAES";"";"";"PROX AO HOSPITAL OTAVIO DE FREITAS E A PADARIA FABRICA";"TEJIPIO";"";"";"COLISÃO LATERAL";"0,0";"1,0";"0,0";"0,0";"0,0";"0,0";"0,0";"0,0";"0,0";"1,0";"0,0";"";"";"";"";"";"";"";"";"";"";"";""
"202407228,0";"2024-03-19";"02:42:00";"COM VÍTIMA";"FINALIZADA";"CASA FORTE";"RUA DE APIPUCOS";"23";"";"COLÉGIO SILVA JARDIM";"CASA FORTE";"";"";"COLISÃO FRONTAL";"1,0";"1,0";"0,0";"0,0";"0,0";"0,0";"0,0";"0,0";"0,0";"1,0";"0,0";"";"";"";"";"";"";"";"";"";"";"";""
"202407270,0";"2024-03-20";"07:14:00";"COM VÍTIMA";"FINALIZADA";"SANTO AMARO";"AV MARIO MELO";"";"RUA DA FUNDICAO";"PROX AO TRIBUNAL DE CONTAS";"SANTO AMARO";"";"";"COLISÃO TRASEIRA";"1,0";"1,0";"0,0";"0,0";"0,0";"0,0";"0,0";"0,0";"0,0";"1,0";"0,0";"";"";"";"";"";"";"";"";"";"";"";""
"202407272,0";"2024-03-20";"07:21:00";"COM VÍTIMA";"DUPLICIDADE";"SANTO AMARO";"AV MARIO MELO";"";"";"PROX AO TRIBUNAL DE CONTAS";"SANTO AMARO";"";"";"COLISÃO TRASEIRA";"1,0";"1,0";"0,0";"0,0";"0,0";"0,0";"0,0";"0,0";"0,0";"1,0";"0,0";"";"";"";"";"";"";"";"";"";"";"";""
"202407274,0";"2024-03-20";"07:30:00";"COM VÍTIMA";"FINALIZADA";"CAMPO GRANDE";"RUA VISCONDE DE CAIRU";"58";"";"AO LADO DE UNIDADE ACOLHIMENTO JANDIRA MANSUR";"CAMPO GRANDE";"";"";"COLISÃO";"1,0";"1,0";"0,0";"0,0";"0,0";"0,0";"0,0";"0,0";"0,0";"1,0";"0,0";"";"";"";"";"";"";"";"";"";"";"";""
"202407276,0";"2024-03-20";"07:49:00";"COM VÍTIMA";"FINALIZADA";"SANTO AMARO";"AV DR JAYME DA FONTE";"295";"";"PROX A COMPESa. APOS O CAMPO DO 11";"SANTO AMARO";"";"";"COLISÃO LATERAL";"1,0";"1,0";"0,0";"0,0";"0,0";"0,0";"0,0";"0,0";"0,0";"1,0";"0,0";"";"";"";"";"";"";"";"";"";"";"";""
"202407277,0";"2024-03-20";"07:54:00";"COM VÍTIMA";"FINALIZADA";"BEBERIBE";"AV BEBERIBE";"40";"";"REI DO ARRUMADINHO";"BEBERIBE";"";"";"ATROPELAMENTO DE PESSOA";"0,0";"1,0";"0,0";"0,0";"2,0";"0,0";"0,0";"0,0";"0,0";"4,0";"0,0";"";"";"";"";"";"";"";"";"";"";"";""
"202407279,0";"2024-03-20";"08:14:00";"SEM VÍTIMA";"FINALIZADA";"IMBIRIBEIRA";"RUA JULIO VERNE";"60";"";"EM FRENTE AO SINDICATO DOS TAXISTA";"IMBIRIBEIRA";"";"CIDADE";"COLISÃO";"2,0";"0,0";"0,0";"0,0";"0,0";"0,0";"0,0";"0,0";"0,0";"0,0";"0,0";"";"";"";"";"";"";"";"";"";"";"";""
"202407282,0";"2024-03-20";"08:28:00";"COM VÍTIMA";"FINALIZADA";"IMBIRIBEIRA";"PRC MINISTRO SALGADO FILHO";"";"";"AO LADO DO AEROPORTO";"IMBIRIBEIRA";"";"";"COLISÃO LATERAL";"0,0";"1,0";"0,0";"0,0";"0,0";"0,0";"0,0";"1,0";"0,0";"1,0";"0,0";"";"";"";"";"";"";"";"";"";"";"";""
"202407285,0";"2024-03-20";"08:40:00";"COM VÍTIMA";"DUPLICIDADE";"IMBIRIBEIRA";"AV MARECHAL MASCARENHAS DE MORAES";"";"";"NA PRAÇA MINISTRO SALGADO FILHO / EM FRENTE AO AEROPORTO DO RECIFE / SENTIDO PRAZERES";"IMBIRIBEIRA";"";"SUBURBIO";"COLISÃO";"0,0";"1,0";"0,0";"0,0";"0,0";"0,0";"0,0";"0,0";"0,0";"1,0";"0,0";"";"";"";"";"";"";"";"";"";"";"";""
"202407287,0";"2024-03-20";"08:47:00";"COM VÍTIMA";"FINALIZADA";"IPUTINGA";"AV CAXANGA";"";"";"EM FRENTE AO BANCO ITAU / APOS ESTAÇÃO BRT CAIARA";"IPUTINGA";"";"CIDADE";"COLISÃO COM CICLISTA";"0,0";"0,0";"0,0";"1,0";"0,0";"1,0";"0,0";"0,0";"0,0";"1,0";"0,0";"";"";"";"";"";"";"";"";"";"";"";""
"202407290,0";"2024-03-20";"09:07:00";"COM VÍTIMA";"FINALIZADA";"ESPINHEIRO";"RUA DA HORA";"";"";"PROX. AO HOSPITAL DOS SERVIDORES";"ESPINHEIRO";"";"";"COLISÃO LATERAL";"0,0";"1,0";"0,0";"0,0";"0,0";"0,0";"0,0";"0,0";"0,0";"1,0";"0,0";"";"";"";"";"";"";"";"";"";"";"";""
"202407300,0";"2024-03-20";"10:07:00";"COM VÍTIMA";"FINALIZADA";"BOA VIAGEM";"RUA DEZ DE JULHO";"";"RUA BARONESA DE PALMARES";"AO LADO DA OFICINA MECANICA AUTO CAR";"BOA VIAGEM";"";"";"COLISÃO FRONTAL";"2,0";"1,0";"0,0";"0,0";"0,0";"0,0";"0,0";"0,0";"0,0";"2,0";"0,0";"";"";"";"";"";"";"";"";"";"";"";""
"202407330,0";"2024-03-20";"01:21:00";"COM VÍTIMA";"FINALIZADA";"SAO JOSE";"RUA VELHA";"";"";"AO LADO DA CASA DA CULTURA";"SAO JOSE";"";"";"COLISÃO COM CICLISTA";"0,0";"1,0";"0,0";"1,0";"0,0";"0,0";"0,0";"0,0";"0,0";"1,0";"0,0";"";"";"";"";"";"";"";"";"";"";"";""
"202407343,0";"2024-03-20";"03:32:00";"COM VÍTIMA";"CANCELADA";"IMBIRIBEIRA";"AV ANTONIO TORRES GALVAO";"332";"";"PROXIMO A CONCESSIONÁRIA BREMEN";"IMBIRIBEIRA";"";"";"COLISÃO FRONTAL";"0,0";"1,0";"0,0";"0,0";"0,0";"0,0";"0,0";"0,0";"0,0";"1,0";"0,0";"";"";"";"";"";"";"";"";"";"";"";""
"202407344,0";"2024-03-20";"03:41:00";"COM VÍTIMA";"DUPLICIDADE";"BOA VIAGEM";"AV GENERAL MAC ARTHUR";"";"";"E/F A BREMEN  CONCESSIONARIA";"BOA VIAGEM";"";"";"COLISÃO FRONTAL";"1,0";"1,0";"0,0";"0,0";"0,0";"0,0";"0,0";"0,0";"0,0";"1,0";"0,0";"";"";"";"";"";"";"";"";"";"";"";""
"202407345,0";"2024-03-20";"03:52:00";"COM VÍTIMA";"FINALIZADA";"SANTO AMARO";"AV PREFEITO ARTUR LIMA CAVALCANTI";"";"";"POR TRAS DO COLEGIO SOARES DUTRA";"SANTO AMARO";"";"";"ATROPELAMENTO DE PESSOA";"0,0";"1,0";"0,0";"0,0";"1,0";"0,0";"0,0";"0,0";"0,0";"1,0";"0,0";"";"";"";"";"";"";"";"";"";"";"";""
"202407347,0";"2024-03-20";"04:08:00";"COM VÍTIMA";"FINALIZADA";"GRACAS";"RUA AMELIA";"664";"";"NA PONTE DA BEIRA RIO PROX AO POSTO SHEL";"GRACAS";"";"";"COLISÃO LATERAL";"0,0";"1,0";"0,0";"0,0";"0,0";"0,0";"0,0";"0,0";"0,0";"1,0";"0,0";"";"";"";"";"";"";"";"";"";"";"";""
"202407349,0";"2024-03-20";"04:22:00";"COM VÍTIMA";"FINALIZADA";"TORRE";"RUA CONDE DE IRAJA";"";"";"SEMÁFORO 630";"TORRE";"";"";"COLISÃO LATERAL";"1,0";"1,0";"0,0";"0,0";"0,0";"0,0";"0,0";"0,0";"0,0";"1,0";"0,0";"";"";"";"";"";"";"";"";"";"";"";""
"202407351,0";"2024-03-20";"04:35:00";"COM VÍTIMA";"DUPLICIDADE";"TORRE";"RUA JOSE BONIFACIO";"";"";"E/F AO CARREFOUR";"TORRE";"";"";"COLISÃO LATERAL";"1,0";"1,0";"0,0";"0,0";"0,0";"1,0";"0,0";"0,0";"0,0";"1,0";"0,0";"";"";"";"";"";"";"";"";"";"";"";""
"202407356,0";"2024-03-20";"04:52:00";"COM VÍTIMA";"CANCELADA";"BREJO DE BEBERIBE";"AV VEREADOR OTACILIO AZEVEDO";"925";"";"E/F  AO COLEGIO ROTAY";"BREJO DE BEBERIBE";"";"";"COLISÃO LATERAL";"0,0";"1,0";"0,0";"0,0";"0,0";"0,0";"0,0";"0,0";"0,0";"1,0";"0,0";"";"";"";"";"";"";"";"";"";"";"";""
"202407357,0";"2024-03-20";"04:56:00";"COM VÍTIMA";"FINALIZADA";"IBURA";"AV DOIS RIOS";"740";"";"E/F AO POSTO SHEL E  IGREJA ELSHADAY";"IBURA";"";"";"COLISÃO LATERAL";"0,0";"1,0";"0,0";"0,0";"0,0";"0,0";"0,0";"0,0";"0,0";"1,0";"0,0";"";"";"";"";"";"";"";"";"";"";"";""
"202407358,0";"2024-03-20";"04:59:00";"COM VÍTIMA";"FINALIZADA";"BOA VISTA";"RUA DA AURORA";"2904";"";"E?F AO GINASIO PERNAMBUCANO";"BOA VISTA";"";"";"COLISÃO LATERAL";"0,0";"0,0";"0,0";"0,0";"0,0";"0,0";"0,0";"0,0";"0,0";"1,0";"0,0";"";"";"";"";"";"";"";"";"";"";"";""
"202407360,0";"2024-03-20";"05:26:00";"SEM VÍTIMA";"FINALIZADA";"GRACAS";"AV RUI BARBOSA";"1087";"";"EM FRENTE AO COLÉGIO MARISTA";"GRACAS";"305,0";"CIDADE";"COLISÃO LATERAL";"1,0";"0,0";"0,0";"0,0";"0,0";"0,0";"0,0";"1,0";"0,0";"0,0";"0,0";"";"";"";"";"";"";"";"";"";"";"";""
"202407363,0";"2024-03-20";"06:31:00";"COM VÍTIMA";"FINALIZADA";"JOANA BEZERRA";"AV BEIRA RIO";"";"";"ANTES DA PONTE / FORUM JOANA BEZERRA / POR BAIXO DO VIADUTO";"JOANA BEZERRA";"";"";"COLISÃO TRASEIRA";"1,0";"1,0";"0,0";"0,0";"0,0";"0,0";"0,0";"0,0";"0,0";"1,0";"0,0";"";"";"";"";"";"";"";"";"";"";"";""
"202407367,0";"2024-03-20";"07:29:00";"COM VÍTIMA";"FINALIZADA";"CASA AMARELA";"AV NORTE MIGUEL ARRAES DE ALENCAR";"7070";"";"EM FRENTE AO DESKONTÃO";"CASA AMARELA";"";"";"COLISÃO";"0,0";"0,0";"0,0";"1,0";"0,0";"1,0";"0,0";"0,0";"0,0";"1,0";"0,0";"";"";"";"";"";"";"";"";"";"";"";""
"202407387,0";"2024-03-21";"07:40:00";"COM VÍTIMA";"FINALIZADA";"CAXANGA";"AV CAXANGA";"924";"";"PROX A MSK";"CAXANGA";"";"";"ATROPELAMENTO DE PESSOA";"1,0";"0,0";"0,0";"0,0";"1,0";"0,0";"0,0";"0,0";"0,0";"1,0";"0,0";"";"";"";"";"";"";"";"";"";"";"";""
"202407390,0";"2024-03-21";"07:59:00";"COM VÍTIMA";"FINALIZADA";"MACAXEIRA";"RUA DOLORES SALGADO";"";"";"CRUZAMENTO COM AV NORTE AO LADO DO PARQUE DA MACAXEIRA SENTIDO APIPUCOS";"MACAXEIRA";"";"";"COLISÃO";"0,0";"1,0";"0,0";"0,0";"0,0";"0,0";"0,0";"0,0";"0,0";"1,0";"0,0";"";"";"";"";"";"";"";"";"";"";"";""
"202407391,0";"2024-03-21";"08:00:00";"COM VÍTIMA";"FINALIZADA";"IMBIRIBEIRA";"AV MARECHAL MASCARENHAS DE MORAES";"";"";"EM FRENTE A MARTELINHO DE OURO EO MIURO DO AEROPORTO";"IMBIRIBEIRA";"";"";"COLISÃO";"0,0";"1,0";"0,0";"0,0";"0,0";"0,0";"0,0";"0,0";"0,0";"1,0";"0,0";"";"";"";"";"";"";"";"";"";"";"";""