"Protocolo";"data";"hora";"natureza";"situacao";"bairro";"endereco";"numero";"detalhe_endereco_acidente";"complemento";"bairro_cruzamento";"num_semaforo";"sentido_via";"tipo";"auto";"moto";"ciclom";"ciclista";"pedestre";"onibus";"caminhao";"viatura";"outros";"vitimas";"vitimasfatais";"acidente_verificado";"tempo_clima";"situacao_semaforo";"sinalizacao";"condicao_via";"conservacao_via";"ponto_controle";"situacao_placa";"velocidade_max_via";"mao_direcao";"divisao_via1";"divisao_via2"
"202408779,0";"2024-04-06";"05:11:00";"COM VÍTIMA";"FINALIZADA";"COHAB";"AV MATO GROSSO";"1037";"";"PROXIMO A ESCOLA MARIA SAMPAIO DE LUCENA";"COHAB";"";"";"COLISÃO";"0,0";"1,0";"0,0";"0,0";"0,0";"0,0";"0,0";"0,0";"0,0";"1,0";"0,0";"";"";"";"";"";"";"";"";"";"";"";""
"202408802,0";"2024-04-06";"10:43:00";"SEM VÍTIMA";"CANCELADA";"SAN MARTIN";"RUA SANTO ANGELO";"24";"";"";"SAN MARTIN";"";"";"COLISÃO LATERAL";"1,0";"0,0";"0,0";"0,0";"0,0";"0,0";"1,0";"0,0";"0,0";"0,0";"0,0";"";"";"";"";"";"";"";"";"";"";"";""
"202408805,0";"2024-04-07";"04:12:00";"SEM VÍTIMA";"CANCELADA";"BOA VIAGEM";"RUA ANTONIO FALCAO";"";"AV ENGENHEIRO DOMINGOS FERREIRA";"BANCO SANTANDER";"BOA VIAGEM";"";"";"COLISÃO LATERAL";"2,0";"0,0";"0,0";"0,0";"0,0";"0,0";"0,0";"0,0";"0,0";"0,0";"0,0";"";"";"";"";"";"";"";"";"";"";"";""
"202408806,0";"2024-04-07";"04:18:00";"COM VÍTIMA";"FINALIZADA";"BONGI";"AV GENERAL SAN MARTIN";"";"RUA GOMES TABORDA";"ATACAREJO";"BONGI";"";"";"";"1,0";"1,0";"0,0";"0,0";"0,0";"0,0";"0,0";"0,0";"0,0";"1,0";"0,0";"";"";"";"";"";"";"";"";"";"";"";""
"202408816,0";"2024-04-07";"07:17:00";"COM VÍTIMA";"FINALIZADA";"TORRE";"RUA JOSE BONIFACIO";"";"";"EM FRENTE AO CARREFOUR";"TORRE";"";"";"COLISÃO";"1,0";"1,0";"0,0";"0,0";"0,0";"0,0";"0,0";"0,0";"0,0";"1,0";"0,0";"";"";"";"";"";"";"";"";"";"";"";""
"202408819,0";"2024-04-07";"07:59:00";"COM VÍTIMA";"FINALIZADA";"IBURA";"LAD DA COHAB";"397";"";"NA SUBIDA DA LADEIRA DO UR 1/UR 1 ANTES DO COMPAZ IBURA";"IBURA";"";"";"COLISÃO";"0,0";"1,0";"0,0";"0,0";"0,0";"0,0";"0,0";"0,0";"0,0";"1,0";"0,0";"";"";"";"";"";"";"";"";"";"";"";""
"202408824,0";"2024-04-07";"09:51:00";"COM VÍTIMA";"FINALIZADA";"TAMARINEIRA";"AV NORTE MIGUEL ARRAES DE ALENCAR";"";"RUA CONEGO BARATA";"PROX AO FERREIRA COSTA";"TAMARINEIRA";"";"SUBURBIO";"COLISÃO FRONTAL";"2,0";"0,0";"0,0";"0,0";"0,0";"0,0";"0,0";"0,0";"0,0";"1,0";"0,0";"";"";"";"";"";"";"";"";"";"";"";""
"202408826,0";"2024-04-07";"10:16:00";"SEM VÍTIMA";"FINALIZADA";"GRACAS";"AV RUI BARBOSA";"";"";"PRÓX. AO COLÉGIO DAMAS";"GRACAS";"";"CIDADE";"CHOQUE";"1,0";"0,0";"0,0";"0,0";"0,0";"0,0";"0,0";"0,0";"0,0";"0,0";"0,0";"";"";"";"";"";"";"";"";"";"";"";""
"202408829,0";"2024-04-07";"11:28:00";"COM VÍTIMA";"FINALIZADA";"MUSTARDINHA";"AV MANOEL GONCALVES DA LUZ";"";"";"PROX. AO COLEGIO OTHON PARAISO";"MUSTARDINHA";"";"";"COLISÃO LATERAL";"0,0";"1,0";"0,0";"0,0";"0,0";"0,0";"0,0";"0,0";"0,0";"1,0";"0,0";"";"";"";"";"";"";"";"";"";"";"";""
"202408831,0";"2024-04-07";"11:55:00";"COM VÍTIMA";"FINALIZADA";"DERBY";"AV GOVERNADOR AGAMENON MAGALHAES";"";"";"PROX. A RESTAURAÇÃO, SENT. MADALENA";"DERBY";"";"";"COLISÃO LATERAL";"1,0";"1,0";"0,0";"0,0";"0,0";"0,0";"0,0";"0,0";"0,0";"1,0";"0,0";"";"";"";"";"";"";"";"";"";"";"";""
"202408832,0";"2024-04-07";"12:10:00";"COM VÍTIMA";"FINALIZADA";"TORRE";"RUA ARAMACA";"13";"";"VILA SANTA LUZIA PROX A CABELO DA GALINHA";"TORRE";"";"";"COLISÃO";"0,0";"1,0";"0,0";"0,0";"0,0";"0,0";"0,0";"0,0";"0,0";"1,0";"0,0";"";"";"";"";"";"";"";"";"";"";"";""
"202408838,0";"2024-04-07";"01:18:00";"COM VÍTIMA";"FINALIZADA";"SANTO ANTONIO";"RUA DO SOL";"";"AV GUARARAPES";"PROX AO CORREIOS";"SANTO ANTONIO";"14,0";"";"COLISÃO TRASEIRA";"1,0";"1,0";"0,0";"0,0";"0,0";"0,0";"0,0";"0,0";"0,0";"1,0";"0,0";"";"";"";"";"";"";"";"";"";"";"";""
"202408841,0";"2024-04-07";"02:25:00";"COM VÍTIMA";"FINALIZADA";"ENGENHO DO MEIO";"AV PROFESSOR MORAES REGO";"435";"";"EM FRENTE AO HOSPITAL DAS CLINICAS";"ENGENHO DO MEIO";"";"";"COLISÃO";"0,0";"1,0";"0,0";"0,0";"0,0";"0,0";"0,0";"0,0";"0,0";"1,0";"0,0";"";"";"";"";"";"";"";"";"";"";"";""
"202408843,0";"2024-04-07";"02:47:00";"COM VÍTIMA";"FINALIZADA";"CORDEIRO";"AV MARIO ALVARES PEREIRA DE LYRA";"";"";"ESQUINA DO CANAL DO CAVOCO E O  RESIDENCIA MARIA NINA E MARIA  NARA";"CORDEIRO";"";"";"COLISÃO LATERAL";"1,0";"1,0";"0,0";"0,0";"0,0";"0,0";"0,0";"0,0";"0,0";"1,0";"0,0";"";"";"";"";"";"";"";"";"";"";"";""
"202408857,0";"2024-04-07";"07:14:00";"COM VÍTIMA";"FINALIZADA";"SANTO AMARO";"AV DR JAYME DA FONTE";"";"";"PROX AO PREDIO DA COMPESA";"SANTO AMARO";"";"";"";"1,0";"1,0";"0,0";"0,0";"0,0";"0,0";"0,0";"0,0";"0,0";"1,0";"0,0";"";"";"";"";"";"";"";"";"";"";"";""
"202408862,0";"2024-04-07";"10:03:00";"COM VÍTIMA";"FINALIZADA";"JOANA BEZERRA";"VIADUTO CAPITAO TEMUDO";"";"";"ALÇA DE ACESSO AO FORUM DES RODOLFO AURELIANO, SENTIDO OLINDA";"JOANA BEZERRA";"";"";"COLISÃO";"1,0";"1,0";"0,0";"0,0";"0,0";"0,0";"0,0";"0,0";"0,0";"1,0";"0,0";"";"";"";"";"";"";"";"";"";"";"";""
"202408863,0";"2024-04-07";"10:15:00";"SEM VÍTIMA";"FINALIZADA";"BOA VIAGEM";"AV BOA VIAGEM";"4862";"";"EM FRENTE AO EDF. PRAÇA DO MAR";"BOA VIAGEM";"";"CIDADE";"COLISÃO TRASEIRA";"2,0";"1,0";"0,0";"0,0";"0,0";"0,0";"0,0";"0,0";"0,0";"0,0";"0,0";"";"";"";"";"";"";"";"";"";"";"";""
"202408871,0";"2024-04-08";"06:39:00";"COM VÍTIMA";"FINALIZADA";"IBURA";"RUA PERO VAZ DE CAMINHA";"";"RUA VALE DO CARIRI";"TERMINAL DO UR-05";"IBURA";"";"";"COLISÃO LATERAL";"0,0";"1,0";"0,0";"0,0";"0,0";"0,0";"0,0";"0,0";"0,0";"1,0";"0,0";"";"";"";"";"";"";"";"";"";"";"";""
"202408883,0";"2024-04-08";"08:00:00";"SEM VÍTIMA";"FINALIZADA";"MANGABEIRA";"AV PROFESSOR JOSE DOS ANJOS";"3254";"";"";"MANGABEIRA";"";"CIDADE";"COLISÃO LATERAL";"1,0";"0,0";"0,0";"0,0";"0,0";"0,0";"1,0";"0,0";"0,0";"0,0";"0,0";"";"";"";"";"";"";"";"";"";"";"";""
"202408891,0";"2024-04-08";"09:08:00";"COM VÍTIMA";"FINALIZADA";"MADALENA";"RUA NOBRE DE LACERDA";"97";"";"PROX AO TUNEL DA ABOLICAO NA RUA DA CASA DE APOIO DA TUPARETAMA";"MADALENA";"";"";"COLISÃO TRASEIRA";"1,0";"1,0";"0,0";"0,0";"0,0";"0,0";"0,0";"0,0";"0,0";"1,0";"0,0";"";"";"";"";"";"";"";"";"";"";"";""
"202408896,0";"2024-04-08";"09:28:00";"SEM VÍTIMA";"FINALIZADA";"GRACAS";"AV RUI BARBOSA";"623";"";"LADO OPOSTO AO COLÉGIO AGNES";"GRACAS";"";"CIDADE";"CHOQUE";"1,0";"0,0";"0,0";"0,0";"0,0";"0,0";"0,0";"0,0";"0,0";"0,0";"0,0";"";"";"";"";"";"";"";"";"";"";"";""
"202408899,0";"2024-04-08";"09:36:00";"COM VÍTIMA";"FINALIZADA";"TORROES";"AV ENGENHEIRO ABDIAS DE CARVALHO";"";"";"PX AO POSTO SHELL SENTIDO BR 2322";"TORROES";"";"";"COLISÃO";"0,0";"1,0";"0,0";"0,0";"0,0";"0,0";"0,0";"0,0";"0,0";"1,0";"0,0";"";"";"";"";"";"";"";"";"";"";"";""
"202408900,0";"2024-04-08";"09:36:00";"SEM VÍTIMA";"FINALIZADA";"SANTO ANTONIO";"RUA IMPERADOR PEDRO SEGUNDO";"290";"RUA SIQUEIRA CAMPOS";"EM FRENTE AO 2º OFÍCIO DE REGISTRO DE TÍTULOS E DOCUMENTOS";"SANTO ANTONIO";"206,0";"SUBURBIO";"COLISÃO LATERAL";"1,0";"0,0";"0,0";"0,0";"0,0";"1,0";"0,0";"0,0";"0,0";"0,0";"0,0";"";"";"";"";"";"";"";"";"";"";"";""
"202408902,0";"2024-04-08";"10:09:00";"SEM VÍTIMA";"FINALIZADA";"SANTO AMARO";"RUA JOAO LIRA";"";"";"AO LADO DO TRIBUNAL DE CONTA DO ESTADO DE PERNAMBUCO";"SANTO AMARO";"";"";"COLISÃO LATERAL";"1,0";"0,0";"0,0";"0,0";"0,0";"0,0";"1,0";"0,0";"0,0";"0,0";"0,0";"";"";"";"";"";"";"";"";"";"";"";""
"202408912,0";"2024-04-08";"11:30:00";"COM VÍTIMA";"FINALIZADA";"BRASILIA TEIMOSA";"RUA PARU";"";"";"PROX. AO CAMPINHO DE FUTEBOL DE AREIAS E ORLA DA BRASILIA";"BRASILIA TEIMOSA";"";"";"COLISÃO LATERAL";"0,0";"1,0";"0,0";"0,0";"0,0";"0,0";"0,0";"0,0";"0,0";"1,0";"0,0";"";"";"";"";"";"";"";"";"";"";"";""
"202408914,0";"2024-04-08";"11:45:00";"COM VÍTIMA";"FINALIZADA";"ESPINHEIRO";"AV GOVERNADOR AGAMENON MAGALHAES";"";"";"ANTES DO VIADUTO DA AV JOÃO DE BARROS";"ESPINHEIRO";"108,0";"BOA VIAGEM";"COLISÃO LATERAL";"1,0";"1,0";"0,0";"0,0";"0,0";"0,0";"0,0";"0,0";"0,0";"1,0";"0,0";"";"";"";"";"";"";"";"";"";"";"";""
"202408920,0";"2024-04-08";"12:12:00";"COM VÍTIMA";"FINALIZADA";"CASA AMARELA";"RUA DA HARMONIA";"";"";"PROX AO COLEGIO PEDRO MACHADO";"CASA AMARELA";"";"";"COLISÃO";"0,0";"1,0";"0,0";"0,0";"0,0";"0,0";"0,0";"0,0";"0,0";"1,0";"0,0";"";"";"";"";"";"";"";"";"";"";"";""
"202408929,0";"2024-04-08";"02:16:00";"COM VÍTIMA";"FINALIZADA";"ESPINHEIRO";"AV NORTE MIGUEL ARRAES DE ALENCAR";"";"RUA MARQUES DO PARANA";"E/F AO LEITAO";"ESPINHEIRO";"";"";"COLISÃO LATERAL";"1,0";"1,0";"0,0";"0,0";"0,0";"0,0";"0,0";"0,0";"0,0";"1,0";"0,0";"";"";"";"";"";"";"";"";"";"";"";""
"202408934,0";"2024-04-08";"03:29:00";"COM VÍTIMA";"FINALIZADA";"CAXANGA";"AV CAXANGA";"3220";"";"AUTO ESCOLA PILOTO";"CAXANGA";"";"";"ATROPELAMENTO DE PESSOA";"0,0";"1,0";"0,0";"0,0";"1,0";"0,0";"0,0";"0,0";"0,0";"1,0";"0,0";"";"";"";"";"";"";"";"";"";"";"";""
"202408935,0";"2024-04-08";"03:29:00";"COM VÍTIMA";"FINALIZADA";"TAMARINEIRA";"RUA PADRE ROMA";"1117";"";"ANTES DO HOSPITAL CORREIA PICANÇO";"TAMARINEIRA";"";"";"COLISÃO";"0,0";"1,0";"0,0";"0,0";"0,0";"0,0";"0,0";"0,0";"0,0";"1,0";"0,0";"";"";"";"";"";"";"";"";"";"";"";""
"202408947,0";"2024-04-08";"05:25:00";"COM VÍTIMA";"FINALIZADA";"BOA VIAGEM";"AV ENGENHEIRO DOMINGOS FERREIRA";"2391";"";"EM FRENTE AO EMPRESARIAL SAN MARINO E AO BRADESCO";"BOA VIAGEM";"";"";"COLISÃO";"0,0";"1,0";"0,0";"0,0";"0,0";"0,0";"0,0";"0,0";"0,0";"1,0";"0,0";"";"";"";"";"";"";"";"";"";"";"";""
"202408948,0";"2024-04-08";"05:36:00";"COM VÍTIMA";"FINALIZADA";"BOA VIAGEM";"RUA BARAO DE SOUZA LEAO";"1779";"";"EM FRENTE A ORTOBOM";"BOA VIAGEM";"";"";"COLISÃO";"0,0";"1,0";"0,0";"0,0";"0,0";"0,0";"0,0";"0,0";"0,0";"1,0";"0,0";"";"";"";"";"";"";"";"";"";"";"";""
"202408960,0";"2024-04-08";"08:12:00";"COM VÍTIMA";"FINALIZADA";"DOIS IRMAOS";"RUA MANUEL DE MEDEIROS";"";"";"EM FRENTE AO LAFEPE";"DOIS IRMAOS";"";"";"COLISÃO LATERAL";"1,0";"1,0";"0,0";"0,0";"0,0";"0,0";"0,0";"0,0";"0,0";"1,0";"0,0";"";"";"";"";"";"";"";"";"";"";"";""
"202408961,0";"2024-04-08";"08:30:00";"COM VÍTIMA";"FINALIZADA";"SAO JOSE";"RUA VIDAL DE NEGREIROS";"";"";"IGREJA MATRIZ DE SÃO JOSÉ AO LADO FORTE DAS CINCO PONTAS";"SAO JOSE";"";"";"COLISÃO";"0,0";"1,0";"0,0";"0,0";"0,0";"1,0";"0,0";"0,0";"0,0";"1,0";"0,0";"";"";"";"";"";"";"";"";"";"";"";""
"202408962,0";"2024-04-08";"08:50:00";"COM VÍTIMA";"FINALIZADA";"BOA VIAGEM";"RUA VISCONDE DE JEQUITINHONHA";"";"RUA JOAO CARDOSO AIRES";"";"BOA VIAGEM";"";"SUBURBIO";"COLISÃO FRONTAL";"1,0";"1,0";"0,0";"0,0";"0,0";"0,0";"0,0";"0,0";"0,0";"1,0";"0,0";"";"";"";"";"";"";"";"";"";"";"";""
"202408982,0";"2024-04-09";"07:39:00";"COM VÍTIMA";"FINALIZADA";"CABANGA";"VIADUTO CAPITAO TEMUDO";"";"PTE GOVERNADOR PAULO GUERRA";"SENTIDO BOA VIAGEM";"CABANGA";"";"";"COLISÃO";"1,0";"0,0";"0,0";"1,0";"0,0";"0,0";"0,0";"0,0";"0,0";"1,0";"0,0";"";"";"";"";"";"";"";"";"";"";"";""
"202408985,0";"2024-04-09";"08:43:00";"COM VÍTIMA";"FINALIZADA";"BOA VIAGEM";"RUA DES JOAO PAES";"";"";"CRUZAMENTO COM A RUA TENETE BRITO";"BOA VIAGEM";"";"";"COLISÃO";"0,0";"1,0";"0,0";"0,0";"0,0";"0,0";"0,0";"0,0";"0,0";"1,0";"0,0";"";"";"";"";"";"";"";"";"";"";"";""
"202408991,0";"2024-04-09";"09:30:00";"COM VÍTIMA";"CANCELADA";"DOIS UNIDOS";"AV HILDEBRANDO DE VASCONCELOS";"";"";".EM FRENTE AO COLEGIO ENSINO MEDIO BEBERIBE NA ENTRADA DE DOIS UNIDOS";"DOIS UNIDOS";"";"";"COLISÃO";"0,0";"1,0";"0,0";"0,0";"0,0";"0,0";"0,0";"0,0";"0,0";"1,0";"0,0";"";"";"";"";"";"";"";"";"";"";"";""
"202408993,0";"2024-04-09";"09:44:00";"COM VÍTIMA";"FINALIZADA";"BOA VIAGEM";"RUA CORONEL ANIZIO RODRIGUES COELHO";"815";"";"EM FRENTE AO BAR ESCRITORIO  / PROX AO SHOPPING RECIFE";"BOA VIAGEM";"";"";"COLISÃO";"1,0";"1,0";"0,0";"0,0";"0,0";"0,0";"0,0";"0,0";"0,0";"1,0";"0,0";"";"";"";"";"";"";"";"";"";"";"";""
"202408995,0";"2024-04-09";"10:24:00";"SEM VÍTIMA";"CANCELADA";"COELHOS";"RUA DOS COELHOS";"";"";"EM FRENTE A LBV";"COELHOS";"";"";"COLISÃO LATERAL";"2,0";"0,0";"0,0";"0,0";"0,0";"0,0";"0,0";"0,0";"0,0";"0,0";"0,0";"";"";"";"";"";"";"";"";"";"";"";""
"202408999,0";"2024-04-09";"11:10:00";"COM VÍTIMA";"FINALIZADA";"BAIRRO DO RECIFE";"RUA DO BOM JESUS";"";"";"EM FRENTE A CAIXA ECONOMICA E PRAÇA DO MARCO ZERO";"BAIRRO DO RECIFE";"";"";"COLISÃO LATERAL";"0,0";"1,0";"0,0";"0,0";"0,0";"0,0";"0,0";"0,0";"0,0";"1,0";"0,0";"";"";"";"";"";"";"";"";"";"";"";""
"202409000,0";"2024-04-09";"11:10:00";"COM VÍTIMA";"FINALIZADA";"TAMARINEIRA";"RUA CONEGO BARATA";"";"";"EM FRENTE A CASAS JOSE ARAUJO";"TAMARINEIRA";"";"";"COLISÃO";"0,0";"1,0";"0,0";"0,0";"0,0";"0,0";"0,0";"0,0";"0,0";"1,0";"0,0";"";"";"";"";"";"";"";"";"";"";"";""
"202409020,0";"2024-04-09";"03:00:00";"COM VÍTIMA";"DUPLICIDADE";"SANTO AMARO";"AV CRUZ CABUGA";"";"RUA VINTE E QUATRO DE AGOSTO";"EM FRENTE AO MIX MATEUS";"SANTO AMARO";"";"";"QUEDA";"0,0";"1,0";"0,0";"0,0";"0,0";"0,0";"0,0";"0,0";"0,0";"1,0";"0,0";"";"";"";"";"";"";"";"";"";"";"";""
"202409023,0";"2024-04-09";"03:33:00";"COM VÍTIMA";"FINALIZADA";"SANTO AMARO";"AV CRUZ CABUGA";"533";"";"";"SANTO AMARO";"";"";"COLISÃO LATERAL";"1,0";"1,0";"0,0";"0,0";"0,0";"0,0";"0,0";"0,0";"0,0";"1,0";"0,0";"";"";"";"";"";"";"";"";"";"";"";""
"202409029,0";"2024-04-09";"04:22:00";"SEM VÍTIMA";"FINALIZADA";"ALTO JOSE BONIFACIO";"RUA ALTO DA SERRINHA";"2263";"";"PROX AO COMERCIO DA DONA QUEZIA";"ALTO JOSE BONIFACIO";"";"";"CHOQUE";"0,0";"0,0";"0,0";"0,0";"0,0";"0,0";"0,0";"1,0";"0,0";"0,0";"0,0";"";"";"";"";"";"";"";"";"";"";"";""
"202409036,0";"2024-04-09";"05:23:00";"COM VÍTIMA";"FINALIZADA";"PINA";"AVENIDA CELSO FURTADO (VIA MANGUE)";"";"";"PROX A PRIMEIRA  LOMBADA ELETRONICA";"PINA";"";"";"COLISÃO LATERAL";"1,0";"1,0";"0,0";"0,0";"0,0";"0,0";"0,0";"0,0";"0,0";"1,0";"0,0";"";"";"";"";"";"";"";"";"";"";"";""
"202409037,0";"2024-04-09";"05:31:00";"COM VÍTIMA";"FINALIZADA";"GRACAS";"RUA ANTONIO NOVAIS";"";"";"POR TRAS DO COLEGIO SAO LUIZ NA RUA DA FEIRINHA TIPICA";"GRACAS";"";"";"COLISÃO LATERAL";"1,0";"1,0";"0,0";"0,0";"0,0";"0,0";"0,0";"0,0";"0,0";"1,0";"0,0";"";"";"";"";"";"";"";"";"";"";"";""
"202409038,0";"2024-04-09";"05:41:00";"COM VÍTIMA";"FINALIZADA";"BONGI";"AV ENGENHEIRO ABDIAS DE CARVALHO";"";"";"E/F A ENGEFRIO S/T BR";"BONGI";"";"";"COLISÃO TRASEIRA";"1,0";"1,0";"0,0";"0,0";"0,0";"0,0";"0,0";"0,0";"0,0";"2,0";"0,0";"";"";"";"";"";"";"";"";"";"";"";""
"202409047,0";"2024-04-09";"07:22:00";"COM VÍTIMA";"FINALIZADA";"SAN MARTIN";"AV JOAO CABRAL DE MELO NETO";"";"";"JUNIOR MATERIAL DE CONSTRUÇÃO. SENTIDO AV RECIFE";"SAN MARTIN";"";"";"COLISÃO";"0,0";"2,0";"0,0";"0,0";"0,0";"0,0";"0,0";"0,0";"0,0";"1,0";"0,0";"";"";"";"";"";"";"";"";"";"";"";""
"202409057,0";"2024-04-10";"12:28:00";"COM VÍTIMA";"FINALIZADA";"AREIAS";"AV RECIFE";"";"";"MERCADINHO ECONÔMICO, APÓS A ENTRADA DO IBURA SENTIDO UFPE";"AREIAS";"";"";"CAPOTAMENTO";"1,0";"0,0";"0,0";"0,0";"0,0";"0,0";"0,0";"0,0";"0,0";"1,0";"0,0";"";"";"";"";"";"";"";"";"";"";"";""
"202409081,0";"2024-04-10";"07:10:00";"SEM VÍTIMA";"FINALIZADA";"ESPINHEIRO";"AV NORTE MIGUEL ARRAES DE ALENCAR";"";"";"praça da picanha e o viaduto da agamenon";"ESPINHEIRO";"";"CIDADE";"COLISÃO";"0,0";"0,0";"0,0";"0,0";"0,0";"0,0";"0,0";"0,0";"0,0";"0,0";"0,0";"";"";"";"";"";"";"";"";"";"";"";""
"202409082,0";"2024-04-10";"07:14:00";"COM VÍTIMA";"FINALIZADA";"MADALENA";"RUA JOSE OSORIO";"";"";"PROX. A MORAES MULTIMARCAS";"MADALENA";"";"";"COLISÃO LATERAL";"0,0";"1,0";"0,0";"0,0";"0,0";"0,0";"0,0";"0,0";"0,0";"1,0";"0,0";"";"";"";"";"";"";"";"";"";"";"";""
"202409083,0";"2024-04-10";"07:14:00";"COM VÍTIMA";"FINALIZADA";"AFOGADOS";"RUA SAO MIGUEL";"";"";"AO LADO DA MATERNIDADE BANDEIRA FILHO";"AFOGADOS";"";"";"COLISÃO";"1,0";"0,0";"0,0";"0,0";"0,0";"0,0";"0,0";"0,0";"0,0";"1,0";"0,0";"";"";"";"";"";"";"";"";"";"";"";""
"202409086,0";"2024-04-10";"07:41:00";"COM VÍTIMA";"DUPLICIDADE";"AFOGADOS";"RUA SAO MIGUEL";"";"";"AO LADO DA MATERNIDADE BANDEIRA FILHO";"AFOGADOS";"";"";"COLISÃO LATERAL";"0,0";"1,0";"0,0";"0,0";"0,0";"0,0";"0,0";"0,0";"0,0";"1,0";"0,0";"";"";"";"";"";"";"";"";"";"";"";""
"202409087,0";"2024-04-10";"07:48:00";"COM VÍTIMA";"FINALIZADA";"IBURA";"AV DOIS RIOS";"";"";"APOS A ENTRADA DO SESI DO IBURA";"IBURA";"";"";"COLISÃO TRASEIRA";"1,0";"1,0";"0,0";"0,0";"0,0";"0,0";"0,0";"0,0";"0,0";"1,0";"0,0";"";"";"";"";"";"";"";"";"";"";"";""
"202409089,0";"2024-04-10";"08:04:00";"COM VÍTIMA";"FINALIZADA";"SANTO ANTONIO";"PTE PRINCESA IZABEL";"";"";"PROX. AO PALCIO DAS PRINCESAS";"SANTO ANTONIO";"22,0";"";"COLISÃO LATERAL";"0,0";"1,0";"0,0";"0,0";"0,0";"0,0";"0,0";"0,0";"0,0";"1,0";"0,0";"";"";"";"";"";"";"";"";"";"";"";""
"202409104,0";"2024-04-10";"09:56:00";"COM VÍTIMA";"FINALIZADA";"CAXANGA";"AV CAXANGA";"853";"";"";"CAXANGA";"";"CIDADE";"COLISÃO";"0,0";"0,0";"0,0";"0,0";"0,0";"0,0";"0,0";"0,0";"0,0";"1,0";"0,0";"";"";"";"";"";"";"";"";"";"";"";""
"202409105,0";"2024-04-10";"10:15:00";"COM VÍTIMA";"FINALIZADA";"IMBIRIBEIRA";"AV MARECHAL MASCARENHAS DE MORAES";"";"";"AO LADO DA UNIVERSO";"IMBIRIBEIRA";"";"";"QUEDA";"0,0";"1,0";"0,0";"0,0";"0,0";"0,0";"0,0";"0,0";"0,0";"2,0";"0,0";"";"";"";"";"";"";"";"";"";"";"";""
"202409107,0";"2024-04-10";"10:10:00";"SEM VÍTIMA";"FINALIZADA";"DERBY";"AV GOVERNADOR AGAMENON MAGALHAES";"";"RUA JOAQUIM NABUCO";"GUARITA DO HR";"DERBY";"";"SUBURBIO";"COLISÃO";"1,0";"0,0";"0,0";"0,0";"0,0";"0,0";"0,0";"1,0";"0,0";"0,0";"0,0";"";"";"";"";"";"";"";"";"";"";"";""
"202409109,0";"2024-04-10";"10:21:00";"COM VÍTIMA";"FINALIZADA";"BOA VISTA";"AV MANOEL BORBA";"";"";"PACIENTE NA PRAÇA MACIEL PINHEIRO / PROX A IGREJA MATRIZ";"BOA VISTA";"";"";"COLISÃO";"0,0";"1,0";"0,0";"0,0";"0,0";"0,0";"0,0";"0,0";"0,0";"1,0";"0,0";"";"";"";"";"";"";"";"";"";"";"";""
"202409110,0";"2024-04-10";"10:34:00";"COM VÍTIMA";"FINALIZADA";"PINA";"AV ANTONIO DE GOES";"";"";"EM FRENTE AO LUCILO AVILA";"PINA";"";"";"COLISÃO LATERAL";"0,0";"1,0";"0,0";"0,0";"0,0";"0,0";"0,0";"0,0";"0,0";"1,0";"0,0";"";"";"";"";"";"";"";"";"";"";"";""
"202409135,0";"2024-04-10";"03:19:00";"COM VÍTIMA";"FINALIZADA";"ALTO JOSE DO PINHO";"AV NORTE MIGUEL ARRAES DE ALENCAR";"";"";"E/F AO ARMAZEM CORAL S/T SUB";"ALTO JOSE DO PINHO";"";"";"COLISÃO TRASEIRA";"1,0";"2,0";"0,0";"0,0";"0,0";"0,0";"0,0";"0,0";"0,0";"1,0";"0,0";"";"";"";"";"";"";"";"";"";"";"";""
"202409142,0";"2024-04-10";"05:10:00";"COM VÍTIMA";"FINALIZADA";"JARDIM SAO PAULO";"RUA PROFESSOR PEDRO AUGUSTO";"297";"";"POR TRAS DO ASSAI ATACADISTA DA AV RECIFE";"JARDIM SAO PAULO";"";"";"COLISÃO FRONTAL";"2,0";"0,0";"0,0";"0,0";"0,0";"0,0";"0,0";"0,0";"0,0";"1,0";"0,0";"";"";"";"";"";"";"";"";"";"";"";""
"202409149,0";"2024-04-10";"05:35:00";"SEM VÍTIMA";"FINALIZADA";"SAO JOSE";"RUA FLORIANO PEIXOTO";"";"";"PRÓXIMO A CASA DA CULTURA";"SAO JOSE";"668,0";"SUBURBIO";"COLISÃO LATERAL";"2,0";"0,0";"0,0";"0,0";"0,0";"0,0";"0,0";"0,0";"0,0";"0,0";"0,0";"";"";"";"";"";"";"";"";"";"";"";""
"202409151,0";"2024-04-10";"05:40:00";"COM VÍTIMA";"FINALIZADA";"SANTO AMARO";"RUA TREZE DE MAIO";"832";"";"EM FRENTE A OFICINA RIDEL";"SANTO AMARO";"";"";"COLISÃO LATERAL";"1,0";"1,0";"0,0";"0,0";"0,0";"0,0";"0,0";"0,0";"0,0";"1,0";"0,0";"";"";"";"";"";"";"";"";"";"";"";""
"202409163,0";"2024-04-10";"07:39:00";"COM VÍTIMA";"FINALIZADA";"GUABIRABA";"AV DA RECUPERACAO";"";"";"PRÓXIMO AO TERMINAL DE GUABIRABA";"GUABIRABA";"";"";"ATROPELAMENTO DE PESSOA";"0,0";"1,0";"0,0";"0,0";"1,0";"0,0";"0,0";"0,0";"0,0";"1,0";"0,0";"";"";"";"";"";"";"";"";"";"";"";""