"Protocolo";"data";"hora";"natureza";"situacao";"bairro";"endereco";"numero";"detalhe_endereco_acidente";"complemento";"bairro_cruzamento";"num_semaforo";"sentido_via";"tipo";"auto";"moto";"ciclom";"ciclista";"pedestre";"onibus";"caminhao";"viatura";"outros";"vitimas";"vitimasfatais";"acidente_verificado";"tempo_clima";"situacao_semaforo";"sinalizacao";"condicao_via";"conservacao_via";"ponto_controle";"situacao_placa";"velocidade_max_via";"mao_direcao";"divisao_via1";"divisao_via2"
"202409644,0";"2024-04-16";"02:39:00";"COM VÍTIMA";"FINALIZADA";"AFOGADOS";"RUA SAO MIGUEL";"350";"";"EM FRENTE A AGENCIA DO BANCO DO BRASIL";"AFOGADOS";"";"";"COLISÃO FRONTAL";"1,0";"1,0";"0,0";"0,0";"0,0";"0,0";"0,0";"0,0";"0,0";"1,0";"0,0";"";"";"";"";"";"";"";"";"";"";"";""
"202409657,0";"2024-04-16";"04:06:00";"COM VÍTIMA";"FINALIZADA";"SAO JOSE";"RUA FLORIANO PEIXOTO";"";"";"EM FRENTE A CASA DA CULTURA";"SAO JOSE";"";"";"COLISÃO LATERAL";"0,0";"2,0";"0,0";"0,0";"0,0";"0,0";"0,0";"0,0";"0,0";"2,0";"0,0";"";"";"";"";"";"";"";"";"";"";"";""
"202409661,0";"2024-04-16";"04:44:00";"SEM VÍTIMA";"FINALIZADA";"PINA";"RUA SAO LUIZ";"";"";"E/F AO TODA HORA ATACAREJO";"PINA";"";"";"COLISÃO TRASEIRA";"0,0";"1,0";"0,0";"0,0";"0,0";"0,0";"0,0";"1,0";"0,0";"0,0";"0,0";"";"";"";"";"";"";"";"";"";"";"";""
"202409667,0";"2024-04-16";"06:12:00";"COM VÍTIMA";"FINALIZADA";"SANTO AMARO";"RUA DOS PALMARES";"427";"RUA DO POMBAL";"ESQUINA";"SANTO AMARO";"";"";"COLISÃO";"1,0";"1,0";"0,0";"0,0";"0,0";"0,0";"0,0";"0,0";"0,0";"1,0";"0,0";"";"";"";"";"";"";"";"";"";"";"";""
"202409668,0";"2024-04-16";"06:14:00";"COM VÍTIMA";"DUPLICIDADE";"SANTO AMARO";"RUA DOS PALMARES";"427";"";"LADO OPOSTO DO COMANDO GERAL DA GUARDA MUNICIPAL DO RECIFE";"SANTO AMARO";"";"";"COLISÃO";"0,0";"1,0";"0,0";"0,0";"0,0";"0,0";"0,0";"0,0";"0,0";"1,0";"0,0";"";"";"";"";"";"";"";"";"";"";"";""
"202409678,0";"2024-04-16";"09:10:00";"COM VÍTIMA";"FINALIZADA";"ARRUDA";"AV BEBERIBE";"";"AV PROFESSOR JOSE DOS ANJOS";"IGREJA ASSEMBLEIA DE DEUS";"ARRUDA";"";"";"COLISÃO LATERAL";"2,0";"0,0";"0,0";"0,0";"0,0";"0,0";"0,0";"0,0";"0,0";"1,0";"0,0";"";"";"";"";"";"";"";"";"";"";"";""
"202409696,0";"2024-04-17";"07:30:00";"COM VÍTIMA";"FINALIZADA";"BOA VIAGEM";"AV ENGENHEIRO DOMINGOS FERREIRA";"";"";"EM FRENTE A FARMACIA PAGUE MENOS";"BOA VIAGEM";"139,0";"";"COLISÃO TRASEIRA";"2,0";"1,0";"0,0";"0,0";"0,0";"0,0";"0,0";"0,0";"0,0";"1,0";"0,0";"";"";"";"";"";"";"";"";"";"";"";""
"202409698,0";"2024-04-17";"07:33:00";"COM VÍTIMA";"FINALIZADA";"AREIAS";"AV DR JOSE RUFINO";"";"";"PROX AO COLEGIO VISÃO";"AREIAS";"";"";"COLISÃO TRASEIRA";"1,0";"1,0";"0,0";"0,0";"0,0";"0,0";"0,0";"0,0";"0,0";"1,0";"0,0";"";"";"";"";"";"";"";"";"";"";"";""
"202409700,0";"2024-04-17";"07:41:00";"COM VÍTIMA";"FINALIZADA";"BOA VISTA";"RUA BARAO DE SAO BORJA";"";"";"EM FRENTE A ESCOLA PEDRO AUGUSTO";"BOA VISTA";"";"";"COLISÃO LATERAL";"0,0";"1,0";"0,0";"0,0";"0,0";"0,0";"0,0";"0,0";"0,0";"1,0";"0,0";"";"";"";"";"";"";"";"";"";"";"";""
"202409710,0";"2024-04-17";"08:45:00";"COM VÍTIMA";"FINALIZADA";"BOA VISTA";"PTE PRINCESA IZABEL";"";"";"NA CURVA, APOS A PONTE AO LADO DO TEATRO PRINCESA IZABEL";"BOA VISTA";"";"";"QUEDA";"0,0";"1,0";"0,0";"0,0";"0,0";"0,0";"0,0";"0,0";"0,0";"1,0";"0,0";"";"";"";"";"";"";"";"";"";"";"";""
"202409712,0";"2024-04-17";"08:47:00";"COM VÍTIMA";"FINALIZADA";"SANTO AMARO";"RUA PRINCESA IZABEL";"2028";"";"AO LADO DA CAMERA DOS VEREADORES DO RECIFE PROX AO PARQUE TREZE DE MAIO";"SANTO AMARO";"";"";"COLISÃO";"0,0";"1,0";"0,0";"0,0";"0,0";"0,0";"0,0";"0,0";"0,0";"1,0";"0,0";"";"";"";"";"";"";"";"";"";"";"";""
"202409719,0";"2024-04-17";"10:24:00";"COM VÍTIMA";"FINALIZADA";"NOVA DESCOBERTA";"RUA NOVA DESCOBERTA";"2013";"";"EM FRENTE A VALTER MOVEIS";"NOVA DESCOBERTA";"";"";"COLISÃO LATERAL";"1,0";"1,0";"0,0";"0,0";"0,0";"0,0";"0,0";"0,0";"0,0";"1,0";"0,0";"";"";"";"";"";"";"";"";"";"";"";""
"202409722,0";"2024-04-17";"11:05:00";"COM VÍTIMA";"FINALIZADA";"JOANA BEZERRA";"AV DES GUERRA BARRETO";"";"";"FORUM DE JOANA BEZERRA";"JOANA BEZERRA";"";"";"COLISÃO LATERAL";"0,0";"1,0";"0,0";"0,0";"0,0";"0,0";"0,0";"0,0";"0,0";"1,0";"0,0";"";"";"";"";"";"";"";"";"";"";"";""
"202409725,0";"2024-04-17";"11:37:00";"COM VÍTIMA";"FINALIZADA";"PINA";"AV ENGENHEIRO DOMINGOS FERREIRA";"1793";"";"MULT POSTO / AP BEBIDAS";"PINA";"";"";"COLISÃO";"0,0";"1,0";"0,0";"0,0";"0,0";"0,0";"0,0";"0,0";"0,0";"1,0";"0,0";"";"";"";"";"";"";"";"";"";"";"";""
"202409727,0";"2024-04-17";"11:58:00";"COM VÍTIMA";"FINALIZADA";"BOA VIAGEM";"AV ENGENHEIRO DOMINGOS FERREIRA";"";"";"EM FRENTE A LOJA CONSTANCE  / AO LADO DO RESTAURANTE DOM FERREIRA";"BOA VIAGEM";"";"";"COLISÃO";"1,0";"0,0";"0,0";"0,0";"0,0";"0,0";"0,0";"0,0";"0,0";"1,0";"0,0";"";"";"";"";"";"";"";"";"";"";"";""
"202409733,0";"2024-04-17";"01:55:00";"COM VÍTIMA";"FINALIZADA";"IPUTINGA";"RUA CAPITAO AURELIO DE ARAUJO";"184";"";"PROX AO SUPERMERCADO EXTRA DA CAXANGA PRIMEIRA A DIREITA";"IPUTINGA";"";"";"COLISÃO LATERAL";"1,0";"1,0";"0,0";"0,0";"0,0";"0,0";"0,0";"0,0";"0,0";"1,0";"0,0";"";"";"";"";"";"";"";"";"";"";"";""
"202409736,0";"2024-04-17";"02:22:00";"COM VÍTIMA";"FINALIZADA";"BOA VIAGEM";"AV CONSELHEIRO AGUIAR";"2775";"";"EM FRENTE AO RESTAURANTE BAR DO CHEFF";"BOA VIAGEM";"";"";"ATROPELAMENTO DE PESSOA";"1,0";"0,0";"0,0";"0,0";"1,0";"0,0";"0,0";"0,0";"0,0";"1,0";"0,0";"";"";"";"";"";"";"";"";"";"";"";""
"202409737,0";"2024-04-17";"03:09:00";"COM VÍTIMA";"FINALIZADA";"BARRO";"AV DR JOSE RUFINO";"3756";"";"PROX A IGREJA CATOLICA DO BARRO";"BARRO";"";"";"COLISÃO";"0,0";"1,0";"0,0";"0,0";"0,0";"0,0";"0,0";"0,0";"0,0";"1,0";"0,0";"";"";"";"";"";"";"";"";"";"";"";""
"202409743,0";"2024-04-17";"05:30:00";"COM VÍTIMA";"FINALIZADA";"TORROES";"RUA DR PEDRO CAMELO";"36508";"";"REMOÇÃO PARA O HOSPITAL GETULIO VARGAS";"TORROES";"";"";"COLISÃO";"0,0";"1,0";"0,0";"0,0";"0,0";"0,0";"0,0";"0,0";"0,0";"1,0";"0,0";"";"";"";"";"";"";"";"";"";"";"";""
"202409747,0";"2024-04-17";"06:34:00";"COM VÍTIMA";"FINALIZADA";"ROSARINHO";"AV NORTE MIGUEL ARRAES DE ALENCAR";"2991";"";"";"ROSARINHO";"";"";"ATROPELAMENTO DE PESSOA";"0,0";"1,0";"0,0";"0,0";"1,0";"0,0";"0,0";"0,0";"0,0";"1,0";"0,0";"";"";"";"";"";"";"";"";"";"";"";""
"202409748,0";"2024-04-17";"06:25:00";"COM VÍTIMA";"DUPLICIDADE";"CORDEIRO";"AV PROFESSOR ESTEVAO FRANCISCO DA COSTA";"2991";"";"EM FRENTE AUTO ESCOLA TÁTICA";"CORDEIRO";"";"";"ATROPELAMENTO DE PESSOA";"0,0";"1,0";"0,0";"0,0";"1,0";"0,0";"0,0";"0,0";"0,0";"1,0";"0,0";"";"";"";"";"";"";"";"";"";"";"";""
"202409750,0";"2024-04-17";"06:46:00";"COM VÍTIMA";"FINALIZADA";"JIQUIA";"RUA PASSO DA SANTA CRUZ";"274";"";"PROX A ANTIGA FABRICA DO IOLANDA, PROX AO COLEGIO VISÃO";"JIQUIA";"";"";"COLISÃO";"0,0";"1,0";"0,0";"0,0";"0,0";"0,0";"0,0";"0,0";"0,0";"1,0";"0,0";"";"";"";"";"";"";"";"";"";"";"";""
"202409753,0";"2024-04-17";"12:00:00";"SEM VÍTIMA";"FINALIZADA";"PARNAMIRIM";"AV DEZESSETE DE AGOSTO";"9";"";"EM FRENTE A PRAÇA DE PARNAMIRIM";"PARNAMIRIM";"";"";"CHOQUE";"1,0";"0,0";"0,0";"0,0";"0,0";"0,0";"0,0";"0,0";"0,0";"0,0";"0,0";"";"";"";"";"";"";"";"";"";"";"";""
"202409767,0";"2024-04-18";"06:48:00";"COM VÍTIMA";"FINALIZADA";"VARZEA";"RUA ACADEMICO HELIO RAMOS";"";"";"POR TRAS DO HOSPITAL DAS CLINICAS E UNIVERSIDADE FEDERAL EM FRENTE A GREA METRO NORTE";"VARZEA";"";"";"COLISÃO LATERAL";"2,0";"0,0";"0,0";"0,0";"0,0";"0,0";"0,0";"0,0";"0,0";"1,0";"0,0";"";"";"";"";"";"";"";"";"";"";"";""
"202409771,0";"2024-04-18";"07:09:00";"COM VÍTIMA";"FINALIZADA";"AGUA FRIA";"EST VELHA DE AGUA FRIA";"";"";"EM FRENTE AO POSTO DE GASOLINA TNB, PROX. A JP BIKE";"AGUA FRIA";"";"";"COLISÃO FRONTAL";"1,0";"1,0";"0,0";"0,0";"0,0";"0,0";"0,0";"0,0";"0,0";"1,0";"0,0";"";"";"";"";"";"";"";"";"";"";"";""
"202409790,0";"2024-04-18";"08:11:00";"COM VÍTIMA";"FINALIZADA";"TAMARINEIRA";"EST VELHA DE AGUA FRIA";"";"";"PROX. A FERREIRA COSTA E DENOX";"TAMARINEIRA";"";"";"COLISÃO LATERAL";"0,0";"1,0";"0,0";"0,0";"0,0";"0,0";"0,0";"0,0";"0,0";"1,0";"0,0";"";"";"";"";"";"";"";"";"";"";"";""
"202409791,0";"2024-04-18";"08:15:00";"COM VÍTIMA";"FINALIZADA";"AGUA FRIA";"RUA ALEGRE";"263";"";"PROX A ETE ESCOLA PROFESSOR ALFREDO FREIRE PROX A DELEGACIA";"AGUA FRIA";"";"";"COLISÃO LATERAL";"0,0";"2,0";"0,0";"0,0";"0,0";"0,0";"0,0";"0,0";"0,0";"1,0";"0,0";"";"";"";"";"";"";"";"";"";"";"";""
"202409792,0";"2024-04-18";"08:29:00";"COM VÍTIMA";"FINALIZADA";"JAQUEIRA";"RUA DEPUTADO PEDRO PIRES FERREIRA";"";"";"EM FRENTE A GALERIA JAQUEIRA";"JAQUEIRA";"";"";"COLISÃO LATERAL";"2,0";"0,0";"0,0";"0,0";"0,0";"0,0";"0,0";"0,0";"0,0";"1,0";"0,0";"";"";"";"";"";"";"";"";"";"";"";""
"202409796,0";"2024-04-18";"08:32:00";"SEM VÍTIMA";"FINALIZADA";"MADALENA";"RUA REAL DA TORRE";"217";"";"AO LADO DO Nº 217";"MADALENA";"";"SUBURBIO";"COLISÃO LATERAL";"1,0";"0,0";"0,0";"0,0";"0,0";"0,0";"1,0";"0,0";"0,0";"0,0";"0,0";"";"";"";"";"";"";"";"";"";"";"";""
"202409803,0";"2024-04-18";"08:56:00";"COM VÍTIMA";"FINALIZADA";"PRADO";"RUA CARLOS GOMES";"248";"";"ANTES DO CAVALO DOURADO";"PRADO";"";"";"COLISÃO LATERAL";"0,0";"1,0";"0,0";"0,0";"0,0";"0,0";"0,0";"0,0";"0,0";"1,0";"0,0";"";"";"";"";"";"";"";"";"";"";"";""
"202409807,0";"2024-04-18";"09:15:00";"SEM VÍTIMA";"FINALIZADA";"ESPINHEIRO";"RUA QUARENTA E OITO";"395";"";"PROX AO EDIFICIO ARAÇOIBA VILLAGE / PROX AO ESHOP RECIFE  E ESPINHEIRO PADARIA";"ESPINHEIRO";"";"";"COLISÃO LATERAL";"1,0";"0,0";"0,0";"0,0";"0,0";"0,0";"1,0";"0,0";"0,0";"0,0";"0,0";"";"";"";"";"";"";"";"";"";"";"";""
"202409808,0";"2024-04-18";"09:19:00";"COM VÍTIMA";"FINALIZADA";"PRADO";"RUA CARLOS GOMES";"";"";"EM FRENTE A ASSOCIAÇÃO DE CABOS E SOLDADOS";"PRADO";"";"";"QUEDA";"0,0";"1,0";"0,0";"0,0";"1,0";"0,0";"0,0";"0,0";"0,0";"1,0";"0,0";"";"";"";"";"";"";"";"";"";"";"";""
"202409820,0";"2024-04-18";"10:42:00";"COM VÍTIMA";"FINALIZADA";"CORDEIRO";"RUA CLAUDIO BROTHERHOOD";"";"RUA GOMES TABORDA";"EM FRENTE A BETO BEBIDAS";"CORDEIRO";"";"";"COLISÃO FRONTAL";"0,0";"1,0";"0,0";"0,0";"0,0";"0,0";"0,0";"0,0";"0,0";"2,0";"0,0";"";"";"";"";"";"";"";"";"";"";"";""
"202409841,0";"2024-04-18";"01:53:00";"SEM VÍTIMA";"FINALIZADA";"TORREAO";"RUA MARECHAL DEODORO";"";"RUA PADRE MIGUELINHO";"POR TRAS DO RESTAURANTE LEITAO";"TORREAO";"";"";"COLISÃO LATERAL";"1,0";"0,0";"0,0";"0,0";"0,0";"0,0";"0,0";"1,0";"0,0";"0,0";"0,0";"";"";"";"";"";"";"";"";"";"";"";""
"202409846,0";"2024-04-18";"02:09:00";"COM VÍTIMA";"FINALIZADA";"IPSEP";"RUA SAO NICOLAU";"";"";"PROX A O ALTOS MULTIMARCAS";"IPSEP";"";"";"COLISÃO LATERAL";"0,0";"1,0";"0,0";"0,0";"0,0";"0,0";"1,0";"0,0";"0,0";"1,0";"0,0";"";"";"";"";"";"";"";"";"";"";"";""
"202409849,0";"2024-04-18";"02:41:00";"COM VÍTIMA";"FINALIZADA";"BOA VIAGEM";"AV ENGENHEIRO DOMINGOS FERREIRA";"703";"";"EM FRENTE A MALUS CONSTRUÇÃO E ENCORPORAÇÃO";"BOA VIAGEM";"";"";"COLISÃO";"0,0";"1,0";"0,0";"0,0";"0,0";"0,0";"0,0";"0,0";"0,0";"1,0";"0,0";"";"";"";"";"";"";"";"";"";"";"";""
"202409852,0";"2024-04-18";"03:06:00";"COM VÍTIMA";"FINALIZADA";"SAO JOSE";"RUA DAS CALCADAS";"";"";"FRENTE ARMAZEM CORAL";"SAO JOSE";"";"";"COLISÃO";"1,0";"0,0";"0,0";"0,0";"1,0";"0,0";"0,0";"0,0";"0,0";"1,0";"0,0";"";"";"";"";"";"";"";"";"";"";"";""
"202409855,0";"2024-04-18";"03:46:00";"COM VÍTIMA";"FINALIZADA";"BOA VIAGEM";"AVENIDA CELSO FURTADO (VIA MANGUE)";"";"";"PROX A BIKE HOUSE, PROX AO MIX MATEUS EM CONSTRUÇÃO";"BOA VIAGEM";"";"";"COLISÃO";"0,0";"1,0";"0,0";"0,0";"0,0";"0,0";"0,0";"0,0";"0,0";"1,0";"0,0";"";"";"";"";"";"";"";"";"";"";"";""
"202409862,0";"2024-04-18";"04:15:00";"COM VÍTIMA";"FINALIZADA";"ENCRUZILHADA";"AV NORTE MIGUEL ARRAES DE ALENCAR";"";"";"EM FRENTE A RENAULT";"ENCRUZILHADA";"";"1987";"COLISÃO";"0,0";"0,0";"0,0";"0,0";"0,0";"0,0";"0,0";"0,0";"0,0";"1,0";"0,0";"";"";"";"";"";"";"";"";"";"";"";""
"202409866,0";"2024-04-18";"05:03:00";"COM VÍTIMA";"FINALIZADA";"IBURA";"AV DOIS RIOS";"409";"";"EM FRENTE A POLICLINICA";"IBURA";"";"";"COLISÃO";"0,0";"1,0";"0,0";"0,0";"0,0";"0,0";"0,0";"0,0";"0,0";"1,0";"0,0";"";"";"";"";"";"";"";"";"";"";"";""
"202409890,0";"2024-04-18";"07:53:00";"COM VÍTIMA";"FINALIZADA";"SAO JOSE";"RUA IMPERIAL";"1251";"";"PROXIMO D0 VIADUTO";"SAO JOSE";"";"";"COLISÃO FRONTAL";"1,0";"1,0";"0,0";"0,0";"0,0";"0,0";"0,0";"0,0";"0,0";"1,0";"0,0";"";"";"";"";"";"";"";"";"";"";"";""
"202409894,0";"2024-04-19";"05:35:00";"SEM VÍTIMA";"FINALIZADA";"ILHA DO LEITE";"AV FREI MATIAS TEVES";"";"RUA SENADOR JOSE HENRIQUE";"";"ILHA DO LEITE";"";"SUBURBIO";"COLISÃO LATERAL";"1,0";"0,0";"0,0";"0,0";"0,0";"1,0";"0,0";"0,0";"0,0";"0,0";"0,0";"";"";"";"";"";"";"";"";"";"";"";""
"202409913,0";"2024-04-19";"07:52:00";"COM VÍTIMA";"FINALIZADA";"SAO JOSE";"RUA IMPERIAL";"1222";"";"PROX AO FEIRÃO DA JOANA BEZERRA";"SAO JOSE";"";"";"COLISÃO";"0,0";"1,0";"0,0";"0,0";"0,0";"0,0";"0,0";"0,0";"0,0";"1,0";"0,0";"";"";"";"";"";"";"";"";"";"";"";""
"202409920,0";"2024-04-19";"08:49:00";"COM VÍTIMA";"FINALIZADA";"NOVA DESCOBERTA";"RUA NOVA DESCOBERTA";"144";"";"PROX. A FARMACIA DO LARGO, LARGO DONA REGINA";"NOVA DESCOBERTA";"";"";"COLISÃO LATERAL";"0,0";"1,0";"0,0";"0,0";"0,0";"0,0";"0,0";"0,0";"0,0";"1,0";"0,0";"";"";"";"";"";"";"";"";"";"";"";""
"202409927,0";"2024-04-19";"09:24:00";"COM VÍTIMA";"FINALIZADA";"IMBIRIBEIRA";"AV MARECHAL MASCARENHAS DE MORAES";"";"";"EM FRENTE AO AEROPORTO, SENT. CIDADE";"IMBIRIBEIRA";"";"";"COLISÃO LATERAL";"1,0";"1,0";"0,0";"0,0";"0,0";"0,0";"0,0";"0,0";"0,0";"2,0";"0,0";"";"";"";"";"";"";"";"";"";"";"";""
"202409935,0";"2024-04-19";"10:35:00";"COM VÍTIMA";"FINALIZADA";"SANTO AMARO";"RUA DR CARLOS CHAGAS";"52";"";"EM FRENTE A FARMACIA PAGUE MENOS / PROX A ENTRADA DO HOSPITAL OSWALDO CRUZ";"SANTO AMARO";"";"";"COLISÃO LATERAL";"1,0";"1,0";"0,0";"0,0";"0,0";"0,0";"0,0";"0,0";"0,0";"1,0";"0,0";"";"";"";"";"";"";"";"";"";"";"";""
"202409936,0";"2024-04-19";"10:38:00";"COM VÍTIMA";"FINALIZADA";"SANTO AMARO";"RUA ARARIPINA";"209";"";"EM FRENTE AO SINDICATO RODOVIARIO";"SANTO AMARO";"";"";"COLISÃO LATERAL";"1,0";"1,0";"0,0";"0,0";"0,0";"0,0";"0,0";"0,0";"0,0";"2,0";"0,0";"";"";"";"";"";"";"";"";"";"";"";""
"202409941,0";"2024-04-19";"12:18:00";"COM VÍTIMA";"FINALIZADA";"BAIRRO DO RECIFE";"CAIS DO APOLO";"";"";"PROX AO ANTIGO PREDIO DA POLICIA FEDERAL";"BAIRRO DO RECIFE";"";"";"COLISÃO";"0,0";"1,0";"0,0";"0,0";"0,0";"0,0";"0,0";"0,0";"0,0";"1,0";"0,0";"";"";"";"";"";"";"";"";"";"";"";""
"202409947,0";"2024-04-19";"12:58:00";"COM VÍTIMA";"FINALIZADA";"PARNAMIRIM";"RUA ALBINO MEIRA";"";"";"PROX AO PÃO DE AÇUCAR / IR PELA PADRE ROMA / PROX A GOL ORDEM";"PARNAMIRIM";"";"";"COLISÃO";"0,0";"1,0";"0,0";"0,0";"0,0";"0,0";"0,0";"0,0";"0,0";"1,0";"0,0";"";"";"";"";"";"";"";"";"";"";"";""
"202409949,0";"2024-04-19";"01:20:00";"SEM VÍTIMA";"FINALIZADA";"IPUTINGA";"AV PROFESSOR JOAQUIM CAVALCANTI";"721";"";"PROX AO ATACADAO";"IPUTINGA";"";"";"COLISÃO LATERAL";"1,0";"0,0";"0,0";"0,0";"0,0";"0,0";"0,0";"1,0";"0,0";"0,0";"0,0";"";"";"";"";"";"";"";"";"";"";"";""
"202409953,0";"2024-04-19";"01:54:00";"COM VÍTIMA";"FINALIZADA";"ENCRUZILHADA";"RUA FERNANDO CESAR";"376";"";"EM FRENTE AO BANCO DO BRASIL";"ENCRUZILHADA";"";"";"COLISÃO";"0,0";"1,0";"0,0";"0,0";"0,0";"0,0";"0,0";"0,0";"0,0";"1,0";"0,0";"";"";"";"";"";"";"";"";"";"";"";""
"202409959,0";"2024-04-19";"02:26:00";"SEM VÍTIMA";"FINALIZADA";"SAO JOSE";"RUA VELHA";"";"";"PONTE VELHA";"SAO JOSE";"";"SUBURBIO";"COLISÃO TRASEIRA";"0,0";"1,0";"0,0";"0,0";"0,0";"0,0";"0,0";"1,0";"0,0";"0,0";"0,0";"";"";"";"";"";"";"";"";"";"";"";""
"202409960,0";"2024-04-19";"02:49:00";"COM VÍTIMA";"CANCELADA";"CORDEIRO";"EST DO FORTE DO ARRAIAL N. DO B. JESUS";"";"";"PROX A CTI IMOBILIARIA";"CORDEIRO";"";"";"COLISÃO LATERAL";"1,0";"1,0";"0,0";"0,0";"0,0";"0,0";"0,0";"0,0";"0,0";"1,0";"0,0";"";"";"";"";"";"";"";"";"";"";"";""
"202409967,0";"2024-04-19";"04:09:00";"COM VÍTIMA";"FINALIZADA";"PRADO";"RUA GOMES TABORDA";"915";"";"PROX AO ATACAREJO";"PRADO";"";"";"COLISÃO";"0,0";"1,0";"0,0";"0,0";"0,0";"0,0";"0,0";"0,0";"0,0";"1,0";"0,0";"";"";"";"";"";"";"";"";"";"";"";""
"202409971,0";"2024-04-19";"05:15:00";"COM VÍTIMA";"FINALIZADA";"TEJIPIO";"AV DR JOSE RUFINO";"4567";"";"EM FRENTE A ESCOLA MARECHAL RONDOM";"TEJIPIO";"";"";"COLISÃO";"0,0";"1,0";"0,0";"0,0";"0,0";"0,0";"0,0";"0,0";"0,0";"1,0";"0,0";"";"";"";"";"";"";"";"";"";"";"";""
"202409973,0";"2024-04-19";"05:41:00";"SEM VÍTIMA";"FINALIZADA";"SANTO AMARO";"RUA DO POMBAL";"795";"RUA TUPINAMBAS";"";"SANTO AMARO";"";"";"COLISÃO LATERAL";"2,0";"0,0";"0,0";"0,0";"0,0";"0,0";"0,0";"0,0";"0,0";"0,0";"0,0";"";"";"";"";"";"";"";"";"";"";"";""
"202409974,0";"2024-04-19";"05:54:00";"COM VÍTIMA";"FINALIZADA";"BAIRRO DO RECIFE";"C SANTA RITA";"";"";"POR TRAS DO NOVO HOTEL";"BAIRRO DO RECIFE";"";"";"COLISÃO";"0,0";"1,0";"0,0";"0,0";"0,0";"0,0";"0,0";"0,0";"0,0";"1,0";"0,0";"";"";"";"";"";"";"";"";"";"";"";""
"202409999,0";"2024-04-19";"10:35:00";"COM VÍTIMA";"FINALIZADA";"FUNDAO";"AV BEBERIBE";"";"";"PROX AO PAGODE DA PRESSÃO";"FUNDAO";"";"";"COLISÃO";"1,0";"1,0";"0,0";"0,0";"0,0";"0,0";"0,0";"0,0";"0,0";"1,0";"0,0";"";"";"";"";"";"";"";"";"";"";"";""
"202410014,0";"2024-04-20";"06:17:00";"COM VÍTIMA";"FINALIZADA";"CURADO";"RUA MINISTRO MARIO ANDREAZZA";"";"";"ENTRADA DO TERMINAL INTEGRADO DO TIP";"CURADO";"";"";"COLISÃO FRONTAL";"0,0";"1,0";"0,0";"0,0";"0,0";"1,0";"0,0";"0,0";"0,0";"1,0";"0,0";"";"";"";"";"";"";"";"";"";"";"";""
"202410027,0";"2024-04-20";"08:19:00";"COM VÍTIMA";"FINALIZADA";"ROSARINHO";"RUA ENGENHEIRO NESTOR MOREIRA REIS";"";"";"PROX AO COLEGIO  FAZER CRESCE  / DEPOIS DA PARAÇA DO ROSARINHO";"ROSARINHO";"";"";"COLISÃO LATERAL";"1,0";"1,0";"0,0";"0,0";"0,0";"0,0";"0,0";"0,0";"0,0";"1,0";"0,0";"";"";"";"";"";"";"";"";"";"";"";""
"202410068,0";"2024-04-20";"02:05:00";"SEM VÍTIMA";"FINALIZADA";"BARRO";"RUA DOM ANTONIO VICOSO";"";"";"PROX A CASA 468";"BARRO";"";"";"COLISÃO";"1,0";"1,0";"0,0";"0,0";"0,0";"0,0";"0,0";"0,0";"0,0";"0,0";"0,0";"";"";"";"";"";"";"";"";"";"";"";""
"202410087,0";"2024-04-20";"05:35:00";"COM VÍTIMA";"FINALIZADA";"SAN MARTIN";"AV GENERAL SAN MARTIN";"";"RUA GOMES TABORDA";"SEMÁFORO 067";"SAN MARTIN";"";"";"COLISÃO FRONTAL";"1,0";"1,0";"0,0";"0,0";"0,0";"0,0";"0,0";"0,0";"0,0";"1,0";"0,0";"";"";"";"";"";"";"";"";"";"";"";""
"202410105,0";"2024-04-20";"11:12:00";"SEM VÍTIMA";"FINALIZADA";"DOIS IRMAOS";"RUA DOIS IRMAOS";"";"";"MOTEL CASA GRANDE EMBAIXO DO VIADUTO";"DOIS IRMAOS";"";"";"CHOQUE";"0,0";"0,0";"0,0";"0,0";"0,0";"0,0";"0,0";"0,0";"0,0";"0,0";"0,0";"";"";"";"";"";"";"";"";"";"";"";""
"202410129,0";"2024-04-21";"08:41:00";"COM VÍTIMA";"FINALIZADA";"IMBIRIBEIRA";"RUA JOAQUIM BANDEIRA";"268 A";"";"EMBAIXO DO PONTILHAO DO METRO ESTAÇÃO ANTONIO FALCAO";"IMBIRIBEIRA";"";"";"COLISÃO FRONTAL";"1,0";"1,0";"0,0";"0,0";"0,0";"0,0";"0,0";"0,0";"0,0";"2,0";"0,0";"";"";"";"";"";"";"";"";"";"";"";""
"202410130,0";"2024-04-21";"08:58:00";"COM VÍTIMA";"FINALIZADA";"BOA VISTA";"AV GOVERNADOR AGAMENON MAGALHAES";"";"";"AO LADO DO BOMPREÇO / SENTIDO OLINDA";"BOA VISTA";"";"";"COLISÃO LATERAL";"1,0";"1,0";"0,0";"0,0";"0,0";"0,0";"0,0";"0,0";"0,0";"1,0";"0,0";"";"";"";"";"";"";"";"";"";"";"";""
"202410134,0";"2024-04-21";"09:27:00";"COM VÍTIMA";"FINALIZADA";"CORREGO DO JENIPAPO";"RUA CORREGO DO FERNANDINHO";"60";"";"DEPOIS DA UPINHA DO CÓRREGO DO JENIPAPO (  PRIMEIRA RUA A DIREITA )";"CORREGO DO JENIPAPO";"";"";"COLISÃO LATERAL";"3,0";"1,0";"0,0";"0,0";"0,0";"0,0";"0,0";"0,0";"0,0";"1,0";"0,0";"";"";"";"";"";"";"";"";"";"";"";""