"Protocolo";"data";"hora";"natureza";"situacao";"bairro";"endereco";"numero";"detalhe_endereco_acidente";"complemento";"bairro_cruzamento";"num_semaforo";"sentido_via";"tipo";"auto";"moto";"ciclom";"ciclista";"pedestre";"onibus";"caminhao";"viatura";"outros";"vitimas";"vitimasfatais";"acidente_verificado";"tempo_clima";"situacao_semaforo";"sinalizacao";"condicao_via";"conservacao_via";"ponto_controle";"situacao_placa";"velocidade_max_via";"mao_direcao";"divisao_via1";"divisao_via2"
"202410145,0";"2024-04-21";"11:15:00";"COM VÍTIMA";"FINALIZADA";"ALTO DO MANDU";"AV DR EURICO CHAVES";"449";"";"PROX. A SORVETERIA EXPLOSÃO DE SABOR";"ALTO DO MANDU";"";"";"COLISÃO LATERAL";"1,0";"1,0";"0,0";"0,0";"0,0";"0,0";"0,0";"0,0";"0,0";"1,0";"0,0";"";"";"";"";"";"";"";"";"";"";"";""
"202410148,0";"2024-04-21";"12:13:00";"COM VÍTIMA";"FINALIZADA";"CAXANGA";"RUA CARATINGA";"833";"";"E/F A ESTAÇAO DO ZUMBI";"CAXANGA";"";"";"COLISÃO TRASEIRA";"1,0";"1,0";"0,0";"0,0";"0,0";"0,0";"0,0";"0,0";"0,0";"1,0";"0,0";"";"";"";"";"";"";"";"";"";"";"";""
"202410153,0";"2024-04-21";"01:34:00";"COM VÍTIMA";"FINALIZADA";"IMBIRIBEIRA";"AV MARECHAL MASCARENHAS DE MORAES";"";"";"DENTRO AEROPORTO NO ESTACIONAMENTO A5";"IMBIRIBEIRA";"";"";"ATROPELAMENTO DE PESSOA";"4,0";"0,0";"0,0";"0,0";"1,0";"0,0";"0,0";"0,0";"0,0";"1,0";"0,0";"";"";"";"";"";"";"";"";"";"";"";""
"202410158,0";"2024-04-21";"02:58:00";"COM VÍTIMA";"FINALIZADA";"IMBIRIBEIRA";"AV MARECHAL MASCARENHAS DE MORAES";"1511";"";"ACIDENTE ENTRE AUTO E MOTOCICLETA";"IMBIRIBEIRA";"";"";"COLISÃO";"1,0";"1,0";"0,0";"0,0";"0,0";"0,0";"0,0";"0,0";"0,0";"1,0";"0,0";"";"";"";"";"";"";"";"";"";"";"";""
"202410175,0";"2024-04-21";"07:45:00";"COM VÍTIMA";"FINALIZADA";"MADALENA";"AV VISCONDE DE ALBUQUERQUE";"";"RUA BENFICA";"PROX AO BOMPREÇO";"MADALENA";"51,0";"";"COLISÃO";"0,0";"2,0";"0,0";"0,0";"0,0";"0,0";"0,0";"0,0";"0,0";"1,0";"0,0";"";"";"";"";"";"";"";"";"";"";"";""
"202410179,0";"2024-04-21";"09:47:00";"COM VÍTIMA";"FINALIZADA";"IMBIRIBEIRA";"RUA GUARARAPES - INFRAERO";"";"";"EDF. GARAGEM DO AEROPORTO";"IMBIRIBEIRA";"";"";"COLISÃO";"1,0";"1,0";"0,0";"0,0";"0,0";"0,0";"0,0";"0,0";"0,0";"1,0";"0,0";"";"";"";"";"";"";"";"";"";"";"";""
"202410210,0";"2024-04-22";"08:05:00";"COM VÍTIMA";"FINALIZADA";"AFOGADOS";"RUA JOSE MIRANDA";"2B";"";"PROX. AO COLEGIO ARCA DE NOE";"AFOGADOS";"";"";"COLISÃO LATERAL";"1,0";"1,0";"0,0";"0,0";"0,0";"0,0";"0,0";"0,0";"0,0";"1,0";"0,0";"";"";"";"";"";"";"";"";"";"";"";""
"202410218,0";"2024-04-22";"08:32:00";"COM VÍTIMA";"FINALIZADA";"BOA VIAGEM";"RUA BRUNO VELOSO";"";"";"ESQUINA DA ACADEMIA SELFIT";"BOA VIAGEM";"";"";"COLISÃO FRONTAL";"1,0";"1,0";"0,0";"0,0";"0,0";"0,0";"0,0";"0,0";"0,0";"2,0";"0,0";"";"";"";"";"";"";"";"";"";"";"";""
"202410223,0";"2024-04-22";"09:00:00";"COM VÍTIMA";"FINALIZADA";"IMBIRIBEIRA";"RUA ARQUITETO LUIZ NUNES";"";"RUA MIS JOEL CARLSON";"";"IMBIRIBEIRA";"";"";"ATROPELAMENTO DE PESSOA";"1,0";"0,0";"0,0";"0,0";"1,0";"0,0";"0,0";"0,0";"0,0";"1,0";"0,0";"";"";"";"";"";"";"";"";"";"";"";""
"202410234,0";"2024-04-22";"10:16:00";"COM VÍTIMA";"DUPLICIDADE";"TAMARINEIRA";"RUA CONEGO BARATA";"";"";"PRÓXIMO AO CRUZAMENTO COM A AVENIDA NORTE";"TAMARINEIRA";"";"";"COLISÃO LATERAL";"0,0";"0,0";"0,0";"0,0";"0,0";"0,0";"0,0";"0,0";"0,0";"1,0";"0,0";"";"";"";"";"";"";"";"";"";"";"";""
"202410237,0";"2024-04-22";"10:27:00";"COM VÍTIMA";"FINALIZADA";"TAMARINEIRA";"RUA CONEGO BARATA";"";"";"AO LADO DO RESTAURANTE AROMA E SABOR";"TAMARINEIRA";"";"";"COLISÃO TRASEIRA";"1,0";"1,0";"0,0";"0,0";"0,0";"0,0";"0,0";"0,0";"0,0";"1,0";"0,0";"";"";"";"";"";"";"";"";"";"";"";""
"202410249,0";"2024-04-22";"12:49:00";"COM VÍTIMA";"FINALIZADA";"AREIAS";"AV TAPAJOS";"";"";"PROX POSTO DE GASOLINA BR MANIA";"AREIAS";"";"";"COLISÃO TRASEIRA";"0,0";"2,0";"0,0";"0,0";"0,0";"0,0";"0,0";"0,0";"0,0";"1,0";"0,0";"";"";"";"";"";"";"";"";"";"";"";""
"202410255,0";"2024-04-22";"02:08:00";"COM VÍTIMA";"FINALIZADA";"BOA VISTA";"AV GOVERNADOR AGAMENON MAGALHAES";"";"RUA HENRIQUE DIAS";"SEMÁFORO 068";"BOA VISTA";"68,0";"";"COLISÃO LATERAL";"1,0";"1,0";"0,0";"0,0";"0,0";"0,0";"0,0";"0,0";"0,0";"1,0";"0,0";"";"";"";"";"";"";"";"";"";"";"";""
"202410259,0";"2024-04-22";"02:40:00";"COM VÍTIMA";"FINALIZADA";"IMBIRIBEIRA";"AV MARECHAL MASCARENHAS DE MORAES";"43";"";"E/F A LOJA TRATOR NORMAC";"IMBIRIBEIRA";"";"";"COLISÃO LATERAL";"0,0";"0,0";"0,0";"0,0";"0,0";"0,0";"0,0";"0,0";"0,0";"1,0";"0,0";"";"";"";"";"";"";"";"";"";"";"";""
"202410263,0";"2024-04-22";"03:25:00";"COM VÍTIMA";"FINALIZADA";"ESTANCIA";"AV RECIFE";"";"";"E/F AO ATACADAO    S/T BR";"ESTANCIA";"";"";"COLISÃO TRASEIRA";"0,0";"2,0";"0,0";"0,0";"0,0";"0,0";"0,0";"0,0";"0,0";"1,0";"0,0";"";"";"";"";"";"";"";"";"";"";"";""
"202410269,0";"2024-04-22";"03:51:00";"COM VÍTIMA";"FINALIZADA";"TAMARINEIRA";"AV NORTE MIGUEL ARRAES DE ALENCAR";"";"";"QUASE NO CRUZAMENTO DA AV NORTE COM A A CONEGO BARATA , PROX A FERREIRA COSTA, EM FRENTE AO NUMERO 3850";"TAMARINEIRA";"";"";"COLISÃO LATERAL";"1,0";"1,0";"0,0";"0,0";"0,0";"0,0";"0,0";"0,0";"0,0";"1,0";"0,0";"";"";"";"";"";"";"";"";"";"";"";""
"202410299,0";"2024-04-22";"07:35:00";"COM VÍTIMA";"FINALIZADA";"JORDAO";"AV MARIA IRENE";"";"";"BASE AEREA";"JORDAO";"";"";"COLISÃO FRONTAL";"0,0";"2,0";"0,0";"0,0";"0,0";"0,0";"0,0";"0,0";"0,0";"2,0";"0,0";"";"";"";"";"";"";"";"";"";"";"";""
"202410306,0";"2024-04-22";"08:59:00";"COM VÍTIMA";"FINALIZADA";"ENGENHO DO MEIO";"RUA ANTONIO CURADO";"";"";"ENTRADA DO PRESIDIO BOM PASTOR";"ENGENHO DO MEIO";"";"";"COLISÃO TRASEIRA";"1,0";"1,0";"0,0";"0,0";"0,0";"0,0";"0,0";"0,0";"0,0";"1,0";"0,0";"";"";"";"";"";"";"";"";"";"";"";""
"202410307,0";"2024-04-22";"09:01:00";"COM VÍTIMA";"CANCELADA";"PINA";"AVENIDA CELSO FURTADO (VIA MANGUE)";"";"RUA TOME GIBSON";"";"PINA";"";"CID";"COLISÃO";"2,0";"0,0";"0,0";"0,0";"0,0";"0,0";"0,0";"0,0";"0,0";"1,0";"0,0";"";"";"";"";"";"";"";"";"";"";"";""
"202410318,0";"2024-04-23";"06:13:00";"SEM VÍTIMA";"FINALIZADA";"";"RUA SAO MIGUEL";"1331";"";"EM FRENTE A CESAR MOTOS";"";"";"SUBURBIO";"CAPOTAMENTO";"1,0";"0,0";"0,0";"0,0";"0,0";"0,0";"0,0";"0,0";"0,0";"0,0";"0,0";"";"";"";"";"";"";"";"";"";"";"";""
"202410339,0";"2024-04-23";"07:27:00";"COM VÍTIMA";"FINALIZADA";"BONGI";"EST DO BONGI";"";"";"EM FRENTE A PADARIA SANTA JOANA / PROX AO POSTO DE GASOLINA TOTAL";"BONGI";"";"";"COLISÃO";"0,0";"1,0";"0,0";"0,0";"0,0";"0,0";"0,0";"0,0";"0,0";"1,0";"0,0";"";"";"";"";"";"";"";"";"";"";"";""
"202410340,0";"2024-04-23";"07:33:00";"SEM VÍTIMA";"FINALIZADA";"MADALENA";"RUA JOAO IVO DA SILVA";"246";"";"EM FRENTE AO CENTRO COMERCIAL NOBRE DE LARCEDA";"MADALENA";"";"";"COLISÃO TRANSVERSAL";"2,0";"1,0";"0,0";"0,0";"0,0";"0,0";"0,0";"0,0";"0,0";"0,0";"0,0";"";"";"";"";"";"";"";"";"";"";"";""
"202410359,0";"2024-04-23";"10:00:00";"COM VÍTIMA";"FINALIZADA";"ARRUDA";"AV PROFESSOR JOSE DOS ANJOS";"";"";"PROX AO CAMPO DO ARRUDA SENTIDO OLINDA";"ARRUDA";"";"";"COLISÃO";"0,0";"1,0";"0,0";"0,0";"0,0";"0,0";"0,0";"0,0";"0,0";"1,0";"0,0";"";"";"";"";"";"";"";"";"";"";"";""
"202410366,0";"2024-04-23";"10:55:00";"SEM VÍTIMA";"FINALIZADA";"BOA VIAGEM";"AV BOA VIAGEM";"2724";"";"";"BOA VIAGEM";"";"CIDADE";"COLISÃO TRASEIRA";"3,0";"0,0";"0,0";"0,0";"0,0";"0,0";"0,0";"0,0";"0,0";"0,0";"0,0";"";"";"";"";"";"";"";"";"";"";"";""
"202410368,0";"2024-04-23";"11:00:00";"COM VÍTIMA";"FINALIZADA";"ESPINHEIRO";"RUA BUENOS AYRES";"";"RUA DA HORA";"PROX A CLINICA ATOS , NAS PROXIMIDADES DO NUMERO 772";"ESPINHEIRO";"";"";"COLISÃO";"2,0";"0,0";"0,0";"0,0";"0,0";"0,0";"0,0";"0,0";"0,0";"1,0";"0,0";"";"";"";"";"";"";"";"";"";"";"";""
"202410375,0";"2024-04-23";"12:12:00";"COM VÍTIMA";"FINALIZADA";"IPSEP";"RUA SAO NICOLAU";"";"";"NA BEIRA CANAL AO LADO DA FARMACIA  BOM CONSELHO";"IPSEP";"";"";"COLISÃO";"0,0";"1,0";"0,0";"0,0";"0,0";"0,0";"0,0";"0,0";"0,0";"1,0";"0,0";"";"";"";"";"";"";"";"";"";"";"";""
"202410383,0";"2024-04-23";"01:08:00";"COM VÍTIMA";"FINALIZADA";"AFOGADOS";"RUA NICOLAU PEREIRA";"";"";"EM BAIXO DO VIADUTO DA ESTAÇÃO AFOGADOS";"AFOGADOS";"";"";"ATROPELAMENTO DE PESSOA";"1,0";"0,0";"0,0";"0,0";"1,0";"0,0";"0,0";"0,0";"0,0";"1,0";"0,0";"";"";"";"";"";"";"";"";"";"";"";""
"202410386,0";"2024-04-23";"02:05:00";"COM VÍTIMA";"FINALIZADA";"MADALENA";"AV BEIRA RIO";"4226";"";"PROX A PONTE DA CAPUNGA  EO CLUBE INTERNACIONAL";"MADALENA";"";"";"COLISÃO LATERAL";"0,0";"0,0";"0,0";"0,0";"0,0";"0,0";"0,0";"0,0";"0,0";"1,0";"0,0";"";"";"";"";"";"";"";"";"";"";"";""
"202410396,0";"2024-04-23";"03:08:00";"COM VÍTIMA";"FINALIZADA";"CAXANGA";"AV CAXANGA";"10529";"";"E/F AO MERCADO SOBERANO";"CAXANGA";"";"";"COLISÃO LATERAL";"0,0";"0,0";"0,0";"0,0";"0,0";"0,0";"0,0";"0,0";"0,0";"1,0";"0,0";"";"";"";"";"";"";"";"";"";"";"";""
"202410410,0";"2024-04-23";"05:37:00";"SEM VÍTIMA";"FINALIZADA";"MADALENA";"RUA DR JOAO COIMBRA";"";"RUA ERNANI BRAGA";"";"MADALENA";"";"";"COLISÃO TRASEIRA";"0,0";"0,0";"0,0";"0,0";"0,0";"0,0";"0,0";"0,0";"0,0";"0,0";"0,0";"";"";"";"";"";"";"";"";"";"";"";""
"202410412,0";"2024-04-23";"05:48:00";"COM VÍTIMA";"FINALIZADA";"JARDIM SAO PAULO";"RUA NOSSA SENHORA DE FATIMA";"1976";"";"PROX A PRAÇA DE JARDIM SAO PAULO";"JARDIM SAO PAULO";"";"";"COLISÃO LATERAL";"0,0";"0,0";"0,0";"0,0";"0,0";"0,0";"0,0";"0,0";"0,0";"1,0";"0,0";"";"";"";"";"";"";"";"";"";"";"";""
"202410418,0";"2024-04-23";"06:57:00";"COM VÍTIMA";"FINALIZADA";"ENCRUZILHADA";"AV BEBERIBE";"";"RUA OLIMPIO DE ARROUXELAS GALVAO";"PROX AUTO ESCOLA BELEM";"ENCRUZILHADA";"";"";"COLISÃO LATERAL";"1,0";"1,0";"0,0";"0,0";"0,0";"0,0";"0,0";"0,0";"0,0";"1,0";"0,0";"";"";"";"";"";"";"";"";"";"";"";""
"202410419,0";"2024-04-23";"07:12:00";"SEM VÍTIMA";"FINALIZADA";"BOA VIAGEM";"RUA VISCONDE DE JEQUITINHONHA";"";"AV ARMINDO MOURA";"";"BOA VIAGEM";"";"";"COLISÃO";"2,0";"0,0";"0,0";"0,0";"0,0";"0,0";"0,0";"0,0";"0,0";"0,0";"0,0";"";"";"";"";"";"";"";"";"";"";"";""
"202410424,0";"2024-04-23";"07:27:00";"COM VÍTIMA";"FINALIZADA";"TORRE";"RUA CONDE DE IRAJA";"";"RUA REAL DA TORRE";"PROX AO MERCADO RECIBOM";"TORRE";"";"";"COLISÃO";"0,0";"1,0";"0,0";"0,0";"0,0";"1,0";"0,0";"0,0";"0,0";"1,0";"0,0";"";"";"";"";"";"";"";"";"";"";"";""
"202410431,0";"2024-04-23";"09:32:00";"COM VÍTIMA";"FINALIZADA";"TORRE";"RUA CONDE DE IRAJA";"";"RUA REAL DA TORRE";"PROX AO MERCADO RECIBOM";"TORRE";"";"";"COLISÃO";"1,0";"1,0";"0,0";"0,0";"0,0";"0,0";"0,0";"0,0";"0,0";"3,0";"0,0";"";"";"";"";"";"";"";"";"";"";"";""
"202410432,0";"2024-04-23";"10:12:00";"COM VÍTIMA";"FINALIZADA";"IPSEP";"AV RECIFE";"";"";"PROX AO POSTO BR, SENTIDO BOA VIAGEM";"IPSEP";"";"";"COLISÃO";"3,0";"0,0";"0,0";"0,0";"0,0";"0,0";"0,0";"0,0";"0,0";"1,0";"0,0";"";"";"";"";"";"";"";"";"";"";"";""
"202410433,0";"2024-04-23";"11:24:00";"COM VÍTIMA";"FINALIZADA";"SANTO AMARO";"AV CRUZ CABUGA";"";"";"EM FRENTE AO MERCADO PUBLICO DE SANTO AMARO.";"SANTO AMARO";"";"";"COLISÃO";"1,0";"1,0";"0,0";"0,0";"0,0";"0,0";"0,0";"0,0";"0,0";"1,0";"0,0";"";"";"";"";"";"";"";"";"";"";"";""
"202410438,0";"2024-04-24";"05:16:00";"COM VÍTIMA";"FINALIZADA";"PAISSANDU";"AV GOVERNADOR AGAMENON MAGALHAES";"";"";"HOSPITAL PORTUGUES";"PAISSANDU";"69,0";"SUBURBIO";"COLISÃO";"1,0";"1,0";"0,0";"0,0";"0,0";"0,0";"0,0";"0,0";"0,0";"1,0";"0,0";"";"";"";"";"";"";"";"";"";"";"";""
"202410446,0";"2024-04-24";"06:39:00";"COM VÍTIMA";"FINALIZADA";"IPSEP";"AV RECIFE";"3030";"";"PROX. AO POSTO FEDERAL SENT. BOA VIAGEM";"IPSEP";"";"";"COLISÃO COM CICLISTA";"2,0";"0,0";"0,0";"1,0";"0,0";"1,0";"0,0";"0,0";"0,0";"1,0";"0,0";"";"";"";"";"";"";"";"";"";"";"";""
"202410485,0";"2024-04-24";"09:03:00";"COM VÍTIMA";"FINALIZADA";"CASA AMARELA";"AV NORTE MIGUEL ARRAES DE ALENCAR";"5359";"";"EM FRENTE A AUTO ESCOLA  VIA NORTE";"CASA AMARELA";"";"";"COLISÃO LATERAL";"0,0";"1,0";"0,0";"0,0";"0,0";"1,0";"0,0";"0,0";"0,0";"1,0";"0,0";"";"";"";"";"";"";"";"";"";"";"";""
"202410493,0";"2024-04-24";"09:22:00";"COM VÍTIMA";"FINALIZADA";"PRADO";"RUA CARLOS GOMES";"";"RUA MANOEL DE ARRUDA CAMARA";"";"PRADO";"";"";"COLISÃO";"1,0";"1,0";"0,0";"0,0";"0,0";"0,0";"0,0";"0,0";"0,0";"1,0";"0,0";"";"";"";"";"";"";"";"";"";"";"";""
"202410499,0";"2024-04-24";"10:07:00";"COM VÍTIMA";"FINALIZADA";"ILHA JOANA BEZERRA";"AV BEIRA RIO";"";"";"PRÓXIMO A ACADEMIA DA CIDADE";"ILHA JOANA BEZERRA";"";"";"COLISÃO LATERAL";"0,0";"1,0";"0,0";"0,0";"0,0";"0,0";"1,0";"0,0";"0,0";"1,0";"0,0";"";"";"";"";"";"";"";"";"";"";"";""
"202410504,0";"2024-04-24";"10:47:00";"COM VÍTIMA";"FINALIZADA";"AFOGADOS";"AV SUL";"";"PTE DO MOTOCOLOMBO";"TROCÃO";"AFOGADOS";"";"";"QUEDA";"0,0";"0,0";"0,0";"0,0";"0,0";"0,0";"0,0";"0,0";"0,0";"1,0";"0,0";"";"";"";"";"";"";"";"";"";"";"";""
"202410505,0";"2024-04-24";"10:45:00";"COM VÍTIMA";"FINALIZADA";"BEBERIBE";"AV BEBERIBE";"4172";"";"LADO OPOSTO AO 4131, EM FRENTE AO POSTO SHELL, SENTIDO PRAÇA DA CONVENÇÃO.";"BEBERIBE";"";"";"COLISÃO LATERAL";"1,0";"1,0";"0,0";"0,0";"0,0";"0,0";"0,0";"0,0";"0,0";"1,0";"0,0";"";"";"";"";"";"";"";"";"";"";"";""
"202410507,0";"2024-04-24";"10:48:00";"COM VÍTIMA";"FINALIZADA";"DERBY";"AV GOVERNADOR AGAMENON MAGALHAES";"";"AV RUI BARBOSA";"ESQUINA";"DERBY";"";"";"";"0,0";"0,0";"0,0";"0,0";"0,0";"0,0";"0,0";"0,0";"0,0";"1,0";"0,0";"";"";"";"";"";"";"";"";"";"";"";""
"202410508,0";"2024-04-24";"10:53:00";"COM VÍTIMA";"FINALIZADA";"PINA";"AV HERCULANO BANDEIRA";"";"";"EM FRENTE AO ATACADO DA CONSTRUÇÃO";"PINA";"";"";"ATROPELAMENTO DE PESSOA";"0,0";"0,0";"0,0";"0,0";"1,0";"1,0";"0,0";"0,0";"0,0";"1,0";"0,0";"";"";"";"";"";"";"";"";"";"";"";""
"202410515,0";"2024-04-24";"12:04:00";"COM VÍTIMA";"FINALIZADA";"TEJIPIO";"AV LIBERDADE";"72";"";"PROX AO COND. VILA JARDIM / EM FRENTE A VIDRAÇARIA SAO PAULO";"TEJIPIO";"";"";"COLISÃO LATERAL";"1,0";"1,0";"0,0";"0,0";"0,0";"0,0";"0,0";"0,0";"0,0";"1,0";"0,0";"";"";"";"";"";"";"";"";"";"";"";""
"202410537,0";"2024-04-24";"03:38:00";"COM VÍTIMA";"FINALIZADA";"AREIAS";"AV DR JOSE RUFINO";"1388";"";"EM FRENTE AO BRADESCO E A CAROL SPORTES";"AREIAS";"";"";"ATROPELAMENTO DE PESSOA";"0,0";"1,0";"0,0";"0,0";"1,0";"0,0";"0,0";"0,0";"0,0";"1,0";"0,0";"";"";"";"";"";"";"";"";"";"";"";""
"202410552,0";"2024-04-24";"06:24:00";"COM VÍTIMA";"CANCELADA";"TEJIPIO";"AV DR JOSE RUFINO";"4455";"";"EM FRENTE AO MARECHAL RONDON, E PROXIMO AO QUARTEL IV BECCON";"TEJIPIO";"";"";"COLISÃO";"0,0";"1,0";"0,0";"0,0";"0,0";"0,0";"0,0";"0,0";"0,0";"1,0";"0,0";"";"";"";"";"";"";"";"";"";"";"";""
"202410557,0";"2024-04-24";"07:19:00";"COM VÍTIMA";"FINALIZADA";"IMBIRIBEIRA";"AV MARECHAL MASCARENHAS DE MORAES";"945";"";"LOJA DE PNEUS MONOBLOCO PREMIUM";"IMBIRIBEIRA";"";"CIDADE";"COLISÃO TRASEIRA";"2,0";"0,0";"0,0";"0,0";"0,0";"0,0";"0,0";"0,0";"0,0";"1,0";"0,0";"";"";"";"";"";"";"";"";"";"";"";""
"202410564,0";"2024-04-24";"08:17:00";"COM VÍTIMA";"FINALIZADA";"SANTO AMARO";"RUA TREZE DE MAIO";"";"";"EM FRENTE AO SESC";"SANTO AMARO";"";"";"COLISÃO";"0,0";"2,0";"0,0";"0,0";"0,0";"0,0";"0,0";"0,0";"0,0";"1,0";"0,0";"";"";"";"";"";"";"";"";"";"";"";""
"202410567,0";"2024-04-24";"10:19:00";"COM VÍTIMA";"FINALIZADA";"BOA VIAGEM";"AV ENGENHEIRO DOMINGOS FERREIRA";"";"";"MERCADO PUBLICO DE BOA VIAGEM";"BOA VIAGEM";"";"";"ATROPELAMENTO DE PESSOA";"1,0";"0,0";"0,0";"0,0";"1,0";"0,0";"0,0";"0,0";"0,0";"1,0";"0,0";"";"";"";"";"";"";"";"";"";"";"";""
"202410592,0";"2024-04-25";"07:35:00";"COM VÍTIMA";"FINALIZADA";"AFOGADOS";"RUA MOTOCOLOMBO";"200";"";"PROX A IGREJA PRESBITERIANA NO LARGO DA PAZ";"AFOGADOS";"";"";"COLISÃO FRONTAL";"1,0";"1,0";"0,0";"0,0";"0,0";"0,0";"0,0";"0,0";"0,0";"1,0";"0,0";"";"";"";"";"";"";"";"";"";"";"";""
"202410598,0";"2024-04-25";"08:03:00";"COM VÍTIMA";"FINALIZADA";"BONGI";"AV ENGENHEIRO ABDIAS DE CARVALHO";"1671";"";"SENTIDO SPORT  //  PROX A LOCADORA SOLUÇOES ENTER A CAR";"BONGI";"";"";"COLISÃO";"0,0";"1,0";"0,0";"0,0";"0,0";"1,0";"0,0";"0,0";"0,0";"1,0";"0,0";"";"";"";"";"";"";"";"";"";"";"";""
"202410599,0";"2024-04-25";"08:07:00";"SEM VÍTIMA";"FINALIZADA";"VARZEA";"RUA VALE DO SIRIJI";"20";"RUA VERTENTE DOS LIRIOS";"EM FRENTE A SKINA DA BELEZA";"VARZEA";"";"CIDADE";"COLISÃO LATERAL";"1,0";"0,0";"0,0";"0,0";"0,0";"1,0";"0,0";"0,0";"0,0";"0,0";"0,0";"";"";"";"";"";"";"";"";"";"";"";""
"202410600,0";"2024-04-25";"08:34:00";"COM VÍTIMA";"FINALIZADA";"SANTO AMARO";"AV DA SAUDADE,";"";"";"EM FRENTE AO CEMITERIO DE SANTO AMARO";"SANTO AMARO";"";"";"COLISÃO LATERAL";"0,0";"1,0";"0,0";"0,0";"0,0";"0,0";"0,0";"0,0";"0,0";"1,0";"0,0";"";"";"";"";"";"";"";"";"";"";"";""
"202410604,0";"2024-04-25";"09:13:00";"COM VÍTIMA";"FINALIZADA";"CAXANGA";"AV CAXANGA";"1792";"";"PROX A ECO PNEUS  //  PROX A CENTRAL CAR  //  PROX AO BANCO ITAÚ";"CAXANGA";"";"";"COLISÃO";"0,0";"1,0";"0,0";"0,0";"0,0";"0,0";"0,0";"0,0";"0,0";"1,0";"0,0";"";"";"";"";"";"";"";"";"";"";"";""
"202410605,0";"2024-04-25";"09:15:00";"COM VÍTIMA";"FINALIZADA";"CABANGA";"VIADUTO CAPITAO TEMUDO";"";"";"DESCIDA DO VIADUTO";"CABANGA";"";"";"COLISÃO";"1,0";"1,0";"0,0";"0,0";"0,0";"0,0";"0,0";"0,0";"0,0";"1,0";"0,0";"";"";"";"";"";"";"";"";"";"";"";""
"202410611,0";"2024-04-25";"09:45:00";"SEM VÍTIMA";"FINALIZADA";"BOA VISTA";"AV MANOEL BORBA";"";"RUA DOM BOSCO";"";"BOA VISTA";"28,0";"SUBURBIO";"COLISÃO LATERAL";"1,0";"0,0";"0,0";"0,0";"0,0";"0,0";"0,0";"1,0";"0,0";"0,0";"0,0";"";"";"";"";"";"";"";"";"";"";"";""
"202410616,0";"2024-04-25";"10:08:00";"COM VÍTIMA";"FINALIZADA";"ZUMBI";"AV ENGENHEIRO ABDIAS DE CARVALHO";"50";"";"PROX AO BIG CAR  //  EM FRENTE AO CID EXPANSÃO VEICULAR / SENTIDO INTERIOR";"ZUMBI";"";"";"COLISÃO";"0,0";"1,0";"0,0";"0,0";"0,0";"0,0";"0,0";"0,0";"0,0";"1,0";"0,0";"";"";"";"";"";"";"";"";"";"";"";""
"202410630,0";"2024-04-25";"11:42:00";"COM VÍTIMA";"FINALIZADA";"BOA VISTA";"RUA DO RIACHUELO";"819";"";"AO LADO DO HOSPITAL DO EXERCITO  ( RUA QUE VAI DAR POR TRÁS  DA FACULDADE DE DIREITO )";"BOA VISTA";"";"";"COLISÃO";"0,0";"1,0";"0,0";"0,0";"0,0";"0,0";"0,0";"0,0";"0,0";"1,0";"0,0";"";"";"";"";"";"";"";"";"";"";"";""
"202410632,0";"2024-04-25";"12:20:00";"COM VÍTIMA";"FINALIZADA";"CIDADE UNIVERSITARIA";"AV PROFESSOR ARTUR DE SA";"";"";"SAIDA DO HOSPITAL DAS CLINICAS";"CIDADE UNIVERSITARIA";"";"";"COLISÃO FRONTAL";"1,0";"1,0";"0,0";"0,0";"0,0";"0,0";"0,0";"0,0";"0,0";"1,0";"0,0";"";"";"";"";"";"";"";"";"";"";"";""
"202410636,0";"2024-04-25";"12:42:00";"COM VÍTIMA";"FINALIZADA";"PONTO DE PARADA";"AV PROFESSOR JOSE DOS ANJOS";"1";"";"PERTO DA  OFICINA DINIZ // SENTIDO PEIXINHOS  // PROX AO ESTADIO DO ARRUDA";"PONTO DE PARADA";"";"";"COLISÃO";"0,0";"1,0";"0,0";"0,0";"0,0";"0,0";"0,0";"0,0";"0,0";"1,0";"0,0";"";"";"";"";"";"";"";"";"";"";"";""
"202410637,0";"2024-04-25";"12:51:00";"SEM VÍTIMA";"FINALIZADA";"BOA VISTA";"PTE SEIS DE MARCO";"";"RUA DR JOSE MARIANO";"";"BOA VISTA";"209,0";"SUBURBIO";"COLISÃO TRASEIRA";"2,0";"0,0";"0,0";"0,0";"0,0";"0,0";"0,0";"0,0";"0,0";"0,0";"0,0";"";"";"";"";"";"";"";"";"";"";"";""
"202410642,0";"2024-04-25";"02:17:00";"COM VÍTIMA";"FINALIZADA";"CAMPO GRANDE";"RUA JERONIMO VILELA";"373";"";"E/F  A PADARIA SANTO ANTONIO";"CAMPO GRANDE";"";"";"COLISÃO LATERAL";"0,0";"0,0";"0,0";"0,0";"0,0";"0,0";"0,0";"0,0";"0,0";"1,0";"0,0";"";"";"";"";"";"";"";"";"";"";"";""