"Protocolo";"data";"hora";"natureza";"situacao";"bairro";"endereco";"numero";"detalhe_endereco_acidente";"complemento";"bairro_cruzamento";"num_semaforo";"sentido_via";"tipo";"auto";"moto";"ciclom";"ciclista";"pedestre";"onibus";"caminhao";"viatura";"outros";"vitimas";"vitimasfatais";"acidente_verificado";"tempo_clima";"situacao_semaforo";"sinalizacao";"condicao_via";"conservacao_via";"ponto_controle";"situacao_placa";"velocidade_max_via";"mao_direcao";"divisao_via1";"divisao_via2"
"202411774,0";"2024-05-07";"07:19:00";"COM VÍTIMA";"FINALIZADA";"ARRUDA";"AV BEBERIBE";"";"";"EM FRENTE AO BANCO DO BRASIL E CAMPO DO ARRUDA";"ARRUDA";"";"";"COLISÃO LATERAL";"0,0";"1,0";"0,0";"0,0";"0,0";"0,0";"0,0";"0,0";"0,0";"1,0";"0,0";"";"";"";"";"";"";"";"";"";"";"";""
"202411777,0";"2024-05-07";"07:33:00";"COM VÍTIMA";"FINALIZADA";"SANTO AMARO";"AV CRUZ CABUGA";"";"AV DR JAYME DA FONTE";"NO CRUZAMENTO";"SANTO AMARO";"343,0";"";"COLISÃO LATERAL";"1,0";"1,0";"0,0";"0,0";"0,0";"0,0";"0,0";"0,0";"0,0";"1,0";"0,0";"";"";"";"";"";"";"";"";"";"";"";""
"202411778,0";"2024-05-07";"07:39:00";"COM VÍTIMA";"FINALIZADA";"SANTO AMARO";"AV CRUZ CABUGA";"";"AV DR JAYME DA FONTE";"NO CRUZAMENTO";"SANTO AMARO";"343,0";"";"COLISÃO TRASEIRA";"0,0";"2,0";"0,0";"0,0";"0,0";"0,0";"0,0";"0,0";"0,0";"1,0";"0,0";"";"";"";"";"";"";"";"";"";"";"";""
"202411790,0";"2024-05-07";"09:20:00";"COM VÍTIMA";"FINALIZADA";"SAO JOSE";"RUA DAS CALCADAS";"";"";"EM FRENTE A MALHA SOL, APOS O ARMAZEM CORAL";"SAO JOSE";"";"";"COLISÃO LATERAL";"0,0";"1,0";"0,0";"0,0";"0,0";"0,0";"0,0";"0,0";"0,0";"1,0";"0,0";"";"";"";"";"";"";"";"";"";"";"";""
"202411796,0";"2024-05-07";"10:29:00";"COM VÍTIMA";"FINALIZADA";"BONGI";"RUA PADRE TEOFILO TWORZ";"";"";"POR TRAS DO SUPERMERCADO MIX MATEUS";"BONGI";"";"";"COLISÃO LATERAL";"1,0";"0,0";"0,0";"0,0";"0,0";"1,0";"0,0";"0,0";"0,0";"1,0";"0,0";"";"";"";"";"";"";"";"";"";"";"";""
"202411801,0";"2024-05-07";"10:45:00";"COM VÍTIMA";"FINALIZADA";"CORDEIRO";"AV GENERAL SAN MARTIN";"";"";"PROX A AUTO ESCOLA RECIFE  //  PROX  AO  IDEAL";"CORDEIRO";"";"";"COLISÃO";"0,0";"1,0";"0,0";"0,0";"0,0";"0,0";"0,0";"0,0";"0,0";"1,0";"0,0";"";"";"";"";"";"";"";"";"";"";"";""
"202411812,0";"2024-05-07";"12:36:00";"COM VÍTIMA";"FINALIZADA";"AREIAS";"AV DR JOSE RUFINO";"2331";"";"EMBAIXO DO VIADUTO ULISSES GUIMARÃES  / PRÓX A IGREJA DE SANTA  LUZIA";"AREIAS";"";"";"COLISÃO";"0,0";"1,0";"0,0";"0,0";"0,0";"0,0";"0,0";"0,0";"0,0";"1,0";"0,0";"";"";"";"";"";"";"";"";"";"";"";""
"202411814,0";"2024-05-07";"01:54:00";"COM VÍTIMA";"FINALIZADA";"IMBIRIBEIRA";"RUA ARQUITETO LUIZ NUNES";"493";"";"POSTO IPIRANGA";"IMBIRIBEIRA";"";"";"COLISÃO";"0,0";"1,0";"0,0";"0,0";"0,0";"0,0";"0,0";"0,0";"0,0";"1,0";"0,0";"";"";"";"";"";"";"";"";"";"";"";""
"202411818,0";"2024-05-07";"02:43:00";"SEM VÍTIMA";"FINALIZADA";"SANTO AMARO";"AV CRUZ CABUGA";"";"";"EM FRENTE AO ARMAZEM CORAL";"SANTO AMARO";"";"";"CHOQUE";"0,0";"0,0";"0,0";"0,0";"0,0";"0,0";"0,0";"0,0";"0,0";"0,0";"0,0";"";"";"";"";"";"";"";"";"";"";"";""
"202411826,0";"2024-05-07";"03:30:00";"COM VÍTIMA";"FINALIZADA";"ESPINHEIRO";"RUA QUARENTA E OITO";"462";"";"EM FRENTE AO EDIFICIO PRIMAVERA COLONIAL";"ESPINHEIRO";"";"";"COLISÃO LATERAL";"1,0";"1,0";"0,0";"0,0";"0,0";"0,0";"0,0";"0,0";"0,0";"1,0";"0,0";"";"";"";"";"";"";"";"";"";"";"";""
"202411832,0";"2024-05-07";"05:20:00";"COM VÍTIMA";"FINALIZADA";"CAMPO GRANDE";"RUA JERONIMO VILELA";"318";"";"PROXIMO A PADARIA SANTO ANTONIO";"CAMPO GRANDE";"";"";"COLISÃO";"0,0";"1,0";"0,0";"0,0";"0,0";"0,0";"0,0";"0,0";"0,0";"1,0";"0,0";"";"";"";"";"";"";"";"";"";"";"";""
"202411834,0";"2024-05-07";"06:30:00";"COM VÍTIMA";"FINALIZADA";"JOANA BEZERRA";"VIADUTO CAPITAO TEMUDO";"154";"";"ENCIMA DO VIADUTO SENTIDO BOA VIAGEM";"JOANA BEZERRA";"";"";"COLISÃO";"0,0";"1,0";"0,0";"0,0";"0,0";"0,0";"0,0";"0,0";"0,0";"1,0";"0,0";"";"";"";"";"";"";"";"";"";"";"";""
"202411845,0";"2024-05-07";"08:07:00";"COM VÍTIMA";"FINALIZADA";"BOA VIAGEM";"AV BOA VIAGEM";"";"RUA PADRE CARAPUCEIRO";"PROX AO ED. PORTUGAL";"BOA VIAGEM";"";"";"COLISÃO";"0,0";"2,0";"0,0";"0,0";"0,0";"0,0";"0,0";"0,0";"0,0";"1,0";"0,0";"";"";"";"";"";"";"";"";"";"";"";""
"202411850,0";"2024-05-08";"12:33:00";"COM VÍTIMA";"FINALIZADA";"AGUA FRIA";"EST VELHA DE AGUA FRIA";"1524";"";"PROX ACADEMIA ISA FORMA / ANTES DA ROTATÓRIA";"AGUA FRIA";"";"";"QUEDA";"0,0";"1,0";"0,0";"0,0";"0,0";"0,0";"0,0";"0,0";"0,0";"1,0";"0,0";"";"";"";"";"";"";"";"";"";"";"";""
"202411878,0";"2024-05-08";"07:17:00";"COM VÍTIMA";"FINALIZADA";"ALTO JOSE DO PINHO";"RUA DA MACAIBA";"";"";"PROX. AO CENTRO ESPIRITA DEUS PAI E LUZ";"ALTO JOSE DO PINHO";"";"";"COLISÃO LATERAL";"0,0";"1,0";"0,0";"0,0";"0,0";"0,0";"0,0";"0,0";"0,0";"1,0";"0,0";"";"";"";"";"";"";"";"";"";"";"";""
"202411880,0";"2024-05-08";"07:29:00";"COM VÍTIMA";"FINALIZADA";"SANTO AMARO";"RUA DO POMBAL";"";"";"AO LADO DO CEMITERIO DE SANTO AMARO E PROX A DELEGACIA DA MULHER";"SANTO AMARO";"";"";"QUEDA";"0,0";"1,0";"0,0";"0,0";"0,0";"0,0";"0,0";"0,0";"0,0";"1,0";"0,0";"";"";"";"";"";"";"";"";"";"";"";""
"202411888,0";"2024-05-08";"08:12:00";"COM VÍTIMA";"FINALIZADA";"BOA VIAGEM";"AVENIDA CELSO FURTADO (VIA MANGUE)";"";"";"POR TRÁS DO ASSAI";"BOA VIAGEM";"";"";"COLISÃO";"1,0";"1,0";"0,0";"0,0";"0,0";"0,0";"0,0";"0,0";"0,0";"1,0";"0,0";"";"";"";"";"";"";"";"";"";"";"";""
"202411893,0";"2024-05-08";"08:51:00";"COM VÍTIMA";"DUPLICIDADE";"IBURA";"AV DOIS RIOS";"";"";"EM FRENTE A POINT BIKE";"IBURA";"";"";"ATROPELAMENTO DE PESSOA";"0,0";"1,0";"0,0";"0,0";"1,0";"0,0";"0,0";"0,0";"0,0";"2,0";"0,0";"";"";"";"";"";"";"";"";"";"";"";""
"202411899,0";"2024-05-08";"09:25:00";"COM VÍTIMA";"FINALIZADA";"GUABIRABA";"EST DOS MACACOS";"";"";"EM FRENTE AO ARMAZEM JENIPAPO";"GUABIRABA";"";"";"COLISÃO";"0,0";"1,0";"0,0";"0,0";"0,0";"0,0";"0,0";"0,0";"0,0";"1,0";"0,0";"";"";"";"";"";"";"";"";"";"";"";""
"202411900,0";"2024-05-08";"09:29:00";"COM VÍTIMA";"FINALIZADA";"DERBY";"AV GOVERNADOR AGAMENON MAGALHAES";"";"RUA DR BANDEIRA FILHO";"";"DERBY";"";"";"COLISÃO";"1,0";"1,0";"0,0";"0,0";"0,0";"0,0";"0,0";"0,0";"0,0";"1,0";"0,0";"";"";"";"";"";"";"";"";"";"";"";""
"202411901,0";"2024-05-08";"09:38:00";"COM VÍTIMA";"FINALIZADA";"IBURA";"AV DOIS RIOS";"351";"";"PROXIMO POINT BIKE";"IBURA";"";"";"ATROPELAMENTO DE PESSOA";"0,0";"1,0";"0,0";"0,0";"1,0";"0,0";"0,0";"0,0";"0,0";"1,0";"0,0";"";"";"";"";"";"";"";"";"";"";"";""
"202411902,0";"2024-05-08";"09:38:00";"COM VÍTIMA";"FINALIZADA";"PINA";"AV HERCULANO BANDEIRA";"205";"";"EM FRENTE A LOJA DE CARRO MEIRA LINS // AO LADO DA PASSARELA HERCULANO BANDEIRA";"PINA";"";"";"COLISÃO";"0,0";"1,0";"0,0";"0,0";"0,0";"0,0";"0,0";"0,0";"0,0";"1,0";"0,0";"";"";"";"";"";"";"";"";"";"";"";""
"202411917,0";"2024-05-08";"11:06:00";"COM VÍTIMA";"FINALIZADA";"GRACAS";"RUA DAS GRACAS";"";"";"EM FRENTE A FARMACIA DROGA BRASIL";"GRACAS";"";"";"COLISÃO";"0,0";"1,0";"0,0";"0,0";"0,0";"0,0";"0,0";"0,0";"0,0";"1,0";"0,0";"";"";"";"";"";"";"";"";"";"";"";""
"202411919,0";"2024-05-08";"11:15:00";"COM VÍTIMA";"FINALIZADA";"IBURA";"AV DOIS RIOS";"";"";"PROXIMO A OTICA BERNARDO, AO LADO DO SEMAFORO 561";"IBURA";"";"";"COLISÃO";"3,0";"0,0";"0,0";"0,0";"0,0";"0,0";"0,0";"0,0";"0,0";"1,0";"0,0";"";"";"";"";"";"";"";"";"";"";"";""
"202411925,0";"2024-05-08";"11:38:00";"COM VÍTIMA";"FINALIZADA";"BOA VIAGEM";"VIADUTO TANCREDO NEVES";"2080";"";"PRÓX AO GAIC";"BOA VIAGEM";"";"";"COLISÃO";"0,0";"1,0";"0,0";"0,0";"0,0";"0,0";"0,0";"0,0";"0,0";"1,0";"0,0";"";"";"";"";"";"";"";"";"";"";"";""
"202411927,0";"2024-05-08";"11:44:00";"COM VÍTIMA";"FINALIZADA";"JOANA BEZERRA";"VIADUTO CAPITAO TEMUDO";"728";"";"SENTIDO BOA VIAGEM //  EM FRENTE AO FÓRUM DA JOANA BEZERRA";"JOANA BEZERRA";"";"";"COLISÃO";"0,0";"1,0";"0,0";"0,0";"0,0";"0,0";"0,0";"0,0";"0,0";"1,0";"0,0";"";"";"";"";"";"";"";"";"";"";"";""
"202411933,0";"2024-05-08";"12:09:00";"COM VÍTIMA";"FINALIZADA";"BOA VIAGEM";"RUA RIBEIRO DE BRITO";"684";"";"AO LADO DO HOLIDAY";"BOA VIAGEM";"";"";"COLISÃO";"0,0";"1,0";"0,0";"0,0";"0,0";"0,0";"0,0";"0,0";"0,0";"1,0";"0,0";"";"";"";"";"";"";"";"";"";"";"";""
"202411936,0";"2024-05-08";"12:25:00";"COM VÍTIMA";"FINALIZADA";"BOA VIAGEM";"RUA VISCONDE DE JEQUITINHONHA";"";"";"EM FRENTE AO NUMERO 66 PROX A EDIFICIO ATLANTA E POSTO DE COMBUSTIVEL  SHELL SENTIDO PIEDADE";"BOA VIAGEM";"";"";"COLISÃO";"0,0";"1,0";"0,0";"0,0";"0,0";"0,0";"0,0";"0,0";"0,0";"1,0";"0,0";"";"";"";"";"";"";"";"";"";"";"";""
"202411937,0";"2024-05-08";"12:26:00";"COM VÍTIMA";"FINALIZADA";"SANTO AMARO";"AV CRUZ CABUGA";"";"";"EM FRENTE A ACADEMIA HAVANA , PROX AO SUPERMERCADO MIX MATHEUS";"SANTO AMARO";"";"";"COLISÃO";"0,0";"1,0";"0,0";"0,0";"0,0";"0,0";"0,0";"0,0";"0,0";"1,0";"0,0";"";"";"";"";"";"";"";"";"";"";"";""
"202411941,0";"2024-05-08";"12:57:00";"SEM VÍTIMA";"FINALIZADA";"JORDAO";"AV DONA CARENTINA";"34";"";"E/F AO COLEGIO INEIDE RABELO";"JORDAO";"";"";"COLISÃO LATERAL";"2,0";"0,0";"0,0";"0,0";"0,0";"0,0";"0,0";"0,0";"0,0";"0,0";"0,0";"";"";"";"";"";"";"";"";"";"";"";""
"202411947,0";"2024-05-08";"02:15:00";"COM VÍTIMA";"FINALIZADA";"CAXANGA";"AV CAXANGA";"10444";"";"PROXIMO A DROGASIL  PF MULTIMARCAS   NO SEMAFORO 236";"CAXANGA";"";"";"COLISÃO";"0,0";"2,0";"0,0";"0,0";"0,0";"0,0";"0,0";"0,0";"0,0";"1,0";"0,0";"";"";"";"";"";"";"";"";"";"";"";""
"202411958,0";"2024-05-08";"04:58:00";"COM VÍTIMA";"FINALIZADA";"IPSEP";"AV RECIFE";"";"";"NA DESCIDA DO VIADUTO  DE BOA VIAGEM  E/F A VILA DA SUDENE  S/T CID";"IPSEP";"";"";"ATROPELAMENTO DE PESSOA";"2,0";"1,0";"0,0";"0,0";"1,0";"0,0";"0,0";"0,0";"0,0";"1,0";"0,0";"";"";"";"";"";"";"";"";"";"";"";""
"202411969,0";"2024-05-08";"06:20:00";"COM VÍTIMA";"FINALIZADA";"SAO JOSE";"AV MARTINS DE BARROS";"";"";"ESQUINA DA PONTE MAURICIO DE NASSAU, ESQUINA DO BANCO ITAÚ";"SAO JOSE";"";"";"COLISÃO LATERAL";"2,0";"1,0";"0,0";"0,0";"0,0";"0,0";"0,0";"0,0";"0,0";"1,0";"0,0";"";"";"";"";"";"";"";"";"";"";"";""
"202412013,0";"2024-05-09";"07:52:00";"COM VÍTIMA";"FINALIZADA";"SAO JOSE";"AV MARTINS DE BARROS";"";"";"PROX. A RUA DO IMPERADOR";"SAO JOSE";"";"";"COLISÃO LATERAL";"0,0";"1,0";"0,0";"0,0";"0,0";"0,0";"0,0";"0,0";"0,0";"1,0";"0,0";"";"";"";"";"";"";"";"";"";"";"";""
"202412017,0";"2024-05-09";"08:03:00";"COM VÍTIMA";"DUPLICIDADE";"SANTO ANTONIO";"AV MARTINS DE BARROS";"238";"";"DEPOIS DA PONTE DE QUEM DA AV CENTRAL";"SANTO ANTONIO";"";"";"COLISÃO LATERAL";"0,0";"2,0";"0,0";"0,0";"0,0";"0,0";"0,0";"0,0";"0,0";"1,0";"0,0";"";"";"";"";"";"";"";"";"";"";"";""
"202412021,0";"2024-05-09";"08:22:00";"COM VÍTIMA";"FINALIZADA";"IMBIRIBEIRA";"AV MARECHAL MASCARENHAS DE MORAES";"37";"";"EM FRENTE A FACULDADE UNIVERSO, SENTIDO AFOGADOS";"IMBIRIBEIRA";"";"";"COLISÃO";"0,0";"1,0";"0,0";"0,0";"0,0";"0,0";"0,0";"0,0";"0,0";"1,0";"0,0";"";"";"";"";"";"";"";"";"";"";"";""
"202412027,0";"2024-05-09";"08:40:00";"SEM VÍTIMA";"FINALIZADA";"CORDEIRO";"AV MAURICIO DE NASSAU";"";"";"EM FRENTE A PARALELA DA CONSTRUÇÃO";"CORDEIRO";"";"";"COLISÃO TRASEIRA";"2,0";"0,0";"0,0";"0,0";"0,0";"0,0";"0,0";"0,0";"0,0";"0,0";"0,0";"";"";"";"";"";"";"";"";"";"";"";""
"202412028,0";"2024-05-09";"08:43:00";"COM VÍTIMA";"FINALIZADA";"BOA VIAGEM";"AV FERNANDO SIMOES BARBOSA";"";"";"POR TRÁS DA DELEGACIA DE BOA VIAGEM AO LADO DA CHURRASCARIA PA JUSSARA";"BOA VIAGEM";"";"";"COLISÃO LATERAL";"1,0";"1,0";"0,0";"0,0";"0,0";"0,0";"0,0";"0,0";"0,0";"1,0";"0,0";"";"";"";"";"";"";"";"";"";"";"";""
"202412032,0";"2024-05-09";"09:00:00";"COM VÍTIMA";"FINALIZADA";"SAO JOSE";"AV DANTAS BARRETO";"";"";"EM FRENTE A SECRETARIA DA FAZENDA";"SAO JOSE";"54,0";"";"ATROPELAMENTO DE PESSOA";"0,0";"0,0";"0,0";"0,0";"1,0";"1,0";"0,0";"0,0";"0,0";"1,0";"0,0";"";"";"";"";"";"";"";"";"";"";"";""
"202412040,0";"2024-05-09";"10:07:00";"COM VÍTIMA";"FINALIZADA";"CAMPO GRANDE";"RUA ODORICO MENDES";"165";"";"APOS A CLUBE DAS APAS / CRUZAMENTO DA CHURRASACARIA COSTELAS E  GALETOS";"CAMPO GRANDE";"";"";"COLISÃO LATERAL";"0,0";"1,0";"0,0";"0,0";"0,0";"1,0";"0,0";"0,0";"0,0";"1,0";"0,0";"";"";"";"";"";"";"";"";"";"";"";""
"202412062,0";"2024-05-09";"12:55:00";"COM VÍTIMA";"FINALIZADA";"MACAXEIRA";"AV NORTE MIGUEL ARRAES DE ALENCAR";"";"";"EM FRENTE A  ANTIGA FABRICA DA MACAXEIRA  /  PROX A ACADEMIA DA CIDADE";"MACAXEIRA";"";"";"COLISÃO TRASEIRA";"1,0";"1,0";"0,0";"0,0";"0,0";"0,0";"0,0";"0,0";"0,0";"1,0";"0,0";"";"";"";"";"";"";"";"";"";"";"";""
"202412072,0";"2024-05-09";"02:15:00";"COM VÍTIMA";"FINALIZADA";"CASA AMARELA";"RUA DEPUTADO MARIO MONTEIRO";"113";"RUA DA HARMONIA";"E/F A  MEDLOCAL  LOCAÇÃO DE VENDA E REPAROS  DE MATERIAL HOSPITALAR";"CASA AMARELA";"";"";"COLISÃO FRONTAL";"1,0";"1,0";"0,0";"0,0";"0,0";"0,0";"0,0";"0,0";"0,0";"1,0";"0,0";"";"";"";"";"";"";"";"";"";"";"";""
"202412086,0";"2024-05-09";"03:36:00";"COM VÍTIMA";"FINALIZADA";"BOA VISTA";"AV MANOEL BORBA";"1182";"";"AO FRENTE AO POSTO BR";"BOA VISTA";"";"";"COLISÃO";"0,0";"1,0";"0,0";"0,0";"0,0";"0,0";"0,0";"0,0";"0,0";"1,0";"0,0";"";"";"";"";"";"";"";"";"";"";"";""
"202412087,0";"2024-05-09";"03:39:00";"COM VÍTIMA";"FINALIZADA";"IMBIRIBEIRA";"AV MARECHAL MASCARENHAS DE MORAES";"";"";"ANTES DA ENTRADA DO JORDÃO";"IMBIRIBEIRA";"";"";"COLISÃO TRANSVERSAL";"0,0";"1,0";"0,0";"0,0";"0,0";"0,0";"1,0";"0,0";"0,0";"1,0";"0,0";"";"";"";"";"";"";"";"";"";"";"";""
"202412089,0";"2024-05-09";"04:10:00";"SEM VÍTIMA";"FINALIZADA";"ILHA DO LEITE";"RUA GENERAL JOAQUIM INACIO";"";"";"AO LADO DO BANCO ITAÚ";"ILHA DO LEITE";"69,0";"SUBURBIO";"COLISÃO TRASEIRA";"1,0";"0,0";"0,0";"0,0";"0,0";"0,0";"0,0";"1,0";"0,0";"0,0";"0,0";"";"";"";"";"";"";"";"";"";"";"";""
"202412090,0";"2024-05-09";"04:14:00";"COM VÍTIMA";"DUPLICIDADE";"CAMPO GRANDE";"RUA PROFESSOR FRANCISCO DA TRINDADE";"";"RUA SAO CAETANO";"PROX AO QUARTEL DO DECIMO TERCEIRO BATALHÃO DA POLICIA";"CAMPO GRANDE";"";"";"COLISÃO TRASEIRA";"1,0";"1,0";"0,0";"0,0";"0,0";"0,0";"0,0";"0,0";"0,0";"1,0";"0,0";"";"";"";"";"";"";"";"";"";"";"";""
"202412092,0";"2024-05-09";"04:32:00";"COM VÍTIMA";"FINALIZADA";"CAMPO GRANDE";"RUA SAO CAETANO";"655";"";"PROXIMO AO QUARTEL DA PM";"CAMPO GRANDE";"";"";"COLISÃO";"0,0";"0,0";"0,0";"0,0";"0,0";"0,0";"0,0";"0,0";"0,0";"1,0";"0,0";"";"";"";"";"";"";"";"";"";"";"";""
"202412094,0";"2024-05-09";"05:07:00";"COM VÍTIMA";"FINALIZADA";"AFOGADOS";"RUA MOTOCOLOMBO";"148";"";"APÓS O BANCO SANTANDER E A POLICLINICA";"AFOGADOS";"";"";"COLISÃO";"0,0";"1,0";"0,0";"0,0";"0,0";"0,0";"0,0";"0,0";"0,0";"1,0";"0,0";"";"";"";"";"";"";"";"";"";"";"";""
"202412100,0";"2024-05-09";"06:14:00";"COM VÍTIMA";"CANCELADA";"AGUA FRIA";"RUA ZEFERINO AGRA";"340";"";"PROXIMO A DELEGACIA DE AGUA FRIA";"AGUA FRIA";"";"";"COLISÃO";"0,0";"1,0";"0,0";"0,0";"0,0";"0,0";"0,0";"0,0";"0,0";"1,0";"0,0";"";"";"";"";"";"";"";"";"";"";"";""
"202412101,0";"2024-05-09";"06:21:00";"COM VÍTIMA";"FINALIZADA";"BOA VISTA";"AV GOVERNADOR AGAMENON MAGALHAES";"";"";"EM FRENTE AO BOM PREÇO";"BOA VISTA";"";"";"QUEDA";"0,0";"1,0";"0,0";"0,0";"0,0";"0,0";"0,0";"0,0";"0,0";"1,0";"0,0";"";"";"";"";"";"";"";"";"";"";"";""
"202412113,0";"2024-05-09";"08:26:00";"COM VÍTIMA";"FINALIZADA";"CASA AMARELA";"AV NORTE MIGUEL ARRAES DE ALENCAR";"";"AV PROFESSOR JOSE DOS ANJOS";"";"CASA AMARELA";"364,0";"";"QUEDA";"0,0";"1,0";"0,0";"0,0";"0,0";"0,0";"0,0";"0,0";"0,0";"1,0";"0,0";"";"";"";"";"";"";"";"";"";"";"";""
"202412114,0";"2024-05-09";"08:37:00";"COM VÍTIMA";"FINALIZADA";"TEJIPIO";"AV DR JOSE RUFINO";"";"";"EM FRENTE AO 4 BATALHÃO DO EXERCITO";"TEJIPIO";"";"";"COLISÃO";"1,0";"1,0";"0,0";"0,0";"0,0";"0,0";"0,0";"0,0";"0,0";"1,0";"0,0";"";"";"";"";"";"";"";"";"";"";"";""
"202412154,0";"2024-05-10";"10:00:00";"COM VÍTIMA";"FINALIZADA";"BOA VIAGEM";"RUA VISCONDE DE JEQUITINHONHA";"";"";"PROX. AO DONA LINDU SENT. PIEDADE";"BOA VIAGEM";"";"";"COLISÃO LATERAL";"0,0";"1,0";"0,0";"0,0";"0,0";"0,0";"0,0";"0,0";"0,0";"1,0";"0,0";"";"";"";"";"";"";"";"";"";"";"";""
"202412156,0";"2024-05-10";"10:24:00";"COM VÍTIMA";"FINALIZADA";"JORDAO";"AV MARIA IRENE";"39";"";"PRÓX A FEIRA DO JORDÃO  // PRÓX A UPINHA DE JARDIM JORDÃO";"JORDAO";"";"";"COLISÃO";"0,0";"1,0";"0,0";"0,0";"0,0";"0,0";"0,0";"0,0";"0,0";"1,0";"0,0";"";"";"";"";"";"";"";"";"";"";"";""
"202412163,0";"2024-05-10";"12:12:00";"COM VÍTIMA";"FINALIZADA";"ESPINHEIRO";"RUA CONS PORTELA";"102";"";"";"ESPINHEIRO";"";"";"COLISÃO LATERAL";"1,0";"1,0";"0,0";"0,0";"0,0";"0,0";"0,0";"0,0";"0,0";"1,0";"0,0";"";"";"";"";"";"";"";"";"";"";"";""
"202412168,0";"2024-05-10";"12:48:00";"COM VÍTIMA";"FINALIZADA";"BOA VIAGEM";"AV DOM JOAO VI";"";"";"PROX AO COLEGIO MOTIVO";"BOA VIAGEM";"";"";"COLISÃO";"1,0";"1,0";"0,0";"0,0";"0,0";"0,0";"0,0";"0,0";"0,0";"1,0";"0,0";"";"";"";"";"";"";"";"";"";"";"";""
"202412173,0";"2024-05-10";"01:12:00";"COM VÍTIMA";"FINALIZADA";"TEJIPIO";"AV DR JOSE RUFINO";"4824";"";"EM FRENTE A MATUTO DO GNV  E PROXIMO A ESTAÇÃO DE TEJIPIO";"TEJIPIO";"";"";"COLISÃO";"0,0";"1,0";"0,0";"0,0";"0,0";"0,0";"0,0";"0,0";"0,0";"1,0";"0,0";"";"";"";"";"";"";"";"";"";"";"";""
"202412178,0";"2024-05-10";"01:57:00";"COM VÍTIMA";"FINALIZADA";"IPSEP";"AV RECIFE";"";"RUA JEAN EMILE FAVRE";"";"IPSEP";"";"";"COLISÃO TRASEIRA";"0,0";"1,0";"0,0";"0,0";"0,0";"0,0";"1,0";"0,0";"0,0";"1,0";"0,0";"";"";"";"";"";"";"";"";"";"";"";""
"202412188,0";"2024-05-10";"02:50:00";"COM VÍTIMA";"FINALIZADA";"IPUTINGA";"AV MAURICIO DE NASSAU";"1107";"";"PROXIMO A PADARIA ATLANTICA";"IPUTINGA";"1107,0";"";"COLISÃO";"0,0";"1,0";"0,0";"0,0";"0,0";"0,0";"0,0";"0,0";"0,0";"1,0";"0,0";"";"";"";"";"";"";"";"";"";"";"";""
"202412189,0";"2024-05-10";"02:53:00";"COM VÍTIMA";"FINALIZADA";"AGUA FRIA";"AV BEBERIBE";"";"";"EM FRENTE AO POSTO BR";"AGUA FRIA";"";"";"COLISÃO";"0,0";"1,0";"0,0";"0,0";"0,0";"0,0";"0,0";"0,0";"0,0";"1,0";"0,0";"";"";"";"";"";"";"";"";"";"";"";""
"202412193,0";"2024-05-10";"03:46:00";"COM VÍTIMA";"FINALIZADA";"AFLITOS";"RUA TELES JUNIOR";"";"AV SANTOS DUMONT";"PROX A FARMACIA PAGUE MENOS";"AFLITOS";"";"";"COLISÃO FRONTAL";"1,0";"1,0";"0,0";"0,0";"0,0";"0,0";"0,0";"0,0";"0,0";"1,0";"0,0";"";"";"";"";"";"";"";"";"";"";"";""
"202412196,0";"2024-05-10";"04:38:00";"COM VÍTIMA";"FINALIZADA";"DERBY";"AV GOVERNADOR AGAMENON MAGALHAES";"4599";"";"EM FRENTE AO HOSPITAL DA RESTAURAÇÃO/ SENTIDO BOA VIAGEM";"DERBY";"";"";"COLISÃO LATERAL";"1,0";"1,0";"0,0";"0,0";"0,0";"0,0";"0,0";"0,0";"0,0";"1,0";"0,0";"";"";"";"";"";"";"";"";"";"";"";""
"202412206,0";"2024-05-10";"05:51:00";"COM VÍTIMA";"CANCELADA";"BOA VIAGEM";"AV ENGENHEIRO DOMINGOS FERREIRA";"2281";"";"PROXIMO AO RESTAURANTE CASTELO E ACADEMIA SELFIT";"BOA VIAGEM";"";"";"COLISÃO";"0,0";"1,0";"0,0";"0,0";"0,0";"0,0";"0,0";"0,0";"0,0";"1,0";"0,0";"";"";"";"";"";"";"";"";"";"";"";""
"202412214,0";"2024-05-10";"06:49:00";"COM VÍTIMA";"FINALIZADA";"ENCRUZILHADA";"AV NORTE MIGUEL ARRAES DE ALENCAR";"";"";"COM A AV JOÃO DE BARROS";"ENCRUZILHADA";"43,0";"CIDADE";"COLISÃO";"1,0";"1,0";"0,0";"0,0";"0,0";"0,0";"0,0";"0,0";"0,0";"1,0";"0,0";"";"";"";"";"";"";"";"";"";"";"";""
"202412215,0";"2024-05-10";"06:52:00";"COM VÍTIMA";"CANCELADA";"JARDIM SAO PAULO";"AV RECIFE";"14532";"";"PROXIMO AO ASSAI ATACADISTA";"JARDIM SAO PAULO";"";"";"COLISÃO";"0,0";"1,0";"0,0";"0,0";"0,0";"0,0";"0,0";"0,0";"0,0";"1,0";"0,0";"";"";"";"";"";"";"";"";"";"";"";""