"Protocolo";"data";"hora";"natureza";"situacao";"bairro";"endereco";"numero";"detalhe_endereco_acidente";"complemento";"bairro_cruzamento";"num_semaforo";"sentido_via";"tipo";"auto";"moto";"ciclom";"ciclista";"pedestre";"onibus";"caminhao";"viatura";"outros";"vitimas";"vitimasfatais";"acidente_verificado";"tempo_clima";"situacao_semaforo";"sinalizacao";"condicao_via";"conservacao_via";"ponto_controle";"situacao_placa";"velocidade_max_via";"mao_direcao";"divisao_via1";"divisao_via2"
"202412723,0";"2024-05-15";"06:19:00";"COM VÍTIMA";"FINALIZADA";"MADALENA";"RUA REAL DA TORRE";"";"RUA JOSE OSORIO";"PROX AOS RELOGIOS INSTALADOS PELA PREFERITURA, PROX AO POSTO PETROBRAS";"MADALENA";"";"";"ATROPELAMENTO DE PESSOA";"1,0";"0,0";"0,0";"0,0";"2,0";"0,0";"0,0";"0,0";"0,0";"1,0";"0,0";"";"";"";"";"";"";"";"";"";"";"";""
"202412725,0";"2024-05-15";"06:26:00";"COM VÍTIMA";"FINALIZADA";"BOA VIAGEM";"AV ENGENHEIRO DOMINGOS FERREIRA";"1450";"";"EM FRENTE A BENETTI INTERIORES";"BOA VIAGEM";"";"";"COLISÃO TRASEIRA";"2,0";"1,0";"0,0";"0,0";"0,0";"0,0";"0,0";"0,0";"0,0";"1,0";"0,0";"";"";"";"";"";"";"";"";"";"";"";""
"202412726,0";"2024-05-15";"06:31:00";"SEM VÍTIMA";"FINALIZADA";"BOA VIAGEM";"AV MARECHAL MASCARENHAS DE MORAES";"";"";"EM FRENTE A ANAC";"BOA VIAGEM";"";"SUBURBIO";"COLISÃO LATERAL";"1,0";"0,0";"0,0";"0,0";"0,0";"0,0";"0,0";"1,0";"0,0";"0,0";"0,0";"";"";"";"";"";"";"";"";"";"";"";""
"202412734,0";"2024-05-15";"10:44:00";"COM VÍTIMA";"FINALIZADA";"AREIAS";"AV RECIFE";"";"";"EM FRENTE AO ATACADÃO";"AREIAS";"";"";"COLISÃO";"1,0";"1,0";"0,0";"0,0";"0,0";"0,0";"0,0";"0,0";"0,0";"1,0";"0,0";"";"";"";"";"";"";"";"";"";"";"";""
"202412750,0";"2024-05-16";"07:02:00";"COM VÍTIMA";"FINALIZADA";"GUABIRABA";"EST DA MUMBECA";"";"";"PROX. A BOLA NA REDE";"GUABIRABA";"";"";"COLISÃO LATERAL";"0,0";"1,0";"0,0";"0,0";"0,0";"0,0";"0,0";"0,0";"0,0";"1,0";"0,0";"";"";"";"";"";"";"";"";"";"";"";""
"202412761,0";"2024-05-16";"08:26:00";"COM VÍTIMA";"FINALIZADA";"ESTANCIA";"AV DR JOSE RUFINO";"535";"";"PRO A GALERIA MARGARIDA / PROX A IGREJA SANTA LUZIA SENTIDO CIDADE / SUBURBIO";"ESTANCIA";"";"";"COLISÃO LATERAL";"1,0";"1,0";"0,0";"0,0";"0,0";"0,0";"0,0";"0,0";"0,0";"1,0";"0,0";"";"";"";"";"";"";"";"";"";"";"";""
"202412762,0";"2024-05-16";"08:35:00";"COM VÍTIMA";"FINALIZADA";"PARNAMIRIM";"RUA SEBASTIAO ALVES";"144";"";"A FRENTE A DA ACADEMIA OC GIN";"PARNAMIRIM";"";"";"COLISÃO COM CICLISTA";"1,0";"0,0";"0,0";"1,0";"0,0";"0,0";"0,0";"0,0";"0,0";"1,0";"0,0";"";"";"";"";"";"";"";"";"";"";"";""
"202412773,0";"2024-05-16";"09:58:00";"COM VÍTIMA";"FINALIZADA";"AFOGADOS";"EST DOS REMEDIOS";"1228";"";"ANTES DA ENTRADA DO BONGI //  EM FRENTE A ELIAS AUTO PEÇAS";"AFOGADOS";"";"";"COLISÃO";"0,0";"1,0";"0,0";"0,0";"0,0";"0,0";"0,0";"0,0";"0,0";"1,0";"0,0";"";"";"";"";"";"";"";"";"";"";"";""
"202412790,0";"2024-05-16";"11:35:00";"COM VÍTIMA";"FINALIZADA";"IMBIRIBEIRA";"AV MARECHAL MASCARENHAS DE MORAES";"";"";"EM FRENTE A ITALIANA SENT. AEROPORTO";"IMBIRIBEIRA";"";"";"COLISÃO LATERAL";"0,0";"1,0";"0,0";"0,0";"0,0";"0,0";"0,0";"0,0";"0,0";"1,0";"0,0";"";"";"";"";"";"";"";"";"";"";"";""
"202412792,0";"2024-05-16";"11:45:00";"COM VÍTIMA";"FINALIZADA";"CIDADE UNIVERSITARIA";"RUA EMILIANO BRAGA";"";"";"POR TRAS DA INTEGRAÇÃO CDU";"CIDADE UNIVERSITARIA";"";"";"COLISÃO LATERAL";"0,0";"1,0";"0,0";"0,0";"0,0";"0,0";"0,0";"0,0";"0,0";"1,0";"0,0";"";"";"";"";"";"";"";"";"";"";"";""
"202412793,0";"2024-05-16";"11:45:00";"COM VÍTIMA";"FINALIZADA";"SAN MARTIN";"RUA QUINZE DE MARCO";"";"";"EM FRENTE A CHESF";"SAN MARTIN";"";"";"COLISÃO LATERAL";"0,0";"1,0";"0,0";"0,0";"0,0";"0,0";"1,0";"0,0";"0,0";"1,0";"0,0";"";"";"";"";"";"";"";"";"";"";"";""
"202412801,0";"2024-05-16";"01:09:00";"COM VÍTIMA";"FINALIZADA";"AFOGADOS";"RUA COSME VIANA";"250";"";"PROX AO MASTER BOI";"AFOGADOS";"";"";"COLISÃO LATERAL";"2,0";"1,0";"0,0";"0,0";"0,0";"0,0";"0,0";"0,0";"0,0";"1,0";"0,0";"";"";"";"";"";"";"";"";"";"";"";""
"202412804,0";"2024-05-16";"01:51:00";"COM VÍTIMA";"FINALIZADA";"CAXANGA";"RUA RIBEIRO PESSOA";"679";"";"SENTIDO DOIS IRMÃOS/ /  PROX A PONTE EM FRENTE A FABRICA  PINTO FORMOSO";"CAXANGA";"";"";"COLISÃO";"0,0";"1,0";"0,0";"0,0";"0,0";"0,0";"0,0";"0,0";"0,0";"1,0";"0,0";"";"";"";"";"";"";"";"";"";"";"";""
"202412805,0";"2024-05-16";"01:55:00";"COM VÍTIMA";"FINALIZADA";"JORDAO";"AV MARIA IRENE";"";"";"E/F A CAPELA SAO JOAO BATISTA";"JORDAO";"";"";"COLISÃO FRONTAL";"1,0";"3,0";"0,0";"0,0";"0,0";"0,0";"0,0";"0,0";"0,0";"2,0";"0,0";"";"";"";"";"";"";"";"";"";"";"";""
"202412808,0";"2024-05-16";"02:27:00";"COM VÍTIMA";"FINALIZADA";"CAXANGA";"AV PROFESSOR MORAES REGO";"";"";"AO LADO  DO TERMINAL DA CAXANGA, EM BAIXO DO VIADUTO DA CAXANGA";"CAXANGA";"";"";"ATROPELAMENTO DE PESSOA";"0,0";"0,0";"0,0";"0,0";"1,0";"0,0";"1,0";"0,0";"0,0";"1,0";"0,0";"";"";"";"";"";"";"";"";"";"";"";""
"202412812,0";"2024-05-16";"04:05:00";"COM VÍTIMA";"FINALIZADA";"DERBY";"AV GOVERNADOR AGAMENON MAGALHAES";"";"";"SENTIDO OLINDA /  NA PISTA LOCAL / PROXIMO AO COLEGIO AMERICANO BATISTA E A DROGASIL";"DERBY";"";"";"COLISÃO LATERAL";"0,0";"1,0";"0,0";"0,0";"0,0";"1,0";"0,0";"0,0";"0,0";"1,0";"0,0";"";"";"";"";"";"";"";"";"";"";"";""
"202412835,0";"2024-05-16";"10:11:00";"COM VÍTIMA";"FINALIZADA";"JORDAO";"RUA RIO XINGU";"";"";"COM A AV  DOIS RIOS";"JORDAO";"";"";"COLISÃO FRONTAL";"1,0";"1,0";"0,0";"0,0";"0,0";"0,0";"0,0";"0,0";"0,0";"1,0";"0,0";"";"";"";"";"";"";"";"";"";"";"";""
"202412836,0";"2024-05-16";"10:33:00";"COM VÍTIMA";"CANCELADA";"SAO JOSE";"RUA IMPERIAL";"1217";"RUA BOM SUCESSO";"PRÓXIMO AO PONTILHÃO  DO METRÔ";"SAO JOSE";"";"";"COLISÃO LATERAL";"0,0";"2,0";"0,0";"0,0";"0,0";"0,0";"0,0";"0,0";"0,0";"3,0";"0,0";"";"";"";"";"";"";"";"";"";"";"";""
"202412865,0";"2024-05-17";"07:32:00";"COM VÍTIMA";"FINALIZADA";"IMBIRIBEIRA";"AV PRESIDENTE DUTRA";"";"";"PROX. AO POSTO DE GASOLINA IPIRANGA E RESTAURANTE SAL E BRASA";"IMBIRIBEIRA";"";"";"COLISÃO LATERAL";"0,0";"1,0";"0,0";"0,0";"0,0";"0,0";"0,0";"0,0";"0,0";"1,0";"0,0";"";"";"";"";"";"";"";"";"";"";"";""
"202412866,0";"2024-05-17";"07:34:00";"COM VÍTIMA";"FINALIZADA";"SAN MARTIN";"COR DO ABDIAS";"";"";"APOS O POSTO DE GASOLINA SHELL, AO LADO DA CHESF PROX. AO NOVO ATACAREJO";"SAN MARTIN";"";"";"COLISÃO LATERAL";"0,0";"1,0";"0,0";"0,0";"0,0";"0,0";"0,0";"0,0";"0,0";"1,0";"0,0";"";"";"";"";"";"";"";"";"";"";"";""
"202412867,0";"2024-05-17";"07:47:00";"SEM VÍTIMA";"DUPLICIDADE";"SAN MARTIN";"AV ENGENHEIRO ABDIAS DE CARVALHO";"2990";"";"EM FRENTE A ESCOLA SONHO REAL";"SAN MARTIN";"";"";"COLISÃO TRASEIRA";"0,0";"1,0";"0,0";"0,0";"0,0";"0,0";"0,0";"1,0";"0,0";"0,0";"0,0";"";"";"";"";"";"";"";"";"";"";"";""
"202412868,0";"2024-05-17";"07:52:00";"COM VÍTIMA";"FINALIZADA";"MADALENA";"RUA JOSE OSORIO";"680";"";"EM FRENTE A LOJA DE CARRO TEXEIRA";"MADALENA";"";"";"COLISÃO FRONTAL";"1,0";"2,0";"0,0";"0,0";"0,0";"0,0";"0,0";"0,0";"0,0";"2,0";"0,0";"";"";"";"";"";"";"";"";"";"";"";""
"202412869,0";"2024-05-17";"07:52:00";"COM VÍTIMA";"FINALIZADA";"BOA VIAGEM";"AV CONSELHEIRO AGUIAR";"";"";"EM FRENTE AO POSTO POLICIAL //  PROX AO RESTAURANTE CONTEPORANEO";"BOA VIAGEM";"";"";"COLISÃO";"0,0";"1,0";"0,0";"0,0";"0,0";"0,0";"0,0";"0,0";"0,0";"1,0";"0,0";"";"";"";"";"";"";"";"";"";"";"";""
"202412870,0";"2024-05-17";"07:53:00";"COM VÍTIMA";"FINALIZADA";"PAISSANDU";"RUA PAISSANDU";"";"";"PROX. AO HOSPITAL SAO MARCOS E ESTACIONAMENTO DO HAP VIDA CAPIBARIBE";"PAISSANDU";"";"";"COLISÃO LATERAL";"0,0";"1,0";"0,0";"0,0";"0,0";"0,0";"0,0";"0,0";"0,0";"1,0";"0,0";"";"";"";"";"";"";"";"";"";"";"";""
"202412871,0";"2024-05-17";"07:55:00";"COM VÍTIMA";"FINALIZADA";"PINA";"AVENIDA CELSO FURTADO (VIA MANGUE)";"202";"";"SENTIDO BOA VIAGEM,NAS MEDIAÇÕES DO NOVO CONDOMINIO DA  PREFEITURA";"PINA";"";"";"COLISÃO";"0,0";"1,0";"0,0";"0,0";"0,0";"0,0";"0,0";"0,0";"0,0";"1,0";"0,0";"";"";"";"";"";"";"";"";"";"";"";""
"202412873,0";"2024-05-17";"08:03:00";"COM VÍTIMA";"FINALIZADA";"BAIRRO DO RECIFE";"CAIS DO APOLO";"";"";"EM FRENTE AO PREDIO DO  TRIBUNAL DE JUSTIÇA  E A PRAÇA TIRADENTES";"BAIRRO DO RECIFE";"";"";"COLISÃO";"0,0";"1,0";"0,0";"0,0";"0,0";"0,0";"0,0";"0,0";"0,0";"1,0";"0,0";"";"";"";"";"";"";"";"";"";"";"";""
"202412874,0";"2024-05-17";"08:07:00";"COM VÍTIMA";"DUPLICIDADE";"PINA";"AVENIDA CELSO FURTADO (VIA MANGUE)";"";"";"SENT. BOA VIAGEM";"PINA";"";"";"COLISÃO LATERAL";"0,0";"1,0";"0,0";"0,0";"0,0";"0,0";"0,0";"0,0";"0,0";"1,0";"0,0";"";"";"";"";"";"";"";"";"";"";"";""
"202412879,0";"2024-05-17";"08:37:00";"COM VÍTIMA";"DUPLICIDADE";"BOA VIAGEM";"AV CONSELHEIRO AGUIAR";"";"";"EM FRENTE AO POSTO POLICIAL, PROX. AO RESTAURANTE CONTEMPORANEO";"BOA VIAGEM";"";"";"COLISÃO LATERAL";"0,0";"1,0";"0,0";"0,0";"0,0";"0,0";"0,0";"0,0";"0,0";"1,0";"0,0";"";"";"";"";"";"";"";"";"";"";"";""
"202412880,0";"2024-05-17";"08:44:00";"COM VÍTIMA";"FINALIZADA";"BOA VIAGEM";"AVENIDA CELSO FURTADO (VIA MANGUE)";"";"";"VIA MANGUE, SENTIDO BOA VIAGEM";"BOA VIAGEM";"";"";"COLISÃO";"0,0";"1,0";"0,0";"0,0";"0,0";"0,0";"0,0";"0,0";"0,0";"1,0";"0,0";"";"";"";"";"";"";"";"";"";"";"";""
"202412882,0";"2024-05-17";"08:49:00";"COM VÍTIMA";"FINALIZADA";"JORDAO";"RUA ALBERTO LUNDGREN";"";"";"EM FRENTE A PRAÇA DO JORDÃO";"JORDAO";"";"";"COLISÃO";"0,0";"1,0";"0,0";"0,0";"0,0";"0,0";"0,0";"0,0";"0,0";"1,0";"0,0";"";"";"";"";"";"";"";"";"";"";"";""
"202412886,0";"2024-05-17";"09:24:00";"COM VÍTIMA";"FINALIZADA";"ENCRUZILHADA";"AV NORTE MIGUEL ARRAES DE ALENCAR";"1016";"";"PROX AO MRCADO EXTRA BOM, SENTIDO SANTO AMARO";"ENCRUZILHADA";"";"";"COLISÃO";"0,0";"1,0";"0,0";"0,0";"0,0";"0,0";"0,0";"0,0";"0,0";"1,0";"0,0";"";"";"";"";"";"";"";"";"";"";"";""
"202412888,0";"2024-05-17";"09:32:00";"COM VÍTIMA";"DUPLICIDADE";"ENCRUZILHADA";"AV NORTE MIGUEL ARRAES DE ALENCAR";"";"";"EM FRENTE A LOJA JACAUNA";"ENCRUZILHADA";"";"";"COLISÃO";"0,0";"1,0";"0,0";"0,0";"0,0";"0,0";"0,0";"0,0";"0,0";"1,0";"0,0";"";"";"";"";"";"";"";"";"";"";"";""
"202412891,0";"2024-05-17";"09:59:00";"COM VÍTIMA";"DUPLICIDADE";"BOA VIAGEM";"AV REPUBLICA DO LIBANO";"";"";"DEPOIS DO FORUM, NA SUBIDA DO VIADUTO DO RIO MAR - SENTIDO SHOPPING";"BOA VIAGEM";"";"";"COLISÃO";"1,0";"1,0";"0,0";"0,0";"0,0";"0,0";"0,0";"0,0";"0,0";"1,0";"0,0";"";"";"";"";"";"";"";"";"";"";"";""
"202412893,0";"2024-05-17";"10:16:00";"COM VÍTIMA";"FINALIZADA";"CABANGA";"VIADUTO CAPITAO TEMUDO";"815";"";"SENTIDO BOA VIAGEM // NA SUBIDA PROX AO FÓRUM JOANA BEZERRA";"CABANGA";"";"";"COLISÃO";"0,0";"1,0";"0,0";"0,0";"0,0";"0,0";"0,0";"0,0";"0,0";"1,0";"0,0";"";"";"";"";"";"";"";"";"";"";"";""
"202412900,0";"2024-05-17";"10:46:00";"COM VÍTIMA";"FINALIZADA";"NOVA DESCOBERTA";"RUA CAMPESTRE";"20";"";"PROX. A ANTIGA FABRICA KINITOS";"NOVA DESCOBERTA";"";"";"COLISÃO LATERAL";"1,0";"1,0";"0,0";"0,0";"0,0";"0,0";"0,0";"0,0";"0,0";"2,0";"0,0";"";"";"";"";"";"";"";"";"";"";"";""
"202412901,0";"2024-05-17";"11:03:00";"COM VÍTIMA";"FINALIZADA";"AFOGADOS";"RUA NICOLAU PEREIRA";"";"";"PROX A ESTAÇÃO DO METROR / SENTIDO AV SULPROX AO ARMAZEM / APOIS O POSTO DE GASOLINA";"AFOGADOS";"";"";"COLISÃO";"0,0";"1,0";"0,0";"0,0";"0,0";"0,0";"0,0";"0,0";"0,0";"1,0";"0,0";"";"";"";"";"";"";"";"";"";"";"";""
"202412905,0";"2024-05-17";"11:37:00";"COM VÍTIMA";"FINALIZADA";"TEJIPIO";"AV DR JOSE RUFINO";"";"";"EM FRENTE AO COLEGIO PAULO PESSOA GUERRA";"TEJIPIO";"";"";"COLISÃO LATERAL";"0,0";"1,0";"0,0";"0,0";"0,0";"0,0";"0,0";"0,0";"0,0";"1,0";"0,0";"";"";"";"";"";"";"";"";"";"";"";""
"202412910,0";"2024-05-17";"12:13:00";"COM VÍTIMA";"CANCELADA";"DERBY";"RUA AMAURI DE MEDEIROS";"158";"";"PROX AO LABORATORIO MARCELO MAGALHÃES";"DERBY";"";"";"COLISÃO";"0,0";"1,0";"0,0";"0,0";"0,0";"0,0";"0,0";"0,0";"0,0";"1,0";"0,0";"";"";"";"";"";"";"";"";"";"";"";""
"202412912,0";"2024-05-17";"01:07:00";"COM VÍTIMA";"FINALIZADA";"DOIS UNIDOS";"RUA DIVISOPOLIS";"645";"";"ALTO DO MARACANÃ E  O COLEGIO MUNICIPAL ALTO DO MARACANÃ";"DOIS UNIDOS";"";"";"COLISÃO";"0,0";"1,0";"0,0";"0,0";"0,0";"1,0";"0,0";"0,0";"0,0";"1,0";"0,0";"";"";"";"";"";"";"";"";"";"";"";""
"202412913,0";"2024-05-17";"01:17:00";"COM VÍTIMA";"FINALIZADA";"AREIAS";"AV RECIFE";"";"";"SENTIDO BOA VIAGEM // PROXIMO AO ATACADÃO";"AREIAS";"";"";"COLISÃO";"1,0";"0,0";"0,0";"0,0";"0,0";"0,0";"0,0";"0,0";"0,0";"1,0";"0,0";"";"";"";"";"";"";"";"";"";"";"";""
"202412924,0";"2024-05-17";"03:19:00";"COM VÍTIMA";"FINALIZADA";"BOA VIAGEM";"RUA JOSE ADERVAL CHAVES";"176";"";"PROXIMO A CASA DO COLCHÃO // DEPOIS DO ASSAI ATACADISTA";"BOA VIAGEM";"";"";"COLISÃO";"0,0";"1,0";"0,0";"0,0";"0,0";"0,0";"0,0";"0,0";"0,0";"1,0";"0,0";"";"";"";"";"";"";"";"";"";"";"";""
"202412926,0";"2024-05-17";"03:21:00";"COM VÍTIMA";"FINALIZADA";"ENGENHO DO MEIO";"RUA MANOEL ESTEVAO DA COSTA";"119";"";"E/F ACADEMIA ACTO   E PROX A LOTERIA  E O IMPERIO DA CONSTRUÇAÕ";"ENGENHO DO MEIO";"";"";"COLISÃO TRASEIRA";"1,0";"1,0";"0,0";"0,0";"0,0";"0,0";"0,0";"0,0";"0,0";"1,0";"0,0";"";"";"";"";"";"";"";"";"";"";"";""
"202412927,0";"2024-05-17";"03:23:00";"COM VÍTIMA";"FINALIZADA";"AREIAS";"AV RECIFE";"";"";"PROXIMO A BORRACHARIA // PROXIMO A LOJA RADIADORES";"AREIAS";"";"";"COLISÃO";"0,0";"1,0";"0,0";"0,0";"0,0";"0,0";"0,0";"0,0";"0,0";"1,0";"0,0";"";"";"";"";"";"";"";"";"";"";"";""
"202412936,0";"2024-05-17";"04:03:00";"COM VÍTIMA";"FINALIZADA";"CAXANGA";"RUA RIBEIRO PESSOA";"940";"";"PROXIMO A UPA DA CAXANGA // AO LADO DO MOTEL TURQUESA";"CAXANGA";"";"";"COLISÃO";"0,0";"1,0";"0,0";"0,0";"0,0";"0,0";"0,0";"0,0";"0,0";"1,0";"0,0";"";"";"";"";"";"";"";"";"";"";"";""
"202412944,0";"2024-05-17";"05:02:00";"COM VÍTIMA";"FINALIZADA";"ALTO DO MANDU";"RUA MANDACARU";"661";"";"PROXIMO AO IMPERIO DOS FRIOS";"ALTO DO MANDU";"";"";"COLISÃO";"0,0";"1,0";"0,0";"0,0";"0,0";"0,0";"0,0";"0,0";"0,0";"1,0";"0,0";"";"";"";"";"";"";"";"";"";"";"";""
"202412946,0";"2024-05-17";"05:32:00";"COM VÍTIMA";"FINALIZADA";"IBURA";"RUA ALHANDRA";"140";"";"EM FRENTE A PONTUAL // PROXIMO A CECUNHA IBURA DE BAIXO";"IBURA";"";"";"COLISÃO";"0,0";"1,0";"0,0";"0,0";"0,0";"0,0";"0,0";"0,0";"0,0";"1,0";"0,0";"";"";"";"";"";"";"";"";"";"";"";""
"202412949,0";"2024-05-17";"06:02:00";"COM VÍTIMA";"FINALIZADA";"CAMPO GRANDE";"RUA ODORICO MENDES";"501";"";"APOS O CLUBE DAS PAS SENTIDO ARRUDA";"CAMPO GRANDE";"";"";"COLISÃO LATERAL";"1,0";"1,0";"0,0";"0,0";"0,0";"0,0";"0,0";"0,0";"0,0";"1,0";"0,0";"";"";"";"";"";"";"";"";"";"";"";""
"202412953,0";"2024-05-17";"06:43:00";"COM VÍTIMA";"FINALIZADA";"TAMARINEIRA";"RUA CONEGO BARATA";"3672";"";"PRÓXIMO A AV. NORTE, NA FRENTE DO ALARME CENTER";"TAMARINEIRA";"";"";"COLISÃO LATERAL";"1,0";"1,0";"0,0";"0,0";"0,0";"0,0";"0,0";"0,0";"0,0";"1,0";"0,0";"";"";"";"";"";"";"";"";"";"";"";""
"202412966,0";"2024-05-18";"12:24:00";"COM VÍTIMA";"FINALIZADA";"ENCRUZILHADA";"AV NORTE MIGUEL ARRAES DE ALENCAR";"";"AV JOAO DE BARROS";"PROX AO BANCO SANTANDER";"ENCRUZILHADA";"";"";"COLISÃO";"0,0";"0,0";"0,0";"0,0";"0,0";"2,0";"0,0";"0,0";"0,0";"1,0";"0,0";"";"";"";"";"";"";"";"";"";"";"";""
"202412975,0";"2024-05-18";"06:41:00";"SEM VÍTIMA";"FINALIZADA";"CABANGA";"AV ENGENHEIRO JOSE ESTELITA";"";"";"EM FRENTE AO CABANGA IATE CLUBE";"CABANGA";"";"";"CHOQUE";"0,0";"0,0";"0,0";"0,0";"0,0";"0,0";"0,0";"0,0";"0,0";"0,0";"0,0";"";"";"";"";"";"";"";"";"";"";"";""
"202412976,0";"2024-05-18";"06:44:00";"COM VÍTIMA";"FINALIZADA";"ARRUDA";"AV BEBERIBE";"";"";"PROXIMO AO ARRUDA ESTADIO / AV JOSE AUGUSTOS DOS SANTOS";"ARRUDA";"";"";"COLISÃO";"0,0";"1,0";"0,0";"0,0";"0,0";"0,0";"0,0";"0,0";"0,0";"1,0";"0,0";"";"";"";"";"";"";"";"";"";"";"";""
"202412992,0";"2024-05-18";"08:45:00";"SEM VÍTIMA";"CANCELADA";"CABANGA";"PTE AGAMENON MAGALHAES";"";"";"";"CABANGA";"";"CIDADE";"COLISÃO TRASEIRA";"2,0";"0,0";"0,0";"0,0";"0,0";"0,0";"0,0";"0,0";"0,0";"0,0";"0,0";"";"";"";"";"";"";"";"";"";"";"";""
"202413009,0";"2024-05-18";"11:52:00";"COM VÍTIMA";"FINALIZADA";"ALTO JOSE DO PINHO";"AV NORTE MIGUEL ARRAES DE ALENCAR";"";"";"EM FRENTE AO REI DA PICANHA // PX A BIOKE NORTE";"ALTO JOSE DO PINHO";"";"";"COLISÃO";"0,0";"1,0";"0,0";"0,0";"0,0";"0,0";"0,0";"0,0";"0,0";"1,0";"0,0";"";"";"";"";"";"";"";"";"";"";"";""
"202413010,0";"2024-05-18";"11:52:00";"COM VÍTIMA";"FINALIZADA";"DERBY";"AV GOVERNADOR AGAMENON MAGALHAES";"";"";"NA SUBIDA DO VIADUTO DA JOANA BEZERRA ////APOS O HOSPITAL PORTUGUES";"DERBY";"";"";"COLISÃO";"0,0";"1,0";"0,0";"0,0";"0,0";"0,0";"0,0";"0,0";"0,0";"1,0";"0,0";"";"";"";"";"";"";"";"";"";"";"";""
"202413015,0";"2024-05-18";"01:39:00";"COM VÍTIMA";"FINALIZADA";"ESPINHEIRO";"AV GOVERNADOR AGAMENON MAGALHAES";"1800";"";"SENTIDO DERBY // ANTES DO VIADUTO DA AV JOÃO DE BARROS /, PROXIMO A JEEP";"ESPINHEIRO";"";"";"COLISÃO";"1,0";"1,0";"0,0";"0,0";"0,0";"0,0";"0,0";"0,0";"0,0";"1,0";"0,0";"";"";"";"";"";"";"";"";"";"";"";""
"202413018,0";"2024-05-18";"02:40:00";"COM VÍTIMA";"FINALIZADA";"SITIO DOS PINTOS";"AV ARNALDO PAES DE ANDRADE";"";"";"PROXIMO AO TERMINAL DO ONIBUS DE SITIO DOS PINTOS // PROXIMO AO DEPOSITO DE BEBIDAS RAFAEL";"SITIO DOS PINTOS";"";"";"COLISÃO";"0,0";"1,0";"0,0";"0,0";"0,0";"0,0";"0,0";"0,0";"0,0";"1,0";"0,0";"";"";"";"";"";"";"";"";"";"";"";""
"202413019,0";"2024-05-18";"02:42:00";"COM VÍTIMA";"FINALIZADA";"BOA VIAGEM";"RUA ANTONIO FALCAO";"835";"";"PROXIMO AO CONDOMINIO LE PARC";"BOA VIAGEM";"";"";"COLISÃO";"0,0";"1,0";"0,0";"0,0";"0,0";"0,0";"0,0";"0,0";"0,0";"1,0";"0,0";"";"";"";"";"";"";"";"";"";"";"";""
"202413027,0";"2024-05-18";"03:47:00";"COM VÍTIMA";"FINALIZADA";"MUSTARDINHA";"RUA TEJUCUPAPO";"543";"";"EM FRENTE AO COLEGIO COSTA E SILVA  // PROXIMO AO CAMPO DOS CADUCOS";"MUSTARDINHA";"";"";"COLISÃO";"0,0";"0,0";"1,0";"0,0";"0,0";"0,0";"0,0";"0,0";"0,0";"1,0";"0,0";"";"";"";"";"";"";"";"";"";"";"";""
"202413033,0";"2024-05-18";"04:38:00";"COM VÍTIMA";"FINALIZADA";"CORDEIRO";"RUA OCIDENTAL";"163";"";"PROXIMO AO ARMAZEM JC";"CORDEIRO";"";"";"COLISÃO LATERAL";"0,0";"1,0";"0,0";"0,0";"0,0";"0,0";"0,0";"0,0";"0,0";"1,0";"0,0";"";"";"";"";"";"";"";"";"";"";"";""
"202413077,0";"2024-05-19";"08:33:00";"COM VÍTIMA";"FINALIZADA";"IMBIRIBEIRA";"AV ENGENHEIRO ALVES DE SOUZA";"";"";"EM FRENTE A SUBSTAÇÃO DA CELPE, PROX. AO RESTAURANTE TRES IRMÃOS";"IMBIRIBEIRA";"";"";"COLISÃO LATERAL";"0,0";"1,0";"0,0";"0,0";"0,0";"0,0";"0,0";"0,0";"0,0";"1,0";"0,0";"";"";"";"";"";"";"";"";"";"";"";""
"202413078,0";"2024-05-19";"09:05:00";"COM VÍTIMA";"FINALIZADA";"BOA VIAGEM";"AV CONSELHEIRO AGUIAR";"4239";"";"EM FRENTE A FARMÁCIA PAGUE MENOS //  PRÓX AO ANTIGO PRÉDIO HOLIDAY";"BOA VIAGEM";"";"";"COLISÃO";"0,0";"1,0";"0,0";"0,0";"0,0";"0,0";"0,0";"0,0";"0,0";"1,0";"0,0";"";"";"";"";"";"";"";"";"";"";"";""
"202413083,0";"2024-05-19";"11:00:00";"COM VÍTIMA";"FINALIZADA";"CAXANGA";"AV JOAQUIM RIBEIRO";"";"";"APOS A UPA SENT. CIDADE NA DESCIDA DA PONTE, PROX. A ESTAÇÃO BRT";"CAXANGA";"";"";"COLISÃO TRASEIRA";"1,0";"1,0";"0,0";"0,0";"0,0";"0,0";"0,0";"0,0";"0,0";"1,0";"0,0";"";"";"";"";"";"";"";"";"";"";"";""
"202413098,0";"2024-05-19";"01:28:00";"COM VÍTIMA";"FINALIZADA";"ENCRUZILHADA";"EST DE BELEM";"313";"RUA DONA ELVIRA";"AO LADO DA QUINTANDARIA";"ENCRUZILHADA";"";"";"COLISÃO LATERAL";"1,0";"1,0";"0,0";"0,0";"0,0";"0,0";"0,0";"0,0";"0,0";"1,0";"0,0";"";"";"";"";"";"";"";"";"";"";"";""