"Protocolo";"data";"hora";"natureza";"situacao";"bairro";"endereco";"numero";"detalhe_endereco_acidente";"complemento";"bairro_cruzamento";"num_semaforo";"sentido_via";"tipo";"auto";"moto";"ciclom";"ciclista";"pedestre";"onibus";"caminhao";"viatura";"outros";"vitimas";"vitimasfatais";"acidente_verificado";"tempo_clima";"situacao_semaforo";"sinalizacao";"condicao_via";"conservacao_via";"ponto_controle";"situacao_placa";"velocidade_max_via";"mao_direcao";"divisao_via1";"divisao_via2"
"202413117,0";"2024-05-19";"05:49:00";"COM VÍTIMA";"FINALIZADA";"AFOGADOS";"EST DOS REMEDIOS";"1235";"";"EM FRENTE AO POSTO  PETROBRAS";"AFOGADOS";"";"";"COLISÃO LATERAL";"1,0";"1,0";"0,0";"0,0";"0,0";"0,0";"0,0";"0,0";"0,0";"1,0";"0,0";"";"";"";"";"";"";"";"";"";"";"";""
"202413123,0";"2024-05-19";"07:12:00";"COM VÍTIMA";"FINALIZADA";"BOA VIAGEM";"AV ARMINDO MOURA";"";"";"PROX A AREA MILITAR";"BOA VIAGEM";"";"";"COLISÃO";"1,0";"1,0";"0,0";"0,0";"0,0";"0,0";"0,0";"0,0";"0,0";"1,0";"0,0";"";"";"";"";"";"";"";"";"";"";"";""
"202413144,0";"2024-05-20";"07:09:00";"COM VÍTIMA";"FINALIZADA";"TORRE";"RUA PROFESSOR TRAJANO DE MENDONCA";"";"";"EM FRENTE AO POSTO DE GASOLINA SHELL";"TORRE";"";"";"COLISÃO LATERAL";"1,0";"1,0";"0,0";"0,0";"0,0";"0,0";"0,0";"0,0";"0,0";"1,0";"0,0";"";"";"";"";"";"";"";"";"";"";"";""
"202413152,0";"2024-05-20";"08:12:00";"COM VÍTIMA";"FINALIZADA";"CORDEIRO";"RUA DO FORTE";"620";"";"EM FRENTE A ESPAÇO VIDA";"CORDEIRO";"";"";"COLISÃO LATERAL";"1,0";"1,0";"0,0";"0,0";"0,0";"0,0";"0,0";"0,0";"0,0";"1,0";"0,0";"";"";"";"";"";"";"";"";"";"";"";""
"202413154,0";"2024-05-20";"08:18:00";"COM VÍTIMA";"FINALIZADA";"IBURA";"AV DOIS RIOS";"";"";"EM FRENTE AO  SESI DO IBURA";"IBURA";"";"";"COLISÃO LATERAL";"1,0";"1,0";"0,0";"0,0";"0,0";"0,0";"0,0";"0,0";"0,0";"1,0";"0,0";"";"";"";"";"";"";"";"";"";"";"";""
"202413157,0";"2024-05-20";"08:38:00";"COM VÍTIMA";"FINALIZADA";"CAMPO GRANDE";"RUA ODORICO MENDES";"198";"";"PROX AO CLUBE DAS PAES";"CAMPO GRANDE";"";"";"COLISÃO FRONTAL";"1,0";"1,0";"0,0";"0,0";"0,0";"0,0";"0,0";"0,0";"0,0";"1,0";"0,0";"";"";"";"";"";"";"";"";"";"";"";""
"202413161,0";"2024-05-20";"09:29:00";"COM VÍTIMA";"FINALIZADA";"IBURA";"AV RIO VERDE";"616";"AV SANTA FE";"NA ESQUINA DA AV RIO VERDE E AV SANTA FE";"IBURA";"";"";"COLISÃO LATERAL";"1,0";"1,0";"0,0";"0,0";"0,0";"0,0";"0,0";"0,0";"0,0";"1,0";"0,0";"";"";"";"";"";"";"";"";"";"";"";""
"202413164,0";"2024-05-20";"10:02:00";"COM VÍTIMA";"FINALIZADA";"ROSARINHO";"RUA REGUEIRA COSTA";"75";"";"EM FRENTE A ACADEMIA MAX FORMA  // EM FRENTE A LOJA MULTI MIX";"ROSARINHO";"";"";"COLISÃO TRASEIRA";"1,0";"1,0";"0,0";"0,0";"0,0";"0,0";"0,0";"0,0";"0,0";"1,0";"0,0";"";"";"";"";"";"";"";"";"";"";"";""
"202413178,0";"2024-05-20";"12:36:00";"COM VÍTIMA";"FINALIZADA";"BOA VISTA";"RUA MARQUES AMORIM";"524";"";"POR TRAS DA UNIMED";"BOA VISTA";"";"";"COLISÃO LATERAL";"1,0";"1,0";"0,0";"0,0";"0,0";"0,0";"0,0";"0,0";"0,0";"2,0";"0,0";"";"";"";"";"";"";"";"";"";"";"";""
"202413189,0";"2024-05-20";"02:30:00";"COM VÍTIMA";"FINALIZADA";"BREJO DA GUABIRABA";"AV DA RECUPERACAO";"";"";"PROX AO TERMINAL DA GUABIRABA  E O ARMAZEM JENIPAPO PISTA LOCAL";"BREJO DA GUABIRABA";"";"";"COLISÃO LATERAL";"0,0";"0,0";"0,0";"0,0";"0,0";"0,0";"0,0";"0,0";"0,0";"1,0";"0,0";"";"";"";"";"";"";"";"";"";"";"";""
"202413190,0";"2024-05-20";"02:35:00";"COM VÍTIMA";"FINALIZADA";"CASA AMARELA";"AV NORTE MIGUEL ARRAES DE ALENCAR";"";"";"E/F AO REI DA PICANHA";"CASA AMARELA";"";"";"COLISÃO LATERAL";"0,0";"0,0";"0,0";"0,0";"0,0";"0,0";"0,0";"0,0";"0,0";"1,0";"0,0";"";"";"";"";"";"";"";"";"";"";"";""
"202413193,0";"2024-05-20";"03:52:00";"COM VÍTIMA";"FINALIZADA";"IMBIRIBEIRA";"AV MARECHAL MASCARENHAS DE MORAES";"4433";"";"E/F A LASER ELETRO  EA CONCESSIONARIA  NISSAN";"IMBIRIBEIRA";"";"";"COLISÃO LATERAL";"0,0";"0,0";"0,0";"0,0";"0,0";"0,0";"0,0";"0,0";"0,0";"1,0";"0,0";"";"";"";"";"";"";"";"";"";"";"";""
"202413197,0";"2024-05-20";"04:25:00";"COM VÍTIMA";"DUPLICIDADE";"SANCHO";"AV LIBERDADE";"";"";"E/F AO CEMITERIO PARQUE DAS FLORES";"SANCHO";"";"";"COLISÃO LATERAL";"0,0";"0,0";"0,0";"0,0";"0,0";"0,0";"0,0";"0,0";"0,0";"1,0";"0,0";"";"";"";"";"";"";"";"";"";"";"";""
"202413199,0";"2024-05-20";"04:30:00";"COM VÍTIMA";"FINALIZADA";"SANTO ANTONIO";"AV DANTAS BARRETO";"";"AV N S DO CARMO";"";"SANTO ANTONIO";"";"";"ATROPELAMENTO DE PESSOA";"0,0";"0,0";"0,0";"0,0";"1,0";"1,0";"0,0";"0,0";"0,0";"1,0";"0,0";"";"";"";"";"";"";"";"";"";"";"";""
"202413201,0";"2024-05-20";"04:47:00";"COM VÍTIMA";"FINALIZADA";"TOTO";"AV LIBERDADE";"";"";"EM FRENTE CEMITERIO PARQUE DAS FLORES";"TOTO";"";"";"COLISÃO LATERAL";"0,0";"2,0";"0,0";"0,0";"0,0";"0,0";"0,0";"0,0";"0,0";"2,0";"0,0";"";"";"";"";"";"";"";"";"";"";"";""
"202413217,0";"2024-05-20";"06:33:00";"SEM VÍTIMA";"FINALIZADA";"BOA VISTA";"AV CONDE DA BOA VISTA";"1596";"";"PRÓXIMO DA ATLAS SCHINDLER";"BOA VISTA";"27,0";"SUBURBIO";"COLISÃO LATERAL";"1,0";"0,0";"0,0";"0,0";"0,0";"1,0";"0,0";"0,0";"0,0";"0,0";"0,0";"";"";"";"";"";"";"";"";"";"";"";""
"202413224,0";"2024-05-20";"08:56:00";"COM VÍTIMA";"FINALIZADA";"BOA VIAGEM";"AV CONSELHEIRO AGUIAR";"";"AV HERCULANO BANDEIRA";"E/F PADARIA DIPLOMATA";"BOA VIAGEM";"";"";"COLISÃO TRANSVERSAL";"1,0";"1,0";"0,0";"0,0";"0,0";"0,0";"0,0";"0,0";"0,0";"1,0";"0,0";"";"";"";"";"";"";"";"";"";"";"";""
"202413244,0";"2024-05-21";"07:00:00";"COM VÍTIMA";"FINALIZADA";"CAMPO GRANDE";"EST DE BELEM";"";"";"PROX. AO COLEGIO JESUS CRUCIFICADO";"CAMPO GRANDE";"";"";"COLISÃO LATERAL";"0,0";"1,0";"0,0";"0,0";"0,0";"0,0";"0,0";"0,0";"0,0";"1,0";"0,0";"";"";"";"";"";"";"";"";"";"";"";""
"202413263,0";"2024-05-21";"08:00:00";"COM VÍTIMA";"FINALIZADA";"NOVA DESCOBERTA";"AV NORTE MIGUEL ARRAES DE ALENCAR";"9369";"";"ENTRADA DE NOVA DESCOBERTA // PROX A LOJA FRANGO MAIS  // PROX AO COLEGIO CLOTILDE";"NOVA DESCOBERTA";"";"";"COLISÃO LATERAL";"0,0";"2,0";"0,0";"0,0";"0,0";"0,0";"0,0";"0,0";"0,0";"1,0";"0,0";"";"";"";"";"";"";"";"";"";"";"";""
"202413266,0";"2024-05-21";"08:05:00";"COM VÍTIMA";"FINALIZADA";"CASA AMARELA";"AV NORTE MIGUEL ARRAES DE ALENCAR";"4895";"";"EM FRENTE A LOJA MOTO SHOPPING";"CASA AMARELA";"";"";"COLISÃO LATERAL";"1,0";"1,0";"0,0";"0,0";"0,0";"1,0";"0,0";"0,0";"0,0";"1,0";"0,0";"";"";"";"";"";"";"";"";"";"";"";""
"202413274,0";"2024-05-21";"09:21:00";"COM VÍTIMA";"FINALIZADA";"ALTO JOSE BONIFACIO";"RUA ALBINO KROSS";"";"";"PROX. AO TERMINAL DE ONIBUS DA BOMBA DO HEMETERIO, CORREGO JOSE GRANDE";"ALTO JOSE BONIFACIO";"";"";"COLISÃO LATERAL";"0,0";"1,0";"0,0";"0,0";"0,0";"0,0";"0,0";"0,0";"0,0";"1,0";"0,0";"";"";"";"";"";"";"";"";"";"";"";""
"202413283,0";"2024-05-21";"09:55:00";"COM VÍTIMA";"FINALIZADA";"CASA FORTE";"AV DEZESSETE DE AGOSTO";"";"";"PROX. A CASA DOS DOCES E POSTO DE GASOLINA BR";"CASA FORTE";"";"";"COLISÃO LATERAL";"0,0";"1,0";"0,0";"0,0";"0,0";"0,0";"0,0";"0,0";"0,0";"1,0";"0,0";"";"";"";"";"";"";"";"";"";"";"";""
"202413295,0";"2024-05-21";"12:23:00";"COM VÍTIMA";"FINALIZADA";"JIQUIA";"RUA ANTONIO CARNEIRO";"266";"";"PROXIMO A ASTROTUR";"JIQUIA";"";"";"COLISÃO COM CICLISTA";"1,0";"0,0";"0,0";"1,0";"0,0";"0,0";"0,0";"0,0";"0,0";"1,0";"0,0";"";"";"";"";"";"";"";"";"";"";"";""
"202413296,0";"2024-05-21";"12:25:00";"SEM VÍTIMA";"FINALIZADA";"JARDIM SAO PAULO";"RUA DAMASCO";"161";"";"PROX A PRAÇA DE JD SAO PAULO ( PROX A DELEGACIA )";"JARDIM SAO PAULO";"";"";"COLISÃO TRASEIRA";"1,0";"0,0";"0,0";"0,0";"0,0";"0,0";"0,0";"1,0";"0,0";"0,0";"0,0";"";"";"";"";"";"";"";"";"";"";"";""
"202413299,0";"2024-05-21";"12:36:00";"COM VÍTIMA";"FINALIZADA";"BOA VIAGEM";"AVENIDA CELSO FURTADO (VIA MANGUE)";"";"";"ANTIGO AEROCLUB";"BOA VIAGEM";"";"";"QUEDA";"0,0";"1,0";"0,0";"0,0";"0,0";"0,0";"0,0";"0,0";"0,0";"2,0";"0,0";"";"";"";"";"";"";"";"";"";"";"";""
"202413312,0";"2024-05-21";"03:08:00";"COM VÍTIMA";"FINALIZADA";"TAMARINEIRA";"RUA SEBASTIAO MALTA ARCOVERDE";"160";"";"EM FRENTE A RENAUX";"TAMARINEIRA";"";"";"ATROPELAMENTO DE PESSOA";"1,0";"0,0";"0,0";"0,0";"1,0";"0,0";"0,0";"0,0";"0,0";"1,0";"0,0";"";"";"";"";"";"";"";"";"";"";"";""
"202413314,0";"2024-05-21";"03:27:00";"COM VÍTIMA";"FINALIZADA";"PINA";"AV ANTONIO DE GOES";"";"";"E/F A PRF  S/T CID";"PINA";"";"";"COLISÃO LATERAL";"0,0";"0,0";"0,0";"0,0";"0,0";"0,0";"0,0";"0,0";"0,0";"1,0";"0,0";"";"";"";"";"";"";"";"";"";"";"";""
"202413315,0";"2024-05-21";"03:29:00";"COM VÍTIMA";"FINALIZADA";"GRACAS";"RUA DAS CREOULAS";"";"";"NO SEMÁFORO 102";"GRACAS";"";"";"COLISÃO TRASEIRA";"1,0";"1,0";"0,0";"0,0";"0,0";"0,0";"0,0";"0,0";"0,0";"1,0";"0,0";"";"";"";"";"";"";"";"";"";"";"";""
"202413317,0";"2024-05-21";"03:48:00";"COM VÍTIMA";"FINALIZADA";"ENCRUZILHADA";"RUA DR JOSE MARIA";"1912";"";"E/F AO PREDIO DOS CORREIOS NO LARRGO DA ENCRUZILHADA";"ENCRUZILHADA";"";"";"COLISÃO LATERAL";"1,0";"1,0";"0,0";"0,0";"0,0";"0,0";"0,0";"0,0";"0,0";"1,0";"0,0";"";"";"";"";"";"";"";"";"";"";"";""
"202413320,0";"2024-05-21";"04:23:00";"COM VÍTIMA";"DUPLICIDADE";"GRACAS";"RUA DAS CREOULAS";"301";"";"PROX A CAFETERIA  E CiA 81";"GRACAS";"";"";"COLISÃO LATERAL";"0,0";"0,0";"0,0";"0,0";"0,0";"0,0";"0,0";"0,0";"0,0";"1,0";"0,0";"";"";"";"";"";"";"";"";"";"";"";""
"202413325,0";"2024-05-21";"05:58:00";"COM VÍTIMA";"FINALIZADA";"NOVA DESCOBERTA";"AV VEREADOR OTACILIO AZEVEDO";"2756";"";"PROX A PADARIA BOA VISTA E A OFICINA ZERO MOTO";"NOVA DESCOBERTA";"";"";"COLISÃO LATERAL";"0,0";"0,0";"0,0";"0,0";"0,0";"0,0";"0,0";"0,0";"0,0";"1,0";"0,0";"";"";"";"";"";"";"";"";"";"";"";""
"202413327,0";"2024-05-21";"06:29:00";"COM VÍTIMA";"FINALIZADA";"BOA VIAGEM";"AVENIDA CELSO FURTADO (VIA MANGUE)";"";"";"NO MEIO DA VIA MANGE , NA MEDIAÇÃO DO ASSAI";"BOA VIAGEM";"";"";"COLISÃO TRASEIRA";"3,0";"0,0";"0,0";"0,0";"0,0";"0,0";"0,0";"0,0";"0,0";"1,0";"0,0";"";"";"";"";"";"";"";"";"";"";"";""
"202413328,0";"2024-05-21";"06:54:00";"COM VÍTIMA";"FINALIZADA";"IBURA";"AV SANTA FE";"572";"";"NA UR2 IBURA // PROXIMO A PIZZARIA  KSABOR";"IBURA";"";"";"COLISÃO";"0,0";"1,0";"0,0";"0,0";"0,0";"0,0";"0,0";"0,0";"0,0";"1,0";"0,0";"";"";"";"";"";"";"";"";"";"";"";""
"202413337,0";"2024-05-21";"09:41:00";"COM VÍTIMA";"FINALIZADA";"BEBERIBE";"AV BEBERIBE";"";"RUA DALVA DE OLIVEIRA";"PROXIMO AO SESC";"BEBERIBE";"";"";"COLISÃO";"0,0";"2,0";"0,0";"0,0";"0,0";"0,0";"0,0";"0,0";"0,0";"1,0";"0,0";"";"";"";"";"";"";"";"";"";"";"";""
"202413352,0";"2024-05-22";"07:16:00";"COM VÍTIMA";"FINALIZADA";"DOIS UNIDOS";"RUA BACHAREL SEVERINO T.G.DO NASCIMENTO";"";"";"APOS O ATACAREJO SENT. SUB.";"DOIS UNIDOS";"";"";"COLISÃO LATERAL";"0,0";"1,0";"0,0";"0,0";"0,0";"0,0";"0,0";"0,0";"0,0";"1,0";"0,0";"";"";"";"";"";"";"";"";"";"";"";""
"202413353,0";"2024-05-22";"07:06:00";"COM VÍTIMA";"FINALIZADA";"BOA VIAGEM";"AV ENGENHEIRO DOMINGOS FERREIRA";"636";"";"CLINICAL CENTER / NA FAIXA DA DIREITA, LADO OPOSTO AO IBIS HOTEL";"BOA VIAGEM";"";"";"COLISÃO LATERAL";"0,0";"1,0";"0,0";"0,0";"0,0";"1,0";"0,0";"0,0";"0,0";"1,0";"0,0";"";"";"";"";"";"";"";"";"";"";"";""
"202413354,0";"2024-05-22";"07:17:00";"COM VÍTIMA";"FINALIZADA";"CAXANGA";"AV JOAQUIM RIBEIRO";"";"RUA RIBEIRO PESSOA";"EM FRENTE A UPA SEMAFORO 281";"CAXANGA";"";"";"COLISÃO LATERAL";"1,0";"1,0";"0,0";"0,0";"0,0";"0,0";"0,0";"0,0";"0,0";"2,0";"0,0";"";"";"";"";"";"";"";"";"";"";"";""
"202413358,0";"2024-05-22";"07:54:00";"COM VÍTIMA";"DUPLICIDADE";"ROSARINHO";"AV NORTE MIGUEL ARRAES DE ALENCAR";"";"";"EM FRENTE A CHINA CABELEIREIRO";"ROSARINHO";"";"";"COLISÃO LATERAL";"0,0";"1,0";"0,0";"0,0";"0,0";"0,0";"0,0";"0,0";"0,0";"1,0";"0,0";"";"";"";"";"";"";"";"";"";"";"";""
"202413363,0";"2024-05-22";"08:50:00";"COM VÍTIMA";"FINALIZADA";"AREIAS";"AV DR JOSE RUFINO";"";"";"EM FRENTE A IGREJA SANTA LUZIA";"AREIAS";"";"";"COLISÃO LATERAL";"0,0";"1,0";"0,0";"0,0";"0,0";"0,0";"0,0";"0,0";"0,0";"1,0";"0,0";"";"";"";"";"";"";"";"";"";"";"";""
"202413371,0";"2024-05-22";"09:48:00";"COM VÍTIMA";"FINALIZADA";"BRASILIA TEIMOSA";"RUA COMENDADOR MORAES";"373";"";"DO LADO DO JCPM";"BRASILIA TEIMOSA";"";"";"COLISÃO LATERAL";"1,0";"1,0";"0,0";"0,0";"0,0";"0,0";"0,0";"0,0";"0,0";"1,0";"0,0";"";"";"";"";"";"";"";"";"";"";"";""
"202413373,0";"2024-05-22";"10:00:00";"COM VÍTIMA";"FINALIZADA";"IMBIRIBEIRA";"RUA PARIS";"";"";"EM FRENTE AO ARMAZEM MEGATRIO";"IMBIRIBEIRA";"";"";"COLISÃO LATERAL";"0,0";"1,0";"0,0";"0,0";"0,0";"0,0";"0,0";"0,0";"0,0";"1,0";"0,0";"";"";"";"";"";"";"";"";"";"";"";""
"202413386,0";"2024-05-22";"11:16:00";"COM VÍTIMA";"FINALIZADA";"BOA VIAGEM";"RUA JOSE MARIA DE MIRANDA";"177";"RUA AVIADOR SEVERIANO LINS";"NA DESCIDA DA VIA MANGUE";"BOA VIAGEM";"";"";"COLISÃO LATERAL";"0,0";"1,0";"0,0";"0,0";"0,0";"0,0";"0,0";"0,0";"0,0";"1,0";"0,0";"";"";"";"";"";"";"";"";"";"";"";""
"202413401,0";"2024-05-22";"02:32:00";"COM VÍTIMA";"FINALIZADA";"PINA";"AVENIDA CELSO FURTADO (VIA MANGUE)";"";"RUA JOSE MARIA DE MIRANDA";"SENTIDO SHOPPING RIOMAR ANTES DO ASSAI";"PINA";"";"";"COLISÃO LATERAL";"0,0";"0,0";"0,0";"0,0";"0,0";"0,0";"0,0";"0,0";"0,0";"1,0";"0,0";"";"";"";"";"";"";"";"";"";"";"";""
"202413419,0";"2024-05-22";"03:56:00";"COM VÍTIMA";"FINALIZADA";"BOA VIAGEM";"AV ANTONIO DE GOES";"218";"";"E/F AO POSTO DE GASOLINA PETROBRAS E O DENIT";"BOA VIAGEM";"";"";"COLISÃO LATERAL";"0,0";"0,0";"0,0";"0,0";"0,0";"0,0";"0,0";"0,0";"0,0";"1,0";"0,0";"";"";"";"";"";"";"";"";"";"";"";""
"202413432,0";"2024-05-22";"05:01:00";"COM VÍTIMA";"FINALIZADA";"CAMPO GRANDE";"RUA ODORICO MENDES";"882";"AV GOVERNADOR AGAMENON MAGALHAES";"ORLANDO AUTO PEÇAS, PISTA LOCAL";"CAMPO GRANDE";"";"SUBURBIO";"COLISÃO";"0,0";"1,0";"0,0";"0,0";"0,0";"1,0";"0,0";"0,0";"0,0";"1,0";"0,0";"";"";"";"";"";"";"";"";"";"";"";""
"202413448,0";"2024-05-22";"06:37:00";"COM VÍTIMA";"CANCELADA";"AFOGADOS";"RUA IMPERIAL";"1222";"";"QUASE EMBAIXO DO VIADUTO SENTIDO AFOGADOS";"AFOGADOS";"";"";"COLISÃO LATERAL";"1,0";"1,0";"0,0";"0,0";"0,0";"0,0";"0,0";"0,0";"0,0";"1,0";"0,0";"";"";"";"";"";"";"";"";"";"";"";""
"202413450,0";"2024-05-22";"06:58:00";"COM VÍTIMA";"FINALIZADA";"IPUTINGA";"AV CAXANGA";"2689";"";"EM FRENTE AO FERRO VELHO KI  PEÇAS // ANTES DA UNDIAS SEMI NOVOS";"IPUTINGA";"";"";"COLISÃO";"0,0";"1,0";"0,0";"0,0";"0,0";"0,0";"0,0";"0,0";"0,0";"1,0";"0,0";"";"";"";"";"";"";"";"";"";"";"";""
"202413451,0";"2024-05-22";"07:01:00";"COM VÍTIMA";"CANCELADA";"IMBIRIBEIRA";"AV MARECHAL MASCARENHAS DE MORAES";"";"";"E/F A FERREIRA COSTA";"IMBIRIBEIRA";"";"SUBURBIO";"COLISÃO TRASEIRA";"1,0";"1,0";"0,0";"0,0";"0,0";"0,0";"0,0";"0,0";"0,0";"1,0";"0,0";"";"";"";"";"";"";"";"";"";"";"";""
"202413468,0";"2024-05-23";"06:22:00";"COM VÍTIMA";"FINALIZADA";"AGUA FRIA";"EST VELHA DE AGUA FRIA";"1333";"";"EM FRENTE AO POSTO DE GASOLINA NORTE BRAZ";"AGUA FRIA";"";"";"COLISÃO TRASEIRA";"0,0";"2,0";"0,0";"0,0";"0,0";"0,0";"0,0";"0,0";"0,0";"1,0";"0,0";"";"";"";"";"";"";"";"";"";"";"";""
"202413477,0";"2024-05-23";"07:01:00";"COM VÍTIMA";"FINALIZADA";"VARZEA";"RUA VALE DO SIRIJI";"";"";"EM FRENTE A FABRICA DE STUDIO ANTES DA LADEIRA";"VARZEA";"";"";"COLISÃO LATERAL";"0,0";"1,0";"0,0";"0,0";"0,0";"0,0";"0,0";"0,0";"0,0";"1,0";"0,0";"";"";"";"";"";"";"";"";"";"";"";""
"202413483,0";"2024-05-23";"07:22:00";"COM VÍTIMA";"FINALIZADA";"ILHA DO LEITE";"RUA GENERAL JOAQUIM INACIO";"";"";"EM FRENTE AO POSTO DE GASOLINA IPIRANGA";"ILHA DO LEITE";"";"";"COLISÃO LATERAL";"0,0";"1,0";"0,0";"0,0";"0,0";"0,0";"0,0";"0,0";"0,0";"1,0";"0,0";"";"";"";"";"";"";"";"";"";"";"";""
"202413492,0";"2024-05-23";"07:41:00";"COM VÍTIMA";"FINALIZADA";"ILHA DO RETIRO";"RUA PREFEITO JORGE MARTINS";"290";"";"EM FRENTE AO EDF. SAINT GABRIEL";"ILHA DO RETIRO";"";"";"ENGAVETAMENTO";"4,0";"0,0";"0,0";"0,0";"0,0";"0,0";"0,0";"0,0";"0,0";"1,0";"0,0";"";"";"";"";"";"";"";"";"";"";"";""
"202413494,0";"2024-05-23";"07:49:00";"COM VÍTIMA";"FINALIZADA";"MADALENA";"EST DOS REMEDIOS";"";"";"EM FRENTE AO ASSAI, RUA EM FRENTE A ILHA DO RETIRO, PROX. A AUTO MOTIVO";"MADALENA";"";"";"COLISÃO LATERAL";"0,0";"1,0";"0,0";"0,0";"0,0";"0,0";"0,0";"0,0";"0,0";"1,0";"0,0";"";"";"";"";"";"";"";"";"";"";"";""
"202413496,0";"2024-05-23";"08:30:00";"COM VÍTIMA";"FINALIZADA";"APIPUCOS";"AV DEZESSETE DE AGOSTO";"";"";"PROX AO LAGO DE APIPUCOS PROX A UPE  E PROX AO POSTO DE GASOLINA";"APIPUCOS";"";"";"COLISÃO";"1,0";"1,0";"0,0";"0,0";"0,0";"0,0";"0,0";"0,0";"0,0";"2,0";"0,0";"";"";"";"";"";"";"";"";"";"";"";""
"202413504,0";"2024-05-23";"09:42:00";"COM VÍTIMA";"FINALIZADA";"GRACAS";"RUA SENADOR ALBERTO PAIVA";"";"";"PROX A ESCOLA ROQUE E PROX A LOJA TOK STORE";"GRACAS";"";"";"COLISÃO";"1,0";"0,0";"0,0";"0,0";"0,0";"0,0";"0,0";"0,0";"0,0";"1,0";"0,0";"";"";"";"";"";"";"";"";"";"";"";""
"202413507,0";"2024-05-23";"09:58:00";"COM VÍTIMA";"FINALIZADA";"SANTO AMARO";"AV DR JAYME DA FONTE";"";"";"POR TRAS DO CEMITERIO DOS INGLESES";"SANTO AMARO";"";"";"COLISÃO LATERAL";"0,0";"1,0";"0,0";"0,0";"0,0";"0,0";"0,0";"0,0";"0,0";"1,0";"0,0";"";"";"";"";"";"";"";"";"";"";"";""
"202413521,0";"2024-05-23";"11:48:00";"COM VÍTIMA";"FINALIZADA";"MANGUEIRA";"AV CENTRAL";"";"";"EMBAIXO DO PONTILHAO, AO LADO DA IGREJA ASSEMBLEIA DE DEUS";"MANGUEIRA";"";"";"COLISÃO LATERAL";"0,0";"1,0";"0,0";"0,0";"0,0";"0,0";"0,0";"0,0";"0,0";"1,0";"0,0";"";"";"";"";"";"";"";"";"";"";"";""
"202413524,0";"2024-05-23";"12:06:00";"SEM VÍTIMA";"FINALIZADA";"AFLITOS";"AV CONS ROSA E SILVA";"901";"";"HABBIB'S";"AFLITOS";"459,0";"SUBURBIO";"COLISÃO TRASEIRA";"1,0";"1,0";"0,0";"0,0";"0,0";"0,0";"0,0";"0,0";"0,0";"0,0";"0,0";"";"";"";"";"";"";"";"";"";"";"";""
"202413525,0";"2024-05-23";"12:11:00";"COM VÍTIMA";"FINALIZADA";"BOA VIAGEM";"AV ENGENHEIRO DOMINGOS FERREIRA";"1900";"";"E/F  AO ASSAI  ATACADISTA";"BOA VIAGEM";"";"";"ATROPELAMENTO DE PESSOA";"1,0";"0,0";"0,0";"0,0";"1,0";"0,0";"0,0";"0,0";"0,0";"1,0";"0,0";"";"";"";"";"";"";"";"";"";"";"";""
"202413527,0";"2024-05-23";"12:24:00";"COM VÍTIMA";"DUPLICIDADE";"MANGUEIRA";"AV CENTRAL";"";"";"EMBAIXO DO PONTILHAO, AO LADO DA IGREJA ASSEMBLEIA DE DEUS";"MANGUEIRA";"";"";"COLISÃO";"0,0";"1,0";"0,0";"0,0";"0,0";"0,0";"0,0";"0,0";"0,0";"1,0";"0,0";"";"";"";"";"";"";"";"";"";"";"";""
"202413537,0";"2024-05-23";"02:18:00";"COM VÍTIMA";"FINALIZADA";"IPSEP";"RUA SAO NICOLAU";"";"";"E/F A CONCESSIONARIA MULTIMARCAS";"IPSEP";"";"";"COLISÃO LATERAL";"0,0";"1,0";"0,0";"0,0";"0,0";"0,0";"0,0";"0,0";"0,0";"1,0";"0,0";"";"";"";"";"";"";"";"";"";"";"";""
"202413541,0";"2024-05-23";"03:10:00";"COM VÍTIMA";"FINALIZADA";"AREIAS";"AV DR JOSE RUFINO";"2382";"";"E/F A DROGASIL";"AREIAS";"";"";"COLISÃO LATERAL";"0,0";"1,0";"0,0";"0,0";"0,0";"0,0";"0,0";"0,0";"0,0";"1,0";"0,0";"";"";"";"";"";"";"";"";"";"";"";""
"202413542,0";"2024-05-23";"03:47:00";"COM VÍTIMA";"FINALIZADA";"BOA VISTA";"RUA GERVASIO PIRES";"1136";"";"POR TRAS DO HOSPITAL DO EXERCITO";"BOA VISTA";"";"";"COLISÃO LATERAL";"1,0";"1,0";"0,0";"0,0";"0,0";"0,0";"0,0";"0,0";"0,0";"1,0";"0,0";"";"";"";"";"";"";"";"";"";"";"";""
"202413548,0";"2024-05-23";"04:24:00";"COM VÍTIMA";"FINALIZADA";"IBURA";"AV DOIS RIOS";"";"";"IBURA DE BAIXO PROX AO COLEGIO SAGRADO CORAÇAO";"IBURA";"";"";"COLISÃO LATERAL";"0,0";"0,0";"0,0";"0,0";"0,0";"0,0";"0,0";"0,0";"0,0";"1,0";"0,0";"";"";"";"";"";"";"";"";"";"";"";""
"202413551,0";"2024-05-23";"05:06:00";"COM VÍTIMA";"FINALIZADA";"ILHA DO RETIRO";"AV ENGENHEIRO ABDIAS DE CARVALHO";"3486";"";"NA ENTRADA DO TUNEL DO SPORT CLUBE DO RECIFE";"ILHA DO RETIRO";"";"";"COLISÃO LATERAL";"1,0";"1,0";"0,0";"0,0";"0,0";"0,0";"0,0";"0,0";"0,0";"1,0";"0,0";"";"";"";"";"";"";"";"";"";"";"";""