"Protocolo";"data";"hora";"natureza";"situacao";"bairro";"endereco";"numero";"detalhe_endereco_acidente";"complemento";"bairro_cruzamento";"num_semaforo";"sentido_via";"tipo";"auto";"moto";"ciclom";"ciclista";"pedestre";"onibus";"caminhao";"viatura";"outros";"vitimas";"vitimasfatais";"acidente_verificado";"tempo_clima";"situacao_semaforo";"sinalizacao";"condicao_via";"conservacao_via";"ponto_controle";"situacao_placa";"velocidade_max_via";"mao_direcao";"divisao_via1";"divisao_via2"
"202413552,0";"2024-05-23";"05:10:00";"COM VÍTIMA";"FINALIZADA";"CASA FORTE";"AV DEZESSETE DE AGOSTO";"1041";"";"PROX AO POSTO DISLUB  E O MUSEU DO HOMEM DO NORDESTE";"CASA FORTE";"";"";"COLISÃO LATERAL";"0,0";"0,0";"0,0";"0,0";"0,0";"0,0";"0,0";"0,0";"0,0";"1,0";"0,0";"";"";"";"";"";"";"";"";"";"";"";""
"202413555,0";"2024-05-23";"05:58:00";"COM VÍTIMA";"FINALIZADA";"IBURA";"AV IBURA";"";"";"NO RETORNO DO IBURA PROX AO RECIFE TOP DISEL";"IBURA";"";"";"COLISÃO LATERAL";"0,0";"0,0";"0,0";"0,0";"0,0";"0,0";"0,0";"0,0";"0,0";"1,0";"0,0";"";"";"";"";"";"";"";"";"";"";"";""
"202413570,0";"2024-05-23";"09:33:00";"COM VÍTIMA";"FINALIZADA";"ILHA DO RETIRO";"RUA JOSE MUCIO MONTEIRO";"";"";"PROX A SELFIT";"ILHA DO RETIRO";"";"";"COLISÃO";"1,0";"1,0";"0,0";"0,0";"0,0";"0,0";"0,0";"0,0";"0,0";"1,0";"0,0";"";"";"";"";"";"";"";"";"";"";"";""
"202413581,0";"2024-05-24";"06:13:00";"COM VÍTIMA";"FINALIZADA";"IMBIRIBEIRA";"AV MARECHAL MASCARENHAS DE MORAES";"";"";"EM FRENTE AO HOTEL AEROPORTO, PROX. AO AEROPORTO";"IMBIRIBEIRA";"";"";"COLISÃO LATERAL";"0,0";"1,0";"0,0";"0,0";"0,0";"0,0";"0,0";"0,0";"0,0";"1,0";"0,0";"";"";"";"";"";"";"";"";"";"";"";""
"202413588,0";"2024-05-24";"06:49:00";"COM VÍTIMA";"FINALIZADA";"SANTO AMARO";"AV GOVERNADOR AGAMENON MAGALHAES";"";"";"PROX. AO SHOPPING TACARUNA SENT. CIDADE";"SANTO AMARO";"";"";"COLISÃO LATERAL";"0,0";"1,0";"0,0";"0,0";"0,0";"0,0";"0,0";"0,0";"0,0";"1,0";"0,0";"";"";"";"";"";"";"";"";"";"";"";""
"202413590,0";"2024-05-24";"07:02:00";"COM VÍTIMA";"FINALIZADA";"ESTANCIA";"AV DR JOSE RUFINO";"535";"";"PROX. A GALERIA MARGARIDA";"ESTANCIA";"";"";"COLISÃO LATERAL";"1,0";"1,0";"0,0";"0,0";"0,0";"0,0";"0,0";"0,0";"0,0";"1,0";"0,0";"";"";"";"";"";"";"";"";"";"";"";""
"202413604,0";"2024-05-24";"07:32:00";"COM VÍTIMA";"FINALIZADA";"CASA AMARELA";"AV NORTE MIGUEL ARRAES DE ALENCAR";"";"";"PROX. A LOJA DA YAMAHA E BACIA DO VASCO /  CRUZANDO COM VASCO DA GAMA";"CASA AMARELA";"66,0";"";"COLISÃO LATERAL";"0,0";"1,0";"0,0";"0,0";"0,0";"0,0";"0,0";"0,0";"0,0";"1,0";"0,0";"";"";"";"";"";"";"";"";"";"";"";""
"202413605,0";"2024-05-24";"07:25:00";"COM VÍTIMA";"FINALIZADA";"BOA VIAGEM";"RUA ERNESTO DE PAULA SANTOS";"";"";"PROX. AO POSTO DE GASOLINA BR E UNINASSAU";"BOA VIAGEM";"";"";"COLISÃO LATERAL";"0,0";"1,0";"0,0";"0,0";"0,0";"0,0";"0,0";"0,0";"0,0";"1,0";"0,0";"";"";"";"";"";"";"";"";"";"";"";""
"202413609,0";"2024-05-24";"07:29:00";"COM VÍTIMA";"FINALIZADA";"PINA";"AVENIDA CELSO FURTADO (VIA MANGUE)";"";"";"APOS A ENTRADA DO SHOPPING RIO MAR / E PROX AO SUPERMACRDO AÇAI";"PINA";"";"";"CHOQUE";"0,0";"0,0";"0,0";"0,0";"0,0";"0,0";"0,0";"0,0";"0,0";"1,0";"0,0";"";"";"";"";"";"";"";"";"";"";"";""
"202413610,0";"2024-05-24";"07:33:00";"COM VÍTIMA";"DUPLICIDADE";"ESTANCIA";"RUA MORAIS E SILVA";"SN";"";"EMBAIXO DO VIADUTO DA AV RECIFE // PROX AO CENTRO COMERCIAL GALERIA A MARGARIDA";"ESTANCIA";"";"";"COLISÃO";"0,0";"1,0";"0,0";"0,0";"0,0";"0,0";"0,0";"0,0";"0,0";"1,0";"0,0";"";"";"";"";"";"";"";"";"";"";"";""
"202413613,0";"2024-05-24";"08:11:00";"COM VÍTIMA";"FINALIZADA";"BOA VISTA";"RUA JOAO FERNANDES VIEIRA";"405";"";"PROX AO DPCA  //  EM FRENTE AO POSTO DE GASOLINA SHELL";"BOA VISTA";"";"";"COLISÃO";"0,0";"1,0";"0,0";"0,0";"0,0";"0,0";"0,0";"0,0";"0,0";"1,0";"0,0";"";"";"";"";"";"";"";"";"";"";"";""
"202413614,0";"2024-05-24";"08:14:00";"COM VÍTIMA";"FINALIZADA";"MADALENA";"TUNEL DA ABOLICAO";"";"";"NA SUB. DO TUNEL SENT. AFOGADOS";"MADALENA";"";"";"COLISÃO TRASEIRA";"3,0";"2,0";"0,0";"0,0";"0,0";"0,0";"0,0";"0,0";"0,0";"2,0";"0,0";"";"";"";"";"";"";"";"";"";"";"";""
"202413617,0";"2024-05-24";"09:02:00";"COM VÍTIMA";"FINALIZADA";"BOA VIAGEM";"RUA BARAO DE SOUZA LEAO";"";"";"EM FRENTE AO RECIBOM SUPERMERCADO";"BOA VIAGEM";"";"";"COLISÃO";"0,0";"1,0";"0,0";"0,0";"0,0";"0,0";"0,0";"0,0";"0,0";"1,0";"0,0";"";"";"";"";"";"";"";"";"";"";"";""
"202413618,0";"2024-05-24";"09:05:00";"COM VÍTIMA";"FINALIZADA";"JOANA BEZERRA";"VDO PAPA JOAO PAULO II";"";"";"SOBRE O VIADUTO ENTRE O CABANGA PROX A ACD  SENTIDO OLINDA";"JOANA BEZERRA";"";"";"COLISÃO TRASEIRA";"1,0";"1,0";"0,0";"0,0";"0,0";"0,0";"0,0";"0,0";"0,0";"1,0";"0,0";"";"";"";"";"";"";"";"";"";"";"";""
"202413627,0";"2024-05-24";"10:24:00";"COM VÍTIMA";"FINALIZADA";"SAN MARTIN";"AV CONSUL VILARES FRAGOSO";"486";"";"EDFICIO YSABEL";"SAN MARTIN";"";"";"ATROPELAMENTO DE PESSOA";"0,0";"1,0";"0,0";"0,0";"1,0";"0,0";"0,0";"0,0";"0,0";"1,0";"0,0";"";"";"";"";"";"";"";"";"";"";"";""
"202413628,0";"2024-05-24";"10:29:00";"COM VÍTIMA";"FINALIZADA";"AFOGADOS";"RUA SAO MIGUEL";"1845";"";"APÓS A ARENA SÃO MIGUEL";"AFOGADOS";"";"";"QUEDA";"0,0";"1,0";"0,0";"0,0";"0,0";"0,0";"0,0";"0,0";"0,0";"1,0";"0,0";"";"";"";"";"";"";"";"";"";"";"";""
"202413629,0";"2024-05-24";"10:32:00";"COM VÍTIMA";"FINALIZADA";"SAO JOSE";"RUA DAS CALCADAS";"";"";"EM FRENTE AO ATACADO DOS PRESENTES";"SAO JOSE";"";"";"COLISÃO LATERAL";"0,0";"1,0";"0,0";"0,0";"0,0";"0,0";"0,0";"0,0";"0,0";"1,0";"0,0";"";"";"";"";"";"";"";"";"";"";"";""
"202413633,0";"2024-05-24";"10:54:00";"COM VÍTIMA";"FINALIZADA";"MADALENA";"AV VISCONDE DE ALBUQUERQUE";"457";"";"PROX A LOJA VETERINARIA QUERO COLO";"MADALENA";"";"";"COLISÃO FRONTAL";"2,0";"0,0";"0,0";"0,0";"0,0";"0,0";"0,0";"0,0";"0,0";"1,0";"0,0";"";"";"";"";"";"";"";"";"";"";"";""
"202413638,0";"2024-05-24";"11:15:00";"COM VÍTIMA";"FINALIZADA";"ESTANCIA";"AV RECIFE";"";"";"PROX. AO ARMAZEM CORAL E RECIFE AR";"ESTANCIA";"";"";"COLISÃO LATERAL";"1,0";"1,0";"0,0";"0,0";"0,0";"0,0";"0,0";"0,0";"0,0";"1,0";"0,0";"";"";"";"";"";"";"";"";"";"";"";""
"202413640,0";"2024-05-24";"11:32:00";"COM VÍTIMA";"FINALIZADA";"BOA VISTA";"RUA PRINCESA IZABEL";"";"";"EM FRENTE A CAMARA DE VEREADORES E FACULDADE DE DIREITO";"BOA VISTA";"";"";"COLISÃO LATERAL";"0,0";"1,0";"0,0";"0,0";"0,0";"0,0";"0,0";"0,0";"0,0";"1,0";"0,0";"";"";"";"";"";"";"";"";"";"";"";""
"202413644,0";"2024-05-24";"11:56:00";"COM VÍTIMA";"FINALIZADA";"GRACAS";"RUA ADALBERTO CAMARGO";"";"";"PROX. AO OH PET VETERINARIO E PIZZARIA";"GRACAS";"";"";"COLISÃO LATERAL";"0,0";"1,0";"0,0";"0,0";"0,0";"0,0";"0,0";"0,0";"0,0";"1,0";"0,0";"";"";"";"";"";"";"";"";"";"";"";""
"202413647,0";"2024-05-24";"12:22:00";"COM VÍTIMA";"FINALIZADA";"SANTO AMARO";"AV PREFEITO ARTUR LIMA CAVALCANTI";"802";"";"VIA MANGUE  // POR TRÁS DO CEMITÉRIO DOS INGLESES";"SANTO AMARO";"";"";"COLISÃO";"0,0";"1,0";"0,0";"0,0";"0,0";"0,0";"0,0";"0,0";"0,0";"1,0";"0,0";"";"";"";"";"";"";"";"";"";"";"";""
"202413659,0";"2024-05-24";"01:56:00";"COM VÍTIMA";"FINALIZADA";"AGUA FRIA";"AV ANIBAL BENEVOLO";"773";"";"PROX A UPINHA DO ALTO DO PASCOAL  E PROX AO COMPAZ";"AGUA FRIA";"";"";"COLISÃO LATERAL";"0,0";"0,0";"0,0";"0,0";"0,0";"0,0";"0,0";"0,0";"0,0";"1,0";"0,0";"";"";"";"";"";"";"";"";"";"";"";""
"202413662,0";"2024-05-24";"02:22:00";"COM VÍTIMA";"FINALIZADA";"CASA AMARELA";"EST DO ARRAIAL";"4290";"";"QUASE EM FRENTE A ESCOLA GERAÇÃO ATUAL";"CASA AMARELA";"";"";"COLISÃO TRASEIRA";"1,0";"2,0";"0,0";"0,0";"0,0";"0,0";"0,0";"0,0";"0,0";"1,0";"0,0";"";"";"";"";"";"";"";"";"";"";"";""
"202413668,0";"2024-05-24";"03:25:00";"COM VÍTIMA";"FINALIZADA";"ESTANCIA";"AV RECIFE";"";"AV JOAO CABRAL DE MELO NETO";"NA ENTRA  DE SAN MARTIN NO SEMAFORO 259";"ESTANCIA";"";"";"COLISÃO LATERAL";"0,0";"2,0";"0,0";"0,0";"0,0";"0,0";"0,0";"0,0";"0,0";"1,0";"0,0";"";"";"";"";"";"";"";"";"";"";"";""
"202413671,0";"2024-05-24";"04:14:00";"COM VÍTIMA";"FINALIZADA";"BAIRRO DO RECIFE";"AV MILITAR";"365";"";"E/F AO MEMORIAL DO ESTADO DE PERNAMBUCO PROX AO PORTO DO RECIFE";"BAIRRO DO RECIFE";"";"";"COLISÃO LATERAL";"0,0";"0,0";"0,0";"0,0";"0,0";"0,0";"0,0";"0,0";"0,0";"1,0";"0,0";"";"";"";"";"";"";"";"";"";"";"";""
"202413680,0";"2024-05-24";"05:35:00";"COM VÍTIMA";"CANCELADA";"CAXANGA";"AV CAXANGA";"";"";"E/F A NISSAN  S/T   SUB";"CAXANGA";"";"";"COLISÃO LATERAL";"1,0";"1,0";"0,0";"0,0";"0,0";"0,0";"0,0";"0,0";"0,0";"1,0";"0,0";"";"";"";"";"";"";"";"";"";"";"";""
"202413685,0";"2024-05-24";"06:01:00";"COM VÍTIMA";"FINALIZADA";"AFLITOS";"AV CONS ROSA E SILVA";"975";"";"EM FRENTE A AGENCIA DE REFERENCIA DE PERNAMBUCO";"AFLITOS";"";"";"COLISÃO LATERAL";"1,0";"1,0";"0,0";"0,0";"0,0";"1,0";"0,0";"0,0";"0,0";"1,0";"0,0";"";"";"";"";"";"";"";"";"";"";"";""
"202413695,0";"2024-05-24";"07:52:00";"SEM VÍTIMA";"FINALIZADA";"IPUTINGA";"AV CAXANGA";"";"";"HOSPITAL BARAO DE LUCENA";"IPUTINGA";"";"CIDADE";"COLISÃO LATERAL";"1,0";"1,0";"0,0";"0,0";"0,0";"0,0";"0,0";"0,0";"0,0";"0,0";"0,0";"";"";"";"";"";"";"";"";"";"";"";""
"202413702,0";"2024-05-24";"11:07:00";"COM VÍTIMA";"CANCELADA";"VASCO DA GAMA";"RUA ALTO DO EUCALIPTO";"283";"";"";"VASCO DA GAMA";"";"";"COLISÃO FRONTAL";"0,0";"2,0";"0,0";"0,0";"0,0";"0,0";"0,0";"0,0";"0,0";"2,0";"0,0";"";"";"";"";"";"";"";"";"";"";"";""
"202413731,0";"2024-05-25";"07:53:00";"COM VÍTIMA";"FINALIZADA";"GRACAS";"AV RUI BARBOSA";"15";"";"AO LADO DO TRIBUNAL REGIONAL ELEITORAL // APOS O COLEGIO VERA CRUZ";"GRACAS";"";"";"COLISÃO LATERAL";"0,0";"2,0";"0,0";"0,0";"0,0";"0,0";"0,0";"0,0";"0,0";"3,0";"0,0";"";"";"";"";"";"";"";"";"";"";"";""
"202413735,0";"2024-05-25";"08:30:00";"SEM VÍTIMA";"CANCELADA";"ESPINHEIRO";"AV GOVERNADOR AGAMENON MAGALHAES";"";"";"EM FRENTE AO EMPRESARIAL AGAMENON MAGALHAES PISTA LOCAL";"ESPINHEIRO";"";"";"COLISÃO TRASEIRA";"2,0";"0,0";"0,0";"0,0";"0,0";"0,0";"0,0";"0,0";"0,0";"0,0";"0,0";"";"";"";"";"";"";"";"";"";"";"";""
"202413740,0";"2024-05-25";"09:12:00";"SEM VÍTIMA";"FINALIZADA";"PINA";"AV ENGENHEIRO DOMINGOS FERREIRA";"";"";"EM FRENTE AO SEMÁFORO 709";"PINA";"709,0";"";"COLISÃO TRASEIRA";"1,0";"0,0";"0,0";"0,0";"0,0";"0,0";"0,0";"1,0";"0,0";"0,0";"0,0";"";"";"";"";"";"";"";"";"";"";"";""
"202413745,0";"2024-05-25";"09:37:00";"COM VÍTIMA";"FINALIZADA";"BOMBA DO HEMETERIO";"RUA BOMBA DO HEMETERIO";"";"";"PROX. AO CLUBE ABANADORES DO ARRUDA";"BOMBA DO HEMETERIO";"";"";"COLISÃO LATERAL";"0,0";"1,0";"0,0";"0,0";"0,0";"0,0";"0,0";"0,0";"0,0";"1,0";"0,0";"";"";"";"";"";"";"";"";"";"";"";""
"202413749,0";"2024-05-25";"10:41:00";"COM VÍTIMA";"FINALIZADA";"BOA VIAGEM";"AV BOA VIAGEM";"";"";"QUIOSQUE 01, EM FRENTE AO CASSINO AMERICANO E AO RESTAURANTE TATU BOLA BAR";"BOA VIAGEM";"";"";"COLISÃO LATERAL";"0,0";"2,0";"0,0";"0,0";"0,0";"0,0";"0,0";"0,0";"0,0";"2,0";"0,0";"";"";"";"";"";"";"";"";"";"";"";""
"202413751,0";"2024-05-25";"11:31:00";"COM VÍTIMA";"FINALIZADA";"BOA VIAGEM";"AV ENGENHEIRO DOMINGOS FERREIRA";"2589";"";"EM FRENTE AO EMPRESARIAL ALEXANDRE  DE CASTRO E SILVA";"BOA VIAGEM";"";"";"COLISÃO";"0,0";"0,0";"0,0";"0,0";"0,0";"1,0";"0,0";"0,0";"0,0";"1,0";"0,0";"";"";"";"";"";"";"";"";"";"";"";""
"202413755,0";"2024-05-25";"01:02:00";"COM VÍTIMA";"FINALIZADA";"TOTO";"RUA PEDRO TEIXEIRA";"";"";"E/F A  ESTAÇAO DE COQUEIRAL  E PROX A IGREJA DA FAMILIA";"TOTO";"";"";"COLISÃO LATERAL";"0,0";"0,0";"0,0";"0,0";"0,0";"0,0";"0,0";"0,0";"0,0";"1,0";"0,0";"";"";"";"";"";"";"";"";"";"";"";""
"202413759,0";"2024-05-25";"03:26:00";"COM VÍTIMA";"FINALIZADA";"IPUTINGA";"AV MAURICIO DE NASSAU";"";"";"PROX AO POSTO SKYLAB";"IPUTINGA";"";"";"COLISÃO LATERAL";"0,0";"0,0";"0,0";"0,0";"0,0";"0,0";"0,0";"0,0";"0,0";"1,0";"0,0";"";"";"";"";"";"";"";"";"";"";"";""
"202413763,0";"2024-05-25";"04:59:00";"COM VÍTIMA";"FINALIZADA";"JORDAO";"AV DONA CARENTINA";"";"";"PROX AO TERMINAL DO JORDÃO  E A PADARIA";"JORDAO";"";"";"COLISÃO LATERAL";"0,0";"1,0";"0,0";"0,0";"0,0";"0,0";"0,0";"0,0";"0,0";"1,0";"0,0";"";"";"";"";"";"";"";"";"";"";"";""
"202413764,0";"2024-05-25";"05:02:00";"COM VÍTIMA";"FINALIZADA";"CAJUEIRO";"RUA DR ALBERTO WANDERLEY";"435";"";"PROX AO BAR DA FAVA";"CAJUEIRO";"";"";"COLISÃO LATERAL";"0,0";"1,0";"0,0";"0,0";"0,0";"0,0";"0,0";"0,0";"0,0";"1,0";"0,0";"";"";"";"";"";"";"";"";"";"";"";""
"202413774,0";"2024-05-25";"06:36:00";"COM VÍTIMA";"FINALIZADA";"BOMBA DO HEMETERIO";"RUA ALTO JOSE BONIFACIO";"";"RUA SAO DOMINGOS SAVIO";"FEIRA DA RODINHA";"BOMBA DO HEMETERIO";"";"";"COLISÃO COM CICLISTA";"0,0";"1,0";"0,0";"1,0";"0,0";"0,0";"0,0";"0,0";"0,0";"1,0";"0,0";"";"";"";"";"";"";"";"";"";"";"";""
"202413779,0";"2024-05-25";"08:21:00";"COM VÍTIMA";"FINALIZADA";"SAO JOSE";"RUA VIDAL DE NEGREIROS";"";"";"PRÓXIMO AO TRE";"SAO JOSE";"207,0";"";"COLISÃO COM CICLISTA";"0,0";"1,0";"0,0";"1,0";"0,0";"0,0";"0,0";"0,0";"0,0";"1,0";"0,0";"";"";"";"";"";"";"";"";"";"";"";""
"202413782,0";"2024-05-25";"09:32:00";"COM VÍTIMA";"FINALIZADA";"CASA AMARELA";"AV DR EURICO CHAVES";"932";"";"PROX A FARMACIA MANDACARU";"CASA AMARELA";"";"";"COLISÃO";"0,0";"2,0";"0,0";"0,0";"0,0";"0,0";"0,0";"0,0";"0,0";"3,0";"0,0";"";"";"";"";"";"";"";"";"";"";"";""
"202413784,0";"2024-05-25";"11:13:00";"SEM VÍTIMA";"FINALIZADA";"PINA";"AV CONSELHEIRO AGUIAR";"1121";"RUA ONDINA";"PROX A O RESTAURANTE FORNERIA";"PINA";"";"";"CHOQUE";"1,0";"0,0";"0,0";"0,0";"0,0";"0,0";"0,0";"0,0";"0,0";"0,0";"0,0";"";"";"";"";"";"";"";"";"";"";"";""
"202413785,0";"2024-05-25";"11:51:00";"COM VÍTIMA";"FINALIZADA";"SAN MARTIN";"RUA DELMIRO GOUVEIA";"";"";"EM FRENTE A CHESF";"SAN MARTIN";"";"";"COLISÃO COM CICLISTA";"1,0";"0,0";"0,0";"1,0";"0,0";"0,0";"0,0";"0,0";"0,0";"1,0";"0,0";"";"";"";"";"";"";"";"";"";"";"";""
"202413788,0";"2024-05-26";"01:04:00";"COM VÍTIMA";"FINALIZADA";"CAMPO GRANDE";"EST DE BELEM";"";"RUA ODORICO MENDES";"COLÉGIO JESUS CRUCIFICADO E FARMÁCIA PAGUE MENOS";"CAMPO GRANDE";"26,0";"";"COLISÃO TRANSVERSAL";"2,0";"0,0";"0,0";"0,0";"0,0";"0,0";"0,0";"0,0";"0,0";"1,0";"0,0";"";"";"";"";"";"";"";"";"";"";"";""
"202413806,0";"2024-05-26";"06:41:00";"COM VÍTIMA";"FINALIZADA";"CAMPO GRANDE";"EST DE BELEM";"1651";"";"PRAÇA DE CAMPO GRANDE, AO LADO DA ACADEMIA";"CAMPO GRANDE";"";"";"COLISÃO TRASEIRA";"0,0";"1,0";"0,0";"0,0";"0,0";"1,0";"0,0";"0,0";"0,0";"1,0";"0,0";"";"";"";"";"";"";"";"";"";"";"";""
"202413808,0";"2024-05-26";"07:25:00";"COM VÍTIMA";"FINALIZADA";"AFOGADOS";"RUA SAO MIGUEL";"110";"";"EM FRENTE A POLICLINICA";"AFOGADOS";"";"";"COLISÃO LATERAL";"1,0";"1,0";"0,0";"0,0";"0,0";"0,0";"0,0";"0,0";"0,0";"1,0";"0,0";"";"";"";"";"";"";"";"";"";"";"";""
"202413809,0";"2024-05-26";"07:34:00";"COM VÍTIMA";"FINALIZADA";"ENCRUZILHADA";"AV NORTE MIGUEL ARRAES DE ALENCAR";"";"";"PROX AO EXTRABOM / PROX A ENCRUZILHADA";"ENCRUZILHADA";"";"";"COLISÃO LATERAL";"0,0";"1,0";"0,0";"0,0";"0,0";"0,0";"0,0";"0,0";"0,0";"1,0";"0,0";"";"";"";"";"";"";"";"";"";"";"";""
"202413832,0";"2024-05-26";"12:11:00";"COM VÍTIMA";"FINALIZADA";"IPUTINGA";"RUA DES OSCAR COUTINHO";"291";"";"PROX A PONTE SALVAÇAO";"IPUTINGA";"";"";"COLISÃO LATERAL";"1,0";"1,0";"0,0";"0,0";"0,0";"0,0";"0,0";"0,0";"0,0";"1,0";"0,0";"";"";"";"";"";"";"";"";"";"";"";""
"202413836,0";"2024-05-26";"01:12:00";"SEM VÍTIMA";"FINALIZADA";"BOA VIAGEM";"RUA TOME GIBSON";"";"AV ENGENHEIRO DOMINGOS FERREIRA";"ENTRADA DO ANTIGO AEROCLUBE / JUNTO ESCOLA MUNICIPAL";"BOA VIAGEM";"200,0";"";"COLISÃO";"1,0";"1,0";"0,0";"0,0";"0,0";"0,0";"0,0";"0,0";"0,0";"0,0";"0,0";"";"";"";"";"";"";"";"";"";"";"";""
"202413837,0";"2024-05-26";"01:18:00";"COM VÍTIMA";"FINALIZADA";"IPSEP";"RUA POTENGY";"58";"";"PROXIMO A PRAÇA JARDIM AMERICA";"IPSEP";"";"";"COLISÃO";"0,0";"1,0";"0,0";"0,0";"0,0";"0,0";"0,0";"0,0";"0,0";"1,0";"0,0";"";"";"";"";"";"";"";"";"";"";"";""
"202413838,0";"2024-05-26";"01:26:00";"COM VÍTIMA";"FINALIZADA";"CASA AMARELA";"RUA CONS PERETTI";"98";"RUA OSCAR DE BARROS";"PROXIMO A CAIXA ECONOMICA";"CASA AMARELA";"";"";"COLISÃO";"0,0";"1,0";"0,0";"0,0";"0,0";"0,0";"0,0";"0,0";"0,0";"1,0";"0,0";"";"";"";"";"";"";"";"";"";"";"";""
"202413854,0";"2024-05-26";"04:32:00";"COM VÍTIMA";"FINALIZADA";"BARRO";"RUA DOM ANTONIO VICOSO";"200";"";"RUA EM FRENTE AO COLEGIO IMACULADA CONCEIÇÃO // RUA EM FRENTE AO SOCIETY DO BARRO  E O POSTO DE GASOLINA AO LADO // PROXIMO A IGREJA DO BARRO";"BARRO";"";"";"COLISÃO";"0,0";"1,0";"0,0";"0,0";"0,0";"0,0";"0,0";"0,0";"0,0";"1,0";"0,0";"";"";"";"";"";"";"";"";"";"";"";""
"202413860,0";"2024-05-26";"06:24:00";"COM VÍTIMA";"FINALIZADA";"IBURA";"AV DOIS RIOS";"612";"";"EM FRENTE AO SESI / IBURA DE BAIXO";"IBURA";"";"";"COLISÃO";"1,0";"1,0";"0,0";"0,0";"0,0";"0,0";"0,0";"0,0";"0,0";"1,0";"0,0";"";"";"";"";"";"";"";"";"";"";"";""
"202413869,0";"2024-05-26";"08:34:00";"COM VÍTIMA";"FINALIZADA";"BOA VISTA";"RUA VISCONDE DE GOIANA";"241";"";"COM O CRUZAMENTO A RUA MARQUÊS DE AMORIM";"BOA VISTA";"";"";"COLISÃO TRANSVERSAL";"0,0";"2,0";"0,0";"0,0";"0,0";"0,0";"0,0";"0,0";"0,0";"1,0";"0,0";"";"";"";"";"";"";"";"";"";"";"";""
"202413870,0";"2024-05-26";"09:04:00";"SEM VÍTIMA";"CANCELADA";"APIPUCOS";"RUA DE APIPUCOS";"235";"";"";"APIPUCOS";"";"";"COLISÃO TRANSVERSAL";"1,0";"1,0";"0,0";"0,0";"0,0";"0,0";"0,0";"0,0";"0,0";"0,0";"0,0";"";"";"";"";"";"";"";"";"";"";"";""
"202413872,0";"2024-05-26";"10:54:00";"COM VÍTIMA";"FINALIZADA";"BOMBA DO HEMETERIO";"RUA BOMBA DO HEMETERIO";"403";"";"EM FRENTE A FUNERARIA CANAÃ";"BOMBA DO HEMETERIO";"";"";"COLISÃO FRONTAL";"1,0";"2,0";"0,0";"0,0";"0,0";"0,0";"0,0";"0,0";"0,0";"1,0";"0,0";"";"";"";"";"";"";"";"";"";"";"";""
"202413873,0";"2024-05-27";"04:37:00";"COM VÍTIMA";"FINALIZADA";"CASA AMARELA";"RUA BELA VISTA";"";"";"PROXIMO AO REI DA PICANHA E A PADARIA BELA VISTA";"CASA AMARELA";"";"";"CHOQUE";"1,0";"0,0";"0,0";"0,0";"0,0";"0,0";"0,0";"0,0";"0,0";"1,0";"0,0";"";"";"";"";"";"";"";"";"";"";"";""
"202413894,0";"2024-05-27";"07:49:00";"COM VÍTIMA";"FINALIZADA";"PAISSANDU";"AV ENGENHEIRO ABDIAS DE CARVALHO";"";"";"EM FRENTE AO SPORT CLUB  / SENTIDO AGAMENON";"PAISSANDU";"";"";"COLISÃO LATERAL";"1,0";"0,0";"0,0";"1,0";"0,0";"0,0";"0,0";"0,0";"0,0";"1,0";"0,0";"";"";"";"";"";"";"";"";"";"";"";""
"202413895,0";"2024-05-27";"07:56:00";"COM VÍTIMA";"FINALIZADA";"NOVA DESCOBERTA";"AV VEREADOR OTACILIO AZEVEDO";"";"";"NO COMECO DA LADEIRA DO ALTO DO EUCALIPTO DESCENDO SENTIDO UPA NOVA DESCOBERTA";"NOVA DESCOBERTA";"";"";"COLISÃO";"0,0";"1,0";"0,0";"0,0";"0,0";"0,0";"0,0";"0,0";"0,0";"1,0";"0,0";"";"";"";"";"";"";"";"";"";"";"";""
"202413900,0";"2024-05-27";"09:16:00";"SEM VÍTIMA";"FINALIZADA";"TORRE";"RUA JOSE BONIFACIO";"";"RUA PADRE ANCHIETA";"SOB O SEMÁFORO Nº 193";"TORRE";"193,0";"SUBURBIO";"COLISÃO LATERAL";"1,0";"0,0";"0,0";"0,0";"0,0";"0,0";"0,0";"1,0";"0,0";"0,0";"0,0";"";"";"";"";"";"";"";"";"";"";"";""
"202413914,0";"2024-05-27";"11:07:00";"COM VÍTIMA";"FINALIZADA";"TORRE";"RUA JOSE DE HOLANDA";"";"";"EM FRENTE A PRAÇA DA TORRE";"TORRE";"";"";"COLISÃO LATERAL";"0,0";"1,0";"0,0";"0,0";"0,0";"0,0";"0,0";"0,0";"0,0";"1,0";"0,0";"";"";"";"";"";"";"";"";"";"";"";""
"202413917,0";"2024-05-27";"11:27:00";"COM VÍTIMA";"FINALIZADA";"IMBIRIBEIRA";"AV MARECHAL MASCARENHAS DE MORAES";"";"";"PROX. A CONTINENTAL E AEROPORTO SENT. RECIFE, GP PNEUS";"IMBIRIBEIRA";"";"";"COLISÃO LATERAL";"1,0";"1,0";"0,0";"0,0";"0,0";"0,0";"0,0";"0,0";"0,0";"1,0";"0,0";"";"";"";"";"";"";"";"";"";"";"";""