"Protocolo";"data";"hora";"natureza";"situacao";"bairro";"endereco";"numero";"detalhe_endereco_acidente";"complemento";"bairro_cruzamento";"num_semaforo";"sentido_via";"tipo";"auto";"moto";"ciclom";"ciclista";"pedestre";"onibus";"caminhao";"viatura";"outros";"vitimas";"vitimasfatais";"acidente_verificado";"tempo_clima";"situacao_semaforo";"sinalizacao";"condicao_via";"conservacao_via";"ponto_controle";"situacao_placa";"velocidade_max_via";"mao_direcao";"divisao_via1";"divisao_via2"
"202414436,0";"2024-06-01";"08:08:00";"COM VÍTIMA";"FINALIZADA";"SANTO AMARO";"AV GOVERNADOR AGAMENON MAGALHAES";"";"";"SENTIDO OLINDA / APOS VIADUTO JOÃO BARROS EM FRENTE A PRACINHA";"SANTO AMARO";"";"";"COLISÃO";"0,0";"1,0";"0,0";"0,0";"0,0";"0,0";"0,0";"0,0";"0,0";"1,0";"0,0";"";"";"";"";"";"";"";"";"";"";"";""
"202414445,0";"2024-06-01";"09:44:00";"COM VÍTIMA";"FINALIZADA";"TORROES";"RUA DO FORTE";"";"";"PROX A ABDIAS DE CARVALHO  / PROX AO RESTUARANTE YOK  E PROX AO POSTO IPIRANGA";"TORROES";"";"";"COLISÃO LATERAL";"1,0";"1,0";"0,0";"0,0";"0,0";"0,0";"0,0";"0,0";"0,0";"2,0";"0,0";"";"";"";"";"";"";"";"";"";"";"";""
"202414446,0";"2024-06-01";"09:50:00";"COM VÍTIMA";"FINALIZADA";"BOA VIAGEM";"AV BOA VIAGEM";"";"";"EM FRENTE AO COND TRANS ATLANTICO";"BOA VIAGEM";"";"";"COLISÃO";"0,0";"1,0";"0,0";"0,0";"0,0";"0,0";"0,0";"0,0";"0,0";"1,0";"0,0";"";"";"";"";"";"";"";"";"";"";"";""
"202414462,0";"2024-06-01";"11:16:00";"COM VÍTIMA";"FINALIZADA";"IMBIRIBEIRA";"AV MARECHAL MASCARENHAS DE MORAES";"";"";"PROX AO POSTO DE GASOLINA IPIRANGA / PROX A LOJA DA HONDA E SKY FIT ACADEMIA";"IMBIRIBEIRA";"";"";"COLISÃO";"0,0";"1,0";"0,0";"0,0";"0,0";"0,0";"0,0";"0,0";"0,0";"1,0";"0,0";"";"";"";"";"";"";"";"";"";"";"";""
"202414467,0";"2024-06-01";"11:55:00";"COM VÍTIMA";"FINALIZADA";"CORDEIRO";"AV CAXANGA";"";"";"EM FRENTE AO HOSPITAL VETERINARIO DO RECIFE /  EM FRENTE A ESCOLA MUNICIPAL TRAJANO CHACON / PROX AO PARQUE DE EXPOSIÇÕES DE ANIMAIS";"CORDEIRO";"";"";"COLISÃO";"0,0";"0,0";"0,0";"0,0";"0,0";"0,0";"1,0";"0,0";"0,0";"1,0";"0,0";"";"";"";"";"";"";"";"";"";"";"";""
"202414473,0";"2024-06-01";"12:23:00";"COM VÍTIMA";"FINALIZADA";"JARDIM SAO PAULO";"AV RECIFE";"5388";"";"EM FRENTE A ANTIGA FABRICA DA CIROL ROYAL /SENTIDO BR";"JARDIM SAO PAULO";"";"";"COLISÃO LATERAL";"0,0";"1,0";"0,0";"0,0";"0,0";"1,0";"0,0";"0,0";"0,0";"2,0";"0,0";"";"";"";"";"";"";"";"";"";"";"";""
"202414476,0";"2024-06-01";"01:23:00";"COM VÍTIMA";"FINALIZADA";"AFOGADOS";"RUA VINTE E UM DE ABRIL";"1126";"";"EM FRENTE DA CAFÉ PETINHO";"AFOGADOS";"";"";"COLISÃO";"1,0";"1,0";"0,0";"0,0";"0,0";"0,0";"0,0";"0,0";"0,0";"1,0";"0,0";"";"";"";"";"";"";"";"";"";"";"";""
"202414490,0";"2024-06-01";"04:00:00";"COM VÍTIMA";"FINALIZADA";"VARZEA";"AV AFONSO OLINDENSE";"692";"";"PRÓXIMO AO NOVO ATACAREJO";"VARZEA";"";"";"COLISÃO COM CICLISTA";"1,0";"0,0";"0,0";"1,0";"1,0";"0,0";"0,0";"0,0";"0,0";"1,0";"0,0";"";"";"";"";"";"";"";"";"";"";"";""
"202414491,0";"2024-06-01";"04:06:00";"COM VÍTIMA";"DUPLICIDADE";"VARZEA";"AV AFONSO OLINDENSE";"";"";"PROXIMO AO NOVO ATACAREJO";"VARZEA";"";"";"COLISÃO COM CICLISTA";"1,0";"0,0";"0,0";"1,0";"0,0";"0,0";"0,0";"0,0";"0,0";"1,0";"0,0";"";"";"";"";"";"";"";"";"";"";"";""
"202414497,0";"2024-06-01";"04:40:00";"SEM VÍTIMA";"FINALIZADA";"SANTO AMARO";"RUA DOS PALMARES";"";"";"EM FRENTE AO PROCAPE - HOSPITAL DO CORAÇÃO";"SANTO AMARO";"526,0";"SUBURBIO";"COLISÃO TRASEIRA";"2,0";"0,0";"0,0";"0,0";"0,0";"0,0";"0,0";"0,0";"0,0";"0,0";"0,0";"";"";"";"";"";"";"";"";"";"";"";""
"202414511,0";"2024-06-01";"07:26:00";"COM VÍTIMA";"FINALIZADA";"SANTO AMARO";"AV CRUZ CABUGA";"";"RUA DOIS DE JULHO";"E/F MIX MATHEUS";"SANTO AMARO";"";"SUBURBIO";"COLISÃO LATERAL";"1,0";"0,0";"0,0";"0,0";"0,0";"1,0";"0,0";"0,0";"0,0";"1,0";"0,0";"";"";"";"";"";"";"";"";"";"";"";""
"202414516,0";"2024-06-01";"07:58:00";"COM VÍTIMA";"FINALIZADA";"AFOGADOS";"AV DR JOSE RUFINO";"945";"";"PRÓXIMO AO 14º BLOG (QUARTEL DO EXERCITO)";"AFOGADOS";"";"";"COLISÃO FRONTAL";"1,0";"1,0";"0,0";"0,0";"0,0";"0,0";"0,0";"0,0";"0,0";"3,0";"0,0";"";"";"";"";"";"";"";"";"";"";"";""
"202414523,0";"2024-06-01";"09:28:00";"COM VÍTIMA";"FINALIZADA";"SAN MARTIN";"AV RECIFE";"";"";"COM A RUA JOÃO CABRAL DE MELO NETO";"SAN MARTIN";"";"";"COLISÃO LATERAL";"1,0";"1,0";"0,0";"0,0";"0,0";"0,0";"0,0";"0,0";"0,0";"1,0";"0,0";"";"";"";"";"";"";"";"";"";"";"";""
"202414535,0";"2024-06-02";"04:48:00";"SEM VÍTIMA";"FINALIZADA";"ILHA DO LEITE";"RUA MARQUES AMORIM";"530";"";"UNIMED 3";"ILHA DO LEITE";"";"";"CHOQUE";"2,0";"0,0";"0,0";"0,0";"0,0";"0,0";"0,0";"0,0";"0,0";"0,0";"0,0";"";"";"";"";"";"";"";"";"";"";"";""
"202414540,0";"2024-06-02";"05:43:00";"SEM VÍTIMA";"FINALIZADA";"BOA VIAGEM";"AV ENGENHEIRO DOMINGOS FERREIRA";"3746";"";"LAÇA BURGUER, DROGASIL";"BOA VIAGEM";"";"SUBURBIO";"COLISÃO TRASEIRA";"2,0";"0,0";"0,0";"0,0";"0,0";"0,0";"0,0";"0,0";"0,0";"0,0";"0,0";"";"";"";"";"";"";"";"";"";"";"";""
"202414562,0";"2024-06-02";"11:18:00";"COM VÍTIMA";"FINALIZADA";"BOA VIAGEM";"AV CONSELHEIRO AGUIAR";"";"";"PROX. AO POSTO DE GASOLINA PETROCAL E LOJA MAISON";"BOA VIAGEM";"";"";"COLISÃO LATERAL";"0,0";"1,0";"0,0";"0,0";"0,0";"0,0";"0,0";"0,0";"0,0";"1,0";"0,0";"";"";"";"";"";"";"";"";"";"";"";""
"202414569,0";"2024-06-02";"01:38:00";"COM VÍTIMA";"FINALIZADA";"VASCO DA GAMA";"RUA VASCO DA GAMA";"1270";"";"APOS O COLEGIO ADERBAL";"VASCO DA GAMA";"";"";"COLISÃO LATERAL";"0,0";"0,0";"0,0";"0,0";"0,0";"0,0";"0,0";"0,0";"0,0";"1,0";"0,0";"";"";"";"";"";"";"";"";"";"";"";""
"202414571,0";"2024-06-02";"03:01:00";"COM VÍTIMA";"FINALIZADA";"GUABIRABA";"EST DA MUMBECA";"S/N";"";"E/F AO SINDPREV";"GUABIRABA";"";"";"COLISÃO LATERAL";"0,0";"0,0";"0,0";"0,0";"0,0";"0,0";"0,0";"0,0";"0,0";"1,0";"0,0";"";"";"";"";"";"";"";"";"";"";"";""
"202414578,0";"2024-06-02";"04:39:00";"SEM VÍTIMA";"FINALIZADA";"JAQUEIRA";"PRC PROFESSOR FLEMING";"77";"";"E/F A VERDE FRUT";"JAQUEIRA";"";"";"COLISÃO";"1,0";"0,0";"0,0";"0,0";"0,0";"0,0";"1,0";"0,0";"0,0";"0,0";"0,0";"";"";"";"";"";"";"";"";"";"";"";""
"202414585,0";"2024-06-02";"06:29:00";"COM VÍTIMA";"FINALIZADA";"IMBIRIBEIRA";"AV MARECHAL MASCARENHAS DE MORAES";"32";"";"E/F AO GERALDÃO";"IMBIRIBEIRA";"";"";"COLISÃO LATERAL";"0,0";"0,0";"0,0";"0,0";"0,0";"0,0";"0,0";"0,0";"0,0";"1,0";"0,0";"";"";"";"";"";"";"";"";"";"";"";""
"202414590,0";"2024-06-02";"09:18:00";"COM VÍTIMA";"FINALIZADA";"IPSEP";"RUA IRAPUA";"";"RUA FRANCISCO BARRETO";"PROX AO ANTIGO 19 BATALHÃO";"IPSEP";"";"";"COLISÃO";"1,0";"1,0";"0,0";"0,0";"0,0";"0,0";"0,0";"0,0";"0,0";"1,0";"0,0";"";"";"";"";"";"";"";"";"";"";"";""
"202414601,0";"2024-06-03";"06:44:00";"COM VÍTIMA";"FINALIZADA";"JORDAO";"AV MARIA IRENE";"";"";"EM FRENTE AO SERMOTEC, APOS A BASE AEREA";"JORDAO";"";"";"COLISÃO LATERAL";"0,0";"1,0";"0,0";"0,0";"0,0";"0,0";"0,0";"0,0";"0,0";"1,0";"0,0";"";"";"";"";"";"";"";"";"";"";"";""
"202414606,0";"2024-06-03";"07:25:00";"COM VÍTIMA";"FINALIZADA";"AFOGADOS";"RUA PADRE TEOFILO TWORZ";"";"";"EM FRENTE A TUPAN, PROX. A IGREJA N° SENHORA DOS REMEDIOS";"AFOGADOS";"";"";"COLISÃO LATERAL";"0,0";"1,0";"0,0";"0,0";"0,0";"0,0";"0,0";"0,0";"0,0";"1,0";"0,0";"";"";"";"";"";"";"";"";"";"";"";""
"202414607,0";"2024-06-03";"07:25:00";"COM VÍTIMA";"DUPLICIDADE";"ILHA DO RETIRO";"EST DOS REMEDIOS";"";"";"PROX AO CANAL";"ILHA DO RETIRO";"";"";"COLISÃO";"0,0";"1,0";"0,0";"0,0";"0,0";"0,0";"0,0";"0,0";"0,0";"1,0";"0,0";"";"";"";"";"";"";"";"";"";"";"";""
"202414611,0";"2024-06-03";"07:40:00";"COM VÍTIMA";"FINALIZADA";"SANTO AMARO";"AV GOVERNADOR AGAMENON MAGALHAES";"";"";"POR TRAS DO SHOPPING TACARUNA, SENT. BOA VIAGEM";"SANTO AMARO";"";"";"COLISÃO LATERAL";"0,0";"1,0";"0,0";"0,0";"0,0";"0,0";"0,0";"0,0";"0,0";"1,0";"0,0";"";"";"";"";"";"";"";"";"";"";"";""
"202414620,0";"2024-06-03";"08:24:00";"COM VÍTIMA";"FINALIZADA";"BOA VIAGEM";"RUA ERNESTO DE PAULA SANTOS";"";"";"PROX AO RESTAURANTE CONE MOVEL TEMAKERIA E AO POSTO DE COMBUSTIVEL SETTA";"BOA VIAGEM";"";"";"COLISÃO";"0,0";"1,0";"0,0";"0,0";"0,0";"0,0";"0,0";"0,0";"0,0";"1,0";"0,0";"";"";"";"";"";"";"";"";"";"";"";""
"202414623,0";"2024-06-03";"09:13:00";"COM VÍTIMA";"FINALIZADA";"IMBIRIBEIRA";"AV MARECHAL MASCARENHAS DE MORAES";"";"RUA ITACARE";"";"IMBIRIBEIRA";"";"";"COLISÃO";"1,0";"1,0";"0,0";"0,0";"0,0";"0,0";"0,0";"0,0";"0,0";"1,0";"0,0";"";"";"";"";"";"";"";"";"";"";"";""
"202414626,0";"2024-06-03";"10:01:00";"COM VÍTIMA";"FINALIZADA";"BOA VIAGEM";"RUA DOS NAVEGANTES";"1617";"";"ATRAS DO ADIFICIO ACAIACA";"BOA VIAGEM";"";"";"COLISÃO";"1,0";"1,0";"0,0";"0,0";"0,0";"0,0";"0,0";"0,0";"0,0";"1,0";"0,0";"";"";"";"";"";"";"";"";"";"";"";""
"202414635,0";"2024-06-03";"10:37:00";"SEM VÍTIMA";"FINALIZADA";"AFOGADOS";"EST DOS REMEDIOS";"";"";"EM FRENTE A EUROVIA NISSAN";"AFOGADOS";"";"";"COLISÃO TRASEIRA";"1,0";"1,0";"0,0";"0,0";"0,0";"1,0";"0,0";"0,0";"0,0";"0,0";"0,0";"";"";"";"";"";"";"";"";"";"";"";""
"202414641,0";"2024-06-03";"01:45:00";"COM VÍTIMA";"FINALIZADA";"IPSEP";"RUA RIO AMAZONAS";"417";"";"PROX AO CHICO CITY";"IPSEP";"";"";"COLISÃO TRASEIRA";"1,0";"1,0";"0,0";"0,0";"0,0";"0,0";"0,0";"0,0";"0,0";"1,0";"0,0";"";"";"";"";"";"";"";"";"";"";"";""
"202414651,0";"2024-06-03";"04:09:00";"SEM VÍTIMA";"FINALIZADA";"JOANA BEZERRA";"AV DES GUERRA BARRETO";"";"";"E/F AO FORUM JOANA BEZERRA";"JOANA BEZERRA";"";"";"COLISÃO TRASEIRA";"0,0";"0,0";"0,0";"0,0";"0,0";"1,0";"0,0";"1,0";"0,0";"0,0";"0,0";"";"";"";"";"";"";"";"";"";"";"";""
"202414653,0";"2024-06-03";"04:18:00";"COM VÍTIMA";"FINALIZADA";"CORDEIRO";"RUA DEZESSEIS DE OUTUBRO";"";"";"NA PRAÇA DO QUINZE";"CORDEIRO";"";"";"COLISÃO LATERAL";"0,0";"0,0";"0,0";"0,0";"0,0";"0,0";"0,0";"0,0";"0,0";"1,0";"0,0";"";"";"";"";"";"";"";"";"";"";"";""
"202414664,0";"2024-06-03";"06:14:00";"COM VÍTIMA";"FINALIZADA";"AREIAS";"AV RECIFE";"11177";"";"EM FRENTE AO ATACADÃO";"AREIAS";"";"";"CHOQUE";"1,0";"0,0";"0,0";"0,0";"0,0";"0,0";"0,0";"0,0";"0,0";"1,0";"0,0";"";"";"";"";"";"";"";"";"";"";"";""
"202414675,0";"2024-06-03";"06:51:00";"COM VÍTIMA";"FINALIZADA";"ENGENHO DO MEIO";"RUA MANOEL ESTEVAO DA COSTA";"254";"";"NA ENTRADA DE ENGENHO DO MEIO, DEPOIS DA ACADEMIA ACTOS";"ENGENHO DO MEIO";"";"";"COLISÃO COM CICLISTA";"1,0";"0,0";"0,0";"2,0";"0,0";"0,0";"0,0";"0,0";"0,0";"1,0";"0,0";"";"";"";"";"";"";"";"";"";"";"";""
"202414676,0";"2024-06-03";"06:52:00";"COM VÍTIMA";"FINALIZADA";"MANGABEIRA";"AV NORTE MIGUEL ARRAES DE ALENCAR";"";"RUA DA MANGABEIRA";"SEMAFORO Nº096";"MANGABEIRA";"";"SUBURBIO";"COLISÃO TRASEIRA";"1,0";"1,0";"0,0";"0,0";"0,0";"0,0";"0,0";"0,0";"0,0";"1,0";"0,0";"";"";"";"";"";"";"";"";"";"";"";""
"202414677,0";"2024-06-03";"06:56:00";"COM VÍTIMA";"FINALIZADA";"IPUTINGA";"AV MAURICIO DE NASSAU";"713";"";"EM FRENTE AO FITEIRO DO DOUGLAS";"IPUTINGA";"";"";"COLISÃO";"1,0";"0,0";"0,0";"0,0";"0,0";"0,0";"0,0";"0,0";"0,0";"1,0";"0,0";"";"";"";"";"";"";"";"";"";"";"";""
"202414681,0";"2024-06-03";"07:46:00";"COM VÍTIMA";"FINALIZADA";"SAN MARTIN";"AV ENGENHEIRO ABDIAS DE CARVALHO";"373";"";"E/F A ENEAS MOVEIS";"SAN MARTIN";"";"CIDADE";"ATROPELAMENTO DE PESSOA";"1,0";"0,0";"0,0";"0,0";"1,0";"0,0";"0,0";"0,0";"0,0";"1,0";"0,0";"";"";"";"";"";"";"";"";"";"";"";""
"202414682,0";"2024-06-03";"08:24:00";"COM VÍTIMA";"FINALIZADA";"SAN MARTIN";"RUA GOMES TABORDA";"";"";"COM A AV GAL SAN MARTIM";"SAN MARTIN";"";"";"COLISÃO FRONTAL";"1,0";"1,0";"0,0";"0,0";"0,0";"0,0";"0,0";"0,0";"0,0";"2,0";"0,0";"";"";"";"";"";"";"";"";"";"";"";""
"202414686,0";"2024-06-03";"09:39:00";"COM VÍTIMA";"FINALIZADA";"AREIAS";"AV RECIFE";"";"";"E/F ATACADÃO";"AREIAS";"";"SUBURBIO";"CHOQUE";"0,0";"1,0";"0,0";"0,0";"0,0";"0,0";"0,0";"0,0";"0,0";"2,0";"0,0";"";"";"";"";"";"";"";"";"";"";"";""
"202414709,0";"2024-06-04";"07:01:00";"COM VÍTIMA";"FINALIZADA";"CAXANGA";"AV CAXANGA";"";"";"PROX. A UPA DA CAXANGA E ESTAÇÃO BRT";"CAXANGA";"";"";"COLISÃO LATERAL";"0,0";"1,0";"0,0";"0,0";"0,0";"0,0";"0,0";"0,0";"0,0";"1,0";"0,0";"";"";"";"";"";"";"";"";"";"";"";""
"202414720,0";"2024-06-04";"07:44:00";"COM VÍTIMA";"FINALIZADA";"PINA";"AV HERCULANO BANDEIRA";"543";"";"PROX A IGREJINHA, NA FRENTE DO MARTELINHO DE OURO";"PINA";"";"";"COLISÃO TRASEIRA";"1,0";"2,0";"0,0";"0,0";"0,0";"0,0";"0,0";"0,0";"0,0";"1,0";"0,0";"";"";"";"";"";"";"";"";"";"";"";""
"202414723,0";"2024-06-04";"08:07:00";"COM VÍTIMA";"FINALIZADA";"SAO JOSE";"C SANTA RITA";"";"";"EM FRENTE AO NOVO HOTEL";"SAO JOSE";"";"";"COLISÃO";"0,0";"1,0";"0,0";"0,0";"0,0";"0,0";"0,0";"0,0";"0,0";"1,0";"0,0";"";"";"";"";"";"";"";"";"";"";"";""
"202414731,0";"2024-06-04";"09:25:00";"COM VÍTIMA";"FINALIZADA";"SANTO AMARO";"AV DR JAYME DA FONTE";"208";"";"EM FRENTE A COMPESA / E CLINICA DA VITA";"SANTO AMARO";"";"";"COLISÃO TRASEIRA";"1,0";"1,0";"0,0";"0,0";"0,0";"0,0";"0,0";"0,0";"0,0";"1,0";"0,0";"";"";"";"";"";"";"";"";"";"";"";""
"202414742,0";"2024-06-04";"10:58:00";"COM VÍTIMA";"FINALIZADA";"CASA AMARELA";"RUA OSCAR DE BARROS";"263";"";"PROX AO LABORATORIO CERPE / NA RUA DE TRAS DA TROPICAL";"CASA AMARELA";"";"";"COLISÃO";"0,0";"1,0";"0,0";"0,0";"0,0";"1,0";"0,0";"0,0";"0,0";"1,0";"0,0";"";"";"";"";"";"";"";"";"";"";"";""
"202414744,0";"2024-06-04";"11:53:00";"COM VÍTIMA";"FINALIZADA";"SAO JOSE";"C SANTA RITA";"";"";"EM FRENTE AO NOVO HOTEL";"SAO JOSE";"";"";"COLISÃO";"3,0";"0,0";"0,0";"0,0";"0,0";"0,0";"0,0";"0,0";"0,0";"1,0";"0,0";"";"";"";"";"";"";"";"";"";"";"";""
"202414746,0";"2024-06-04";"12:06:00";"COM VÍTIMA";"DUPLICIDADE";"SAO JOSE";"AV SUL";"";"";"POR TRÁS DO CAIS DE SANTA RITA / PROX AO NOVO HOTEL EM CONSTRUÇÃO";"SAO JOSE";"";"";"COLISÃO";"1,0";"0,0";"0,0";"0,0";"0,0";"0,0";"0,0";"0,0";"0,0";"1,0";"0,0";"";"";"";"";"";"";"";"";"";"";"";""
"202414748,0";"2024-06-04";"12:38:00";"COM VÍTIMA";"FINALIZADA";"MUSTARDINHA";"RUA ADOLFO BEZERRA";"340";"";"POR TRAS DA PADARIA MUSTADELI";"MUSTARDINHA";"";"";"ATROPELAMENTO DE PESSOA";"1,0";"0,0";"0,0";"0,0";"1,0";"0,0";"0,0";"0,0";"0,0";"1,0";"0,0";"";"";"";"";"";"";"";"";"";"";"";""
"202414753,0";"2024-06-04";"01:32:00";"COM VÍTIMA";"FINALIZADA";"MADALENA";"RUA JOSE OSORIO";"754";"";"PROXIMO AO MERCADO DA MADALENA";"MADALENA";"";"";"COLISÃO";"0,0";"1,0";"0,0";"0,0";"0,0";"0,0";"0,0";"0,0";"0,0";"1,0";"0,0";"";"";"";"";"";"";"";"";"";"";"";""
"202414754,0";"2024-06-04";"01:35:00";"COM VÍTIMA";"FINALIZADA";"BOA VISTA";"AV CONDE DA BOA VISTA";"";"RUA DOM BOSCO";"SEMÁFORO 027";"BOA VISTA";"27,0";"";"COLISÃO LATERAL";"1,0";"1,0";"0,0";"0,0";"0,0";"0,0";"0,0";"0,0";"0,0";"1,0";"0,0";"";"";"";"";"";"";"";"";"";"";"";""
"202414759,0";"2024-06-04";"02:48:00";"COM VÍTIMA";"FINALIZADA";"BONGI";"RUA ISAAC MARKMAN";"510";"";"EM FRENTE A SECRETARIA DE SAUDE DO ESTADO";"BONGI";"";"";"COLISÃO";"0,0";"1,0";"0,0";"0,0";"0,0";"0,0";"0,0";"0,0";"0,0";"1,0";"0,0";"";"";"";"";"";"";"";"";"";"";"";""
"202414763,0";"2024-06-04";"03:49:00";"SEM VÍTIMA";"CANCELADA";"BOA VIAGEM";"AV ENGENHEIRO DOMINGOS FERREIRA";"";"";"E/F A IGREJA UNIVERSAL";"BOA VIAGEM";"";"";"COLISÃO LATERAL";"0,0";"0,0";"0,0";"0,0";"0,0";"0,0";"0,0";"0,0";"0,0";"0,0";"0,0";"";"";"";"";"";"";"";"";"";"";"";""
"202414772,0";"2024-06-04";"05:48:00";"COM VÍTIMA";"FINALIZADA";"BOA VISTA";"RUA DR BANDEIRA FILHO";"";"AV GOVERNADOR AGAMENON MAGALHAES";"EM CIMA DA PONTE";"BOA VISTA";"";"";"COLISÃO LATERAL";"2,0";"0,0";"0,0";"0,0";"0,0";"0,0";"0,0";"0,0";"0,0";"1,0";"0,0";"";"";"";"";"";"";"";"";"";"";"";""
"202414775,0";"2024-06-04";"06:56:00";"COM VÍTIMA";"FINALIZADA";"IBURA";"AV DOIS RIOS";"52";"";"IBURA DE BAIXO, PROXIMO A POLICLINICA ARNALDO  MARQUES E EM FRENTE AO HOTEL GIRADOURO";"IBURA";"";"";"COLISÃO";"0,0";"1,0";"0,0";"0,0";"0,0";"0,0";"0,0";"0,0";"0,0";"1,0";"0,0";"";"";"";"";"";"";"";"";"";"";"";""
"202414783,0";"2024-06-04";"08:18:00";"SEM VÍTIMA";"FINALIZADA";"BOA VIAGEM";"AV DES JOSE NEVES";"";"";"ANTES DO TÚNEL AUGUSTO LUCENA";"BOA VIAGEM";"";"SUBURBIO";"COLISÃO";"2,0";"0,0";"0,0";"0,0";"0,0";"0,0";"0,0";"0,0";"0,0";"0,0";"0,0";"";"";"";"";"";"";"";"";"";"";"";""
"202414800,0";"2024-06-05";"06:50:00";"COM VÍTIMA";"FINALIZADA";"IBURA";"AV RIO LARGO";"";"";"IBURA UR-02 AO LADO DO MERCADINHO PR";"IBURA";"";"";"COLISÃO LATERAL";"0,0";"1,0";"0,0";"0,0";"0,0";"0,0";"0,0";"0,0";"0,0";"1,0";"0,0";"";"";"";"";"";"";"";"";"";"";"";""
"202414801,0";"2024-06-05";"06:55:00";"COM VÍTIMA";"FINALIZADA";"IMBIRIBEIRA";"AV MARECHAL MASCARENHAS DE MORAES";"";"";"EM FRNTE A CONCESSIONARIA MEIRA LINS";"IMBIRIBEIRA";"";"";"COLISÃO LATERAL";"0,0";"1,0";"0,0";"0,0";"0,0";"0,0";"0,0";"0,0";"0,0";"1,0";"0,0";"";"";"";"";"";"";"";"";"";"";"";""
"202414803,0";"2024-06-05";"07:11:00";"COM VÍTIMA";"FINALIZADA";"BOA VISTA";"AV MANOEL BORBA";"";"";"EM FRENTE AO HOTEL CENTRAL, CRUZAMENTO";"BOA VISTA";"";"";"COLISÃO LATERAL";"1,0";"1,0";"0,0";"0,0";"0,0";"0,0";"0,0";"0,0";"0,0";"1,0";"0,0";"";"";"";"";"";"";"";"";"";"";"";""
"202414809,0";"2024-06-05";"08:16:00";"COM VÍTIMA";"FINALIZADA";"ENCRUZILHADA";"RUA AMARO COUTINHO";"447";"";"PROX AO BAR DO TONHÃO  // PROX AO BOB'S BAR";"ENCRUZILHADA";"";"";"COLISÃO";"0,0";"1,0";"0,0";"0,0";"0,0";"0,0";"0,0";"0,0";"0,0";"1,0";"0,0";"";"";"";"";"";"";"";"";"";"";"";""
"202414811,0";"2024-06-05";"08:20:00";"COM VÍTIMA";"FINALIZADA";"IPUTINGA";"RUA PADRE ANTONIO LA GRECA";"159 R3";"";"POR TRÁS DA SEDE DO PERNAMBUCO DA SORTE  // PRÓX AO MERCADINHO ASRCO MIX // RUA SEM SAÍDA";"IPUTINGA";"";"";"COLISÃO";"0,0";"1,0";"0,0";"0,0";"0,0";"0,0";"0,0";"0,0";"0,0";"1,0";"0,0";"";"";"";"";"";"";"";"";"";"";"";""
"202414814,0";"2024-06-05";"08:46:00";"COM VÍTIMA";"FINALIZADA";"AREIAS";"AV DR JOSE RUFINO";"";"";"PROX AO POSTO SHELL / PROX A IGREJA PRESBITERIANA E CRUZAMENTO COM  JOSE NATARIO";"AREIAS";"";"";"COLISÃO FRONTAL";"1,0";"1,0";"0,0";"0,0";"0,0";"0,0";"0,0";"0,0";"0,0";"2,0";"0,0";"";"";"";"";"";"";"";"";"";"";"";""
"202414839,0";"2024-06-05";"11:29:00";"COM VÍTIMA";"FINALIZADA";"BOA VIAGEM";"AV BOA VIAGEM";"4700";"";"EM FRENTE AO QUIOQUE 35 E EDIFICIO TEGO VIA";"BOA VIAGEM";"";"";"COLISÃO TRASEIRA";"0,0";"1,0";"0,0";"0,0";"0,0";"0,0";"0,0";"0,0";"1,0";"1,0";"0,0";"";"";"";"";"";"";"";"";"";"";"";""
"202414845,0";"2024-06-05";"12:37:00";"SEM VÍTIMA";"FINALIZADA";"SAO JOSE";"RUA DAS CALCADAS";"361";"";"FRENTE DA ARCOL";"SAO JOSE";"";"";"COLISÃO";"1,0";"1,0";"0,0";"0,0";"0,0";"0,0";"0,0";"0,0";"0,0";"0,0";"0,0";"";"";"";"";"";"";"";"";"";"";"";""
"202414848,0";"2024-06-05";"12:56:00";"COM VÍTIMA";"FINALIZADA";"BOA VISTA";"PTE PRINCESA IZABEL";"S/N";"";"NA DESCIDA DA PONTE DO PALÁCIO DAS PRINCESAS";"BOA VISTA";"";"";"COLISÃO";"0,0";"1,0";"0,0";"0,0";"0,0";"0,0";"0,0";"0,0";"0,0";"1,0";"0,0";"";"";"";"";"";"";"";"";"";"";"";""
"202414850,0";"2024-06-05";"01:01:00";"SEM VÍTIMA";"FINALIZADA";"DERBY";"RUA HENRIQUE DIAS";"";"";"E/F AO COLEGIO DA POLICIA MILITAR";"DERBY";"";"";"COLISÃO LATERAL";"1,0";"0,0";"0,0";"0,0";"0,0";"0,0";"0,0";"1,0";"0,0";"0,0";"0,0";"";"";"";"";"";"";"";"";"";"";"";""
"202414859,0";"2024-06-05";"02:39:00";"COM VÍTIMA";"FINALIZADA";"IMBIRIBEIRA";"RUA CACHOEIRA";"281";"";"PROXIMO A ETIQUETAS GUARARAPES";"IMBIRIBEIRA";"";"";"COLISÃO";"0,0";"1,0";"0,0";"0,0";"0,0";"0,0";"0,0";"0,0";"0,0";"1,0";"0,0";"";"";"";"";"";"";"";"";"";"";"";""