"Protocolo";"data";"hora";"natureza";"situacao";"bairro";"endereco";"numero";"detalhe_endereco_acidente";"complemento";"bairro_cruzamento";"num_semaforo";"sentido_via";"tipo";"auto";"moto";"ciclom";"ciclista";"pedestre";"onibus";"caminhao";"viatura";"outros";"vitimas";"vitimasfatais";"acidente_verificado";"tempo_clima";"situacao_semaforo";"sinalizacao";"condicao_via";"conservacao_via";"ponto_controle";"situacao_placa";"velocidade_max_via";"mao_direcao";"divisao_via1";"divisao_via2"
"202414860,0";"2024-06-05";"02:44:00";"COM VÍTIMA";"FINALIZADA";"IMBIRIBEIRA";"RUA JEAN EMILE FAVRE";"2712";"";"NA ENTRADA DO IPSEP /RUA EM FRENTE A CHEVROLET";"IMBIRIBEIRA";"";"";"COLISÃO TRASEIRA";"1,0";"1,0";"0,0";"0,0";"0,0";"0,0";"0,0";"0,0";"0,0";"1,0";"0,0";"";"";"";"";"";"";"";"";"";"";"";""
"202414863,0";"2024-06-05";"03:20:00";"COM VÍTIMA";"FINALIZADA";"SANTO AMARO";"AV CRUZ CABUGA";"";"";"EM FRENTE AO SHOPPING TACARUNA";"SANTO AMARO";"";"";"COLISÃO";"0,0";"1,0";"0,0";"0,0";"0,0";"0,0";"0,0";"0,0";"0,0";"1,0";"0,0";"";"";"";"";"";"";"";"";"";"";"";""
"202414864,0";"2024-06-05";"03:30:00";"SEM VÍTIMA";"FINALIZADA";"SANTO AMARO";"RUA DR CARLOS CHAGAS";"136";"";"";"SANTO AMARO";"";"";"COLISÃO";"0,0";"0,0";"0,0";"0,0";"0,0";"0,0";"0,0";"2,0";"0,0";"0,0";"0,0";"";"";"";"";"";"";"";"";"";"";"";""
"202414868,0";"2024-06-05";"04:02:00";"COM VÍTIMA";"FINALIZADA";"MADALENA";"RUA CLOVIS BEVILAQUA";"50";"";"";"MADALENA";"";"";"COLISÃO";"2,0";"1,0";"0,0";"0,0";"0,0";"0,0";"0,0";"0,0";"0,0";"1,0";"0,0";"";"";"";"";"";"";"";"";"";"";"";""
"202414877,0";"2024-06-05";"05:07:00";"SEM VÍTIMA";"FINALIZADA";"CACOTE";"AV CAPITAO GREGORIO DE CALDAS";"";"";"AO LADO DO CARREFOUR";"CACOTE";"";"";"QUEDA";"0,0";"1,0";"0,0";"0,0";"0,0";"0,0";"0,0";"0,0";"0,0";"0,0";"0,0";"";"";"";"";"";"";"";"";"";"";"";""
"202414878,0";"2024-06-05";"05:22:00";"COM VÍTIMA";"FINALIZADA";"SAO JOSE";"TRV DO ARSENAL DE GUERRA";"89";"";"EM FRENTE ALOJA NARCISO";"SAO JOSE";"";"";"COLISÃO";"0,0";"1,0";"0,0";"0,0";"0,0";"0,0";"0,0";"0,0";"0,0";"1,0";"0,0";"";"";"";"";"";"";"";"";"";"";"";""
"202414883,0";"2024-06-05";"06:11:00";"COM VÍTIMA";"FINALIZADA";"CORDEIRO";"";"659";"RUA DR MIGUEL VIEIRA FERREIRA";"PROXIMO A CAMPEL GRAFICA";"CORDEIRO";"";"";"COLISÃO TRASEIRA";"1,0";"1,0";"0,0";"0,0";"0,0";"0,0";"0,0";"0,0";"0,0";"1,0";"0,0";"";"";"";"";"";"";"";"";"";"";"";""
"202414892,0";"2024-06-05";"07:25:00";"COM VÍTIMA";"FINALIZADA";"ROSARINHO";"AV NORTE MIGUEL ARRAES DE ALENCAR";"2881";"";"E/F HOSPITAL JORGE MEDEIROS";"ROSARINHO";"";"CIDADE";"COLISÃO TRASEIRA";"1,0";"1,0";"0,0";"0,0";"0,0";"0,0";"0,0";"0,0";"0,0";"1,0";"0,0";"";"";"";"";"";"";"";"";"";"";"";""
"202414897,0";"2024-06-05";"09:03:00";"COM VÍTIMA";"FINALIZADA";"BOA VIAGEM";"AV BOA VIAGEM";"114";"";"LADO OPOSTO QUIOSQUE 59";"BOA VIAGEM";"";"";"CHOQUE";"1,0";"1,0";"0,0";"0,0";"0,0";"0,0";"0,0";"0,0";"0,0";"2,0";"0,0";"";"";"";"";"";"";"";"";"";"";"";""
"202414912,0";"2024-06-06";"04:58:00";"COM VÍTIMA";"FINALIZADA";"MADALENA";"RUA REAL DA TORRE";"1069";"RUA PADRE ANCHIETA";"";"MADALENA";"";"";"COLISÃO FRONTAL";"2,0";"0,0";"0,0";"0,0";"0,0";"0,0";"0,0";"0,0";"0,0";"1,0";"0,0";"";"";"";"";"";"";"";"";"";"";"";""
"202414935,0";"2024-06-06";"08:11:00";"COM VÍTIMA";"FINALIZADA";"BARRO";"AV DR JOSE RUFINO";"1897";"RUA PEDRO JOSE VIEIRA";"DE FRENTE AO PONTO IMPERIO";"BARRO";"";"";"COLISÃO TRASEIRA";"1,0";"1,0";"0,0";"0,0";"0,0";"0,0";"0,0";"0,0";"0,0";"1,0";"0,0";"";"";"";"";"";"";"";"";"";"";"";""
"202414938,0";"2024-06-06";"08:41:00";"COM VÍTIMA";"FINALIZADA";"PRADO";"AV ENGENHEIRO ABDIAS DE CARVALHO";"6914";"";"EM FRENTE A FUNASE, APÓS O NOVO ATACAREJO, SENTIDO CIDADE";"PRADO";"";"";"COLISÃO";"0,0";"1,0";"0,0";"0,0";"0,0";"0,0";"0,0";"0,0";"0,0";"1,0";"0,0";"";"";"";"";"";"";"";"";"";"";"";""
"202414947,0";"2024-06-06";"10:05:00";"COM VÍTIMA";"FINALIZADA";"CASA AMARELA";"AV NORTE MIGUEL ARRAES DE ALENCAR";"";"";"PROX A MOTO SHOPPING AV NORTE / PROX A IHGREJA DO AMOR";"CASA AMARELA";"";"";"COLISÃO";"0,0";"1,0";"0,0";"0,0";"0,0";"0,0";"0,0";"0,0";"0,0";"1,0";"0,0";"";"";"";"";"";"";"";"";"";"";"";""
"202414948,0";"2024-06-06";"10:05:00";"COM VÍTIMA";"FINALIZADA";"ILHA DO RETIRO";"RUA JOSE MUCIO MONTEIRO";"";"";"PROX. A ESCOLA POLITECNICA, LE BISCUIT E CECAPE";"ILHA DO RETIRO";"";"";"COLISÃO LATERAL";"0,0";"1,0";"0,0";"0,0";"0,0";"0,0";"0,0";"0,0";"0,0";"1,0";"0,0";"";"";"";"";"";"";"";"";"";"";"";""
"202414955,0";"2024-06-06";"10:32:00";"COM VÍTIMA";"FINALIZADA";"ILHA JOANA BEZERRA";"AV ADVOGADO JOSE PAULO CAVALCANTI";"";"";"EM FRENTE AO FORUM DE JOANA BEZERRA";"ILHA JOANA BEZERRA";"";"";"COLISÃO LATERAL";"1,0";"1,0";"0,0";"0,0";"0,0";"0,0";"0,0";"0,0";"0,0";"1,0";"0,0";"";"";"";"";"";"";"";"";"";"";"";""
"202414975,0";"2024-06-06";"01:24:00";"COM VÍTIMA";"FINALIZADA";"IMBIRIBEIRA";"RUA VALE DO ITAJAI";"";"";"PROXIMO A IGREJA PRESBITERIANA";"IMBIRIBEIRA";"";"";"COLISÃO";"0,0";"0,0";"0,0";"0,0";"0,0";"0,0";"0,0";"0,0";"0,0";"1,0";"0,0";"";"";"";"";"";"";"";"";"";"";"";""
"202414981,0";"2024-06-06";"02:15:00";"COM VÍTIMA";"FINALIZADA";"CASA AMARELA";"EST DO ARRAIAL";"1720";"";"PROXIMO A COMPESA E APÓS O COLEGIO NILO PEREIRA";"CASA AMARELA";"";"";"COLISÃO";"0,0";"1,0";"0,0";"0,0";"0,0";"0,0";"0,0";"0,0";"0,0";"1,0";"0,0";"";"";"";"";"";"";"";"";"";"";"";""
"202414989,0";"2024-06-06";"03:13:00";"COM VÍTIMA";"FINALIZADA";"COHAB";"AV RIO LARGO";"15";"";"ARMAZEM ESQUINA DA CONSTRUÇÃO";"COHAB";"";"";"COLISÃO";"0,0";"1,0";"0,0";"0,0";"0,0";"0,0";"0,0";"0,0";"0,0";"1,0";"0,0";"";"";"";"";"";"";"";"";"";"";"";""
"202414991,0";"2024-06-06";"03:14:00";"SEM VÍTIMA";"FINALIZADA";"MADALENA";"RUA ARLINDO GOUVEIA";"";"";"E/F AO CLUBE INTERNACIONAL  NA ROTATORIA DA PRAÇA EUCLIDES DA CUNHA";"MADALENA";"";"";"COLISÃO LATERAL";"1,0";"0,0";"0,0";"0,0";"0,0";"0,0";"0,0";"1,0";"0,0";"0,0";"0,0";"";"";"";"";"";"";"";"";"";"";"";""
"202414996,0";"2024-06-06";"04:45:00";"COM VÍTIMA";"FINALIZADA";"JORDAO";"AV BEIRA RIO";"";"";"EM FRENTE A BASE AEREA";"JORDAO";"";"";"COLISÃO";"0,0";"1,0";"0,0";"0,0";"0,0";"0,0";"0,0";"0,0";"0,0";"1,0";"0,0";"";"";"";"";"";"";"";"";"";"";"";""
"202415003,0";"2024-06-06";"06:08:00";"SEM VÍTIMA";"FINALIZADA";"PINA";"AV REPUBLICA ARABE UNIDA";"";"";"PROX A ENTRADA DO SHOPPING RIO MAR";"PINA";"";"";"COLISÃO LATERAL";"1,0";"0,0";"0,0";"0,0";"0,0";"1,0";"0,0";"0,0";"0,0";"0,0";"0,0";"";"";"";"";"";"";"";"";"";"";"";""
"202415006,0";"2024-06-06";"06:45:00";"COM VÍTIMA";"FINALIZADA";"BRASILIA TEIMOSA";"RUA FRANCISCO VALPASSOS";"42";"RUA DAGOBERTO PIRES";"PROX AO BAR DO GIOMAR";"BRASILIA TEIMOSA";"";"";"COLISÃO";"0,0";"1,0";"0,0";"0,0";"0,0";"0,0";"0,0";"0,0";"0,0";"1,0";"0,0";"";"";"";"";"";"";"";"";"";"";"";""
"202415011,0";"2024-06-06";"07:28:00";"COM VÍTIMA";"DUPLICIDADE";"BRASILIA TEIMOSA";"RUA DAGOBERTO PIRES";"";"";"EM FRENTE AO BAR DE GILMAR";"BRASILIA TEIMOSA";"";"";"COLISÃO";"0,0";"2,0";"0,0";"0,0";"0,0";"0,0";"0,0";"0,0";"0,0";"2,0";"0,0";"";"";"";"";"";"";"";"";"";"";"";""
"202415012,0";"2024-06-06";"08:06:00";"COM VÍTIMA";"FINALIZADA";"ESTANCIA";"AV DR JOSE RUFINO";"581";"";"APÓS O PONTILHÃO  DE SANTA LUZIA";"ESTANCIA";"";"";"COLISÃO FRONTAL";"0,0";"0,0";"0,0";"0,0";"0,0";"0,0";"0,0";"0,0";"0,0";"1,0";"0,0";"";"";"";"";"";"";"";"";"";"";"";""
"202415032,0";"2024-06-07";"06:10:00";"COM VÍTIMA";"FINALIZADA";"IMBIRIBEIRA";"AV MARECHAL MASCARENHAS DE MORAES";"";"";"EM FRENTE A LOCALIZA, SENT. PRAZERES PROX. AO AEROPORTO NA PRAÇA MINISTRO SALGADO FILHO";"IMBIRIBEIRA";"";"";"COLISÃO LATERAL";"0,0";"1,0";"0,0";"0,0";"0,0";"0,0";"0,0";"0,0";"0,0";"1,0";"0,0";"";"";"";"";"";"";"";"";"";"";"";""
"202415034,0";"2024-06-07";"06:40:00";"COM VÍTIMA";"FINALIZADA";"BOA VIAGEM";"AV RECIFE";"";"";"SUBIDA DO VIADUTO TANCREDI NEVES/ SENTIDO BOA VIAGEM";"BOA VIAGEM";"";"";"COLISÃO TRASEIRA";"1,0";"1,0";"0,0";"0,0";"0,0";"0,0";"0,0";"0,0";"0,0";"1,0";"0,0";"";"";"";"";"";"";"";"";"";"";"";""
"202415041,0";"2024-06-07";"07:16:00";"COM VÍTIMA";"FINALIZADA";"AFLITOS";"RUA CONS PORTELA";"";"";"AO LADO DA IGREJA MATRIZ DO ESPINHEIRO";"AFLITOS";"";"";"COLISÃO LATERAL";"0,0";"1,0";"0,0";"0,0";"0,0";"0,0";"0,0";"0,0";"0,0";"1,0";"0,0";"";"";"";"";"";"";"";"";"";"";"";""
"202415042,0";"2024-06-07";"07:28:00";"COM VÍTIMA";"FINALIZADA";"ILHA DO RETIRO";"TUNEL CHICO SCIENCE";"";"";"PROX. A ILHA DO RETIRO";"ILHA DO RETIRO";"";"";"COLISÃO LATERAL";"0,0";"1,0";"0,0";"0,0";"0,0";"0,0";"0,0";"0,0";"0,0";"1,0";"0,0";"";"";"";"";"";"";"";"";"";"";"";""
"202415060,0";"2024-06-07";"09:05:00";"COM VÍTIMA";"FINALIZADA";"CORDEIRO";"RUA DR MIGUEL VIEIRA FERREIRA";"1260";"";"PRÓX AO ANTIGO BAR DO MAXIXE  // APÓS A LOJA DE BOMBAS HIDRO VITAL";"CORDEIRO";"";"";"COLISÃO";"0,0";"1,0";"0,0";"0,0";"0,0";"0,0";"0,0";"0,0";"0,0";"1,0";"0,0";"";"";"";"";"";"";"";"";"";"";"";""
"202415064,0";"2024-06-07";"09:35:00";"COM VÍTIMA";"FINALIZADA";"SANTO AMARO";"AV GOVERNADOR AGAMENON MAGALHAES";"";"";"PROX. AO SHOPPING TACARUNA E POSTO DE GASOLINA BR, SENT. OLINDA";"SANTO AMARO";"";"";"COLISÃO LATERAL";"0,0";"1,0";"0,0";"0,0";"0,0";"0,0";"0,0";"0,0";"0,0";"1,0";"0,0";"";"";"";"";"";"";"";"";"";"";"";""
"202415081,0";"2024-06-07";"11:12:00";"COM VÍTIMA";"FINALIZADA";"SAO JOSE";"RUA FLORIANO PEIXOTO";"";"";"RUA QUE FICA EM FRENTE AO METRO E EDIFICIO CARVALHO";"SAO JOSE";"";"";"COLISÃO";"0,0";"1,0";"0,0";"0,0";"0,0";"0,0";"0,0";"0,0";"0,0";"1,0";"0,0";"";"";"";"";"";"";"";"";"";"";"";""
"202415089,0";"2024-06-07";"01:15:00";"COM VÍTIMA";"FINALIZADA";"IBURA";"AV SANTA FE";"409";"";"PROXIMO A ESCOLA PADRE LEBRET";"IBURA";"";"";"COLISÃO";"0,0";"1,0";"0,0";"0,0";"0,0";"0,0";"0,0";"0,0";"0,0";"1,0";"0,0";"";"";"";"";"";"";"";"";"";"";"";""
"202415091,0";"2024-06-07";"01:56:00";"SEM VÍTIMA";"FINALIZADA";"ILHA DO LEITE";"AV GOVERNADOR AGAMENON MAGALHAES";"";"";"EM FRENTE AO HOSPITAL PORTUGUES";"ILHA DO LEITE";"";"SUBURBIO";"COLISÃO LATERAL";"1,0";"0,0";"0,0";"0,0";"0,0";"0,0";"1,0";"0,0";"0,0";"0,0";"0,0";"";"";"";"";"";"";"";"";"";"";"";""
"202415107,0";"2024-06-07";"04:51:00";"COM VÍTIMA";"FINALIZADA";"BOA VISTA";"RUA PADRE INGLES";"466";"";"PROXIMO A ENTRADA DA UNIBRA E A FARMACIA DO ESTADO";"BOA VISTA";"";"";"COLISÃO";"0,0";"1,0";"0,0";"0,0";"0,0";"0,0";"0,0";"0,0";"0,0";"1,0";"0,0";"";"";"";"";"";"";"";"";"";"";"";""
"202415108,0";"2024-06-07";"04:51:00";"SEM VÍTIMA";"FINALIZADA";"MONTEIRO";"RUA DE APIPUCOS";"192";"";"";"MONTEIRO";"";"SUBURBIO";"COLISÃO LATERAL";"1,0";"1,0";"0,0";"0,0";"0,0";"0,0";"0,0";"0,0";"0,0";"0,0";"0,0";"";"";"";"";"";"";"";"";"";"";"";""
"202415119,0";"2024-06-07";"05:34:00";"COM VÍTIMA";"FINALIZADA";"BOA VIAGEM";"RUA MARQUES DE VALENCA";"387";"";"E/F AO EMPRESARIAL  BOULEVARD  PRINCE";"BOA VIAGEM";"";"";"COLISÃO FRONTAL";"1,0";"1,0";"0,0";"0,0";"0,0";"0,0";"0,0";"0,0";"0,0";"1,0";"0,0";"";"";"";"";"";"";"";"";"";"";"";""
"202415121,0";"2024-06-07";"05:44:00";"COM VÍTIMA";"FINALIZADA";"VARZEA";"RUA PROFESSOR ANTONIO COELHO";"485";"";"POR TRAS DO TERMINAL DE CDU";"VARZEA";"";"";"COLISÃO FRONTAL";"1,0";"1,0";"0,0";"0,0";"0,0";"0,0";"0,0";"0,0";"0,0";"1,0";"0,0";"";"";"";"";"";"";"";"";"";"";"";""
"202415135,0";"2024-06-07";"08:09:00";"SEM VÍTIMA";"FINALIZADA";"AFOGADOS";"RUA SAO MIGUEL";"";"RUA PEDRO CABRAL DE OLIVEIRA";"AO LADO DA ESCOLA AMAURY DE MEDEIROS";"AFOGADOS";"";"CIDADE";"COLISÃO LATERAL";"2,0";"0,0";"0,0";"0,0";"0,0";"0,0";"0,0";"0,0";"0,0";"0,0";"0,0";"";"";"";"";"";"";"";"";"";"";"";""
"202415159,0";"2024-06-08";"05:22:00";"COM VÍTIMA";"FINALIZADA";"BOA VIAGEM";"RUA CORONEL ANIZIO RODRIGUES COELHO";"912";"RUA DES JOAO PAES";"DROGASIL";"BOA VIAGEM";"";"";"COLISÃO LATERAL";"2,0";"0,0";"0,0";"0,0";"0,0";"0,0";"0,0";"0,0";"0,0";"1,0";"0,0";"";"";"";"";"";"";"";"";"";"";"";""
"202415191,0";"2024-06-08";"09:58:00";"COM VÍTIMA";"FINALIZADA";"CASA AMARELA";"RUA CONS PERETTI";"";"";"PROX. AO LABORATORIO LAPEC E BIBLIOTECA DE CASA AMARELA";"CASA AMARELA";"";"";"COLISÃO";"0,0";"1,0";"0,0";"0,0";"0,0";"0,0";"0,0";"0,0";"0,0";"1,0";"0,0";"";"";"";"";"";"";"";"";"";"";"";""
"202415203,0";"2024-06-08";"10:41:00";"COM VÍTIMA";"FINALIZADA";"IPSEP";"RUA CACHOEIRA";"SN";"";"PROX A FACULDADE BOA VIAGEM //  PROX  VAGNER  JOSE GÁS NATURAIS  //   PROX A JR PEÇAS";"IPSEP";"";"";"COLISÃO";"0,0";"1,0";"0,0";"0,0";"0,0";"0,0";"0,0";"0,0";"0,0";"1,0";"0,0";"";"";"";"";"";"";"";"";"";"";"";""
"202415214,0";"2024-06-08";"12:20:00";"COM VÍTIMA";"FINALIZADA";"BOA VIAGEM";"AV ARMINDO MOURA";"1238";"";"APÓS O TERRENO DA AERONAUTICA  //  EM FRENTE AO EDF. BEIRA MAR";"BOA VIAGEM";"";"";"COLISÃO";"1,0";"0,0";"0,0";"0,0";"0,0";"0,0";"0,0";"0,0";"0,0";"1,0";"0,0";"";"";"";"";"";"";"";"";"";"";"";""
"202415215,0";"2024-06-08";"12:24:00";"COM VÍTIMA";"FINALIZADA";"MADALENA";"RUA JOSE OSORIO";"972";"";"EM FRENTE A LOJA NEW AUTOMOVEIS";"MADALENA";"";"";"COLISÃO";"0,0";"1,0";"0,0";"0,0";"0,0";"0,0";"0,0";"0,0";"0,0";"1,0";"0,0";"";"";"";"";"";"";"";"";"";"";"";""
"202415220,0";"2024-06-08";"12:43:00";"COM VÍTIMA";"FINALIZADA";"SANTO AMARO";"RUA AURORA";"703";"";"EM FRENTE  AO GINASIO PERNAMBUCANO";"SANTO AMARO";"";"";"COLISÃO TRASEIRA";"1,0";"0,0";"0,0";"1,0";"0,0";"0,0";"0,0";"0,0";"0,0";"1,0";"0,0";"";"";"";"";"";"";"";"";"";"";"";""
"202415221,0";"2024-06-08";"12:46:00";"COM VÍTIMA";"FINALIZADA";"ESPINHEIRO";"AV GOVERNADOR AGAMENON MAGALHAES";"7749";"";"PROX AO CIRCULO MILITAR  / PROX A CAIXA ECONOMICA FEDERAL  ( SENTIDO OLINDA )  EM FRENTE AO ESPAÇO JURIDICO";"ESPINHEIRO";"";"";"COLISÃO LATERAL";"1,0";"1,0";"0,0";"0,0";"0,0";"0,0";"0,0";"0,0";"0,0";"1,0";"0,0";"";"";"";"";"";"";"";"";"";"";"";""
"202415222,0";"2024-06-08";"12:52:00";"COM VÍTIMA";"DUPLICIDADE";"MADALENA";"RUA JOSE OSORIO";"937";"AV CAXANGA";"PROX A UNIDADE MADALENA VISTORIA DO DETRAN";"MADALENA";"";"";"COLISÃO FRONTAL";"1,0";"1,0";"0,0";"0,0";"0,0";"0,0";"0,0";"0,0";"0,0";"1,0";"0,0";"";"";"";"";"";"";"";"";"";"";"";""
"202415229,0";"2024-06-08";"02:23:00";"COM VÍTIMA";"DUPLICIDADE";"ESPINHEIRO";"AV GOVERNADOR AGAMENON MAGALHAES";"607";"";"E/F AO BANCO SANTANDER";"ESPINHEIRO";"";"";"COLISÃO LATERAL";"0,0";"0,0";"0,0";"0,0";"0,0";"0,0";"0,0";"0,0";"0,0";"1,0";"0,0";"";"";"";"";"";"";"";"";"";"";"";""
"202415233,0";"2024-06-08";"03:21:00";"COM VÍTIMA";"FINALIZADA";"SAO JOSE";"AV N S DO CARMO";"";"";"AO LADO DA NARCISO ENJOVAIS";"SAO JOSE";"";"";"ATROPELAMENTO DE PESSOA";"1,0";"0,0";"0,0";"0,0";"1,0";"0,0";"0,0";"0,0";"0,0";"1,0";"0,0";"";"";"";"";"";"";"";"";"";"";"";""
"202415235,0";"2024-06-08";"03:25:00";"COM VÍTIMA";"FINALIZADA";"CASA FORTE";"AV DEZESSETE DE AGOSTO";"";"";"PROX AO SHOPPING PLAZA  E A FARMACIA PAGUE MENOS";"CASA FORTE";"";"";"COLISÃO LATERAL";"0,0";"0,0";"0,0";"0,0";"0,0";"0,0";"0,0";"0,0";"0,0";"1,0";"0,0";"";"";"";"";"";"";"";"";"";"";"";""
"202415240,0";"2024-06-08";"04:18:00";"COM VÍTIMA";"FINALIZADA";"BOA VISTA";"AV VISCONDE DE SUASSUNA";"164";"";"E/F A DELEGACIA DE POLICIA JOANA BEZERRA";"BOA VISTA";"";"";"COLISÃO TRASEIRA";"1,0";"1,0";"0,0";"0,0";"0,0";"0,0";"0,0";"0,0";"0,0";"1,0";"0,0";"";"";"";"";"";"";"";"";"";"";"";""
"202415245,0";"2024-06-08";"04:53:00";"COM VÍTIMA";"FINALIZADA";"CASA AMARELA";"AV NORTE MIGUEL ARRAES DE ALENCAR";"9342";"";"EM FRENTE AO COLEGIO CLOTILDE OLIVEIRA";"CASA AMARELA";"";"";"COLISÃO";"0,0";"1,0";"0,0";"0,0";"0,0";"0,0";"0,0";"0,0";"0,0";"1,0";"0,0";"";"";"";"";"";"";"";"";"";"";"";""
"202415246,0";"2024-06-08";"05:05:00";"COM VÍTIMA";"FINALIZADA";"AFOGADOS";"RUA BEZERRA DA PALMA";"591";"";"PROX A ESCOLA VIDAL DE NEGREIROS";"AFOGADOS";"";"";"COLISÃO";"0,0";"1,0";"0,0";"0,0";"0,0";"0,0";"0,0";"0,0";"0,0";"1,0";"0,0";"";"";"";"";"";"";"";"";"";"";"";""
"202415247,0";"2024-06-08";"05:10:00";"COM VÍTIMA";"FINALIZADA";"POCO DA PANELA";"RUA PIAUI";"1034";"";"AO LADO DA CLINICA HERMINIO DE MORAIS";"POCO DA PANELA";"";"";"COLISÃO";"0,0";"1,0";"0,0";"0,0";"0,0";"0,0";"0,0";"0,0";"0,0";"1,0";"0,0";"";"";"";"";"";"";"";"";"";"";"";""
"202415265,0";"2024-06-09";"04:39:00";"COM VÍTIMA";"FINALIZADA";"SANTO ANTONIO";"AV GUARARAPES";"";"RUA DO SOL";"";"SANTO ANTONIO";"";"";"COLISÃO";"2,0";"0,0";"0,0";"0,0";"0,0";"0,0";"0,0";"0,0";"0,0";"1,0";"0,0";"";"";"";"";"";"";"";"";"";"";"";""
"202415266,0";"2024-06-09";"06:37:00";"COM VÍTIMA";"FINALIZADA";"BOA VIAGEM";"AVENIDA CELSO FURTADO (VIA MANGUE)";"";"";"APOS O SHOPPING RIO MAR";"BOA VIAGEM";"";"";"COLISÃO";"0,0";"1,0";"0,0";"0,0";"0,0";"0,0";"0,0";"0,0";"0,0";"1,0";"0,0";"";"";"";"";"";"";"";"";"";"";"";""
"202415294,0";"2024-06-09";"12:04:00";"COM VÍTIMA";"FINALIZADA";"IMBIRIBEIRA";"AV MARECHAL MASCARENHAS DE MORAES";"";"";"EM FRENTE AO SEST SENAT PROX A UPA DA IMBIRIBEIRA / SENTIDO AEROPORTO";"IMBIRIBEIRA";"";"";"COLISÃO";"1,0";"0,0";"0,0";"0,0";"0,0";"0,0";"0,0";"0,0";"0,0";"1,0";"0,0";"";"";"";"";"";"";"";"";"";"";"";""
"202415295,0";"2024-06-09";"12:15:00";"COM VÍTIMA";"FINALIZADA";"BOA VIAGEM";"RUA DONA MAGINA PONTUAL";"";"";"EM FRENTE AO EDIFICIO SÃO DIMAS";"BOA VIAGEM";"";"";"COLISÃO";"0,0";"1,0";"0,0";"0,0";"0,0";"0,0";"0,0";"0,0";"0,0";"1,0";"0,0";"";"";"";"";"";"";"";"";"";"";"";""
"202415297,0";"2024-06-09";"12:50:00";"COM VÍTIMA";"FINALIZADA";"BOA VIAGEM";"RUA ERNESTO DE PAULA SANTOS";"";"";"AO LADO DO HABBI'S ESQUINA COM  A ACADEMIA SMART FIT";"BOA VIAGEM";"";"";"COLISÃO";"0,0";"2,0";"0,0";"0,0";"0,0";"0,0";"0,0";"0,0";"0,0";"2,0";"0,0";"";"";"";"";"";"";"";"";"";"";"";""
"202415299,0";"2024-06-09";"01:13:00";"COM VÍTIMA";"FINALIZADA";"BAIRRO DO RECIFE";"AV ALFREDO LISBOA";"332";"";"PROXIMO AO POSTO BR E ESTACIONMANTO SAN PARK";"BAIRRO DO RECIFE";"";"";"COLISÃO";"0,0";"1,0";"0,0";"0,0";"0,0";"0,0";"0,0";"0,0";"0,0";"1,0";"0,0";"";"";"";"";"";"";"";"";"";"";"";""
"202415302,0";"2024-06-09";"03:43:00";"SEM VÍTIMA";"FINALIZADA";"AREIAS";"AV RECIFE";"";"";"SAIDA DA VILA TAMANDARE";"AREIAS";"620,0";"";"COLISÃO TRASEIRA";"2,0";"0,0";"0,0";"0,0";"0,0";"1,0";"0,0";"0,0";"0,0";"0,0";"0,0";"";"";"";"";"";"";"";"";"";"";"";""
"202415305,0";"2024-06-09";"04:03:00";"COM VÍTIMA";"FINALIZADA";"BAIRRO DO RECIFE";"CAIS DA ALFANDEGA";"";"AV MARQUES DE OLINDA";"CRUZAMENTO";"BAIRRO DO RECIFE";"";"";"ATROPELAMENTO DE PESSOA";"1,0";"0,0";"0,0";"0,0";"1,0";"0,0";"0,0";"0,0";"0,0";"1,0";"0,0";"";"";"";"";"";"";"";"";"";"";"";""
"202415310,0";"2024-06-09";"04:30:00";"COM VÍTIMA";"FINALIZADA";"MANGUEIRA";"RUA JOAO LEITE";"217";"";"EM FRENTE A ESTAÇÃO MANGUEIRA";"MANGUEIRA";"";"";"COLISÃO";"0,0";"1,0";"0,0";"0,0";"0,0";"0,0";"0,0";"0,0";"0,0";"1,0";"0,0";"";"";"";"";"";"";"";"";"";"";"";""
"202415313,0";"2024-06-09";"05:08:00";"COM VÍTIMA";"FINALIZADA";"DOIS UNIDOS";"AV CHAGAS FERREIRA";"1053";"";"PROXIMO AO LAVA JATO DO ANDRE";"DOIS UNIDOS";"";"";"COLISÃO";"0,0";"1,0";"0,0";"0,0";"0,0";"0,0";"0,0";"0,0";"0,0";"1,0";"0,0";"";"";"";"";"";"";"";"";"";"";"";""
"202415328,0";"2024-06-09";"10:00:00";"COM VÍTIMA";"FINALIZADA";"BARRO";"AV DR JOSE RUFINO";"";"";"PRÓXIMO À IGREJA CATÓLICA DO BARRO";"BARRO";"";"";"COLISÃO LATERAL";"1,0";"1,0";"0,0";"0,0";"0,0";"0,0";"0,0";"0,0";"0,0";"2,0";"0,0";"";"";"";"";"";"";"";"";"";"";"";""
"202415329,0";"2024-06-09";"10:20:00";"COM VÍTIMA";"FINALIZADA";"CAXANGA";"AV CAXANGA";"";"AV GENERAL SAN MARTIN";"E/F AO HOSPITAL GETULIO VARGAS - SENTIDO CIDADE";"CAXANGA";"";"";"COLISÃO LATERAL";"1,0";"1,0";"0,0";"0,0";"0,0";"0,0";"0,0";"0,0";"0,0";"1,0";"0,0";"";"";"";"";"";"";"";"";"";"";"";""