"Protocolo";"data";"hora";"natureza";"situacao";"bairro";"endereco";"numero";"detalhe_endereco_acidente";"complemento";"bairro_cruzamento";"num_semaforo";"sentido_via";"tipo";"auto";"moto";"ciclom";"ciclista";"pedestre";"onibus";"caminhao";"viatura";"outros";"vitimas";"vitimasfatais";"acidente_verificado";"tempo_clima";"situacao_semaforo";"sinalizacao";"condicao_via";"conservacao_via";"ponto_controle";"situacao_placa";"velocidade_max_via";"mao_direcao";"divisao_via1";"divisao_via2"
"202415352,0";"2024-06-10";"07:14:00";"COM VÍTIMA";"FINALIZADA";"ILHA DO LEITE";"RUA FRANCISCO ALVES";"";"";"PROX AO HOSPITAL ESPERANÇA / EM FRENTE AO EMPRESARIAL ILHA DO LEITE";"ILHA DO LEITE";"";"";"COLISÃO";"0,0";"1,0";"0,0";"0,0";"0,0";"0,0";"0,0";"0,0";"0,0";"1,0";"0,0";"";"";"";"";"";"";"";"";"";"";"";""
"202415368,0";"2024-06-10";"08:18:00";"SEM VÍTIMA";"FINALIZADA";"IMBIRIBEIRA";"AV MARECHAL MASCARENHAS DE MORAES";"1968";"RUA ITALIA";"NA ENTRADA DA RUA DO ASSAÍ SUPERMERCADO";"IMBIRIBEIRA";"";"SUBURBIO";"COLISÃO LATERAL";"1,0";"0,0";"0,0";"0,0";"0,0";"0,0";"0,0";"1,0";"0,0";"0,0";"0,0";"";"";"";"";"";"";"";"";"";"";"";""
"202415372,0";"2024-06-10";"09:06:00";"COM VÍTIMA";"FINALIZADA";"ARRUDA";"EST VELHA DE AGUA FRIA";"1029";"";"PROX. AO DENOX";"ARRUDA";"";"";"CHOQUE";"1,0";"0,0";"0,0";"0,0";"0,0";"0,0";"0,0";"0,0";"0,0";"1,0";"0,0";"";"";"";"";"";"";"";"";"";"";"";""
"202415393,0";"2024-06-10";"11:48:00";"COM VÍTIMA";"FINALIZADA";"IBURA";"AV MATO GROSSO";"";"";"UR1 /NA CURVA DO S APOS O CLUBE NACIONAL SENTIDO UR 4 APOS A ESCOLA MARIA";"IBURA";"";"";"COLISÃO";"0,0";"1,0";"0,0";"0,0";"0,0";"0,0";"0,0";"0,0";"0,0";"1,0";"0,0";"";"";"";"";"";"";"";"";"";"";"";""
"202415395,0";"2024-06-10";"12:00:00";"COM VÍTIMA";"FINALIZADA";"ILHA JOANA BEZERRA";"VIADUTO CAPITAO TEMUDO";"";"";"LOGO NO INICIO DO VIADUTO PROX AO FORUM JOANA BEZERRA SENTIDO BOA VIAGEM";"ILHA JOANA BEZERRA";"";"";"COLISÃO LATERAL";"1,0";"1,0";"0,0";"0,0";"0,0";"0,0";"0,0";"0,0";"0,0";"1,0";"0,0";"";"";"";"";"";"";"";"";"";"";"";""
"202415396,0";"2024-06-10";"12:13:00";"COM VÍTIMA";"FINALIZADA";"CORDEIRO";"AV INACIO MONTEIRO";"";"";"EM FRENTE A PADARIA EL DOURADO";"CORDEIRO";"";"";"COLISÃO";"0,0";"1,0";"0,0";"0,0";"0,0";"0,0";"0,0";"0,0";"0,0";"1,0";"0,0";"";"";"";"";"";"";"";"";"";"";"";""
"202415397,0";"2024-06-10";"12:24:00";"COM VÍTIMA";"FINALIZADA";"SANTO AMARO";"AV GOVERNADOR AGAMENON MAGALHAES";"";"";"EM FRENTE AO SHOPING TACARUNA / NA SUBIDA DO VIADUTO";"SANTO AMARO";"";"";"COLISÃO TRASEIRA";"1,0";"2,0";"0,0";"0,0";"0,0";"0,0";"0,0";"0,0";"0,0";"1,0";"0,0";"";"";"";"";"";"";"";"";"";"";"";""
"202415406,0";"2024-06-10";"02:01:00";"SEM VÍTIMA";"FINALIZADA";"TORRE";"RUA MARQUES DE MARICA";"172";"";"EM FRENTE AO Nº 172";"TORRE";"";"SUBURBIO";"COLISÃO TRASEIRA";"2,0";"0,0";"0,0";"0,0";"0,0";"0,0";"0,0";"1,0";"0,0";"0,0";"0,0";"";"";"";"";"";"";"";"";"";"";"";""
"202415418,0";"2024-06-10";"03:48:00";"COM VÍTIMA";"FINALIZADA";"SAO JOSE";"RUA IMPERIAL";"1600";"";"EM FRENTE A JUCEPE";"SAO JOSE";"";"";"COLISÃO";"0,0";"1,0";"0,0";"0,0";"0,0";"0,0";"0,0";"0,0";"0,0";"1,0";"0,0";"";"";"";"";"";"";"";"";"";"";"";""
"202415425,0";"2024-06-10";"05:03:00";"COM VÍTIMA";"FINALIZADA";"BOA VIAGEM";"AV CONSELHEIRO AGUIAR";"774";"";"EM FRENTE A LOJA DE CARRO MC PRESTIGE";"BOA VIAGEM";"";"";"COLISÃO";"0,0";"1,0";"0,0";"0,0";"0,0";"0,0";"0,0";"0,0";"0,0";"1,0";"0,0";"";"";"";"";"";"";"";"";"";"";"";""
"202415426,0";"2024-06-10";"05:16:00";"COM VÍTIMA";"FINALIZADA";"IPSEP";"RUA JEAN EMILE FAVRE";"593";"";"PROXIMO A LOJA BELO AUTO PEÇAS // EM FRENTE A FARMACIA PAGUE MENOS";"IPSEP";"";"";"COLISÃO";"0,0";"1,0";"0,0";"0,0";"0,0";"0,0";"0,0";"0,0";"0,0";"1,0";"0,0";"";"";"";"";"";"";"";"";"";"";"";""
"202415429,0";"2024-06-10";"05:57:00";"COM VÍTIMA";"FINALIZADA";"ESPINHEIRO";"AV GOVERNADOR AGAMENON MAGALHAES";"6230";"";"EM FRENTE AO EMPRESARIAL BULER MAX";"ESPINHEIRO";"";"";"COLISÃO";"0,0";"1,0";"0,0";"0,0";"0,0";"0,0";"0,0";"0,0";"0,0";"1,0";"0,0";"";"";"";"";"";"";"";"";"";"";"";""
"202415434,0";"2024-06-10";"06:58:00";"COM VÍTIMA";"FINALIZADA";"ENGENHO DO MEIO";"RUA JOSE DOS SANTOS";"591";"";"PROX A PASSARELA // EM FRENTE AO TERMINAL DE ENGENHO DO MEIO";"ENGENHO DO MEIO";"";"";"COLISÃO";"0,0";"1,0";"0,0";"0,0";"0,0";"0,0";"0,0";"0,0";"0,0";"1,0";"0,0";"";"";"";"";"";"";"";"";"";"";"";""
"202415438,0";"2024-06-10";"07:22:00";"SEM VÍTIMA";"FINALIZADA";"IPUTINGA";"RUA JACAUNA";"366";"RUA AMBROSIO MACHADO";"PROX. AO CANAL DO CAVOUCO";"IPUTINGA";"";"SUBURBIO";"CHOQUE";"1,0";"0,0";"0,0";"0,0";"0,0";"0,0";"0,0";"0,0";"0,0";"0,0";"0,0";"";"";"";"";"";"";"";"";"";"";"";""
"202415440,0";"2024-06-10";"07:45:00";"SEM VÍTIMA";"FINALIZADA";"BONGI";"AV ENGENHEIRO ABDIAS DE CARVALHO";"";"RUA CARLOS GOMES";"OFICINA BIGCAR";"BONGI";"57,0";"SUBURBIO";"COLISÃO LATERAL";"2,0";"0,0";"0,0";"0,0";"0,0";"0,0";"0,0";"0,0";"0,0";"0,0";"0,0";"";"";"";"";"";"";"";"";"";"";"";""
"202415443,0";"2024-06-10";"08:56:00";"COM VÍTIMA";"FINALIZADA";"CURADO";"RUA DR GEORGE WILLIAM BUTLER";"";"";"EM FRENTE A GARAGEM DA BORBOREMA";"CURADO";"";"";"COLISÃO";"1,0";"1,0";"0,0";"0,0";"0,0";"0,0";"0,0";"0,0";"0,0";"2,0";"0,0";"";"";"";"";"";"";"";"";"";"";"";""
"202415445,0";"2024-06-10";"10:17:00";"COM VÍTIMA";"FINALIZADA";"MADALENA";"AV CAXANGA";"";"";"SOBRE O TÚNEL DA ABOLIÇÃO";"MADALENA";"";"SUBURBIO";"COLISÃO";"0,0";"0,0";"0,0";"0,0";"0,0";"0,0";"0,0";"0,0";"0,0";"1,0";"0,0";"";"";"";"";"";"";"";"";"";"";"";""
"202415457,0";"2024-06-11";"06:43:00";"COM VÍTIMA";"FINALIZADA";"MADALENA";"RUA JOAO IVO DA SILVA";"";"RUA PANDIA CALOGERAS";"PROX A CLINICA CORPO EM EQUILIBRIO";"MADALENA";"";"";"COLISÃO TRASEIRA";"1,0";"1,0";"0,0";"0,0";"0,0";"0,0";"0,0";"0,0";"0,0";"1,0";"0,0";"";"";"";"";"";"";"";"";"";"";"";""
"202415458,0";"2024-06-11";"06:43:00";"COM VÍTIMA";"FINALIZADA";"VASCO DA GAMA";"AV NORTE MIGUEL ARRAES DE ALENCAR";"";"";"EM FRENTE A IGREJA QUADRANGULAR";"VASCO DA GAMA";"";"";"COLISÃO LATERAL";"0,0";"1,0";"0,0";"0,0";"0,0";"0,0";"0,0";"0,0";"0,0";"1,0";"0,0";"";"";"";"";"";"";"";"";"";"";"";""
"202415465,0";"2024-06-11";"07:21:00";"COM VÍTIMA";"FINALIZADA";"IBURA";"RUA EXP FRANCISCO VITORIANO";"";"";"PROX. AO SUPERMERCADO TREVO";"IBURA";"";"";"COLISÃO LATERAL";"0,0";"1,0";"0,0";"0,0";"0,0";"0,0";"0,0";"0,0";"0,0";"1,0";"0,0";"";"";"";"";"";"";"";"";"";"";"";""
"202415466,0";"2024-06-11";"07:25:00";"COM VÍTIMA";"FINALIZADA";"IMBIRIBEIRA";"AV MARECHAL MASCARENHAS DE MORAES";"";"";"SENT. AEROPORTO, PROX. AOS CORREIOS E A HONDA";"IMBIRIBEIRA";"";"";"COLISÃO LATERAL";"0,0";"1,0";"0,0";"0,0";"0,0";"0,0";"0,0";"0,0";"0,0";"1,0";"0,0";"";"";"";"";"";"";"";"";"";"";"";""
"202415468,0";"2024-06-11";"07:37:00";"COM VÍTIMA";"FINALIZADA";"ENGENHO DO MEIO";"AV VISCONDE DE SAO LEOPOLDO";"S/N";"";"PRÓX A UPA DOS TORRÕES  //  PRÓX. AO LOVE SKY HOTEL";"ENGENHO DO MEIO";"";"";"COLISÃO";"0,0";"1,0";"0,0";"0,0";"0,0";"0,0";"0,0";"0,0";"0,0";"1,0";"0,0";"";"";"";"";"";"";"";"";"";"";"";""
"202415471,0";"2024-06-11";"07:48:00";"COM VÍTIMA";"FINALIZADA";"IPUTINGA";"RUA AMBROSIO MACHADO";"";"";"PROX. AO CANAL DO CAVOUCO, E OFICINA MOTO AÇÃO";"IPUTINGA";"";"";"COLISÃO LATERAL";"0,0";"1,0";"0,0";"0,0";"0,0";"0,0";"0,0";"0,0";"0,0";"1,0";"0,0";"";"";"";"";"";"";"";"";"";"";"";""
"202415475,0";"2024-06-11";"08:33:00";"COM VÍTIMA";"FINALIZADA";"IPUTINGA";"AV MAURICIO DE NASSAU";"2075";"";"NA FRENTE A FUDAÇÃO ALTINO VENTURA";"IPUTINGA";"";"";"COLISÃO LATERAL";"1,0";"1,0";"0,0";"0,0";"0,0";"0,0";"0,0";"0,0";"0,0";"2,0";"0,0";"";"";"";"";"";"";"";"";"";"";"";""
"202415481,0";"2024-06-11";"08:59:00";"COM VÍTIMA";"FINALIZADA";"PORTO DA MADEIRA";"AV BEBERIBE";"";"";"PROX. AO BAR DALVA DE OLIVEIRA E SESC";"PORTO DA MADEIRA";"";"";"COLISÃO LATERAL";"0,0";"1,0";"0,0";"0,0";"0,0";"0,0";"0,0";"0,0";"0,0";"1,0";"0,0";"";"";"";"";"";"";"";"";"";"";"";""
"202415486,0";"2024-06-11";"09:27:00";"COM VÍTIMA";"FINALIZADA";"IPSEP";"RUA DR RAPOSO PINTO";"";"";"EM FRENTE A LEO CHOPP";"IPSEP";"";"";"COLISÃO LATERAL";"0,0";"1,0";"0,0";"0,0";"0,0";"0,0";"0,0";"0,0";"0,0";"1,0";"0,0";"";"";"";"";"";"";"";"";"";"";"";""
"202415495,0";"2024-06-11";"10:04:00";"COM VÍTIMA";"FINALIZADA";"BOA VIAGEM";"RUA BALTAZAR PASSOS";"";"RUA SETUBAL";"NÃO SABE INFO";"BOA VIAGEM";"";"";"COLISÃO FRONTAL";"2,0";"0,0";"0,0";"0,0";"0,0";"0,0";"0,0";"0,0";"0,0";"1,0";"0,0";"";"";"";"";"";"";"";"";"";"";"";""
"202415501,0";"2024-06-11";"11:14:00";"SEM VÍTIMA";"FINALIZADA";"JORDAO";"AV GOVERNADOR TORRES GALVAO";"6";"";"PROX AO TERMINAL DE ONIBUS DE JORDÃO BAIXO";"JORDAO";"";"";"COLISÃO LATERAL";"0,0";"0,0";"0,0";"0,0";"0,0";"0,0";"1,0";"1,0";"0,0";"0,0";"0,0";"";"";"";"";"";"";"";"";"";"";"";""
"202415505,0";"2024-06-11";"11:30:00";"SEM VÍTIMA";"FINALIZADA";"MADALENA";"RUA BENFICA";"";"";"EM FRENTE AO CLUBE INTERNACIONAL";"MADALENA";"";"";"COLISÃO LATERAL";"1,0";"0,0";"0,0";"0,0";"0,0";"0,0";"0,0";"0,0";"1,0";"0,0";"0,0";"";"";"";"";"";"";"";"";"";"";"";""
"202415513,0";"2024-06-11";"12:27:00";"COM VÍTIMA";"FINALIZADA";"PARNAMIRIM";"RUA LEONARDO BEZERRA CAVALCANTE";"659";"";"EM FRENTE AO NUMERO 634 // ACADEMIA MATCH FIT , PLAZA SHOPPING";"PARNAMIRIM";"";"";"COLISÃO";"0,0";"1,0";"0,0";"0,0";"0,0";"0,0";"0,0";"0,0";"0,0";"1,0";"0,0";"";"";"";"";"";"";"";"";"";"";"";""
"202415516,0";"2024-06-11";"12:35:00";"COM VÍTIMA";"FINALIZADA";"NOVA DESCOBERTA";"RUA ALTO DA BRASILEIRA";"";"";"AO LADO DO MERCADINHO REI DO PREÇO / ALTO DA BRASILEIRA";"NOVA DESCOBERTA";"";"";"COLISÃO";"0,0";"0,0";"0,0";"0,0";"0,0";"0,0";"1,0";"0,0";"0,0";"1,0";"0,0";"";"";"";"";"";"";"";"";"";"";"";""
"202415517,0";"2024-06-11";"12:44:00";"COM VÍTIMA";"FINALIZADA";"IPUTINGA";"AV LUIZ DE LACERDA";"";"RUA PROFESSOR MUSSA HAZIN";"PRÓXIMO À CRECHE DA PREFEITURA";"IPUTINGA";"";"";"COLISÃO";"1,0";"1,0";"0,0";"0,0";"0,0";"0,0";"0,0";"0,0";"0,0";"1,0";"0,0";"";"";"";"";"";"";"";"";"";"";"";""
"202415519,0";"2024-06-11";"12:45:00";"COM VÍTIMA";"FINALIZADA";"PINA";"AVENIDA CELSO FURTADO (VIA MANGUE)";"";"";"NA VIA MANGUE, NO FINAL DA RUA TOME GIBSON";"PINA";"";"";"COLISÃO";"0,0";"1,0";"0,0";"0,0";"0,0";"0,0";"0,0";"0,0";"0,0";"1,0";"0,0";"";"";"";"";"";"";"";"";"";"";"";""
"202415520,0";"2024-06-11";"12:47:00";"COM VÍTIMA";"DUPLICIDADE";"IPUTINGA";"AV CAXANGA";"4210";"";"SENTIDO CAMARAGIBE //  RUA AO,LADO DA NISSAN CAXANGA";"IPUTINGA";"";"";"COLISÃO";"0,0";"1,0";"0,0";"0,0";"0,0";"0,0";"0,0";"0,0";"0,0";"1,0";"0,0";"";"";"";"";"";"";"";"";"";"";"";""
"202415522,0";"2024-06-11";"12:49:00";"COM VÍTIMA";"FINALIZADA";"VARZEA";"AV PROFESSOR ARTUR DE SA";"";"";"EM FRENTE AO CEMITERIO DA VARZEA";"VARZEA";"";"";"COLISÃO";"0,0";"1,0";"0,0";"0,0";"0,0";"0,0";"0,0";"0,0";"0,0";"1,0";"0,0";"";"";"";"";"";"";"";"";"";"";"";""
"202415524,0";"2024-06-11";"01:07:00";"COM VÍTIMA";"FINALIZADA";"SANTO AMARO";"RUA DOS PALMARES";"";"";"";"SANTO AMARO";"";"";"COLISÃO";"0,0";"1,0";"0,0";"1,0";"0,0";"0,0";"0,0";"0,0";"0,0";"1,0";"0,0";"";"";"";"";"";"";"";"";"";"";"";""
"202415530,0";"2024-06-11";"01:41:00";"COM VÍTIMA";"DUPLICIDADE";"PINA";"AVENIDA CELSO FURTADO (VIA MANGUE)";"30";"";"NA VIA MANGUE NO FINAL DA RUA TOME GIBSON";"PINA";"";"";"COLISÃO";"0,0";"1,0";"0,0";"0,0";"0,0";"0,0";"0,0";"0,0";"0,0";"1,0";"0,0";"";"";"";"";"";"";"";"";"";"";"";""
"202415538,0";"2024-06-11";"02:43:00";"COM VÍTIMA";"FINALIZADA";"ENCRUZILHADA";"AV NORTE MIGUEL ARRAES DE ALENCAR";"";"";"E/F A CONCESSIONARIA RENALT S/T CID";"ENCRUZILHADA";"";"";"COLISÃO TRASEIRA";"0,0";"1,0";"0,0";"0,0";"0,0";"0,0";"1,0";"0,0";"0,0";"2,0";"0,0";"";"";"";"";"";"";"";"";"";"";"";""
"202415547,0";"2024-06-11";"04:34:00";"SEM VÍTIMA";"CANCELADA";"BAIRRO DO RECIFE";"CAIS DO APOLO";"";"";"";"BAIRRO DO RECIFE";"";"";"COLISÃO";"2,0";"0,0";"0,0";"0,0";"0,0";"0,0";"0,0";"0,0";"0,0";"0,0";"0,0";"";"";"";"";"";"";"";"";"";"";"";""
"202415562,0";"2024-06-11";"06:11:00";"COM VÍTIMA";"CANCELADA";"BEBERIBE";"AV BEBERIBE";"";"";"EM FRENTE AO ECO POSTO // AO LADO DA MAX SAUDE";"BEBERIBE";"";"";"COLISÃO";"0,0";"1,0";"0,0";"0,0";"0,0";"0,0";"0,0";"0,0";"0,0";"1,0";"0,0";"";"";"";"";"";"";"";"";"";"";"";""
"202415563,0";"2024-06-11";"06:22:00";"COM VÍTIMA";"FINALIZADA";"ILHA DO LEITE";"AV GOVERNADOR AGAMENON MAGALHAES";"";"";"NA DESCIDA DO VIADUTO CAPITÃO TEMUDO EM FRENTE EMPRESARIAL ALFRED NOBEL";"ILHA DO LEITE";"";"";"COLISÃO TRASEIRA";"1,0";"1,0";"0,0";"0,0";"0,0";"0,0";"0,0";"0,0";"0,0";"1,0";"0,0";"";"";"";"";"";"";"";"";"";"";"";""
"202415564,0";"2024-06-11";"06:22:00";"COM VÍTIMA";"CANCELADA";"GUABIRABA";"AV DA RECUPERACAO";"S/N";"";"EM FRENTE A UM CENTRO DE DISTRIBUIÇÃO";"GUABIRABA";"";"";"COLISÃO";"0,0";"1,0";"0,0";"0,0";"0,0";"0,0";"0,0";"0,0";"0,0";"1,0";"0,0";"";"";"";"";"";"";"";"";"";"";"";""
"202415565,0";"2024-06-11";"06:31:00";"COM VÍTIMA";"CANCELADA";"CASA AMARELA";"AV NORTE MIGUEL ARRAES DE ALENCAR";"6397";"";"EM FRENTE AO BOX NORTE // PROXIMO A MATERNIDADE BARROS LIMA // SENTIDO MACAXEIRA";"CASA AMARELA";"";"";"COLISÃO";"0,0";"1,0";"0,0";"0,0";"0,0";"0,0";"0,0";"0,0";"0,0";"1,0";"0,0";"";"";"";"";"";"";"";"";"";"";"";""
"202415567,0";"2024-06-11";"06:43:00";"SEM VÍTIMA";"FINALIZADA";"BOA VISTA";"RUA MARTINS JUNIOR";"";"RUA DO HOSPICIO";"LADO OPOSTO AO NÚMERO 105";"BOA VISTA";"";"CIDADE";"CHOQUE";"1,0";"1,0";"0,0";"0,0";"0,0";"0,0";"0,0";"0,0";"0,0";"0,0";"0,0";"";"";"";"";"";"";"";"";"";"";"";""
"202415568,0";"2024-06-11";"06:48:00";"COM VÍTIMA";"FINALIZADA";"ARRUDA";"RUA ANA MAURICIA WANDERLEY";"173";"";"PROXIMO AO MERCADINHO DOIS IRMÃOS // ESCOLA ANA NERY";"ARRUDA";"";"";"COLISÃO";"0,0";"1,0";"0,0";"0,0";"0,0";"0,0";"0,0";"0,0";"0,0";"1,0";"0,0";"";"";"";"";"";"";"";"";"";"";"";""
"202415573,0";"2024-06-11";"08:47:00";"SEM VÍTIMA";"FINALIZADA";"SANTO AMARO";"AV CRUZ CABUGA";"";"";"VICE GOVERNADORIA";"SANTO AMARO";"";"";"COLISÃO";"0,0";"0,0";"0,0";"0,0";"0,0";"0,0";"0,0";"0,0";"0,0";"0,0";"0,0";"";"";"";"";"";"";"";"";"";"";"";""
"202415586,0";"2024-06-12";"06:58:00";"COM VÍTIMA";"FINALIZADA";"VARZEA";"RUA MARIO CAMPELO";"";"";"EM FRENTE AO INSTITUTO BRENNAND";"VARZEA";"";"";"COLISÃO LATERAL";"0,0";"1,0";"0,0";"0,0";"0,0";"0,0";"0,0";"0,0";"0,0";"1,0";"0,0";"";"";"";"";"";"";"";"";"";"";"";""
"202415587,0";"2024-06-12";"07:10:00";"COM VÍTIMA";"FINALIZADA";"SANTO AMARO";"AV GOVERNADOR AGAMENON MAGALHAES";"";"";"EM FRENTE A UPE, SENT. OLINDA";"SANTO AMARO";"";"";"COLISÃO LATERAL";"1,0";"1,0";"0,0";"0,0";"0,0";"0,0";"0,0";"0,0";"0,0";"1,0";"0,0";"";"";"";"";"";"";"";"";"";"";"";""
"202415588,0";"2024-06-12";"07:12:00";"COM VÍTIMA";"FINALIZADA";"BOA VIAGEM";"AV BOA VIAGEM";"";"";"EM FRENTE A IGREJA FAMÍLIA 61   E PROX AO TERRENO BALDIO ONDE CAIU O AVIÃO";"BOA VIAGEM";"";"";"COLISÃO";"0,0";"1,0";"0,0";"0,0";"0,0";"0,0";"0,0";"0,0";"0,0";"1,0";"0,0";"";"";"";"";"";"";"";"";"";"";"";""
"202415602,0";"2024-06-12";"08:17:00";"COM VÍTIMA";"FINALIZADA";"MADALENA";"RUA DOM MANOEL DA COSTA";"513";"";"PROX. AO CENTRO DE CONVIVENCIA FLOR DE LOTUS";"MADALENA";"";"";"COLISÃO TRASEIRA";"1,0";"1,0";"0,0";"0,0";"0,0";"0,0";"0,0";"0,0";"0,0";"1,0";"0,0";"";"";"";"";"";"";"";"";"";"";"";""
"202415605,0";"2024-06-12";"08:32:00";"COM VÍTIMA";"DUPLICIDADE";"TORRE";"RUA DOM MANOEL DA COSTA";"513";"";"EM FRENTE AO CENTRO DE CONVENIENCIA FLOR DE LOTUS";"TORRE";"";"";"COLISÃO TRASEIRA";"1,0";"1,0";"0,0";"0,0";"0,0";"0,0";"0,0";"0,0";"0,0";"1,0";"0,0";"";"";"";"";"";"";"";"";"";"";"";""
"202415615,0";"2024-06-12";"10:05:00";"COM VÍTIMA";"FINALIZADA";"BOA VIAGEM";"AV ENGENHEIRO DOMINGOS FERREIRA";"";"";"CRUZAMENTO COM PADRE BERNARDINO PESSOA EM FRENTE A PAMESA";"BOA VIAGEM";"";"";"COLISÃO";"0,0";"1,0";"0,0";"0,0";"0,0";"0,0";"0,0";"0,0";"0,0";"1,0";"0,0";"";"";"";"";"";"";"";"";"";"";"";""
"202415616,0";"2024-06-12";"10:15:00";"COM VÍTIMA";"FINALIZADA";"PRADO";"AV ENGENHEIRO ABDIAS DE CARVALHO";"";"";"PROX. AO TROCAO";"PRADO";"";"";"COLISÃO";"0,0";"1,0";"0,0";"0,0";"0,0";"0,0";"0,0";"0,0";"0,0";"1,0";"0,0";"";"";"";"";"";"";"";"";"";"";"";""
"202415618,0";"2024-06-12";"10:30:00";"COM VÍTIMA";"FINALIZADA";"JORDAO";"AV DONA CARENTINA";"";"";"JORDÃO BAIXO //  PROX A ESCOLA ALBERTO SILVEIRA  //  AO LADO DO NÚCLEO DA POLÍCIA";"JORDAO";"";"";"COLISÃO";"0,0";"1,0";"0,0";"0,0";"0,0";"0,0";"0,0";"0,0";"0,0";"1,0";"0,0";"";"";"";"";"";"";"";"";"";"";"";""
"202415619,0";"2024-06-12";"10:31:00";"SEM VÍTIMA";"FINALIZADA";"SAO JOSE";"RUA SANTA RITA";"";"";"EM FRENTE A CAPITANIA DOS PORTOS - PATROMORIA";"SAO JOSE";"";"CIDADE";"COLISÃO TRASEIRA";"1,0";"0,0";"0,0";"0,0";"0,0";"0,0";"0,0";"1,0";"0,0";"0,0";"0,0";"";"";"";"";"";"";"";"";"";"";"";""
"202415623,0";"2024-06-12";"11:18:00";"COM VÍTIMA";"FINALIZADA";"IPSEP";"RUA JEAN EMILE FAVRE";"1343";"RUA FELIX PACHECO";"EM FRENTE AO SUPERMERCADO IGUAÇU / AO LADO DA FARMACIA DROGASIL  PROX A ACADEMIA HI";"IPSEP";"";"";"COLISÃO FRONTAL";"1,0";"1,0";"0,0";"0,0";"0,0";"0,0";"0,0";"0,0";"0,0";"1,0";"0,0";"";"";"";"";"";"";"";"";"";"";"";""
"202415631,0";"2024-06-12";"01:20:00";"COM VÍTIMA";"FINALIZADA";"MADALENA";"RUA DOM MANOEL DA COSTA";"349";"RUA PADRE LANDIM";"NA ESQUINA DO COLEGIO PAROQUIAL CRISTO REI";"MADALENA";"";"";"COLISÃO LATERAL";"1,0";"1,0";"0,0";"0,0";"0,0";"0,0";"0,0";"0,0";"0,0";"1,0";"0,0";"";"";"";"";"";"";"";"";"";"";"";""
"202415634,0";"2024-06-12";"01:57:00";"COM VÍTIMA";"FINALIZADA";"IPUTINGA";"RUA LEAL DE BARROS";"177";"";"EM FRENTE A ESCOLA ESPOR MENTE";"IPUTINGA";"";"";"COLISÃO LATERAL";"0,0";"1,0";"0,0";"0,0";"0,0";"0,0";"1,0";"0,0";"0,0";"1,0";"0,0";"";"";"";"";"";"";"";"";"";"";"";""
"202415642,0";"2024-06-12";"03:05:00";"COM VÍTIMA";"FINALIZADA";"BOA VIAGEM";"AV BOA VIAGEM";"";"";"PROX AO RESTAURANTE TATU BOLA  SENTIDO PINA";"BOA VIAGEM";"";"SUBURBIO";"COLISÃO LATERAL";"1,0";"1,0";"0,0";"0,0";"0,0";"0,0";"0,0";"0,0";"0,0";"1,0";"0,0";"";"";"";"";"";"";"";"";"";"";"";""
"202415651,0";"2024-06-12";"05:44:00";"COM VÍTIMA";"FINALIZADA";"AFOGADOS";"RUA COSME VIANA";"670";"";"EM FRENTE A TUPAN";"AFOGADOS";"";"";"COLISÃO";"0,0";"1,0";"0,0";"0,0";"0,0";"0,0";"0,0";"0,0";"0,0";"1,0";"0,0";"";"";"";"";"";"";"";"";"";"";"";""
"202415652,0";"2024-06-12";"06:26:00";"COM VÍTIMA";"FINALIZADA";"SAO JOSE";"AV MARTINS DE BARROS";"S/N";"";"EM FRENTE AO  FORUM THOMAS DE AQUINO";"SAO JOSE";"";"";"COLISÃO";"0,0";"1,0";"0,0";"0,0";"0,0";"0,0";"0,0";"0,0";"0,0";"1,0";"0,0";"";"";"";"";"";"";"";"";"";"";"";""
"202415653,0";"2024-06-12";"06:44:00";"COM VÍTIMA";"FINALIZADA";"IBURA";"AV DOIS RIOS";"595";"";"EM FRENTE A IGREJA DOS MORMOS  // PROXIMO A ENTRADA DO SESI";"IBURA";"";"";"COLISÃO";"0,0";"1,0";"0,0";"0,0";"0,0";"0,0";"0,0";"0,0";"0,0";"1,0";"0,0";"";"";"";"";"";"";"";"";"";"";"";""
"202415656,0";"2024-06-12";"06:58:00";"COM VÍTIMA";"FINALIZADA";"IMBIRIBEIRA";"PRC MINISTRO SALGADO FILHO";"S/N";"";"EM FRENTE AO AEROPORTO";"IMBIRIBEIRA";"";"";"COLISÃO LATERAL";"0,0";"1,0";"0,0";"0,0";"0,0";"1,0";"0,0";"0,0";"0,0";"1,0";"0,0";"";"";"";"";"";"";"";"";"";"";"";""
"202415664,0";"2024-06-12";"09:44:00";"COM VÍTIMA";"FINALIZADA";"SITIO DOS PINTOS";"RUA MANUEL DE MEDEIROS";"";"";"APOS A UFRPE, SENTIDO CAXANGA";"SITIO DOS PINTOS";"";"";"COLISÃO";"1,0";"1,0";"0,0";"0,0";"0,0";"0,0";"0,0";"0,0";"0,0";"2,0";"0,0";"";"";"";"";"";"";"";"";"";"";"";""
"202415692,0";"2024-06-13";"08:31:00";"COM VÍTIMA";"FINALIZADA";"IMBIRIBEIRA";"RUA JOSE DA SILVA LUCENA";"377";"";"PRÓX AO COLÉGIO GGE // PRÓX A EMPRESA LITÍGIO";"IMBIRIBEIRA";"";"";"COLISÃO";"0,0";"1,0";"0,0";"0,0";"0,0";"0,0";"0,0";"0,0";"0,0";"1,0";"0,0";"";"";"";"";"";"";"";"";"";"";"";""