"Protocolo";"data";"hora";"natureza";"situacao";"bairro";"endereco";"numero";"detalhe_endereco_acidente";"complemento";"bairro_cruzamento";"num_semaforo";"sentido_via";"tipo";"auto";"moto";"ciclom";"ciclista";"pedestre";"onibus";"caminhao";"viatura";"outros";"vitimas";"vitimasfatais";"acidente_verificado";"tempo_clima";"situacao_semaforo";"sinalizacao";"condicao_via";"conservacao_via";"ponto_controle";"situacao_placa";"velocidade_max_via";"mao_direcao";"divisao_via1";"divisao_via2"
"202415694,0";"2024-06-13";"08:49:00";"COM VÍTIMA";"FINALIZADA";"AREIAS";"AV DR JOSE RUFINO";"";"";"PROX A LOJA AMERICANAS  E PROX AO BANCO BRADESCO";"AREIAS";"";"";"COLISÃO";"0,0";"1,0";"0,0";"0,0";"0,0";"0,0";"0,0";"0,0";"0,0";"1,0";"0,0";"";"";"";"";"";"";"";"";"";"";"";""
"202415698,0";"2024-06-13";"09:14:00";"COM VÍTIMA";"FINALIZADA";"ENGENHO DO MEIO";"AV VISCONDE DE SAO LEOPOLDO";"1387";"";"PRÓX AO RETPORNO DA REITORIA DA UFPE";"ENGENHO DO MEIO";"";"";"COLISÃO";"0,0";"1,0";"0,0";"0,0";"0,0";"0,0";"0,0";"0,0";"0,0";"1,0";"0,0";"";"";"";"";"";"";"";"";"";"";"";""
"202415705,0";"2024-06-13";"10:09:00";"COM VÍTIMA";"FINALIZADA";"IMBIRIBEIRA";"RUA JOAQUIM BANDEIRA";"268A";"AV SUL";"PROX AO ESCRITORIO DE ADVOCANCIA MICHELE PEDROSA / PROX A OFICINA SILVA CAR";"IMBIRIBEIRA";"";"";"COLISÃO LATERAL";"1,0";"1,0";"0,0";"0,0";"0,0";"0,0";"0,0";"0,0";"0,0";"1,0";"0,0";"";"";"";"";"";"";"";"";"";"";"";""
"202415718,0";"2024-06-13";"10:59:00";"COM VÍTIMA";"FINALIZADA";"IPSEP";"RUA RIO TOCANTINS";"95";"";"EM FRENTE A ODONTO LIFE  //  PROX A ESQUINA MARINGAR AUTO PEÇAS";"IPSEP";"";"";"COLISÃO";"0,0";"1,0";"0,0";"0,0";"0,0";"0,0";"0,0";"0,0";"0,0";"1,0";"0,0";"";"";"";"";"";"";"";"";"";"";"";""
"202415729,0";"2024-06-13";"01:35:00";"COM VÍTIMA";"FINALIZADA";"IMBIRIBEIRA";"RUA ANTONIO FALCAO";"";"RUA FRANCISCO DA CUNHA";"";"IMBIRIBEIRA";"";"";"ATROPELAMENTO DE PESSOA";"1,0";"0,0";"0,0";"0,0";"1,0";"0,0";"0,0";"0,0";"0,0";"1,0";"0,0";"";"";"";"";"";"";"";"";"";"";"";""
"202415738,0";"2024-06-13";"03:18:00";"COM VÍTIMA";"FINALIZADA";"DERBY";"AV GOVERNADOR AGAMENON MAGALHAES";"";"AV GOVERNADOR CARLOS DE LIMA CAVALCANTI";"";"DERBY";"";"";"ATROPELAMENTO DE PESSOA";"0,0";"0,0";"0,0";"0,0";"1,0";"1,0";"0,0";"0,0";"0,0";"1,0";"0,0";"";"";"";"";"";"";"";"";"";"";"";""
"202415752,0";"2024-06-13";"05:48:00";"COM VÍTIMA";"FINALIZADA";"IBURA";"RUA EMILIO MONTEIRO FONSECA";"460";"";"PROXIMO AO MERCADINHO DO DEQUE // PROXIMO A ASSEMBLEIA DE DEUS";"IBURA";"";"";"COLISÃO";"0,0";"1,0";"0,0";"0,0";"0,0";"0,0";"0,0";"0,0";"0,0";"1,0";"0,0";"";"";"";"";"";"";"";"";"";"";"";""
"202415772,0";"2024-06-13";"10:44:00";"COM VÍTIMA";"CANCELADA";"BOA VIAGEM";"RUA VISCONDE DE JEQUITINHONHA";"";"";"POR TRÁS DO PARQUE DONA LINDU - PISTA OESTE";"BOA VIAGEM";"";"";"COLISÃO";"0,0";"2,0";"0,0";"0,0";"0,0";"0,0";"0,0";"0,0";"0,0";"2,0";"0,0";"";"";"";"";"";"";"";"";"";"";"";""
"202415794,0";"2024-06-14";"07:06:00";"COM VÍTIMA";"FINALIZADA";"NOVA DESCOBERTA";"AV VEREADOR OTACILIO AZEVEDO";"";"";"PROX AO MOTEL BORA LA";"NOVA DESCOBERTA";"";"";"COLISÃO FRONTAL";"0,0";"1,0";"0,0";"0,0";"0,0";"1,0";"0,0";"0,0";"0,0";"1,0";"0,0";"";"";"";"";"";"";"";"";"";"";"";""
"202415820,0";"2024-06-14";"10:04:00";"COM VÍTIMA";"FINALIZADA";"SANTO AMARO";"RUA ODORICO MENDES";"";"";"NO CRUZAMENTO DA AGAMENON MAGALHAES PROX AO CLUBE DAS PAZ SENTIDO SHOPPING TACARUNA";"SANTO AMARO";"";"";"COLISÃO";"0,0";"1,0";"0,0";"0,0";"0,0";"0,0";"0,0";"0,0";"0,0";"1,0";"0,0";"";"";"";"";"";"";"";"";"";"";"";""
"202415821,0";"2024-06-14";"10:26:00";"SEM VÍTIMA";"FINALIZADA";"IMBIRIBEIRA";"EST DO FRIGORIFICO";"54";"";"ASSEMBLEIA DE DEUS NOVO TEMPO";"IMBIRIBEIRA";"";"SUBURBIO";"COLISÃO TRASEIRA";"1,0";"0,0";"0,0";"0,0";"0,0";"0,0";"1,0";"0,0";"0,0";"0,0";"0,0";"";"";"";"";"";"";"";"";"";"";"";""
"202415822,0";"2024-06-14";"10:33:00";"COM VÍTIMA";"FINALIZADA";"JORDAO";"AV BEIRA RIO";"";"RUA ANTONIO ROCHA";"EM FRENTE AO PLATOR FORTE";"JORDAO";"";"";"COLISÃO";"1,0";"1,0";"0,0";"0,0";"0,0";"0,0";"0,0";"0,0";"0,0";"1,0";"0,0";"";"";"";"";"";"";"";"";"";"";"";""
"202415836,0";"2024-06-14";"11:41:00";"COM VÍTIMA";"FINALIZADA";"CAMPO GRANDE";"RUA MARECHAL DEODORO";"";"";"EM FRENTE A ESCOLA DOM CARLOS COELHO";"CAMPO GRANDE";"";"";"COLISÃO FRONTAL";"1,0";"1,0";"0,0";"0,0";"0,0";"0,0";"0,0";"0,0";"0,0";"1,0";"0,0";"";"";"";"";"";"";"";"";"";"";"";""
"202415849,0";"2024-06-14";"02:10:00";"COM VÍTIMA";"FINALIZADA";"ILHA DO RETIRO";"RUA ASTORGA";"169";"";"RUA DO RESTAURANTE MINEIRO";"ILHA DO RETIRO";"";"";"COLISÃO LATERAL";"2,0";"0,0";"0,0";"0,0";"0,0";"0,0";"0,0";"0,0";"0,0";"1,0";"0,0";"";"";"";"";"";"";"";"";"";"";"";""
"202415850,0";"2024-06-14";"02:34:00";"COM VÍTIMA";"FINALIZADA";"IBURA";"AV DOIS RIOS";"801";"";"IBURA DE BAIXO // PROXIMO A POLICLINICA";"IBURA";"";"";"COLISÃO";"0,0";"1,0";"0,0";"0,0";"0,0";"0,0";"0,0";"0,0";"0,0";"1,0";"0,0";"";"";"";"";"";"";"";"";"";"";"";""
"202415851,0";"2024-06-14";"02:36:00";"SEM VÍTIMA";"FINALIZADA";"COQUEIRAL";"RUA PLANURA";"448";"";"EM FRENTE AO Nº 448";"COQUEIRAL";"";"SUBURBIO";"CHOQUE";"0,0";"0,0";"0,0";"0,0";"0,0";"0,0";"1,0";"0,0";"0,0";"0,0";"0,0";"";"";"";"";"";"";"";"";"";"";"";""
"202415860,0";"2024-06-14";"04:34:00";"COM VÍTIMA";"FINALIZADA";"DOIS IRMAOS";"RUA MANUEL DE MEDEIROS";"";"";"EM FRENTE A FACULDADE RURAL";"DOIS IRMAOS";"";"";"COLISÃO";"0,0";"1,0";"0,0";"0,0";"0,0";"0,0";"0,0";"0,0";"0,0";"1,0";"0,0";"";"";"";"";"";"";"";"";"";"";"";""
"202415864,0";"2024-06-14";"05:05:00";"COM VÍTIMA";"FINALIZADA";"IPUTINGA";"AV MAURICIO DE NASSAU";"1199";"";"POR TRAS DO MIX MATEUS // PROXIMO AO ALTINO VENTURA";"IPUTINGA";"";"";"COLISÃO";"0,0";"1,0";"0,0";"0,0";"0,0";"0,0";"0,0";"0,0";"0,0";"1,0";"0,0";"";"";"";"";"";"";"";"";"";"";"";""
"202415865,0";"2024-06-14";"05:07:00";"COM VÍTIMA";"FINALIZADA";"SANTO AMARO";"RUA DOS PALMARES";"453";"";"PROXIMO A LOJA VOLPSWSEAM // PROXIMO A AUTO ESCOLA CETRAM";"SANTO AMARO";"";"";"COLISÃO";"0,0";"1,0";"0,0";"0,0";"0,0";"0,0";"0,0";"0,0";"0,0";"1,0";"0,0";"";"";"";"";"";"";"";"";"";"";"";""
"202415870,0";"2024-06-14";"05:35:00";"COM VÍTIMA";"FINALIZADA";"BOA VIAGEM";"AV BOA VIAGEM";"";"";"EM FRENTE AO BANHEIRO 6 // QUIOSQUE 4";"BOA VIAGEM";"";"";"QUEDA";"0,0";"1,0";"0,0";"0,0";"1,0";"0,0";"0,0";"0,0";"0,0";"1,0";"0,0";"";"";"";"";"";"";"";"";"";"";"";""
"202415872,0";"2024-06-14";"05:39:00";"COM VÍTIMA";"FINALIZADA";"MACAXEIRA";"AV NORTE MIGUEL ARRAES DE ALENCAR";"";"";"EM FRENTE A ANTIGA INTEGRAÇÃO DA MACAXEIRA";"MACAXEIRA";"";"CIDADE";"COLISÃO TRASEIRA";"1,0";"1,0";"0,0";"0,0";"0,0";"0,0";"0,0";"0,0";"0,0";"1,0";"0,0";"";"";"";"";"";"";"";"";"";"";"";""
"202415874,0";"2024-06-14";"05:54:00";"COM VÍTIMA";"FINALIZADA";"CASA AMARELA";"AV NORTE MIGUEL ARRAES DE ALENCAR";"6661";"";"PROXIMO A FARMACIA IDEAL // PROXIMO A IGREJA QUADRANGULAR";"CASA AMARELA";"";"";"QUEDA";"0,0";"1,0";"0,0";"0,0";"0,0";"0,0";"0,0";"0,0";"0,0";"1,0";"0,0";"";"";"";"";"";"";"";"";"";"";"";""
"202415879,0";"2024-06-14";"06:14:00";"COM VÍTIMA";"FINALIZADA";"ROSARINHO";"RUA COUTO MAGALHAES";"76";"";"PADARIA DO INDIO // CAMPO DO SANTA CRUZ";"ROSARINHO";"";"";"COLISÃO";"0,0";"1,0";"0,0";"0,0";"0,0";"0,0";"0,0";"0,0";"0,0";"1,0";"0,0";"";"";"";"";"";"";"";"";"";"";"";""
"202415882,0";"2024-06-14";"06:31:00";"SEM VÍTIMA";"FINALIZADA";"SANTO AMARO";"AV CRUZ CABUGA";"";"RUA PEDRO AFONSO";"";"SANTO AMARO";"674,0";"SUBURBIO";"CHOQUE";"1,0";"0,0";"0,0";"0,0";"0,0";"0,0";"0,0";"0,0";"0,0";"0,0";"0,0";"";"";"";"";"";"";"";"";"";"";"";""
"202415892,0";"2024-06-14";"08:40:00";"SEM VÍTIMA";"FINALIZADA";"CASA FORTE";"RUA JERONIMO DE ALBUQUERQUE";"86";"";"PROX A IGREJA DE CASA FORTE";"CASA FORTE";"";"";"CAPOTAMENTO";"1,0";"0,0";"0,0";"0,0";"0,0";"0,0";"0,0";"0,0";"0,0";"0,0";"0,0";"";"";"";"";"";"";"";"";"";"";"";""
"202415895,0";"2024-06-14";"09:35:00";"COM VÍTIMA";"FINALIZADA";"BOA VISTA";"RUA AURORA";"";"";"EM FRENTE AO GINÁSIO PERNAMBUCANO";"BOA VISTA";"";"";"CHOQUE";"1,0";"0,0";"0,0";"0,0";"0,0";"0,0";"0,0";"0,0";"0,0";"1,0";"0,0";"";"";"";"";"";"";"";"";"";"";"";""
"202415897,0";"2024-06-14";"10:14:00";"COM VÍTIMA";"FINALIZADA";"BEBERIBE";"AV CIDADE DE MONTEIRO";"";"";"EM FRENTE AO ARMAZEM CORAL";"BEBERIBE";"";"";"COLISÃO";"1,0";"1,0";"0,0";"0,0";"0,0";"0,0";"0,0";"0,0";"0,0";"1,0";"0,0";"";"";"";"";"";"";"";"";"";"";"";""
"202415923,0";"2024-06-15";"07:34:00";"COM VÍTIMA";"FINALIZADA";"SAO JOSE";"TRV DO GUSMAO";"77";"";"BLOCO E / PROX A BARRACA DO ALEx";"SAO JOSE";"";"";"COLISÃO";"1,0";"0,0";"0,0";"0,0";"0,0";"0,0";"0,0";"0,0";"0,0";"1,0";"0,0";"";"";"";"";"";"";"";"";"";"";"";""
"202415937,0";"2024-06-15";"09:05:00";"COM VÍTIMA";"FINALIZADA";"CORDEIRO";"RUA ANTERO MOTA";"";"";"AO LADO DA EXPOSIÇÃO DE ANIMAIS DO CORDEIRO / PROX A DELEGACIA DO CORDEIRO";"CORDEIRO";"";"";"COLISÃO";"0,0";"1,0";"0,0";"0,0";"0,0";"0,0";"0,0";"0,0";"0,0";"1,0";"0,0";"";"";"";"";"";"";"";"";"";"";"";""
"202415938,0";"2024-06-15";"09:08:00";"COM VÍTIMA";"FINALIZADA";"PINA";"AV ANTONIO DE GOES";"";"";"NO TUNEL DO PINA / PROX A PASSARELA";"PINA";"";"";"COLISÃO";"0,0";"1,0";"0,0";"0,0";"0,0";"0,0";"0,0";"0,0";"0,0";"1,0";"0,0";"";"";"";"";"";"";"";"";"";"";"";""
"202415950,0";"2024-06-15";"10:33:00";"COM VÍTIMA";"FINALIZADA";"NOVA DESCOBERTA";"RUA LUIZ CESARIO DE MELO";"381";"";"EM FRENTE A BOLO E CIA";"NOVA DESCOBERTA";"";"";"COLISÃO FRONTAL";"1,0";"1,0";"0,0";"0,0";"0,0";"0,0";"0,0";"0,0";"0,0";"1,0";"0,0";"";"";"";"";"";"";"";"";"";"";"";""
"202415955,0";"2024-06-15";"10:52:00";"COM VÍTIMA";"FINALIZADA";"TORRE";"RUA PROFESSOR TRAJANO DE MENDONCA";"";"";"PROX AO ATACADOS DOS PRESENTES / E PROX AO POSTO SHELL";"TORRE";"";"";"COLISÃO";"0,0";"1,0";"0,0";"0,0";"0,0";"0,0";"0,0";"0,0";"0,0";"1,0";"0,0";"";"";"";"";"";"";"";"";"";"";"";""
"202415957,0";"2024-06-15";"10:56:00";"COM VÍTIMA";"FINALIZADA";"CASA AMARELA";"AV NORTE MIGUEL ARRAES DE ALENCAR";"6713";"";"EM FRENTE AO POSTO DE GASOLINA PETROBRAS";"CASA AMARELA";"";"";"COLISÃO LATERAL";"1,0";"1,0";"0,0";"0,0";"0,0";"0,0";"0,0";"0,0";"0,0";"1,0";"0,0";"";"";"";"";"";"";"";"";"";"";"";""
"202415968,0";"2024-06-15";"12:47:00";"COM VÍTIMA";"FINALIZADA";"ESTANCIA";"AV DR JOSE RUFINO";"";"";"EMBAIXO DO VIADUTO DA AV RECIFE";"ESTANCIA";"";"";"COLISÃO";"0,0";"1,0";"0,0";"0,0";"0,0";"0,0";"0,0";"0,0";"0,0";"1,0";"0,0";"";"";"";"";"";"";"";"";"";"";"";""
"202415971,0";"2024-06-15";"01:43:00";"COM VÍTIMA";"FINALIZADA";"TORROES";"AV ENGENHEIRO ABDIAS DE CARVALHO";"7264";"";"EM FRENTE A DLP VIAS E DESTILADOS // PROXIMO AO POSTO SHELL";"TORROES";"";"";"COLISÃO LATERAL";"1,0";"1,0";"0,0";"0,0";"0,0";"0,0";"0,0";"0,0";"0,0";"1,0";"0,0";"";"";"";"";"";"";"";"";"";"";"";""
"202415978,0";"2024-06-15";"02:21:00";"SEM VÍTIMA";"FINALIZADA";"BAIRRO DO RECIFE";"CAIS DO APOLO";"77";"";"EM FRENTE AO TRIBUNAL REGIONAL";"BAIRRO DO RECIFE";"";"";"COLISÃO TRASEIRA";"1,0";"0,0";"0,0";"0,0";"0,0";"0,0";"1,0";"0,0";"0,0";"0,0";"0,0";"";"";"";"";"";"";"";"";"";"";"";""
"202415979,0";"2024-06-15";"02:21:00";"COM VÍTIMA";"FINALIZADA";"AGUA FRIA";"EST VELHA DE AGUA FRIA";"";"";"PROXIMO A BOMBONIERE BELA ROSAS";"AGUA FRIA";"";"";"COLISÃO";"0,0";"1,0";"0,0";"0,0";"0,0";"0,0";"0,0";"0,0";"0,0";"1,0";"0,0";"";"";"";"";"";"";"";"";"";"";"";""
"202415985,0";"2024-06-15";"03:11:00";"COM VÍTIMA";"DUPLICIDADE";"BAIRRO DO RECIFE";"CAIS DO APOLO";"";"";"EM FRENTE AO TRIBUNAL REGIONAL";"BAIRRO DO RECIFE";"";"";"COLISÃO";"1,0";"0,0";"0,0";"0,0";"0,0";"0,0";"0,0";"0,0";"0,0";"1,0";"0,0";"";"";"";"";"";"";"";"";"";"";"";""
"202415986,0";"2024-06-15";"03:14:00";"COM VÍTIMA";"FINALIZADA";"IPSEP";"AV PRESIDENTE DUTRA";"104";"";"NA ESQUINA DO SAL & BRASA // EM FRENTE AO POSTO DE GASOLINA PETROBRÁS";"IPSEP";"";"";"COLISÃO";"0,0";"1,0";"0,0";"0,0";"0,0";"0,0";"0,0";"0,0";"0,0";"1,0";"0,0";"";"";"";"";"";"";"";"";"";"";"";""
"202415987,0";"2024-06-15";"03:31:00";"COM VÍTIMA";"FINALIZADA";"JARDIM SAO PAULO";"AV LIBERDADE";"";"";"EM FRENTE A IGREJA ASSEMBLEIA DE DEUS // AO LADO DA PIZZARIA ATLANTICA";"JARDIM SAO PAULO";"";"";"COLISÃO";"0,0";"1,0";"0,0";"0,0";"0,0";"0,0";"0,0";"0,0";"0,0";"1,0";"0,0";"";"";"";"";"";"";"";"";"";"";"";""
"202415990,0";"2024-06-15";"04:02:00";"COM VÍTIMA";"FINALIZADA";"SAO JOSE";"RUA IMPERIAL";"1551";"";"AO LADO DO FORTE DAS  CINCO PONTAS // EM FRENTE A IGREJA SAO JOSÉ  // CRUZAMENTO COM A RUA PEIXOTO";"SAO JOSE";"";"";"COLISÃO FRONTAL";"1,0";"1,0";"0,0";"0,0";"0,0";"0,0";"0,0";"0,0";"0,0";"2,0";"0,0";"";"";"";"";"";"";"";"";"";"";"";""
"202416006,0";"2024-06-15";"06:25:00";"COM VÍTIMA";"CANCELADA";"IBURA";"RUA DR BENIGNO JORDAO DE VASCONCELOS";"1000";"";"NA FRENTE DO NUMERO 1335 // EM FRENTE  COVENIENCIA DE CHATOU // LAGOA ENCANTADA ENTRE UR1 E UR2";"IBURA";"";"";"COLISÃO";"0,0";"1,0";"0,0";"0,0";"0,0";"0,0";"0,0";"0,0";"0,0";"1,0";"0,0";"";"";"";"";"";"";"";"";"";"";"";""
"202416043,0";"2024-06-16";"06:50:00";"COM VÍTIMA";"FINALIZADA";"IMBIRIBEIRA";"RUA JOAQUIM BANDEIRA";"";"";"EM FRENTE A ESTAÇÃO ANTONIO FALCAO, EMBAIXO DO PONTILHÃO";"IMBIRIBEIRA";"";"";"COLISÃO LATERAL";"1,0";"0,0";"0,0";"0,0";"0,0";"0,0";"1,0";"0,0";"0,0";"2,0";"0,0";"";"";"";"";"";"";"";"";"";"";"";""
"202416048,0";"2024-06-16";"07:55:00";"COM VÍTIMA";"FINALIZADA";"DERBY";"AV GOVERNADOR AGAMENON MAGALHAES";"";"";"PROX. AO HOSPITAL PORTUGUES";"DERBY";"";"";"COLISÃO LATERAL";"0,0";"1,0";"0,0";"0,0";"0,0";"0,0";"0,0";"0,0";"0,0";"1,0";"0,0";"";"";"";"";"";"";"";"";"";"";"";""
"202416059,0";"2024-06-16";"10:14:00";"COM VÍTIMA";"FINALIZADA";"ALTO JOSE BONIFACIO";"RUA CORREGO DO EUCLIDES";"";"";"PROX. A IGREJA ASSEMBLEIA DE DEUS";"ALTO JOSE BONIFACIO";"";"";"COLISÃO LATERAL";"0,0";"1,0";"0,0";"0,0";"0,0";"0,0";"0,0";"0,0";"0,0";"1,0";"0,0";"";"";"";"";"";"";"";"";"";"";"";""
"202416066,0";"2024-06-16";"11:50:00";"COM VÍTIMA";"FINALIZADA";"PRADO";"AV ENGENHEIRO ABDIAS DE CARVALHO";"";"RUA CARLOS GOMES";"PROX AO POSTO DILUB ( SENTIDO CIDADE )";"PRADO";"";"";"COLISÃO TRASEIRA";"1,0";"1,0";"0,0";"0,0";"0,0";"0,0";"0,0";"0,0";"0,0";"2,0";"0,0";"";"";"";"";"";"";"";"";"";"";"";""
"202416067,0";"2024-06-16";"12:01:00";"COM VÍTIMA";"DUPLICIDADE";"TORROES";"AV ENGENHEIRO ABDIAS DE CARVALHO";"";"";"PROX. A UPA DOS TORRÕES  //  PROX A ENGEFRIO";"TORROES";"";"";"COLISÃO";"0,0";"1,0";"0,0";"0,0";"0,0";"0,0";"0,0";"0,0";"0,0";"1,0";"0,0";"";"";"";"";"";"";"";"";"";"";"";""
"202416068,0";"2024-06-16";"12:20:00";"COM VÍTIMA";"FINALIZADA";"IMBIRIBEIRA";"RUA JOAQUIM BANDEIRA";"";"";"E/F A MICHELE PEDROSA ADVOGADOS  NO PONTILHAO DA ESTAÇAO NO METRO";"IMBIRIBEIRA";"";"";"COLISÃO LATERAL";"1,0";"1,0";"0,0";"0,0";"0,0";"0,0";"0,0";"0,0";"0,0";"1,0";"0,0";"";"";"";"";"";"";"";"";"";"";"";""
"202416069,0";"2024-06-16";"12:21:00";"COM VÍTIMA";"DUPLICIDADE";"IMBIRIBEIRA";"RUA JOAQUIM BANDEIRA";"396";"";"PROX A MICHELLE PEDROSA ADVOGADOS";"IMBIRIBEIRA";"";"";"COLISÃO";"0,0";"1,0";"0,0";"0,0";"0,0";"0,0";"0,0";"0,0";"0,0";"1,0";"0,0";"";"";"";"";"";"";"";"";"";"";"";""
"202416074,0";"2024-06-16";"01:49:00";"COM VÍTIMA";"FINALIZADA";"BOA VIAGEM";"RUA RIBEIRO DE BRITO";"1084";"";"PROX AO POSTO DE GASOLINA BR";"BOA VIAGEM";"";"";"COLISÃO LATERAL";"1,0";"1,0";"0,0";"0,0";"0,0";"0,0";"0,0";"0,0";"0,0";"1,0";"0,0";"";"";"";"";"";"";"";"";"";"";"";""
"202416088,0";"2024-06-16";"05:37:00";"COM VÍTIMA";"FINALIZADA";"BOMBA DO HEMETERIO";"RUA BOMBA DO HEMETERIO";"";"";"PROX  AO LARGO DA BOMBA/ TERMINAL DE CHA DE ALEGRIA";"BOMBA DO HEMETERIO";"";"";"COLISÃO";"0,0";"1,0";"0,0";"0,0";"0,0";"0,0";"0,0";"0,0";"0,0";"1,0";"0,0";"";"";"";"";"";"";"";"";"";"";"";""
"202416094,0";"2024-06-16";"06:34:00";"COM VÍTIMA";"FINALIZADA";"SANTO AMARO";"AV NORTE MIGUEL ARRAES DE ALENCAR";"1172";"";"CRECHE ESCOLA MUNICIPAL ALCIDES TEIXEIRA";"SANTO AMARO";"";"";"COLISÃO COM CICLISTA";"0,0";"1,0";"0,0";"1,0";"0,0";"0,0";"0,0";"0,0";"0,0";"1,0";"0,0";"";"";"";"";"";"";"";"";"";"";"";""
"202416095,0";"2024-06-16";"06:59:00";"COM VÍTIMA";"DUPLICIDADE";"SANTO AMARO";"AV NORTE MIGUEL ARRAES DE ALENCAR";"";"";"EM FRENTE A ESCOLA FREI CASSIMIRO";"SANTO AMARO";"";"";"COLISÃO";"0,0";"1,0";"0,0";"0,0";"0,0";"0,0";"0,0";"0,0";"0,0";"1,0";"0,0";"";"";"";"";"";"";"";"";"";"";"";""
"202416100,0";"2024-06-16";"08:04:00";"COM VÍTIMA";"FINALIZADA";"VASCO DA GAMA";"RUA VASCO DA GAMA";"716";"";"PROX AO ASSAI";"VASCO DA GAMA";"";"";"QUEDA";"0,0";"0,0";"0,0";"1,0";"0,0";"0,0";"0,0";"0,0";"0,0";"1,0";"0,0";"";"";"";"";"";"";"";"";"";"";"";""
"202416104,0";"2024-06-16";"09:50:00";"COM VÍTIMA";"FINALIZADA";"BOA VISTA";"PTE DUARTE COELHO";"";"RUA DO SOL";"";"BOA VISTA";"";"";"COLISÃO";"2,0";"0,0";"0,0";"0,0";"0,0";"0,0";"0,0";"0,0";"0,0";"1,0";"0,0";"";"";"";"";"";"";"";"";"";"";"";""
"202416109,0";"2024-06-17";"05:33:00";"SEM VÍTIMA";"FINALIZADA";"BOA VIAGEM";"AV CONSELHEIRO AGUIAR";"888";"";"EM FRENTE AVIL";"BOA VIAGEM";"";"";"CAPOTAMENTO";"1,0";"0,0";"0,0";"0,0";"0,0";"0,0";"0,0";"0,0";"0,0";"0,0";"0,0";"";"";"";"";"";"";"";"";"";"";"";""
"202416126,0";"2024-06-17";"07:13:00";"COM VÍTIMA";"FINALIZADA";"AREIAS";"AV RECIFE";"";"";"PROX. AO GALETUS, HOSPITAL DAS CRIANÇAS EM FRENTE AO CONJUNTO RESIDENCIAL IGNÊZ ANDREAZZA";"AREIAS";"";"";"COLISÃO";"0,0";"1,0";"0,0";"0,0";"0,0";"0,0";"0,0";"0,0";"0,0";"1,0";"0,0";"";"";"";"";"";"";"";"";"";"";"";""
"202416137,0";"2024-06-17";"08:13:00";"COM VÍTIMA";"FINALIZADA";"ENCRUZILHADA";"AV BEBERIBE";"";"RUA SALVADOR DE SA";"EM FRENTE A DISNOVE";"ENCRUZILHADA";"";"";"COLISÃO";"0,0";"1,0";"0,0";"0,0";"0,0";"0,0";"0,0";"0,0";"0,0";"1,0";"0,0";"";"";"";"";"";"";"";"";"";"";"";""
"202416142,0";"2024-06-17";"09:10:00";"COM VÍTIMA";"FINALIZADA";"JIQUIA";"AV DR JOSE RUFINO";"130";"";"APOS O COLEGIO VISAO";"JIQUIA";"";"";"COLISÃO LATERAL";"0,0";"1,0";"0,0";"0,0";"0,0";"0,0";"0,0";"0,0";"0,0";"1,0";"0,0";"";"";"";"";"";"";"";"";"";"";"";""
"202416144,0";"2024-06-17";"09:17:00";"SEM VÍTIMA";"FINALIZADA";"SAO JOSE";"AV MARTINS DE BARROS";"";"";"AO LADO DO TERMINAL CAIS DE SANTA RITA";"SAO JOSE";"";"CIDADE";"COLISÃO TRASEIRA";"2,0";"0,0";"0,0";"0,0";"0,0";"0,0";"0,0";"0,0";"0,0";"0,0";"0,0";"";"";"";"";"";"";"";"";"";"";"";""
"202416147,0";"2024-06-17";"10:12:00";"COM VÍTIMA";"FINALIZADA";"CASA AMARELA";"AV NORTE MIGUEL ARRAES DE ALENCAR";"";"";"EM FRENTE AO NUCLEO DA PREFEITURA E PROX A MARTENIDADE DE BARROS LIMA";"CASA AMARELA";"";"";"COLISÃO";"0,0";"1,0";"0,0";"0,0";"0,0";"0,0";"0,0";"0,0";"0,0";"1,0";"0,0";"";"";"";"";"";"";"";"";"";"";"";""
"202416173,0";"2024-06-17";"02:18:00";"SEM VÍTIMA";"FINALIZADA";"PRADO";"RUA SANTA EDWIRGES";"";"";"";"PRADO";"354,0";"SUBURBIO";"COLISÃO";"2,0";"0,0";"0,0";"0,0";"0,0";"0,0";"0,0";"0,0";"0,0";"0,0";"0,0";"";"";"";"";"";"";"";"";"";"";"";""
"202416180,0";"2024-06-17";"03:00:00";"COM VÍTIMA";"FINALIZADA";"SANTO ANTONIO";"RUA FLORIANO PEIXOTO";"308";"";"NA CALÇADA DA DISTRIBUIDORA PADRAO // PROXIMO A ESTAÇÃO RECIFE";"SANTO ANTONIO";"";"";"COLISÃO LATERAL";"1,0";"1,0";"0,0";"0,0";"0,0";"0,0";"0,0";"0,0";"0,0";"1,0";"0,0";"";"";"";"";"";"";"";"";"";"";"";""
"202416184,0";"2024-06-17";"03:55:00";"COM VÍTIMA";"FINALIZADA";"AREIAS";"RUA IPOJUCA";"374";"";"PROX AO INSS  EA OFICINA FRIMARC";"AREIAS";"";"";"COLISÃO";"1,0";"1,0";"0,0";"0,0";"0,0";"0,0";"0,0";"0,0";"0,0";"1,0";"0,0";"";"";"";"";"";"";"";"";"";"";"";""