"Protocolo";"data";"hora";"natureza";"situacao";"bairro";"endereco";"numero";"detalhe_endereco_acidente";"complemento";"bairro_cruzamento";"num_semaforo";"sentido_via";"tipo";"auto";"moto";"ciclom";"ciclista";"pedestre";"onibus";"caminhao";"viatura";"outros";"vitimas";"vitimasfatais";"acidente_verificado";"tempo_clima";"situacao_semaforo";"sinalizacao";"condicao_via";"conservacao_via";"ponto_controle";"situacao_placa";"velocidade_max_via";"mao_direcao";"divisao_via1";"divisao_via2"
"202416192,0";"2024-06-17";"04:45:00";"COM VÍTIMA";"CANCELADA";"SAN MARTIN";"AV ENGENHEIRO ABDIAS DE CARVALHO";"";"";"COMPAZ";"SAN MARTIN";"";"";"COLISÃO";"0,0";"2,0";"0,0";"0,0";"0,0";"0,0";"0,0";"0,0";"0,0";"2,0";"0,0";"";"";"";"";"";"";"";"";"";"";"";""
"202416195,0";"2024-06-17";"05:02:00";"COM VÍTIMA";"FINALIZADA";"CASA FORTE";"AV DEZESSETE DE AGOSTO";"1363";"";"PROX AO CENTRO MEDICO ARMINDO MOURA";"CASA FORTE";"";"";"COLISÃO";"0,0";"0,0";"0,0";"0,0";"0,0";"0,0";"0,0";"0,0";"0,0";"1,0";"0,0";"";"";"";"";"";"";"";"";"";"";"";""
"202416197,0";"2024-06-17";"12:00:00";"COM VÍTIMA";"FINALIZADA";"AGUA FRIA";"RUA SAO SEBASTIAO";"5207";"";"NA SUBIDA DA LADEIRA  DE PEDRA PROX A HENRIQUE CELULAR";"AGUA FRIA";"";"";"COLISÃO";"0,0";"1,0";"0,0";"0,0";"0,0";"0,0";"0,0";"0,0";"0,0";"1,0";"0,0";"";"";"";"";"";"";"";"";"";"";"";""
"202416199,0";"2024-06-17";"05:39:00";"COM VÍTIMA";"FINALIZADA";"CASA AMARELA";"EST DO ARRAIAL";"";"";"SÍTIO DA TRINDADE";"CASA AMARELA";"";"";"COLISÃO TRASEIRA";"1,0";"0,0";"0,0";"0,0";"0,0";"1,0";"0,0";"0,0";"0,0";"1,0";"0,0";"";"";"";"";"";"";"";"";"";"";"";""
"202416204,0";"2024-06-17";"06:08:00";"COM VÍTIMA";"FINALIZADA";"TEJIPIO";"RUA APRIGIO GUIMARAES";"878";"";"EM FRENTE AO HOSPITAL OTAVIO DE FREITAS";"TEJIPIO";"";"";"COLISÃO";"0,0";"1,0";"0,0";"0,0";"0,0";"0,0";"0,0";"0,0";"0,0";"1,0";"0,0";"";"";"";"";"";"";"";"";"";"";"";""
"202416206,0";"2024-06-17";"06:18:00";"COM VÍTIMA";"FINALIZADA";"JARDIM SAO PAULO";"AV LIBERDADE";"1008";"";"EM FRENTE A ACADEMIA X1";"JARDIM SAO PAULO";"";"";"COLISÃO FRONTAL";"1,0";"1,0";"0,0";"0,0";"0,0";"0,0";"0,0";"0,0";"0,0";"1,0";"0,0";"";"";"";"";"";"";"";"";"";"";"";""
"202416210,0";"2024-06-17";"09:27:00";"COM VÍTIMA";"FINALIZADA";"SAO JOSE";"AV SUL";"";"";"ANTES DA PRAÇA SERGIO LORETO";"SAO JOSE";"";"CIDADE";"ATROPELAMENTO DE PESSOA";"0,0";"0,0";"0,0";"0,0";"1,0";"1,0";"0,0";"0,0";"0,0";"1,0";"0,0";"";"";"";"";"";"";"";"";"";"";"";""
"202416228,0";"2024-06-18";"06:21:00";"COM VÍTIMA";"FINALIZADA";"IMBIRIBEIRA";"AV MARECHAL MASCARENHAS DE MORAES";"";"";"EM FRENTE AO GERALDÃO SENT. AEROPORTO";"IMBIRIBEIRA";"";"";"COLISÃO LATERAL";"0,0";"1,0";"0,0";"0,0";"0,0";"0,0";"0,0";"0,0";"0,0";"1,0";"0,0";"";"";"";"";"";"";"";"";"";"";"";""
"202416238,0";"2024-06-18";"07:27:00";"COM VÍTIMA";"FINALIZADA";"IMBIRIBEIRA";"RUA ARQUITETO LUIZ NUNES";"";"";"PROX AO LAVA JATO / PROX AO POSTO IPIRANGA";"IMBIRIBEIRA";"";"";"COLISÃO LATERAL";"1,0";"1,0";"0,0";"0,0";"0,0";"0,0";"0,0";"0,0";"0,0";"1,0";"0,0";"";"";"";"";"";"";"";"";"";"";"";""
"202416242,0";"2024-06-18";"07:52:00";"COM VÍTIMA";"FINALIZADA";"ESTANCIA";"AV DR JOSE RUFINO";"";"";"PROX. AO COLEGIO VISÃO";"ESTANCIA";"";"";"COLISÃO";"0,0";"1,0";"0,0";"0,0";"0,0";"0,0";"0,0";"0,0";"0,0";"1,0";"0,0";"";"";"";"";"";"";"";"";"";"";"";""
"202416250,0";"2024-06-18";"08:25:00";"COM VÍTIMA";"FINALIZADA";"ILHA DO LEITE";"AV GOVERNADOR AGAMENON MAGALHAES";"";"";"SENTIDO OLINDA EM FRENTE AO EMPRESARIAL THOMAS JEFERSON";"ILHA DO LEITE";"";"";"COLISÃO LATERAL";"1,0";"1,0";"0,0";"0,0";"0,0";"0,0";"0,0";"0,0";"0,0";"1,0";"0,0";"";"";"";"";"";"";"";"";"";"";"";""
"202416252,0";"2024-06-18";"08:42:00";"COM VÍTIMA";"FINALIZADA";"IMBIRIBEIRA";"RUA BARAO DE AGUA BRANCA";"";"RUA DUQUE ESTRADA";"EM FRENTE AO LE PARC / PROX AO COLEGIO COGNITIVO";"IMBIRIBEIRA";"";"";"COLISÃO";"1,0";"1,0";"0,0";"0,0";"0,0";"0,0";"0,0";"0,0";"0,0";"2,0";"0,0";"";"";"";"";"";"";"";"";"";"";"";""
"202416258,0";"2024-06-18";"09:17:00";"SEM VÍTIMA";"FINALIZADA";"VARZEA";"RUA PROFESSOR ANTONIO COELHO";"";"AV CAXANGA";"AO LADO DA CAXANGÁ VEÍCULOS";"VARZEA";"";"";"COLISÃO LATERAL";"1,0";"0,0";"0,0";"0,0";"0,0";"0,0";"0,0";"1,0";"0,0";"0,0";"0,0";"";"";"";"";"";"";"";"";"";"";"";""
"202416260,0";"2024-06-18";"09:20:00";"COM VÍTIMA";"FINALIZADA";"DERBY";"AV GOVERNADOR AGAMENON MAGALHAES";"";"";"PRÓXIMO A CLINICA ALTERNATIVA";"DERBY";"";"";"COLISÃO";"0,0";"1,0";"0,0";"0,0";"1,0";"0,0";"0,0";"0,0";"0,0";"1,0";"0,0";"";"";"";"";"";"";"";"";"";"";"";""
"202416262,0";"2024-06-18";"09:40:00";"COM VÍTIMA";"FINALIZADA";"TORRE";"RUA CONDE DE IRAJA";"";"";"PROX A AO COLEGIO MACIEL PINHEIRO / NO CRUZAMENTO DO SEMÁFORO 409";"TORRE";"";"";"COLISÃO";"0,0";"1,0";"0,0";"0,0";"0,0";"0,0";"1,0";"0,0";"0,0";"1,0";"0,0";"";"";"";"";"";"";"";"";"";"";"";""
"202416264,0";"2024-06-18";"09:46:00";"COM VÍTIMA";"FINALIZADA";"CAMPINA DO BARRETO";"RUA DAS MOCAS";"1526";"";"PROX A POLICILINA AMAURY COUTINHO / PROX A ESCOLA VITOR MEIRELES";"CAMPINA DO BARRETO";"";"";"COLISÃO";"1,0";"1,0";"0,0";"0,0";"0,0";"0,0";"0,0";"0,0";"0,0";"1,0";"0,0";"";"";"";"";"";"";"";"";"";"";"";""
"202416285,0";"2024-06-18";"12:20:00";"COM VÍTIMA";"FINALIZADA";"IBURA";"AV DOIS RIOS";"";"";"APOS O RESTUARANTE DO GALETÃO EM FRENTE AO ATEAREJO SERVE BEM";"IBURA";"";"";"COLISÃO";"0,0";"1,0";"0,0";"0,0";"0,0";"0,0";"0,0";"0,0";"0,0";"1,0";"0,0";"";"";"";"";"";"";"";"";"";"";"";""
"202416288,0";"2024-06-18";"12:44:00";"COM VÍTIMA";"FINALIZADA";"CORDEIRO";"AV GENERAL SAN MARTIN";"348";"";"PROX AO HOSPITAL GETULHO VARGAS";"CORDEIRO";"";"";"COLISÃO";"0,0";"1,0";"0,0";"0,0";"0,0";"0,0";"0,0";"0,0";"0,0";"1,0";"0,0";"";"";"";"";"";"";"";"";"";"";"";""
"202416292,0";"2024-06-18";"01:29:00";"COM VÍTIMA";"FINALIZADA";"ILHA DO LEITE";"RUA SENADOR JOSE HENRIQUE";"141";"";"PROX AO EMPRESRIAL CHARLES DAWIN";"ILHA DO LEITE";"";"";"COLISÃO";"1,0";"1,0";"0,0";"0,0";"0,0";"0,0";"0,0";"0,0";"0,0";"1,0";"0,0";"";"";"";"";"";"";"";"";"";"";"";""
"202416293,0";"2024-06-18";"01:31:00";"COM VÍTIMA";"FINALIZADA";"APIPUCOS";"RUA MASSARANDUBA";"871";"";"PROX AO AÇUDE DE APIPUCOS";"APIPUCOS";"";"";"COLISÃO";"0,0";"1,0";"0,0";"0,0";"0,0";"0,0";"0,0";"0,0";"0,0";"1,0";"0,0";"";"";"";"";"";"";"";"";"";"";"";""
"202416304,0";"2024-06-18";"03:43:00";"COM VÍTIMA";"FINALIZADA";"TEJIPIO";"AV LIBERDADE";"591";"";"PROX AO CEMITERIO PARQUE DAS FLORES";"TEJIPIO";"";"";"COLISÃO FRONTAL";"1,0";"1,0";"0,0";"0,0";"0,0";"0,0";"0,0";"0,0";"0,0";"1,0";"0,0";"";"";"";"";"";"";"";"";"";"";"";""
"202416317,0";"2024-06-18";"05:45:00";"COM VÍTIMA";"FINALIZADA";"MUSTARDINHA";"RUA VINTE E UM DE ABRIL";"2737";"";"E/F AO ARMAZEM LIRA ARMARINHO";"MUSTARDINHA";"";"";"COLISÃO";"0,0";"0,0";"0,0";"0,0";"0,0";"0,0";"0,0";"0,0";"0,0";"1,0";"0,0";"";"";"";"";"";"";"";"";"";"";"";""
"202416321,0";"2024-06-18";"05:59:00";"COM VÍTIMA";"FINALIZADA";"ARRUDA";"AV BEBERIBE";"";"RUA DAS MOCAS";"PROX AO ARMAZEM CORAL";"ARRUDA";"";"";"COLISÃO TRANSVERSAL";"1,0";"1,0";"0,0";"0,0";"0,0";"0,0";"0,0";"0,0";"0,0";"1,0";"0,0";"";"";"";"";"";"";"";"";"";"";"";""
"202416331,0";"2024-06-18";"09:07:00";"COM VÍTIMA";"FINALIZADA";"";"AV NORTE MIGUEL ARRAES DE ALENCAR";"4655";"";"ARMAZEM CORAL";"";"";"";"QUEDA";"0,0";"1,0";"0,0";"0,0";"0,0";"0,0";"0,0";"0,0";"0,0";"1,0";"0,0";"";"";"";"";"";"";"";"";"";"";"";""
"202416335,0";"2024-06-18";"11:32:00";"SEM VÍTIMA";"FINALIZADA";"BOA VIAGEM";"RUA PROF AURELIO DE CASTRO CAVALCANTI";"";"";"EM FRENTE AO COLEGIO PRIMEIRO PASSO.";"BOA VIAGEM";"";"";"COLISÃO";"1,0";"1,0";"0,0";"0,0";"0,0";"0,0";"0,0";"0,0";"0,0";"0,0";"0,0";"";"";"";"";"";"";"";"";"";"";"";""
"202416346,0";"2024-06-19";"06:31:00";"COM VÍTIMA";"FINALIZADA";"AFLITOS";"RUA QUARENTA E OITO";"815";"";"PROX. AO RESTAURANTE SABOR RANCHO";"AFLITOS";"";"";"COLISÃO LATERAL";"3,0";"0,0";"0,0";"0,0";"0,0";"0,0";"0,0";"0,0";"0,0";"1,0";"0,0";"";"";"";"";"";"";"";"";"";"";"";""
"202416347,0";"2024-06-19";"07:00:00";"COM VÍTIMA";"FINALIZADA";"BOA VIAGEM";"RUA BRUNO VELOSO";"";"AV FERNANDO SIMOES BARBOSA";"PROX. AO POSTO DE GASOLINA BR";"BOA VIAGEM";"";"";"COLISÃO LATERAL";"0,0";"1,0";"0,0";"0,0";"0,0";"0,0";"0,0";"0,0";"0,0";"1,0";"0,0";"";"";"";"";"";"";"";"";"";"";"";""
"202416361,0";"2024-06-19";"07:35:00";"COM VÍTIMA";"FINALIZADA";"CORDEIRO";"AV CAXANGA";"";"";"SENTIDO CAMARAGIBE EM FRENTE AO PARQUE DE EXPOSIÇÃO";"CORDEIRO";"";"";"COLISÃO TRASEIRA";"0,0";"1,0";"0,0";"0,0";"0,0";"1,0";"0,0";"0,0";"0,0";"1,0";"0,0";"";"";"";"";"";"";"";"";"";"";"";""
"202416368,0";"2024-06-19";"08:10:00";"COM VÍTIMA";"FINALIZADA";"BOA VIAGEM";"RUA FELIX DE BRITO E MELO";"";"";"PROX. A PADARIA DIPLOMATA E EDF. ACAIACA";"BOA VIAGEM";"";"";"COLISÃO LATERAL";"1,0";"1,0";"0,0";"0,0";"0,0";"0,0";"0,0";"0,0";"0,0";"1,0";"0,0";"";"";"";"";"";"";"";"";"";"";"";""
"202416375,0";"2024-06-19";"08:53:00";"COM VÍTIMA";"FINALIZADA";"ESTANCIA";"AV RECIFE";"";"";"EM FRENTE AO ANTIGO MAKRO";"ESTANCIA";"";"";"ATROPELAMENTO DE PESSOA";"0,0";"1,0";"0,0";"0,0";"1,0";"0,0";"0,0";"0,0";"0,0";"1,0";"0,0";"";"";"";"";"";"";"";"";"";"";"";""
"202416380,0";"2024-06-19";"09:39:00";"COM VÍTIMA";"FINALIZADA";"IMBIRIBEIRA";"AV MARECHAL MASCARENHAS DE MORAES";"";"";"EM FRENTE A JOVELER /  EM FRENTE A MOTO TAMPS";"IMBIRIBEIRA";"";"";"COLISÃO";"0,0";"1,0";"0,0";"0,0";"0,0";"0,0";"0,0";"0,0";"0,0";"1,0";"0,0";"";"";"";"";"";"";"";"";"";"";"";""
"202416396,0";"2024-06-19";"11:51:00";"COM VÍTIMA";"FINALIZADA";"BOA VIAGEM";"AV ANTONIO TORRES GALVAO";"366";"";"PROX. AO COLEGIO COGNITIVO";"BOA VIAGEM";"";"";"COLISÃO LATERAL";"1,0";"1,0";"0,0";"0,0";"0,0";"0,0";"0,0";"0,0";"0,0";"1,0";"0,0";"";"";"";"";"";"";"";"";"";"";"";""
"202416398,0";"2024-06-19";"12:26:00";"COM VÍTIMA";"FINALIZADA";"IMBIRIBEIRA";"RUA PEDRO PAES MENDONCA";"";"";"PROX AO SUPERMERCADO BOMPREÇO";"IMBIRIBEIRA";"";"";"COLISÃO";"0,0";"1,0";"0,0";"0,0";"0,0";"0,0";"0,0";"0,0";"0,0";"1,0";"0,0";"";"";"";"";"";"";"";"";"";"";"";""
"202416416,0";"2024-06-19";"03:00:00";"COM VÍTIMA";"FINALIZADA";"MADALENA";"RUA BENFICA";"";"";"E/F AO BATALHAO DO CHOQUE E A ESCOLA CONECTA";"MADALENA";"";"";"COLISÃO";"0,0";"0,0";"0,0";"0,0";"0,0";"0,0";"0,0";"0,0";"0,0";"1,0";"0,0";"";"";"";"";"";"";"";"";"";"";"";""
"202416418,0";"2024-06-19";"03:41:00";"COM VÍTIMA";"FINALIZADA";"BREJO DA GUABIRABA";"RUA CABO HERMITO DE SA";"319";"";"PROX A TEREZINHA BAR";"BREJO DA GUABIRABA";"";"";"COLISÃO";"0,0";"0,0";"0,0";"0,0";"0,0";"0,0";"0,0";"0,0";"0,0";"1,0";"0,0";"";"";"";"";"";"";"";"";"";"";"";""
"202416419,0";"2024-06-19";"03:45:00";"COM VÍTIMA";"FINALIZADA";"BOMBA DO HEMETERIO";"COR DO BARTOLOMEU";"";"";"NA PRAÇA DA  RODINHA";"BOMBA DO HEMETERIO";"";"";"COLISÃO";"0,0";"0,0";"0,0";"0,0";"0,0";"0,0";"0,0";"0,0";"0,0";"1,0";"0,0";"";"";"";"";"";"";"";"";"";"";"";""
"202416420,0";"2024-06-19";"04:00:00";"COM VÍTIMA";"FINALIZADA";"BARRO";"AV DR JOSE RUFINO";"3646";"";"PROX A INDIO CAR";"BARRO";"";"";"COLISÃO";"0,0";"0,0";"0,0";"0,0";"0,0";"0,0";"0,0";"0,0";"0,0";"1,0";"0,0";"";"";"";"";"";"";"";"";"";"";"";""
"202416423,0";"2024-06-19";"04:09:00";"COM VÍTIMA";"FINALIZADA";"BOA VIAGEM";"AV BOA VIAGEM";"";"";"PROX AO EDF BELO NO QUIOSQUE 20";"BOA VIAGEM";"";"";"COLISÃO";"0,0";"0,0";"0,0";"0,0";"0,0";"0,0";"0,0";"0,0";"0,0";"1,0";"0,0";"";"";"";"";"";"";"";"";"";"";"";""
"202416424,0";"2024-06-19";"04:09:00";"COM VÍTIMA";"FINALIZADA";"NOVA DESCOBERTA";"AV VEREADOR OTACILIO AZEVEDO";"1680";"";"PROX  ANTIGA CRECHE  E O HOTEL BORA LÁ";"NOVA DESCOBERTA";"1680,0";"";"COLISÃO";"0,0";"0,0";"0,0";"0,0";"0,0";"0,0";"0,0";"0,0";"0,0";"1,0";"0,0";"";"";"";"";"";"";"";"";"";"";"";""
"202416427,0";"2024-06-19";"04:21:00";"COM VÍTIMA";"FINALIZADA";"CIDADE UNIVERSITARIA";"AV PROFESSOR MORAES REGO";"";"";"PROX AGITEC PROX E AO RECANTO PARAIBANOS";"CIDADE UNIVERSITARIA";"";"";"COLISÃO";"0,0";"0,0";"0,0";"0,0";"0,0";"0,0";"0,0";"0,0";"0,0";"1,0";"0,0";"";"";"";"";"";"";"";"";"";"";"";""
"202416433,0";"2024-06-19";"05:15:00";"COM VÍTIMA";"FINALIZADA";"CAXANGA";"AV CAXANGA";"8375";"";"E/F A LOJA AGRONETO E PROX AO RESTAURANTE YOKI";"CAXANGA";"";"";"COLISÃO";"0,0";"0,0";"0,0";"0,0";"0,0";"0,0";"0,0";"0,0";"0,0";"1,0";"0,0";"";"";"";"";"";"";"";"";"";"";"";""
"202416437,0";"2024-06-19";"05:38:00";"SEM VÍTIMA";"CANCELADA";"BOA VIAGEM";"RUA VISCONDE DE JEQUITINHONHA";"2616";"";"PROXIMO AO PREDIO MAR AZUL";"BOA VIAGEM";"";"";"COLISÃO LATERAL";"2,0";"0,0";"0,0";"0,0";"0,0";"0,0";"0,0";"0,0";"0,0";"0,0";"0,0";"";"";"";"";"";"";"";"";"";"";"";""
"202416441,0";"2024-06-19";"06:14:00";"SEM VÍTIMA";"FINALIZADA";"AGUA FRIA";"EST VELHA DE AGUA FRIA";"1627";"";"CLINICARDIO";"AGUA FRIA";"";"CIDADE";"";"0,0";"0,0";"0,0";"0,0";"0,0";"0,0";"1,0";"0,0";"0,0";"0,0";"0,0";"";"";"";"";"";"";"";"";"";"";"";""
"202416448,0";"2024-06-19";"06:44:00";"COM VÍTIMA";"CANCELADA";"MUSTARDINHA";"AV MANOEL GONCALVES DA LUZ";"476";"";"PROXIMO AO SUPERMERCADO TEM";"MUSTARDINHA";"";"";"COLISÃO";"0,0";"1,0";"0,0";"0,0";"0,0";"0,0";"0,0";"0,0";"0,0";"1,0";"0,0";"";"";"";"";"";"";"";"";"";"";"";""
"202416453,0";"2024-06-19";"07:39:00";"COM VÍTIMA";"FINALIZADA";"SANTO AMARO";"AV NORTE MIGUEL ARRAES DE ALENCAR";"";"";"PRÓXIMO AO VIADUTO";"SANTO AMARO";"";"";"ATROPELAMENTO DE PESSOA";"0,0";"0,0";"0,0";"0,0";"1,0";"1,0";"0,0";"0,0";"0,0";"1,0";"0,0";"";"";"";"";"";"";"";"";"";"";"";""
"202416454,0";"2024-06-19";"07:50:00";"COM VÍTIMA";"DUPLICIDADE";"SANTO AMARO";"AV NORTE MIGUEL ARRAES DE ALENCAR";"";"";"PROXIMO AO SENAI";"SANTO AMARO";"";"SUBURBIO";"ATROPELAMENTO DE PESSOA";"0,0";"0,0";"0,0";"0,0";"1,0";"1,0";"0,0";"0,0";"0,0";"1,0";"0,0";"";"";"";"";"";"";"";"";"";"";"";""
"202416455,0";"2024-06-19";"07:59:00";"COM VÍTIMA";"FINALIZADA";"DOIS IRMAOS";"AV DA RECUPERACAO";"";"";"EMBAIXO DO VIADUTO DE DOIS IRMÃO";"DOIS IRMAOS";"";"";"COLISÃO LATERAL";"0,0";"1,0";"0,0";"0,0";"0,0";"1,0";"0,0";"0,0";"0,0";"1,0";"0,0";"";"";"";"";"";"";"";"";"";"";"";""
"202416460,0";"2024-06-19";"09:54:00";"COM VÍTIMA";"CANCELADA";"CORDEIRO";"RUA CLAUDIO BROTHERHOOD";"";"RUA DR MIGUEL VIEIRA FERREIRA";"";"CORDEIRO";"";"";"COLISÃO LATERAL";"1,0";"1,0";"0,0";"0,0";"0,0";"0,0";"0,0";"0,0";"0,0";"1,0";"0,0";"";"";"";"";"";"";"";"";"";"";"";""
"202416493,0";"2024-06-20";"08:04:00";"SEM VÍTIMA";"FINALIZADA";"TAMARINEIRA";"EST DO ARRAIAL";"";"RUA GOMES COUTINHO";"EM FRENTE AO HOSPITAL AGAMENON MAGALHÃES";"TAMARINEIRA";"";"SUBURBIO";"COLISÃO LATERAL";"1,0";"0,0";"0,0";"0,0";"0,0";"0,0";"1,0";"0,0";"0,0";"0,0";"0,0";"";"";"";"";"";"";"";"";"";"";"";""
"202416496,0";"2024-06-20";"08:33:00";"COM VÍTIMA";"FINALIZADA";"BONGI";"AV GENERAL SAN MARTIN";"";"";"EM FRENTE AO CENTRO DEDISTRIBUIÇÃO DOS CORREIOS";"BONGI";"";"";"COLISÃO";"0,0";"1,0";"0,0";"0,0";"0,0";"0,0";"0,0";"0,0";"0,0";"1,0";"0,0";"";"";"";"";"";"";"";"";"";"";"";""
"202416505,0";"2024-06-20";"09:21:00";"COM VÍTIMA";"FINALIZADA";"BOA VISTA";"AV VISCONDE DE SUASSUNA";"";"RUA BISPO CARDOSO AYRES";"EM BAIXO DO SEMAFORO 172";"BOA VISTA";"";"";"COLISÃO FRONTAL";"1,0";"0,0";"0,0";"1,0";"0,0";"0,0";"0,0";"0,0";"0,0";"1,0";"0,0";"";"";"";"";"";"";"";"";"";"";"";""
"202416509,0";"2024-06-20";"09:59:00";"SEM VÍTIMA";"FINALIZADA";"BOA VISTA";"AV CONDE DA BOA VISTA";"668";"";"EM FRENTE AO Nº 668";"BOA VISTA";"";"SUBURBIO";"COLISÃO LATERAL";"1,0";"0,0";"0,0";"0,0";"0,0";"1,0";"0,0";"0,0";"0,0";"0,0";"0,0";"";"";"";"";"";"";"";"";"";"";"";""
"202416518,0";"2024-06-20";"10:51:00";"COM VÍTIMA";"FINALIZADA";"ESTANCIA";"AV RECIFE";"3405";"";"EM FRENTE AO MARTELINHO DE OURO DA AV RECIFE SENTIDO JARDIM SÃO PAULO PROX AO BOI E BRASA";"ESTANCIA";"";"";"COLISÃO";"0,0";"1,0";"0,0";"0,0";"0,0";"0,0";"0,0";"0,0";"0,0";"1,0";"0,0";"";"";"";"";"";"";"";"";"";"";"";""
"202416528,0";"2024-06-20";"12:18:00";"COM VÍTIMA";"FINALIZADA";"SANTO AMARO";"AV GOVERNADOR AGAMENON MAGALHAES";"";"";"PROX A UPE";"SANTO AMARO";"";"";"COLISÃO LATERAL";"1,0";"1,0";"0,0";"0,0";"0,0";"0,0";"0,0";"0,0";"0,0";"1,0";"0,0";"";"";"";"";"";"";"";"";"";"";"";""
"202416536,0";"2024-06-20";"01:40:00";"COM VÍTIMA";"FINALIZADA";"BOA VIAGEM";"AV ENGENHEIRO DOMINGOS FERREIRA";"2218";"";"AO LADO DA PADARIA AZUL MAR";"BOA VIAGEM";"";"";"COLISÃO";"0,0";"0,0";"0,0";"0,0";"0,0";"0,0";"0,0";"0,0";"0,0";"1,0";"0,0";"";"";"";"";"";"";"";"";"";"";"";""
"202416537,0";"2024-06-20";"01:43:00";"COM VÍTIMA";"FINALIZADA";"SAO JOSE";"RUA DAS CALCADAS";"107";"";"E/F AO ATACADO DOS PRESENTES";"SAO JOSE";"";"";"COLISÃO";"0,0";"0,0";"0,0";"0,0";"0,0";"0,0";"0,0";"0,0";"0,0";"1,0";"0,0";"";"";"";"";"";"";"";"";"";"";"";""
"202416538,0";"2024-06-20";"01:47:00";"COM VÍTIMA";"FINALIZADA";"CASA FORTE";"RUA DEZENOVE DE AGOSTO";"1338";"";"E/F AO BANCO DO BRASIL";"CASA FORTE";"";"";"COLISÃO";"0,0";"0,0";"0,0";"0,0";"0,0";"0,0";"0,0";"0,0";"0,0";"1,0";"0,0";"";"";"";"";"";"";"";"";"";"";"";""
"202416542,0";"2024-06-20";"02:22:00";"COM VÍTIMA";"FINALIZADA";"AFOGADOS";"RUA SAO MIGUEL";"";"";"EM FRENTE AO RESTAURANTE BODE DO NÓ";"AFOGADOS";"";"";"COLISÃO LATERAL";"1,0";"1,0";"0,0";"0,0";"0,0";"0,0";"0,0";"0,0";"0,0";"1,0";"0,0";"";"";"";"";"";"";"";"";"";"";"";""
"202416545,0";"2024-06-20";"02:58:00";"COM VÍTIMA";"FINALIZADA";"TOTO";"RUA ONZE DE AGOSTO";"689";"";"E/F AO ARMAZEM BR COSNTRUÇOES";"TOTO";"";"";"COLISÃO";"0,0";"0,0";"0,0";"0,0";"0,0";"0,0";"0,0";"0,0";"0,0";"1,0";"0,0";"";"";"";"";"";"";"";"";"";"";"";""
"202416547,0";"2024-06-20";"03:04:00";"VÍTIMA FATAL";"FINALIZADA";"IPUTINGA";"RUA OSVALDO GUIMARAES";"258";"";"PROX A GALERIA ,MARCELA";"IPUTINGA";"";"";"COLISÃO";"0,0";"0,0";"0,0";"0,0";"0,0";"0,0";"0,0";"0,0";"0,0";"0,0";"1,0";"";"";"";"";"";"";"";"";"";"";"";""
"202416551,0";"2024-06-20";"04:05:00";"COM VÍTIMA";"FINALIZADA";"SAN MARTIN";"AV GENERAL SAN MARTIN";"910A";"";"PROX AO CORREIOS";"SAN MARTIN";"";"";"COLISÃO COM CICLISTA";"1,0";"0,0";"0,0";"1,0";"0,0";"0,0";"0,0";"0,0";"0,0";"1,0";"0,0";"";"";"";"";"";"";"";"";"";"";"";""
"202416555,0";"2024-06-20";"05:17:00";"COM VÍTIMA";"FINALIZADA";"TEJIPIO";"AV CENTRAL";"";"";"SAIDA DA BR  PROX A ESTAÇAO DO BARRO";"TEJIPIO";"";"";"COLISÃO";"0,0";"0,0";"0,0";"0,0";"0,0";"0,0";"0,0";"0,0";"0,0";"1,0";"0,0";"";"";"";"";"";"";"";"";"";"";"";""
"202416557,0";"2024-06-20";"05:34:00";"SEM VÍTIMA";"FINALIZADA";"CABANGA";"RUA BITURI";"";"RUA GUTIUBA";"AO LADO DO NÚMERO 13";"CABANGA";"";"SUBURBIO";"COLISÃO LATERAL";"0,0";"0,0";"1,0";"0,0";"0,0";"0,0";"0,0";"1,0";"0,0";"0,0";"0,0";"";"";"";"";"";"";"";"";"";"";"";""
"202416558,0";"2024-06-20";"05:49:00";"COM VÍTIMA";"FINALIZADA";"SAO JOSE";"RUA IMPERIAL";"2630";"";"PROX A CONCORDIAÇOS";"SAO JOSE";"";"";"COLISÃO";"0,0";"0,0";"0,0";"0,0";"0,0";"0,0";"0,0";"0,0";"0,0";"1,0";"0,0";"";"";"";"";"";"";"";"";"";"";"";""
"202416561,0";"2024-06-20";"06:57:00";"COM VÍTIMA";"FINALIZADA";"AREIAS";"RUA GENERAL FRANCISCO FIGUEIROA";"152";"";"NA RUA DA SAIDA DO CARREFOUR DE AREIAS";"AREIAS";"";"";"COLISÃO";"0,0";"1,0";"0,0";"0,0";"0,0";"0,0";"0,0";"0,0";"0,0";"1,0";"0,0";"";"";"";"";"";"";"";"";"";"";"";""
"202416562,0";"2024-06-20";"07:30:00";"SEM VÍTIMA";"FINALIZADA";"CAXANGA";"AV CAXANGA";"";"";"EM FRENTE AO GOLF";"CAXANGA";"";"";"COLISÃO";"1,0";"0,0";"0,0";"0,0";"0,0";"0,0";"1,0";"0,0";"0,0";"0,0";"0,0";"";"";"";"";"";"";"";"";"";"";"";""
"202416563,0";"2024-06-20";"07:38:00";"COM VÍTIMA";"FINALIZADA";"JARDIM SAO PAULO";"RUA LEANDRO BARRETO";"";"";"INICIO DO VIADUTO";"JARDIM SAO PAULO";"";"";"COLISÃO";"0,0";"1,0";"1,0";"0,0";"0,0";"0,0";"0,0";"0,0";"0,0";"1,0";"0,0";"";"";"";"";"";"";"";"";"";"";"";""