"Protocolo";"data";"hora";"natureza";"situacao";"bairro";"endereco";"numero";"detalhe_endereco_acidente";"complemento";"bairro_cruzamento";"num_semaforo";"sentido_via";"tipo";"auto";"moto";"ciclom";"ciclista";"pedestre";"onibus";"caminhao";"viatura";"outros";"vitimas";"vitimasfatais";"acidente_verificado";"tempo_clima";"situacao_semaforo";"sinalizacao";"condicao_via";"conservacao_via";"ponto_controle";"situacao_placa";"velocidade_max_via";"mao_direcao";"divisao_via1";"divisao_via2"
"202416564,0";"2024-06-20";"08:05:00";"COM VÍTIMA";"FINALIZADA";"JOANA BEZERRA";"VIADUTO CAPITAO TEMUDO";"";"";"SOBRE O VIADUTO";"JOANA BEZERRA";"";"";"COLISÃO";"0,0";"1,0";"0,0";"0,0";"0,0";"0,0";"0,0";"0,0";"0,0";"1,0";"0,0";"";"";"";"";"";"";"";"";"";"";"";""
"202416569,0";"2024-06-20";"10:56:00";"COM VÍTIMA";"FINALIZADA";"TORRE";"AV CAXANGA";"";"RUA SOUZA BANDEIRA";"";"TORRE";"";"";"COLISÃO TRANSVERSAL";"1,0";"1,0";"0,0";"0,0";"0,0";"0,0";"0,0";"0,0";"0,0";"1,0";"0,0";"";"";"";"";"";"";"";"";"";"";"";""
"202416581,0";"2024-06-21";"06:45:00";"COM VÍTIMA";"FINALIZADA";"IMBIRIBEIRA";"AV MARECHAL MASCARENHAS DE MORAES";"";"";"AO LADO DA INFRAERO, APOS O VIADUTO DO JORDAO";"IMBIRIBEIRA";"";"";"COLISÃO LATERAL";"1,0";"0,0";"0,0";"0,0";"0,0";"0,0";"0,0";"0,0";"0,0";"1,0";"0,0";"";"";"";"";"";"";"";"";"";"";"";""
"202416605,0";"2024-06-21";"08:33:00";"COM VÍTIMA";"FINALIZADA";"BONGI";"AV GENERAL SAN MARTIN";"";"";"EM FRENTE A CENTRAL DOS CORREIOS";"BONGI";"";"";"COLISÃO";"0,0";"1,0";"0,0";"0,0";"0,0";"0,0";"0,0";"0,0";"0,0";"1,0";"0,0";"";"";"";"";"";"";"";"";"";"";"";""
"202416611,0";"2024-06-21";"10:18:00";"COM VÍTIMA";"FINALIZADA";"COHAB";"AV SERRA DA MANTIQUEIRA";"";"";"AO LADO DO SOCITY PERNA DE PAU, NA DESCIDA DA LADEIRA MONTEVERDE";"COHAB";"";"";"COLISÃO";"0,0";"1,0";"0,0";"0,0";"0,0";"0,0";"0,0";"0,0";"0,0";"1,0";"0,0";"";"";"";"";"";"";"";"";"";"";"";""
"202416619,0";"2024-06-21";"10:48:00";"COM VÍTIMA";"FINALIZADA";"COELHOS";"PTE JOAQUIM CARDOSO";"";"";"EMBAIXO DO VIADUTO DO METRO ANTES DE SUBIR A PONTE QUE DA ACESSO AO HOSPITAL IMIP";"COELHOS";"";"";"COLISÃO";"1,0";"1,0";"0,0";"0,0";"0,0";"0,0";"0,0";"0,0";"0,0";"1,0";"0,0";"";"";"";"";"";"";"";"";"";"";"";""
"202416623,0";"2024-06-21";"11:10:00";"COM VÍTIMA";"DUPLICIDADE";"COHAB";"AV SERRA DA MANTIQUEIRA";"";"";"AO LADO DA SOCITY PERNA DE PAU / NA DESCIDA DA LADEIRA DE MONTE VERDE";"COHAB";"";"";"COLISÃO";"0,0";"1,0";"0,0";"0,0";"0,0";"0,0";"0,0";"0,0";"0,0";"1,0";"0,0";"";"";"";"";"";"";"";"";"";"";"";""
"202416635,0";"2024-06-21";"02:06:00";"COM VÍTIMA";"FINALIZADA";"SANTO AMARO";"AV CRUZ CABUGA";"";"";"AO LADO DO  CEMITERIO DOS INGLESES";"SANTO AMARO";"";"";"COLISÃO";"0,0";"0,0";"0,0";"0,0";"0,0";"0,0";"0,0";"0,0";"0,0";"1,0";"0,0";"";"";"";"";"";"";"";"";"";"";"";""
"202416643,0";"2024-06-21";"03:04:00";"COM VÍTIMA";"FINALIZADA";"DOIS IRMAOS";"RUA MANUEL DE MEDEIROS";"";"";"E/F  A UFRPE  E A BIBLIOTEA CENTRAL";"DOIS IRMAOS";"";"";"COLISÃO";"1,0";"1,0";"0,0";"0,0";"0,0";"0,0";"0,0";"0,0";"0,0";"1,0";"0,0";"";"";"";"";"";"";"";"";"";"";"";""
"202416651,0";"2024-06-21";"04:45:00";"COM VÍTIMA";"FINALIZADA";"ALTO JOSE DO PINHO";"COR DO BARTOLOMEU";"346";"";"PROX A PADARIA ANDREA";"ALTO JOSE DO PINHO";"";"";"COLISÃO";"0,0";"0,0";"0,0";"0,0";"0,0";"0,0";"0,0";"0,0";"0,0";"1,0";"0,0";"";"";"";"";"";"";"";"";"";"";"";""
"202416664,0";"2024-06-21";"06:57:00";"COM VÍTIMA";"FINALIZADA";"JARDIM SAO PAULO";"RUA LEANDRO BARRETO";"275";"";"PROXIMO A IGREJA ASSEMBLEIA DE DEUS // PROX A GALERIA VERDE";"JARDIM SAO PAULO";"";"";"COLISÃO";"0,0";"1,0";"0,0";"0,0";"0,0";"0,0";"0,0";"0,0";"0,0";"1,0";"0,0";"";"";"";"";"";"";"";"";"";"";"";""
"202416665,0";"2024-06-21";"07:47:00";"COM VÍTIMA";"FINALIZADA";"BOA VIAGEM";"AV ENGENHEIRO DOMINGOS FERREIRA";"";"RUA ERNESTO DE PAULA SANTOS";"E/F DOM FERREIRO FORNERIA";"BOA VIAGEM";"";"";"COLISÃO LATERAL";"1,0";"1,0";"0,0";"0,0";"0,0";"0,0";"0,0";"0,0";"0,0";"1,0";"0,0";"";"";"";"";"";"";"";"";"";"";"";""
"202416675,0";"2024-06-21";"10:42:00";"COM VÍTIMA";"FINALIZADA";"JIQUIA";"RUA SAO MIGUEL";"";"";"EM FRENTE AO BODE DO NÔ";"JIQUIA";"";"";"COLISÃO FRONTAL";"1,0";"1,0";"0,0";"0,0";"0,0";"0,0";"0,0";"0,0";"0,0";"1,0";"0,0";"";"";"";"";"";"";"";"";"";"";"";""
"202416678,0";"2024-06-22";"12:06:00";"COM VÍTIMA";"FINALIZADA";"BOA VIAGEM";"AV FERNANDO SIMOES BARBOSA";"380";"";"SENTIDO PIEDADE - E/F FRENTE AO GRUPO SEGUE E POSTO SHELL";"BOA VIAGEM";"";"";"COLISÃO TRASEIRA";"0,0";"2,0";"0,0";"0,0";"0,0";"0,0";"0,0";"0,0";"0,0";"2,0";"0,0";"";"";"";"";"";"";"";"";"";"";"";""
"202416698,0";"2024-06-22";"09:41:00";"COM VÍTIMA";"FINALIZADA";"IPUTINGA";"AV PROFESSOR MORAES REGO";"";"";"AO LADO HOTEL EROS";"IPUTINGA";"";"";"COLISÃO LATERAL";"0,0";"1,0";"0,0";"0,0";"0,0";"0,0";"0,0";"0,0";"0,0";"1,0";"0,0";"";"";"";"";"";"";"";"";"";"";"";""
"202416707,0";"2024-06-22";"11:29:00";"COM VÍTIMA";"FINALIZADA";"IMBIRIBEIRA";"AV MARECHAL MASCARENHAS DE MORAES";"";"";"EM FRENTE AO ARMAZEM WL, PROX. A LOJA DE PISCINAS SPLASH";"IMBIRIBEIRA";"";"";"COLISÃO";"0,0";"1,0";"0,0";"0,0";"0,0";"0,0";"0,0";"0,0";"0,0";"1,0";"0,0";"";"";"";"";"";"";"";"";"";"";"";""
"202416715,0";"2024-06-22";"01:42:00";"COM VÍTIMA";"FINALIZADA";"IBURA";"AV DOIS RIOS";"315";"";"E/F ACADEMIA MOTIVE";"IBURA";"";"";"COLISÃO";"0,0";"0,0";"0,0";"0,0";"0,0";"0,0";"0,0";"0,0";"0,0";"1,0";"0,0";"";"";"";"";"";"";"";"";"";"";"";""
"202416726,0";"2024-06-22";"03:50:00";"COM VÍTIMA";"FINALIZADA";"TAMARINEIRA";"RUA CONEGO BARATA";"";"";"E/F AO DNOCS  S/T SUB";"TAMARINEIRA";"";"";"COLISÃO TRASEIRA";"1,0";"1,0";"0,0";"0,0";"0,0";"0,0";"0,0";"0,0";"0,0";"1,0";"0,0";"";"";"";"";"";"";"";"";"";"";"";""
"202416727,0";"2024-06-22";"03:51:00";"COM VÍTIMA";"FINALIZADA";"IMBIRIBEIRA";"RUA ARQUITETO LUIZ NUNES";"";"";"NA FRENTE DA IGREJA DOS MORMOS";"IMBIRIBEIRA";"";"";"COLISÃO FRONTAL";"2,0";"0,0";"0,0";"0,0";"0,0";"0,0";"0,0";"0,0";"0,0";"1,0";"0,0";"";"";"";"";"";"";"";"";"";"";"";""
"202416728,0";"2024-06-22";"04:13:00";"SEM VÍTIMA";"FINALIZADA";"SAO JOSE";"AV SUL";"";"";"PROX A O FORTE DAS CINCO PONTAS E/F AO 16 BATALHAO  DA POLICIA";"SAO JOSE";"";"";"COLISÃO FRONTAL";"1,0";"1,0";"0,0";"0,0";"0,0";"0,0";"0,0";"0,0";"0,0";"0,0";"0,0";"";"";"";"";"";"";"";"";"";"";"";""
"202416738,0";"2024-06-22";"07:08:00";"COM VÍTIMA";"FINALIZADA";"VASCO DA GAMA";"RUA PLANALTO";"";"";"SUBIDA ALTO NOSSA SENHORA DE FÁTIMA";"VASCO DA GAMA";"";"";"COLISÃO";"1,0";"1,0";"0,0";"0,0";"0,0";"0,0";"0,0";"0,0";"0,0";"1,0";"0,0";"";"";"";"";"";"";"";"";"";"";"";""
"202416772,0";"2024-06-23";"02:41:00";"COM VÍTIMA";"FINALIZADA";"CAMPO GRANDE";"RUA PROFESSOR FRANCISCO DA TRINDADE";"";"RUA CATULO DA PAIXAO CEARENSE";"";"CAMPO GRANDE";"";"";"COLISÃO LATERAL";"0,0";"2,0";"0,0";"0,0";"0,0";"0,0";"0,0";"0,0";"0,0";"2,0";"0,0";"";"";"";"";"";"";"";"";"";"";"";""
"202416773,0";"2024-06-23";"03:18:00";"COM VÍTIMA";"FINALIZADA";"AFOGADOS";"RUA SAO MIGUEL";"";"";"EM FRENTE A CLEITON AUTO PEÇAS E SERVIÇOS";"AFOGADOS";"";"";"COLISÃO TRASEIRA";"1,0";"1,0";"0,0";"0,0";"0,0";"0,0";"0,0";"0,0";"0,0";"1,0";"0,0";"";"";"";"";"";"";"";"";"";"";"";""
"202416783,0";"2024-06-24";"01:14:00";"COM VÍTIMA";"FINALIZADA";"CAMPO GRANDE";"AV PROFESSOR JOSE DOS ANJOS";"150";"";"BAR DO ZÉ";"CAMPO GRANDE";"";"";"ATROPELAMENTO DE PESSOA";"0,0";"1,0";"0,0";"0,0";"1,0";"0,0";"0,0";"0,0";"0,0";"1,0";"0,0";"";"";"";"";"";"";"";"";"";"";"";""
"202416784,0";"2024-06-24";"03:44:00";"COM VÍTIMA";"FINALIZADA";"TAMARINEIRA";"EST DO ARRAIAL";"";"RUA PADRE ROMA";"CASAS JOSE ARAUJO";"TAMARINEIRA";"61,0";"";"COLISÃO TRANSVERSAL";"1,0";"1,0";"0,0";"0,0";"0,0";"0,0";"0,0";"0,0";"0,0";"1,0";"0,0";"";"";"";"";"";"";"";"";"";"";"";""
"202416787,0";"2024-06-24";"05:09:00";"COM VÍTIMA";"FINALIZADA";"BOA VIAGEM";"RUA ERNESTO DE PAULA SANTOS";"";"RUA VISCONDE DE JEQUITINHONHA";"";"BOA VIAGEM";"";"";"COLISÃO LATERAL";"0,0";"1,0";"0,0";"0,0";"0,0";"1,0";"0,0";"0,0";"0,0";"2,0";"0,0";"";"";"";"";"";"";"";"";"";"";"";""
"202416796,0";"2024-06-24";"11:05:00";"SEM VÍTIMA";"FINALIZADA";"JOANA BEZERRA";"AV CENTRAL";"222";"";"EM FRENTE AO Nº 222";"JOANA BEZERRA";"";"SUBURBIO";"COLISÃO LATERAL";"0,0";"1,0";"0,0";"0,0";"0,0";"0,0";"0,0";"1,0";"0,0";"0,0";"0,0";"";"";"";"";"";"";"";"";"";"";"";""
"202416809,0";"2024-06-24";"05:39:00";"COM VÍTIMA";"FINALIZADA";"IPSEP";"AV RECIFE";"";"RUA JEAN EMILE FAVRE";"PROXIMO PADARIA VILA DO PÃO";"IPSEP";"";"";"COLISÃO COM CICLISTA";"0,0";"0,0";"0,0";"1,0";"0,0";"1,0";"0,0";"0,0";"0,0";"1,0";"0,0";"";"";"";"";"";"";"";"";"";"";"";""
"202416823,0";"2024-06-25";"03:43:00";"COM VÍTIMA";"FINALIZADA";"BARRO";"AV DR JOSE RUFINO";"";"";"SENTIDO TEJIPIO, EM CIMA DO VIADUTO";"BARRO";"";"SUBURBIO";"COLISÃO";"0,0";"2,0";"0,0";"0,0";"0,0";"0,0";"0,0";"0,0";"0,0";"3,0";"0,0";"";"";"";"";"";"";"";"";"";"";"";""
"202416833,0";"2024-06-25";"07:11:00";"COM VÍTIMA";"FINALIZADA";"CAXANGA";"AV CAXANGA";"";"";"EM FRENTE AO POSTO IPIRANGA SENTIDO CENTRO";"CAXANGA";"";"";"COLISÃO LATERAL";"1,0";"1,0";"0,0";"0,0";"0,0";"0,0";"0,0";"0,0";"0,0";"1,0";"0,0";"";"";"";"";"";"";"";"";"";"";"";""
"202416834,0";"2024-06-25";"07:31:00";"COM VÍTIMA";"FINALIZADA";"CAMPO GRANDE";"RUA FARIAS NEVES";"627";"";"POR TRÁS DO CAMPO DO ELITE";"CAMPO GRANDE";"";"";"COLISÃO LATERAL";"1,0";"1,0";"0,0";"0,0";"0,0";"0,0";"0,0";"0,0";"0,0";"1,0";"0,0";"";"";"";"";"";"";"";"";"";"";"";""
"202416835,0";"2024-06-25";"07:37:00";"COM VÍTIMA";"FINALIZADA";"CAMPO GRANDE";"RUA MARIO SETE";"557";"RUA MARQUES DE ABRANTES";"PROX. AO RESTAURANTE  ESPAÇO TO EM CASA";"CAMPO GRANDE";"";"";"COLISÃO LATERAL";"2,0";"0,0";"0,0";"0,0";"0,0";"0,0";"0,0";"0,0";"0,0";"1,0";"0,0";"";"";"";"";"";"";"";"";"";"";"";""
"202416846,0";"2024-06-25";"09:15:00";"COM VÍTIMA";"FINALIZADA";"AFOGADOS";"RUA SAO MIGUEL";"";"";"PRÓXIMO AO QUARTEL";"AFOGADOS";"";"";"COLISÃO";"0,0";"0,0";"0,0";"0,0";"0,0";"0,0";"0,0";"0,0";"0,0";"1,0";"0,0";"";"";"";"";"";"";"";"";"";"";"";""
"202416868,0";"2024-06-25";"11:45:00";"VÍTIMA FATAL";"FINALIZADA";"ARRUDA";"AV PROFESSOR JOSE DOS ANJOS";"";"";"EM FRENTE A UPA";"ARRUDA";"";"";"COLISÃO LATERAL";"0,0";"1,0";"0,0";"0,0";"0,0";"0,0";"0,0";"0,0";"0,0";"1,0";"1,0";"";"";"";"";"";"";"";"";"";"";"";""
"202416870,0";"2024-06-25";"11:58:00";"COM VÍTIMA";"FINALIZADA";"SANTO AMARO";"RUA DR CARLOS CHAGAS";"";"AV JOAO DE BARROS";"";"SANTO AMARO";"";"";"COLISÃO LATERAL";"0,0";"1,0";"0,0";"0,0";"0,0";"0,0";"0,0";"0,0";"1,0";"1,0";"0,0";"";"";"";"";"";"";"";"";"";"";"";""
"202416882,0";"2024-06-25";"01:05:00";"COM VÍTIMA";"FINALIZADA";"IMBIRIBEIRA";"RUA PINTOR LULA CARDOSO AYRES";"";"";"EM FRENTE A DISTRIBUIDORA ITAGUARI";"IMBIRIBEIRA";"";"";"COLISÃO FRONTAL";"1,0";"1,0";"0,0";"0,0";"0,0";"0,0";"0,0";"0,0";"0,0";"1,0";"0,0";"";"";"";"";"";"";"";"";"";"";"";""
"202416883,0";"2024-06-25";"01:10:00";"SEM VÍTIMA";"FINALIZADA";"AREIAS";"AV TAPAJOS";"127";"";"BEM VIVER CLÍNICA POPULAR";"AREIAS";"";"SUBURBIO";"COLISÃO TRASEIRA";"1,0";"0,0";"0,0";"0,0";"0,0";"0,0";"1,0";"0,0";"0,0";"0,0";"0,0";"";"";"";"";"";"";"";"";"";"";"";""
"202416886,0";"2024-06-25";"02:32:00";"COM VÍTIMA";"FINALIZADA";"ILHA DO RETIRO";"AV ENGENHEIRO ABDIAS DE CARVALHO";"";"";"";"ILHA DO RETIRO";"355,0";"";"COLISÃO LATERAL";"1,0";"1,0";"0,0";"0,0";"0,0";"0,0";"0,0";"0,0";"0,0";"1,0";"0,0";"";"";"";"";"";"";"";"";"";"";"";""
"202416891,0";"2024-06-25";"03:35:00";"SEM VÍTIMA";"FINALIZADA";"AGUA FRIA";"RUA DA VITORIA";"";"";"NA ENTRADA DO CORREGO SO SEBASTIÃO  E/F A DISTRIBUIDORA JJ ATACADO EE VAREJO";"AGUA FRIA";"";"";"COLISÃO FRONTAL";"0,0";"1,0";"0,0";"0,0";"0,0";"0,0";"0,0";"1,0";"0,0";"0,0";"0,0";"";"";"";"";"";"";"";"";"";"";"";""
"202416903,0";"2024-06-25";"05:05:00";"SEM VÍTIMA";"FINALIZADA";"CAMPO GRANDE";"AV GOVERNADOR AGAMENON MAGALHAES";"";"";"EM FRENTE DA SEPLANQUE";"CAMPO GRANDE";"";"";"COLISÃO TRASEIRA";"1,0";"0,0";"0,0";"0,0";"0,0";"0,0";"0,0";"1,0";"0,0";"0,0";"0,0";"";"";"";"";"";"";"";"";"";"";"";""
"202416909,0";"2024-06-25";"05:48:00";"COM VÍTIMA";"FINALIZADA";"CORDEIRO";"AV PROFESSOR JOAQUIM CAVALCANTI";"";"";"PROX AO HOTEL APICE";"CORDEIRO";"";"";"COLISÃO";"0,0";"1,0";"0,0";"0,0";"0,0";"0,0";"0,0";"0,0";"0,0";"1,0";"0,0";"";"";"";"";"";"";"";"";"";"";"";""
"202416918,0";"2024-06-25";"06:59:00";"COM VÍTIMA";"FINALIZADA";"MADALENA";"RUA BENFICA";"404";"PRC DO INTERNACIONAL";"";"MADALENA";"";"";"COLISÃO";"0,0";"1,0";"0,0";"0,0";"0,0";"0,0";"0,0";"0,0";"0,0";"1,0";"0,0";"";"";"";"";"";"";"";"";"";"";"";""
"202416941,0";"2024-06-26";"06:58:00";"COM VÍTIMA";"FINALIZADA";"BOA VIAGEM";"RUA TENENTE JOAO CICERO";"";"";"RUA DO COLEGIO SANTA MARIA";"BOA VIAGEM";"";"";"COLISÃO";"1,0";"1,0";"0,0";"0,0";"0,0";"0,0";"0,0";"0,0";"0,0";"1,0";"0,0";"";"";"";"";"";"";"";"";"";"";"";""
"202416944,0";"2024-06-26";"07:18:00";"COM VÍTIMA";"FINALIZADA";"BOA VISTA";"RUA GERVASIO PIRES";"499";"";"PRÓXIMO AO HGR";"BOA VISTA";"";"";"COLISÃO LATERAL";"2,0";"0,0";"0,0";"0,0";"0,0";"0,0";"0,0";"0,0";"0,0";"1,0";"0,0";"";"";"";"";"";"";"";"";"";"";"";""
"202416963,0";"2024-06-26";"08:00:00";"SEM VÍTIMA";"FINALIZADA";"CORDEIRO";"AV PROFESSOR ESTEVAO FRANCISCO DA COSTA";"";"RUA CARANDAI";"EM FRENTE SERRALHARIA PAI E FILHO";"CORDEIRO";"";"";"COLISÃO FRONTAL";"2,0";"0,0";"0,0";"0,0";"0,0";"0,0";"0,0";"0,0";"0,0";"0,0";"0,0";"";"";"";"";"";"";"";"";"";"";"";""
"202416966,0";"2024-06-26";"08:23:00";"COM VÍTIMA";"FINALIZADA";"MADALENA";"RUA BENFICA";"";"AV VISCONDE DE ALBUQUERQUE";"EM FRENTE  AO BOMPREÇO COM AV VISCONDE DE ABULQUERQUE";"MADALENA";"";"";"COLISÃO";"0,0";"1,0";"0,0";"0,0";"0,0";"0,0";"0,0";"0,0";"0,0";"1,0";"0,0";"";"";"";"";"";"";"";"";"";"";"";""
"202416968,0";"2024-06-26";"08:28:00";"COM VÍTIMA";"FINALIZADA";"IPSEP";"AV RECIFE";"2826";"";"EM FRENTE A ARAUTO BIU / SENTIDO AERPORTO";"IPSEP";"";"";"COLISÃO";"2,0";"2,0";"0,0";"0,0";"0,0";"0,0";"0,0";"0,0";"0,0";"1,0";"0,0";"";"";"";"";"";"";"";"";"";"";"";""
"202416994,0";"2024-06-26";"12:27:00";"COM VÍTIMA";"FINALIZADA";"IBURA";"AV PERNAMBUCO";"";"";"UR-01 IBURA EM FRENTE AO CLUBE NACIONAL";"IBURA";"";"";"COLISÃO";"0,0";"1,0";"0,0";"0,0";"0,0";"0,0";"0,0";"0,0";"0,0";"1,0";"0,0";"";"";"";"";"";"";"";"";"";"";"";""
"202417001,0";"2024-06-26";"01:26:00";"COM VÍTIMA";"CANCELADA";"CASA AMARELA";"AV NORTE MIGUEL ARRAES DE ALENCAR";"";"";"EM FRENTE A MATERNIDADE  BARROS LIMA";"CASA AMARELA";"";"";"COLISÃO TRASEIRA";"0,0";"2,0";"0,0";"0,0";"0,0";"0,0";"0,0";"0,0";"0,0";"1,0";"0,0";"";"";"";"";"";"";"";"";"";"";"";""
"202417004,0";"2024-06-26";"02:32:00";"COM VÍTIMA";"FINALIZADA";"CAJUEIRO";"AV CIDADE DE MONTEIRO";"380";"";"E/F AO ARMAZEM CORAL ACHAQUI";"CAJUEIRO";"";"";"COLISÃO LATERAL";"1,0";"1,0";"0,0";"0,0";"0,0";"0,0";"0,0";"0,0";"0,0";"1,0";"0,0";"";"";"";"";"";"";"";"";"";"";"";""
"202417006,0";"2024-06-26";"12:00:00";"COM VÍTIMA";"FINALIZADA";"BRASILIA TEIMOSA";"RUA FRANCISCO VALPASSOS";"216";"";"EM FRENTE A ESCOLA CHEATEAUBRIAND";"BRASILIA TEIMOSA";"";"";"COLISÃO";"0,0";"0,0";"0,0";"1,0";"0,0";"0,0";"0,0";"0,0";"0,0";"1,0";"0,0";"";"";"";"";"";"";"";"";"";"";"";""
"202417007,0";"2024-06-26";"03:31:00";"COM VÍTIMA";"FINALIZADA";"ESTANCIA";"AV RECIFE";"";"";"NA DESCIDA DO VIADUTO DO MAKRO  NO PONTILHAO DO METRO  DA ESTAÇAO SANTA LUZIA S/T CEASA";"ESTANCIA";"";"";"COLISÃO TRASEIRA";"1,0";"1,0";"0,0";"0,0";"0,0";"0,0";"0,0";"0,0";"0,0";"1,0";"0,0";"";"";"";"";"";"";"";"";"";"";"";""
"202417019,0";"2024-06-26";"06:25:00";"COM VÍTIMA";"FINALIZADA";"BOA VIAGEM";"AVENIDA CELSO FURTADO (VIA MANGUE)";"";"";"EM FRENTE AO NOVO PARQUE";"BOA VIAGEM";"";"";"COLISÃO TRASEIRA";"1,0";"2,0";"0,0";"0,0";"0,0";"0,0";"0,0";"0,0";"0,0";"1,0";"0,0";"";"";"";"";"";"";"";"";"";"";"";""
"202417020,0";"2024-06-26";"06:32:00";"COM VÍTIMA";"FINALIZADA";"CAMPO GRANDE";"EST DE BELEM";"1669";"";"PROX A ESCOLA MENINO JESUS E AO CRUZMANTO DA RUA MARIO SETE";"CAMPO GRANDE";"";"";"COLISÃO";"0,0";"1,0";"0,0";"0,0";"0,0";"0,0";"0,0";"0,0";"0,0";"1,0";"0,0";"";"";"";"";"";"";"";"";"";"";"";""
"202417027,0";"2024-06-26";"10:15:00";"COM VÍTIMA";"FINALIZADA";"ROSARINHO";"RUA CAPITAO SAMPAIO XAVIER";"392";"";"ARMAZEM QUATRO CANTOS";"ROSARINHO";"";"";"COLISÃO";"1,0";"1,0";"0,0";"0,0";"0,0";"0,0";"0,0";"0,0";"0,0";"1,0";"0,0";"";"";"";"";"";"";"";"";"";"";"";""
"202417036,0";"2024-06-27";"07:02:00";"COM VÍTIMA";"FINALIZADA";"IBURA";"AV RIO LARGO";"";"";"EM FRENTE AO MERCADINHO PROABI";"IBURA";"";"";"COLISÃO LATERAL";"0,0";"0,0";"0,0";"1,0";"0,0";"1,0";"0,0";"0,0";"0,0";"1,0";"0,0";"";"";"";"";"";"";"";"";"";"";"";""
"202417054,0";"2024-06-27";"07:45:00";"COM VÍTIMA";"FINALIZADA";"IPUTINGA";"AV HISTORIAD JORDAO EMERENCIANO";"249";"";"POR TRÁS DO DETRAN / POR TRÁS DO ATACADÃO BR";"IPUTINGA";"";"";"COLISÃO LATERAL";"1,0";"1,0";"0,0";"0,0";"0,0";"0,0";"0,0";"0,0";"0,0";"1,0";"0,0";"";"";"";"";"";"";"";"";"";"";"";""
"202417055,0";"2024-06-27";"07:51:00";"COM VÍTIMA";"FINALIZADA";"CAMPO GRANDE";"RUA MARQUES DE BAIPENDI";"";"";"AO LADO DA FABRICA DA COCA COLA";"CAMPO GRANDE";"";"";"COLISÃO";"0,0";"1,0";"0,0";"0,0";"0,0";"0,0";"0,0";"0,0";"0,0";"1,0";"0,0";"";"";"";"";"";"";"";"";"";"";"";""
"202417057,0";"2024-06-27";"08:07:00";"COM VÍTIMA";"FINALIZADA";"CASA AMARELA";"AV NORTE MIGUEL ARRAES DE ALENCAR";"";"";"PROX. AO DESKONTAO";"CASA AMARELA";"";"";"COLISÃO";"0,0";"1,0";"0,0";"0,0";"0,0";"0,0";"0,0";"0,0";"0,0";"1,0";"0,0";"";"";"";"";"";"";"";"";"";"";"";""
"202417060,0";"2024-06-27";"09:00:00";"COM VÍTIMA";"FINALIZADA";"TORROES";"AV ENGENHEIRO ABDIAS DE CARVALHO";"";"";"APOS O VIADUTO NA LATERAL DO HOSPITAL DA MULHER SENT. ABDIAS";"TORROES";"";"";"COLISÃO";"0,0";"1,0";"0,0";"0,0";"0,0";"0,0";"0,0";"0,0";"0,0";"1,0";"0,0";"";"";"";"";"";"";"";"";"";"";"";""
"202417072,0";"2024-06-27";"10:42:00";"COM VÍTIMA";"FINALIZADA";"CAMPO GRANDE";"AV PROFESSOR JOSE DOS ANJOS";"";"";"PROX. A IGREJA ADVENTISTA DO SETIMO DIA, SENT. PEIXINHOS";"CAMPO GRANDE";"";"";"COLISÃO";"0,0";"1,0";"0,0";"0,0";"0,0";"0,0";"0,0";"0,0";"0,0";"1,0";"0,0";"";"";"";"";"";"";"";"";"";"";"";""
"202417084,0";"2024-06-27";"01:00:00";"COM VÍTIMA";"FINALIZADA";"BOA VIAGEM";"AV CONSELHEIRO AGUIAR";"";"RUA CORONEL BENEDITO CHAVES";"";"BOA VIAGEM";"";"";"ATROPELAMENTO DE PESSOA";"1,0";"0,0";"0,0";"0,0";"1,0";"0,0";"0,0";"0,0";"0,0";"1,0";"0,0";"";"";"";"";"";"";"";"";"";"";"";""
"202417095,0";"2024-06-27";"03:49:00";"COM VÍTIMA";"FINALIZADA";"ESTANCIA";"AV RECIFE";"12225";"";"EM FRENTE AO ROYAL DEPOIS DO SUPERMERCADO ATACADÃO SENTIDO CAXANGA";"ESTANCIA";"";"";"COLISÃO";"0,0";"1,0";"0,0";"0,0";"0,0";"0,0";"0,0";"0,0";"0,0";"1,0";"0,0";"";"";"";"";"";"";"";"";"";"";"";""
"202417099,0";"2024-06-27";"04:51:00";"COM VÍTIMA";"FINALIZADA";"VARZEA";"AV CAXANGA";"";"";"EM FRENTE A UPA DA CXANGA NO CRUZAMENTO";"VARZEA";"";"";"COLISÃO";"0,0";"1,0";"0,0";"0,0";"0,0";"0,0";"0,0";"0,0";"0,0";"1,0";"0,0";"";"";"";"";"";"";"";"";"";"";"";""
"202417106,0";"2024-06-27";"05:05:00";"COM VÍTIMA";"FINALIZADA";"AREIAS";"AV DR JOSE RUFINO";"2368";"";"EM FRENTE A IGREJA SANTA LUZIA E EMBAIXO DO VIADUTO DA AV RECIFE";"AREIAS";"";"";"COLISÃO";"0,0";"1,0";"0,0";"0,0";"0,0";"0,0";"0,0";"0,0";"0,0";"1,0";"0,0";"";"";"";"";"";"";"";"";"";"";"";""
"202417119,0";"2024-06-27";"09:28:00";"COM VÍTIMA";"FINALIZADA";"VARZEA";"RUA GENERAL POLIDORO";"";"AV PROFESSOR ARTUR DE SA";"";"VARZEA";"";"";"COLISÃO LATERAL";"0,0";"1,0";"0,0";"0,0";"0,0";"1,0";"0,0";"0,0";"0,0";"1,0";"0,0";"";"";"";"";"";"";"";"";"";"";"";""