"Protocolo";"data";"hora";"natureza";"situacao";"bairro";"endereco";"numero";"detalhe_endereco_acidente";"complemento";"bairro_cruzamento";"num_semaforo";"sentido_via";"tipo";"auto";"moto";"ciclom";"ciclista";"pedestre";"onibus";"caminhao";"viatura";"outros";"vitimas";"vitimasfatais";"acidente_verificado";"tempo_clima";"situacao_semaforo";"sinalizacao";"condicao_via";"conservacao_via";"ponto_controle";"situacao_placa";"velocidade_max_via";"mao_direcao";"divisao_via1";"divisao_via2"
"202417127,0";"2024-06-28";"06:08:00";"COM VÍTIMA";"FINALIZADA";"DOIS IRMAOS";"RUA DOIS IRMAOS";"1117";"";"EM FRENTE AO LAFEPE";"DOIS IRMAOS";"";"";"COLISÃO";"0,0";"1,0";"0,0";"0,0";"0,0";"0,0";"0,0";"0,0";"0,0";"1,0";"0,0";"";"";"";"";"";"";"";"";"";"";"";""
"202417136,0";"2024-06-28";"07:07:00";"COM VÍTIMA";"FINALIZADA";"ARRUDA";"RUA PETRONILA BOTELHO";"";"AV PROFESSOR JOSE DOS ANJOS";"";"ARRUDA";"";"";"COLISÃO";"1,0";"1,0";"0,0";"0,0";"0,0";"0,0";"0,0";"0,0";"0,0";"1,0";"0,0";"";"";"";"";"";"";"";"";"";"";"";""
"202417137,0";"2024-06-28";"07:29:00";"COM VÍTIMA";"FINALIZADA";"BOA VIAGEM";"AV ARMINDO MOURA";"581";"";"EM FRENTE AO QUARTEL DA AERONAUTICA  E PADARIA DANIELE";"BOA VIAGEM";"";"";"COLISÃO FRONTAL";"1,0";"1,0";"0,0";"0,0";"0,0";"0,0";"0,0";"0,0";"0,0";"1,0";"0,0";"";"";"";"";"";"";"";"";"";"";"";""
"202417147,0";"2024-06-28";"08:24:00";"COM VÍTIMA";"FINALIZADA";"CAXANGA";"AV CAXANGA";"";"";"PROX. A INTEGRAÇÃ E POSTO DE GASOLINA SHELL";"CAXANGA";"";"";"COLISÃO";"0,0";"1,0";"0,0";"0,0";"0,0";"0,0";"0,0";"0,0";"0,0";"1,0";"0,0";"";"";"";"";"";"";"";"";"";"";"";""
"202417159,0";"2024-06-28";"10:37:00";"COM VÍTIMA";"FINALIZADA";"BOA VIAGEM";"AV DOM JOAO VI";"1003";"";"EM FRENTE AO NUMERO 1003 PROX AO SHOPPING RECIFE";"BOA VIAGEM";"";"";"COLISÃO";"0,0";"1,0";"0,0";"0,0";"0,0";"0,0";"0,0";"0,0";"0,0";"1,0";"0,0";"";"";"";"";"";"";"";"";"";"";"";""
"202417162,0";"2024-06-28";"10:48:00";"SEM VÍTIMA";"FINALIZADA";"CASA AMARELA";"RUA TAQUARITINGA";"48 A";"";"";"CASA AMARELA";"";"SUBURBIO";"COLISÃO LATERAL";"1,0";"0,0";"0,0";"0,0";"0,0";"0,0";"1,0";"0,0";"0,0";"0,0";"0,0";"";"";"";"";"";"";"";"";"";"";"";""
"202417170,0";"2024-06-28";"11:37:00";"COM VÍTIMA";"FINALIZADA";"BOA VIAGEM";"RUA VISCONDE DE JEQUITINHONHA";"1400";"";"AO LADO DO RECIFE FLAT VIA LOCAL";"BOA VIAGEM";"";"";"COLISÃO";"0,0";"1,0";"0,0";"0,0";"0,0";"0,0";"0,0";"0,0";"0,0";"1,0";"0,0";"";"";"";"";"";"";"";"";"";"";"";""
"202417174,0";"2024-06-28";"12:45:00";"COM VÍTIMA";"FINALIZADA";"ILHA DO RETIRO";"AV ENGENHEIRO ABDIAS DE CARVALHO";"";"";"EM FRENTE A MC DONALDS SENTIDO RECIFE";"ILHA DO RETIRO";"";"";"COLISÃO";"0,0";"1,0";"0,0";"0,0";"0,0";"0,0";"0,0";"0,0";"0,0";"1,0";"0,0";"";"";"";"";"";"";"";"";"";"";"";""
"202417190,0";"2024-06-28";"03:37:00";"COM VÍTIMA";"FINALIZADA";"COELHOS";"PTE JOAQUIM CARDOSO";"";"";"PRÓXIMO À AACD";"COELHOS";"";"";"COLISÃO";"1,0";"1,0";"0,0";"0,0";"0,0";"0,0";"0,0";"0,0";"0,0";"1,0";"0,0";"";"";"";"";"";"";"";"";"";"";"";""
"202417192,0";"2024-06-28";"04:12:00";"COM VÍTIMA";"FINALIZADA";"MADALENA";"RUA ANTONIO VIEIRA";"320";"";"PROX A ACADEMIA SEL FITY E APOS O BAR DO AGENORTERCEIRA  DIREITA";"MADALENA";"";"";"COLISÃO";"0,0";"1,0";"0,0";"0,0";"0,0";"0,0";"0,0";"0,0";"0,0";"1,0";"0,0";"";"";"";"";"";"";"";"";"";"";"";""
"202417196,0";"2024-06-28";"04:36:00";"COM VÍTIMA";"FINALIZADA";"ILHA DO RETIRO";"RUA SPORT CLUBE DO RECIFE";"";"";"E/F AO CLUBE DO SPORT S/T DERBY";"ILHA DO RETIRO";"";"";"COLISÃO TRASEIRA";"0,0";"2,0";"0,0";"0,0";"0,0";"0,0";"0,0";"0,0";"0,0";"1,0";"0,0";"";"";"";"";"";"";"";"";"";"";"";""
"202417199,0";"2024-06-28";"05:51:00";"COM VÍTIMA";"FINALIZADA";"TAMARINEIRA";"AV NORTE MIGUEL ARRAES DE ALENCAR";"S/N";"";"PROX AO ALARME CENTER E DE ESQUINA COM CONEGO BARATA";"TAMARINEIRA";"";"";"COLISÃO LATERAL";"1,0";"1,0";"0,0";"0,0";"0,0";"0,0";"0,0";"0,0";"0,0";"1,0";"0,0";"";"";"";"";"";"";"";"";"";"";"";""
"202417202,0";"2024-06-28";"06:25:00";"COM VÍTIMA";"FINALIZADA";"MACAXEIRA";"AV NORTE MIGUEL ARRAES DE ALENCAR";"14854";"";"EM FRENTE AO CALDINHO DO ROBSON";"MACAXEIRA";"";"";"COLISÃO";"0,0";"1,0";"0,0";"0,0";"0,0";"0,0";"0,0";"0,0";"0,0";"1,0";"0,0";"";"";"";"";"";"";"";"";"";"";"";""
"202417205,0";"2024-06-28";"06:54:00";"COM VÍTIMA";"FINALIZADA";"ALTO JOSE BONIFACIO";"RUA VISCONDE DE SA BANDEIRA";"245";"";"PROX A CRECHE CRIANÇA FELIZ";"ALTO JOSE BONIFACIO";"";"";"COLISÃO";"0,0";"1,0";"0,0";"0,0";"0,0";"0,0";"0,0";"0,0";"0,0";"1,0";"0,0";"";"";"";"";"";"";"";"";"";"";"";""
"202417209,0";"2024-06-28";"07:47:00";"COM VÍTIMA";"FINALIZADA";"BOA VIAGEM";"AVENIDA CELSO FURTADO (VIA MANGUE)";"";"";"POR TRÁS DO COMPAZ";"BOA VIAGEM";"";"";"COLISÃO TRANSVERSAL";"0,0";"0,0";"0,0";"0,0";"0,0";"0,0";"0,0";"0,0";"0,0";"1,0";"0,0";"";"";"";"";"";"";"";"";"";"";"";""
"202417225,0";"2024-06-29";"04:26:00";"COM VÍTIMA";"FINALIZADA";"TEJIPIO";"AV PADRE IBIAPINA";"";"";"PRÓXIMO AESCOLA ANÍBAL FALCÃO";"TEJIPIO";"";"";"COLISÃO";"0,0";"2,0";"0,0";"0,0";"2,0";"0,0";"0,0";"0,0";"0,0";"1,0";"0,0";"";"";"";"";"";"";"";"";"";"";"";""
"202417234,0";"2024-06-29";"07:22:00";"COM VÍTIMA";"FINALIZADA";"PINA";"RUA CAPITAO REBELINHO";"";"";"POR TRÁS DO HOTEL TRANSAMERICA";"PINA";"";"";"COLISÃO";"0,0";"1,0";"0,0";"0,0";"0,0";"0,0";"0,0";"0,0";"0,0";"1,0";"0,0";"";"";"";"";"";"";"";"";"";"";"";""
"202417255,0";"2024-06-29";"09:58:00";"VÍTIMA FATAL";"FINALIZADA";"AFOGADOS";"RUA IMPERIAL";"";"";"PROX A FRABICA ASA ENCIMA DA PONTE";"AFOGADOS";"";"";"COLISÃO";"0,0";"1,0";"0,0";"0,0";"0,0";"0,0";"0,0";"0,0";"0,0";"1,0";"1,0";"";"";"";"";"";"";"";"";"";"";"";""
"202417257,0";"2024-06-29";"10:10:00";"COM VÍTIMA";"FINALIZADA";"IPSEP";"AV PRESIDENTE DUTRA";"";"";"EM FRENTE AO RESTAURANTE SAL E BRASA";"IPSEP";"";"";"COLISÃO";"1,0";"1,0";"0,0";"0,0";"0,0";"0,0";"0,0";"0,0";"0,0";"1,0";"0,0";"";"";"";"";"";"";"";"";"";"";"";""
"202417270,0";"2024-06-29";"01:28:00";"COM VÍTIMA";"FINALIZADA";"SAN MARTIN";"RUA APULCRO DE ASSUNCAO";"";"RUA JOSE VELOSO";"PROXIMO A CAVALARIA // PADARIA BOM E SABOR";"SAN MARTIN";"";"";"COLISÃO LATERAL";"2,0";"0,0";"0,0";"0,0";"0,0";"0,0";"0,0";"0,0";"0,0";"1,0";"0,0";"";"";"";"";"";"";"";"";"";"";"";""
"202417278,0";"2024-06-29";"02:33:00";"COM VÍTIMA";"FINALIZADA";"ALTO JOSE DO PINHO";"COR DO BARTOLOMEU";"331";"";"PROXIMO A DROGARIA RECIFE // PCT DA RODINHA";"ALTO JOSE DO PINHO";"";"";"COLISÃO";"0,0";"0,0";"0,0";"0,0";"0,0";"1,0";"1,0";"0,0";"0,0";"1,0";"0,0";"";"";"";"";"";"";"";"";"";"";"";""
"202417284,0";"2024-06-29";"03:20:00";"COM VÍTIMA";"FINALIZADA";"BOA VIAGEM";"AV CONSELHEIRO AGUIAR";"335";"";"PROX AO IMPORIO HD";"BOA VIAGEM";"";"";"COLISÃO";"0,0";"1,0";"0,0";"0,0";"0,0";"0,0";"0,0";"0,0";"0,0";"1,0";"0,0";"";"";"";"";"";"";"";"";"";"";"";""
"202417290,0";"2024-06-29";"05:00:00";"COM VÍTIMA";"FINALIZADA";"SANTO AMARO";"AV GOVERNADOR AGAMENON MAGALHAES";"";"";"EM FRENTE AO EMPRESARIAL BURLE MARX / ANTES DA SUBIDA DO VIADUTO /SENTIDO OLINDA";"SANTO AMARO";"";"";"COLISÃO";"0,0";"1,0";"0,0";"0,0";"0,0";"0,0";"0,0";"0,0";"0,0";"1,0";"0,0";"";"";"";"";"";"";"";"";"";"";"";""
"202417298,0";"2024-06-29";"05:33:00";"COM VÍTIMA";"FINALIZADA";"IMBIRIBEIRA";"AV MARECHAL MASCARENHAS DE MORAES";"5400";"";"EM FRENTE AO AEROPORTO E PROXIMO A FOCO ALUGUEL DE CARROS";"IMBIRIBEIRA";"";"";"COLISÃO LATERAL";"1,0";"1,0";"0,0";"0,0";"0,0";"1,0";"0,0";"0,0";"0,0";"1,0";"0,0";"";"";"";"";"";"";"";"";"";"";"";""
"202417302,0";"2024-06-29";"06:13:00";"COM VÍTIMA";"FINALIZADA";"MADALENA";"AV VISCONDE DE ALBUQUERQUE";"";"";"EM FRENTE AO BOMPREÇO";"MADALENA";"";"";"COLISÃO LATERAL";"1,0";"1,0";"0,0";"0,0";"0,0";"0,0";"0,0";"0,0";"0,0";"1,0";"0,0";"";"";"";"";"";"";"";"";"";"";"";""
"202417303,0";"2024-06-29";"06:40:00";"COM VÍTIMA";"CANCELADA";"BEBERIBE";"RUA DO ANIL";"330";"";"PROXIMO AO REI DO ARRUMADINHO // PROXIMO A MAX SAÚDE";"BEBERIBE";"";"";"COLISÃO";"0,0";"1,0";"0,0";"0,0";"0,0";"0,0";"0,0";"0,0";"0,0";"1,0";"0,0";"";"";"";"";"";"";"";"";"";"";"";""
"202417307,0";"2024-06-29";"09:46:00";"COM VÍTIMA";"FINALIZADA";"BOA VIAGEM";"AV ENGENHEIRO DOMINGOS FERREIRA";"2600";"RUA PROFESSOR JOSE BRANDAO";"FARMÁCIA INDEPENDENTE";"BOA VIAGEM";"";"";"COLISÃO TRANSVERSAL";"2,0";"0,0";"0,0";"0,0";"0,0";"0,0";"0,0";"0,0";"0,0";"1,0";"0,0";"";"";"";"";"";"";"";"";"";"";"";""
"202417315,0";"2024-06-30";"01:28:00";"SEM VÍTIMA";"FINALIZADA";"TORREAO";"AV NORTE MIGUEL ARRAES DE ALENCAR";"";"";"E/F À PRAÇA DA PICANHA";"TORREAO";"";"";"CHOQUE";"1,0";"0,0";"0,0";"0,0";"0,0";"0,0";"0,0";"0,0";"0,0";"0,0";"0,0";"";"";"";"";"";"";"";"";"";"";"";""
"202417323,0";"2024-06-30";"06:11:00";"COM VÍTIMA";"FINALIZADA";"MUSTARDINHA";"RUA NETO CAMPELO JUNIOR";"";"";"PROX. A PRAÇA DO ABC E FABRICA DE BOLA";"MUSTARDINHA";"";"";"COLISÃO LATERAL";"0,0";"1,0";"0,0";"0,0";"0,0";"0,0";"0,0";"0,0";"0,0";"1,0";"0,0";"";"";"";"";"";"";"";"";"";"";"";""
"202417328,0";"2024-06-30";"06:30:00";"COM VÍTIMA";"FINALIZADA";"IBURA";"RUA INALDO BARTOLOMEU DE CARVALHO";"";"";"PROX. AO MERCADINHO CRISTAL NO FINAL DA LADEIRA UR-07";"IBURA";"";"";"COLISÃO";"0,0";"1,0";"0,0";"0,0";"0,0";"0,0";"0,0";"0,0";"0,0";"1,0";"0,0";"";"";"";"";"";"";"";"";"";"";"";""
"202417333,0";"2024-06-30";"09:06:00";"COM VÍTIMA";"FINALIZADA";"IMBIRIBEIRA";"RUA JULIO VERNE";"";"";"RUA DO SINDICATO DOS TAXISTAS";"IMBIRIBEIRA";"";"";"COLISÃO";"0,0";"1,0";"0,0";"0,0";"0,0";"0,0";"0,0";"0,0";"0,0";"1,0";"0,0";"";"";"";"";"";"";"";"";"";"";"";""
"202417344,0";"2024-06-30";"11:33:00";"COM VÍTIMA";"FINALIZADA";"PASSARINHO";"RUA PATATIVA";"250";"";"PROX. AO TERMINAL DE ÔNIBUS DE PASSARINHO";"PASSARINHO";"";"";"COLISÃO FRONTAL";"0,0";"1,0";"0,0";"0,0";"0,0";"0,0";"0,0";"1,0";"0,0";"2,0";"0,0";"";"";"";"";"";"";"";"";"";"";"";""
"202417345,0";"2024-06-30";"11:52:00";"COM VÍTIMA";"FINALIZADA";"MONTEIRO";"RUA DEZENOVE DE ABRIL";"";"";"PCT NA PONTE DA SALVAÇÃO";"MONTEIRO";"123,0";"";"COLISÃO LATERAL";"0,0";"1,0";"0,0";"0,0";"0,0";"0,0";"0,0";"0,0";"0,0";"1,0";"0,0";"";"";"";"";"";"";"";"";"";"";"";""
"202417348,0";"2024-06-30";"01:05:00";"COM VÍTIMA";"FINALIZADA";"BOA VIAGEM";"AV BOA VIAGEM";"2128";"";"NO TERCEIRO JARDIM  EDF RENOIR";"BOA VIAGEM";"";"";"COLISÃO LATERAL";"1,0";"1,0";"0,0";"0,0";"0,0";"0,0";"0,0";"0,0";"0,0";"1,0";"0,0";"";"";"";"";"";"";"";"";"";"";"";""
"202417354,0";"2024-06-30";"02:47:00";"COM VÍTIMA";"FINALIZADA";"BARRO";"AV DR JOSE RUFINO";"";"";"E/F A IGREJA DO BARRO";"BARRO";"";"";"COLISÃO LATERAL";"1,0";"1,0";"0,0";"0,0";"0,0";"0,0";"0,0";"0,0";"0,0";"1,0";"0,0";"";"";"";"";"";"";"";"";"";"";"";""
"202417355,0";"2024-06-30";"02:52:00";"SEM VÍTIMA";"FINALIZADA";"IMBIRIBEIRA";"AV MARECHAL MASCARENHAS DE MORAES";"";"RUA DR VALDIR PESSOA";"MONOBLOCO PREMIUM";"IMBIRIBEIRA";"532,0";"CIDADE";"COLISÃO LATERAL";"2,0";"0,0";"0,0";"0,0";"0,0";"0,0";"0,0";"1,0";"0,0";"0,0";"0,0";"";"";"";"";"";"";"";"";"";"";"";""
"202417356,0";"2024-06-30";"03:09:00";"COM VÍTIMA";"FINALIZADA";"SAO JOSE";"VIADUTO CAPITAO TEMUDO";"557";"";"SENTENDI BOA VIAGEM E ANTES DO IATE CLUBE";"SAO JOSE";"";"";"COLISÃO";"0,0";"1,0";"0,0";"0,0";"0,0";"0,0";"0,0";"0,0";"0,0";"1,0";"0,0";"";"";"";"";"";"";"";"";"";"";"";""
"202417357,0";"2024-06-30";"03:23:00";"COM VÍTIMA";"FINALIZADA";"AFOGADOS";"RUA IMPERIAL";"1217";"";"EMBAIXO DO VIADUTO  PROX  AO  POSTO DA BR";"AFOGADOS";"";"";"COLISÃO FRONTAL";"2,0";"0,0";"0,0";"0,0";"0,0";"0,0";"0,0";"0,0";"0,0";"1,0";"0,0";"";"";"";"";"";"";"";"";"";"";"";""
"202417360,0";"2024-06-30";"03:37:00";"COM VÍTIMA";"FINALIZADA";"MORRO DA CONCEICAO";"AV NORTE MIGUEL ARRAES DE ALENCAR";"9672";"";"PROX A PAGUE MENOS E PROX A LU MODAS";"MORRO DA CONCEICAO";"";"";"COLISÃO";"0,0";"1,0";"0,0";"0,0";"0,0";"0,0";"0,0";"0,0";"0,0";"1,0";"0,0";"";"";"";"";"";"";"";"";"";"";"";""
"202417370,0";"2024-06-30";"07:11:00";"COM VÍTIMA";"FINALIZADA";"IMBIRIBEIRA";"AV MARECHAL MASCARENHAS DE MORAES";"";"";"EM FRENTE ATOYOLEX";"IMBIRIBEIRA";"";"CID";"COLISÃO";"1,0";"1,0";"0,0";"0,0";"0,0";"0,0";"0,0";"0,0";"0,0";"2,0";"0,0";"";"";"";"";"";"";"";"";"";"";"";""
"202417375,0";"2024-06-30";"08:41:00";"SEM VÍTIMA";"FINALIZADA";"BARRO";"RUA JOSE BENEDITO MOURY FERNANDES";"";"";"";"BARRO";"";"";"CHOQUE";"1,0";"0,0";"0,0";"0,0";"0,0";"0,0";"0,0";"0,0";"0,0";"0,0";"0,0";"";"";"";"";"";"";"";"";"";"";"";""
"202417378,0";"2024-07-01";"06:01:00";"SEM VÍTIMA";"FINALIZADA";"PARNAMIRIM";"EST DO ENCANAMENTO";"30";"";"AO LADO DA FARMÁCIA DROGASIL";"PARNAMIRIM";"358,0";"CIDADE";"COLISÃO TRASEIRA";"2,0";"0,0";"0,0";"0,0";"0,0";"0,0";"0,0";"0,0";"0,0";"0,0";"0,0";"";"";"";"";"";"";"";"";"";"";"";""
"202417380,0";"2024-07-01";"06:22:00";"COM VÍTIMA";"FINALIZADA";"CASA AMARELA";"AV NORTE MIGUEL ARRAES DE ALENCAR";"";"";"PROX. A CASA VERDE, ENTRADA DO VASCO E POSTO DE GASOLINA BR";"CASA AMARELA";"";"";"COLISÃO";"0,0";"1,0";"0,0";"0,0";"0,0";"0,0";"0,0";"0,0";"0,0";"1,0";"0,0";"";"";"";"";"";"";"";"";"";"";"";""
"202417397,0";"2024-07-01";"07:31:00";"COM VÍTIMA";"FINALIZADA";"BARRO";"RUA ADAMIR MENEZES";"";"";"PROX. A IGREJA CATOLIA E ASSOCIAÇÃO DE MORADORES DO BARRO";"BARRO";"";"";"COLISÃO";"0,0";"1,0";"0,0";"0,0";"0,0";"0,0";"0,0";"0,0";"0,0";"1,0";"0,0";"";"";"";"";"";"";"";"";"";"";"";""
"202417399,0";"2024-07-01";"08:04:00";"SEM VÍTIMA";"FINALIZADA";"BAIRRO DO RECIFE";"CAIS DO APOLO";"";"";"TRT- TRF";"BAIRRO DO RECIFE";"";"";"COLISÃO";"1,0";"0,0";"0,0";"0,0";"0,0";"1,0";"0,0";"0,0";"0,0";"0,0";"0,0";"";"";"";"";"";"";"";"";"";"";"";""
"202417406,0";"2024-07-01";"08:49:00";"VÍTIMA FATAL";"FINALIZADA";"NOVA DESCOBERTA";"RUA CORREGO DA AREIA";"";"";"PRÓXIMO AO CORREGO DO BOLEIRO";"NOVA DESCOBERTA";"";"";"ATROPELAMENTO DE PESSOA";"0,0";"0,0";"0,0";"0,0";"1,0";"0,0";"0,0";"1,0";"0,0";"0,0";"1,0";"";"";"";"";"";"";"";"";"";"";"";""
"202417410,0";"2024-07-01";"09:29:00";"COM VÍTIMA";"FINALIZADA";"GRACAS";"RUA DAS PERNAMBUCANAS";"208";"";"EM FRENTE AO HOSPITAL JAIME DA FONTE, CONSULTORIO";"GRACAS";"";"";"CHOQUE";"1,0";"0,0";"0,0";"0,0";"0,0";"0,0";"0,0";"0,0";"0,0";"1,0";"0,0";"";"";"";"";"";"";"";"";"";"";"";""
"202417414,0";"2024-07-01";"10:32:00";"COM VÍTIMA";"FINALIZADA";"IBURA";"AV DOIS RIOS";"";"";"IBURA DE BAIXO, ENTRADA DA PISTA NOVA EM FRENTE AO CAMPO DO RIO UNA";"IBURA";"";"";"COLISÃO";"0,0";"1,0";"0,0";"0,0";"0,0";"0,0";"0,0";"0,0";"0,0";"1,0";"0,0";"";"";"";"";"";"";"";"";"";"";"";""
"202417429,0";"2024-07-01";"11:29:00";"COM VÍTIMA";"FINALIZADA";"ESPINHEIRO";"AV GOVERNADOR AGAMENON MAGALHAES";"";"";"EM FRENTE  AO EMPRESARIAL  AGAMENON  / PROX A DESCIDA DA  JOÃO DE BARROS";"ESPINHEIRO";"711,0";"";"COLISÃO";"0,0";"1,0";"0,0";"0,0";"0,0";"0,0";"0,0";"0,0";"0,0";"1,0";"0,0";"";"";"";"";"";"";"";"";"";"";"";""
"202417438,0";"2024-07-01";"01:20:00";"COM VÍTIMA";"FINALIZADA";"CAMPO GRANDE";"RUA JERONIMO VILELA";"716";"";"PROXIMO A ALZIRA CUSCUZ E MUNGUZA NO SEMAFORO 282";"CAMPO GRANDE";"";"";"COLISÃO";"1,0";"1,0";"0,0";"0,0";"0,0";"0,0";"0,0";"0,0";"0,0";"1,0";"0,0";"";"";"";"";"";"";"";"";"";"";"";""
"202417444,0";"2024-07-01";"02:00:00";"COM VÍTIMA";"FINALIZADA";"ZUMBI";"AV CAXANGA";"";"";"EM FRENTE   A DROGASIL";"ZUMBI";"";"";"COLISÃO LATERAL";"1,0";"1,0";"0,0";"0,0";"0,0";"0,0";"0,0";"0,0";"0,0";"1,0";"0,0";"";"";"";"";"";"";"";"";"";"";"";""
"202417446,0";"2024-07-01";"02:04:00";"COM VÍTIMA";"FINALIZADA";"AFOGADOS";"RUA SAO MIGUEL";"1033";"";"APÓS O QUARTEL E EM FRENTE AO DEPOSITO BRASIL GÁS";"AFOGADOS";"";"";"COLISÃO";"0,0";"1,0";"0,0";"0,0";"0,0";"0,0";"0,0";"0,0";"0,0";"1,0";"0,0";"";"";"";"";"";"";"";"";"";"";"";""
"202417449,0";"2024-07-01";"03:28:00";"SEM VÍTIMA";"FINALIZADA";"CASA AMARELA";"AV NORTE MIGUEL ARRAES DE ALENCAR";"";"";"E/F AO REI DA PICANHA E A BIKE NORTE  S/T CID";"CASA AMARELA";"";"";"COLISÃO LATERAL";"1,0";"0,0";"0,0";"0,0";"0,0";"0,0";"1,0";"0,0";"0,0";"0,0";"0,0";"";"";"";"";"";"";"";"";"";"";"";""
"202417452,0";"2024-07-01";"04:51:00";"COM VÍTIMA";"FINALIZADA";"IPUTINGA";"RUA LEAL DE BARROS";"";"";"PROXIMO AO  COLÉGIO EXPOR A MENTE";"IPUTINGA";"";"";"COLISÃO LATERAL";"1,0";"1,0";"0,0";"0,0";"0,0";"0,0";"0,0";"0,0";"0,0";"1,0";"0,0";"";"";"";"";"";"";"";"";"";"";"";""
"202417453,0";"2024-07-01";"04:40:00";"COM VÍTIMA";"FINALIZADA";"IPSEP";"RUA ITAIMBE";"508";"";"PROXIMO A ACADEMIA GOLFINHO";"IPSEP";"";"";"COLISÃO";"0,0";"1,0";"0,0";"0,0";"0,0";"0,0";"0,0";"0,0";"0,0";"1,0";"0,0";"";"";"";"";"";"";"";"";"";"";"";""
"202417458,0";"2024-07-01";"05:41:00";"COM VÍTIMA";"FINALIZADA";"IMBIRIBEIRA";"AV MARECHAL MASCARENHAS DE MORAES";"";"";"PROXIMO A ASN TRATORES/ SENTIDO AEROPORTO";"IMBIRIBEIRA";"";"";"COLISÃO";"0,0";"1,0";"0,0";"0,0";"0,0";"0,0";"0,0";"0,0";"0,0";"1,0";"0,0";"";"";"";"";"";"";"";"";"";"";"";""
"202417463,0";"2024-07-01";"05:56:00";"COM VÍTIMA";"FINALIZADA";"BEBERIBE";"AV BEBERIBE";"";"";"PROXIMO A PRAÇA DA CONVENÇÃO";"BEBERIBE";"";"";"COLISÃO";"0,0";"1,0";"0,0";"0,0";"0,0";"0,0";"0,0";"0,0";"0,0";"1,0";"0,0";"";"";"";"";"";"";"";"";"";"";"";""
"202417475,0";"2024-07-01";"06:51:00";"COM VÍTIMA";"FINALIZADA";"SAN MARTIN";"RUA VINTE E UM DE ABRIL";"2150";"";"PROXIMO A PADARIA PARIS / PROXIMO AO QUARTEL DO BPTRAN";"SAN MARTIN";"";"";"COLISÃO FRONTAL";"1,0";"1,0";"0,0";"0,0";"0,0";"0,0";"0,0";"0,0";"0,0";"1,0";"0,0";"";"";"";"";"";"";"";"";"";"";"";""
"202417487,0";"2024-07-01";"08:31:00";"COM VÍTIMA";"FINALIZADA";"IMBIRIBEIRA";"VIADUTO TANCREDO NEVES";"";"";"SENTIDO AV. RECIFE";"IMBIRIBEIRA";"";"";"COLISÃO COM CICLISTA";"1,0";"0,0";"0,0";"1,0";"0,0";"0,0";"0,0";"0,0";"0,0";"1,0";"0,0";"";"";"";"";"";"";"";"";"";"";"";""
"202417499,0";"2024-07-01";"09:30:00";"SEM VÍTIMA";"FINALIZADA";"ILHA JOANA BEZERRA";"RUA IBIPORA";"";"";"EM FRENTE A LOJA JP";"ILHA JOANA BEZERRA";"";"SUBURBIO";"COLISÃO LATERAL";"1,0";"0,0";"0,0";"1,0";"0,0";"0,0";"0,0";"0,0";"0,0";"0,0";"0,0";"";"";"";"";"";"";"";"";"";"";"";""
"202417506,0";"2024-07-02";"05:49:00";"COM VÍTIMA";"FINALIZADA";"DOIS IRMAOS";"RUA DOIS IRMAOS";"";"AV DA RECUPERACAO";"REF:SEMÁFORO 416 EM FRENTE AO MOTEL SENZALA";"DOIS IRMAOS";"";"";"COLISÃO";"0,0";"2,0";"0,0";"0,0";"0,0";"0,0";"0,0";"0,0";"0,0";"2,0";"0,0";"";"";"";"";"";"";"";"";"";"";"";""
"202417507,0";"2024-07-02";"05:58:00";"COM VÍTIMA";"FINALIZADA";"AGUA FRIA";"EST VELHA DE AGUA FRIA";"";"";"SENTIDO GIRADOURO DA BOMBA, ESQUINA DO COLÉGIIO TRIUNFO";"AGUA FRIA";"";"";"COLISÃO";"1,0";"1,0";"0,0";"0,0";"0,0";"0,0";"0,0";"0,0";"0,0";"1,0";"0,0";"";"";"";"";"";"";"";"";"";"";"";""
"202417526,0";"2024-07-02";"07:21:00";"COM VÍTIMA";"FINALIZADA";"SANTO AMARO";"AV GOVERNADOR AGAMENON MAGALHAES";"";"";"PROX. AO MINISTERIO DO TTRABALHO SENT. BOA VIAGEM";"SANTO AMARO";"";"";"COLISÃO LATERAL";"0,0";"1,0";"0,0";"0,0";"0,0";"0,0";"0,0";"0,0";"0,0";"1,0";"0,0";"";"";"";"";"";"";"";"";"";"";"";""
"202417527,0";"2024-07-02";"07:27:00";"COM VÍTIMA";"FINALIZADA";"IBURA";"AV DOIS RIOS";"";"";"PROX. AO POSTO DE GASOLINA SHELL, IBURA DE BAIXO";"IBURA";"";"";"COLISÃO";"0,0";"1,0";"0,0";"0,0";"0,0";"0,0";"0,0";"0,0";"0,0";"1,0";"0,0";"";"";"";"";"";"";"";"";"";"";"";""
"202417528,0";"2024-07-02";"07:54:00";"COM VÍTIMA";"FINALIZADA";"CASA FORTE";"AV DEZESSETE DE AGOSTO";"";"";"EM FRENTE A CPOR";"CASA FORTE";"";"";"COLISÃO FRONTAL";"1,0";"0,0";"0,0";"1,0";"0,0";"0,0";"0,0";"0,0";"0,0";"1,0";"0,0";"";"";"";"";"";"";"";"";"";"";"";""