"Protocolo";"data";"hora";"natureza";"situacao";"bairro";"endereco";"numero";"detalhe_endereco_acidente";"complemento";"bairro_cruzamento";"num_semaforo";"sentido_via";"tipo";"auto";"moto";"ciclom";"ciclista";"pedestre";"onibus";"caminhao";"viatura";"outros";"vitimas";"vitimasfatais";"acidente_verificado";"tempo_clima";"situacao_semaforo";"sinalizacao";"condicao_via";"conservacao_via";"ponto_controle";"situacao_placa";"velocidade_max_via";"mao_direcao";"divisao_via1";"divisao_via2"
"202417531,0";"2024-07-02";"08:18:00";"COM VÍTIMA";"FINALIZADA";"PINA";"AVENIDA CELSO FURTADO (VIA MANGUE)";"";"";"EM FRENTE AS TORRES DO SHOPPING RIOMAR   / NO INICIO DA VIA MANGUE SENTIDO BOA VIAGEM";"PINA";"";"";"COLISÃO TRASEIRA";"2,0";"1,0";"0,0";"0,0";"0,0";"0,0";"0,0";"0,0";"0,0";"1,0";"0,0";"";"";"";"";"";"";"";"";"";"";"";""
"202417548,0";"2024-07-02";"10:36:00";"SEM VÍTIMA";"FINALIZADA";"BOA VIAGEM";"AV MARECHAL MASCARENHAS DE MORAES";"6365";"";"EM FRENTE AO Nº 636 B";"BOA VIAGEM";"";"CIDADE";"ENGAVETAMENTO";"2,0";"0,0";"0,0";"0,0";"0,0";"0,0";"0,0";"1,0";"0,0";"0,0";"0,0";"";"";"";"";"";"";"";"";"";"";"";""
"202417552,0";"2024-07-02";"10:47:00";"COM VÍTIMA";"FINALIZADA";"SANTO AMARO";"AV JOAO DE BARROS";"";"";"EM BAIXO DO VIADUTO DA JOAO DE BARROS / EM FRENTE AO EMPRESARIAL DELUX";"SANTO AMARO";"";"";"COLISÃO";"0,0";"1,0";"0,0";"0,0";"0,0";"0,0";"0,0";"0,0";"0,0";"1,0";"0,0";"";"";"";"";"";"";"";"";"";"";"";""
"202417556,0";"2024-07-02";"11:30:00";"COM VÍTIMA";"FINALIZADA";"MADALENA";"AV ENGENHEIRO ABDIAS DE CARVALHO";"";"";"EM FRENTE AO POSTO PETROBRAS, PROX A ENGEFRIO";"MADALENA";"";"";"COLISÃO";"0,0";"2,0";"0,0";"0,0";"0,0";"0,0";"0,0";"0,0";"0,0";"1,0";"0,0";"";"";"";"";"";"";"";"";"";"";"";""
"202417562,0";"2024-07-02";"11:48:00";"COM VÍTIMA";"FINALIZADA";"IMBIRIBEIRA";"RUA JOAQUIM BANDEIRA";"";"";"EM FRENTE A LOJA MAFEMA MATERIAIS ELETRICOS";"IMBIRIBEIRA";"";"";"COLISÃO";"0,0";"1,0";"0,0";"0,0";"0,0";"0,0";"0,0";"0,0";"0,0";"1,0";"0,0";"";"";"";"";"";"";"";"";"";"";"";""
"202417563,0";"2024-07-02";"11:59:00";"COM VÍTIMA";"FINALIZADA";"BOA VIAGEM";"RUA VISCONDE DE JEQUITINHONHA";"";"RUA BALTAZAR PASSOS";"NO CRUZAMENTO DA VISCONDE COM A BALTAZAR PASSOS";"BOA VIAGEM";"";"";"COLISÃO TRANSVERSAL";"1,0";"1,0";"0,0";"0,0";"0,0";"0,0";"0,0";"0,0";"0,0";"1,0";"0,0";"";"";"";"";"";"";"";"";"";"";"";""
"202417567,0";"2024-07-02";"12:44:00";"COM VÍTIMA";"FINALIZADA";"BONGI";"EST DO BONGI";"355";"";"EM FRENTE A PARVI LOGISTICA";"BONGI";"";"";"COLISÃO LATERAL";"1,0";"1,0";"0,0";"0,0";"0,0";"0,0";"0,0";"0,0";"0,0";"1,0";"0,0";"";"";"";"";"";"";"";"";"";"";"";""
"202417570,0";"2024-07-02";"01:01:00";"COM VÍTIMA";"FINALIZADA";"BOA VIAGEM";"AV CONSELHEIRO AGUIAR";"350";"";"PROXIMO A FARMACIA SANTA MARIA";"BOA VIAGEM";"";"";"COLISÃO";"0,0";"1,0";"0,0";"0,0";"0,0";"0,0";"0,0";"0,0";"0,0";"1,0";"0,0";"";"";"";"";"";"";"";"";"";"";"";""
"202417571,0";"2024-07-02";"01:28:00";"COM VÍTIMA";"FINALIZADA";"CORDEIRO";"RUA CLAUDIO BROTHERHOOD";"183";"";"PROXIMO AO DEPOSITO NECO BEBIDAS";"CORDEIRO";"";"";"COLISÃO";"0,0";"1,0";"0,0";"0,0";"0,0";"0,0";"0,0";"0,0";"0,0";"1,0";"0,0";"";"";"";"";"";"";"";"";"";"";"";""
"202417573,0";"2024-07-02";"01:52:00";"COM VÍTIMA";"FINALIZADA";"PORTO DA MADEIRA";"AV BEBERIBE";"";"RUA CONS BARROS BARRETO";"NA SUBIDA DO REI DO ARRUMADINHO";"PORTO DA MADEIRA";"";"";"COLISÃO";"1,0";"1,0";"0,0";"0,0";"0,0";"0,0";"0,0";"0,0";"0,0";"1,0";"0,0";"";"";"";"";"";"";"";"";"";"";"";""
"202417574,0";"2024-07-02";"02:00:00";"COM VÍTIMA";"FINALIZADA";"IPUTINGA";"AV PROFESSOR JOAQUIM CAVALCANTI";"3610";"";"EM FRENTE AO ATACADÃO";"IPUTINGA";"";"";"COLISÃO";"0,0";"1,0";"0,0";"0,0";"0,0";"0,0";"0,0";"0,0";"0,0";"1,0";"0,0";"";"";"";"";"";"";"";"";"";"";"";""
"202417578,0";"2024-07-02";"02:59:00";"COM VÍTIMA";"FINALIZADA";"BEBERIBE";"AV BEBERIBE";"";"";"EM FRENTE A PRAÇA DA CONVENÇÃO";"BEBERIBE";"";"";"COLISÃO";"0,0";"1,0";"0,0";"0,0";"0,0";"0,0";"0,0";"0,0";"0,0";"1,0";"0,0";"";"";"";"";"";"";"";"";"";"";"";""
"202417580,0";"2024-07-02";"03:42:00";"COM VÍTIMA";"FINALIZADA";"MADALENA";"AV JOSE GONCALVES DE MEDEIROS";"";"";"PROXIMO AO ASSAI DA BENFICA E DO MEU AMADO BOTEQUIM";"MADALENA";"";"";"COLISÃO";"0,0";"1,0";"0,0";"0,0";"0,0";"0,0";"0,0";"0,0";"0,0";"1,0";"0,0";"";"";"";"";"";"";"";"";"";"";"";""
"202417582,0";"2024-07-02";"05:20:00";"COM VÍTIMA";"FINALIZADA";"BOA VIAGEM";"AV ARMINDO MOURA";"";"";"EM FRENTE A SAIDA DO COMAR";"BOA VIAGEM";"";"";"COLISÃO FRONTAL";"1,0";"1,0";"0,0";"0,0";"0,0";"0,0";"0,0";"0,0";"0,0";"1,0";"0,0";"";"";"";"";"";"";"";"";"";"";"";""
"202417586,0";"2024-07-02";"06:22:00";"COM VÍTIMA";"FINALIZADA";"DOIS UNIDOS";"RUA EXP LAERCIO DE MENDONCA";"203";"";"APOIS BIANOR TEODOSIO NA TERCEIRA ESQUERDA E DEPOIS 2ª DIREITA NA ESQUINA TEM A PADARI8A FLOR DO ORIENTE";"DOIS UNIDOS";"";"";"COLISÃO";"0,0";"1,0";"0,0";"0,0";"0,0";"0,0";"0,0";"0,0";"0,0";"1,0";"0,0";"";"";"";"";"";"";"";"";"";"";"";""
"202417587,0";"2024-07-02";"06:31:00";"COM VÍTIMA";"FINALIZADA";"LINHA DO TIRO";"RUA URIEL DE HOLANDA";"387";"";"PRÓX À LANCHONETE DIC LANCHES E PRÓX À UPINHA DA LINHA DO TIRO.";"LINHA DO TIRO";"";"";"COLISÃO";"0,0";"1,0";"0,0";"0,0";"0,0";"0,0";"0,0";"0,0";"0,0";"1,0";"0,0";"";"";"";"";"";"";"";"";"";"";"";""
"202417589,0";"2024-07-02";"06:46:00";"COM VÍTIMA";"FINALIZADA";"SANTO AMARO";"AV CRUZ CABUGA";"S/N";"";"EM FRENTE AO MIX MATHEUS E AO ARMAZEM CORAL";"SANTO AMARO";"";"";"COLISÃO";"0,0";"1,0";"0,0";"0,0";"0,0";"0,0";"0,0";"0,0";"0,0";"1,0";"0,0";"";"";"";"";"";"";"";"";"";"";"";""
"202417592,0";"2024-07-02";"07:00:00";"COM VÍTIMA";"FINALIZADA";"ALTO JOSE DO PINHO";"RUA HORACIO SILVA";"147";"";"EM FRENTE A ASSEMBLEIA DE DEUS DO ALTO JOSÉ DO PINHO";"ALTO JOSE DO PINHO";"";"";"COLISÃO";"0,0";"1,0";"0,0";"0,0";"0,0";"0,0";"0,0";"0,0";"0,0";"1,0";"0,0";"";"";"";"";"";"";"";"";"";"";"";""
"202417594,0";"2024-07-02";"08:03:00";"SEM VÍTIMA";"FINALIZADA";"AFOGADOS";"RUA SAO MIGUEL";"176";"";"EM  FRENTE AO SHOPPING DE AFOGADOS";"AFOGADOS";"300,0";"SUBURBIO";"CHOQUE";"0,0";"0,0";"0,0";"0,0";"0,0";"1,0";"0,0";"1,0";"0,0";"0,0";"0,0";"";"";"";"";"";"";"";"";"";"";"";""
"202417599,0";"2024-07-02";"10:00:00";"COM VÍTIMA";"FINALIZADA";"BOA VIAGEM";"RUA ERNESTO DE PAULA SANTOS";"";"";"PROXIMO A FACULDADE UNINASSAU";"BOA VIAGEM";"";"";"COLISÃO";"1,0";"1,0";"0,0";"0,0";"0,0";"0,0";"0,0";"0,0";"0,0";"1,0";"0,0";"";"";"";"";"";"";"";"";"";"";"";""
"202417603,0";"2024-07-03";"01:04:00";"COM VÍTIMA";"FINALIZADA";"BEBERIBE";"AV BEBERIBE";"541";"";"";"BEBERIBE";"";"";"CHOQUE";"1,0";"0,0";"0,0";"0,0";"0,0";"0,0";"0,0";"0,0";"0,0";"1,0";"0,0";"";"";"";"";"";"";"";"";"";"";"";""
"202417606,0";"2024-07-03";"06:11:00";"SEM VÍTIMA";"FINALIZADA";"JARDIM SAO PAULO";"RUA OSORIO BORBA";"";"";"PROX. A GALERIA BRUNA ALVES";"JARDIM SAO PAULO";"";"";"CHOQUE";"0,0";"0,0";"0,0";"0,0";"0,0";"0,0";"0,0";"1,0";"0,0";"0,0";"0,0";"";"";"";"";"";"";"";"";"";"";"";""
"202417618,0";"2024-07-03";"07:10:00";"COM VÍTIMA";"FINALIZADA";"AREIAS";"AV RECIFE";"";"";"SENT.  BOA VIAGEM , ANTIGA FABRICA DO CAFE ROYAL ANTES DA SUBIDA DO VIADUTO";"AREIAS";"";"";"COLISÃO";"0,0";"1,0";"0,0";"0,0";"0,0";"0,0";"0,0";"0,0";"0,0";"1,0";"0,0";"";"";"";"";"";"";"";"";"";"";"";""
"202417619,0";"2024-07-03";"06:55:00";"COM VÍTIMA";"FINALIZADA";"AREIAS";"AV RECIFE";"";"";"EM FRENTE A HM VEICULOS /// PX A CARREFOUR // SENTIDO BOA VIAGEM";"AREIAS";"";"";"COLISÃO";"0,0";"1,0";"0,0";"0,0";"0,0";"0,0";"0,0";"0,0";"0,0";"1,0";"0,0";"";"";"";"";"";"";"";"";"";"";"";""
"202417620,0";"2024-07-03";"06:55:00";"COM VÍTIMA";"FINALIZADA";"CAXANGA";"AV CAXANGA";"";"";"PROX. AO BANCO DO BRASIL E AUTO ESPORTE MULTIMARCAS";"CAXANGA";"";"";"COLISÃO";"0,0";"1,0";"0,0";"0,0";"0,0";"0,0";"0,0";"0,0";"0,0";"1,0";"0,0";"";"";"";"";"";"";"";"";"";"";"";""
"202417629,0";"2024-07-03";"07:44:00";"COM VÍTIMA";"FINALIZADA";"TORRE";"RUA PROFESSOR TRAJANO DE MENDONCA";"";"";"PROX A ESCOLA MARIA AMAZONA";"TORRE";"";"";"COLISÃO";"0,0";"1,0";"0,0";"0,0";"0,0";"0,0";"0,0";"0,0";"0,0";"1,0";"0,0";"";"";"";"";"";"";"";"";"";"";"";""
"202417634,0";"2024-07-03";"08:44:00";"COM VÍTIMA";"FINALIZADA";"COHAB";"AV CAMPO VERDE";"21";"";"PROX. AO TERMINAL DA UR-02";"COHAB";"";"";"COLISÃO";"0,0";"1,0";"0,0";"0,0";"0,0";"0,0";"0,0";"0,0";"0,0";"1,0";"0,0";"";"";"";"";"";"";"";"";"";"";"";""
"202417641,0";"2024-07-03";"09:41:00";"COM VÍTIMA";"FINALIZADA";"PARNAMIRIM";"RUA PADRE ROMA";"";"";"PROX AO EDF TERRACO JAQUEIRA EM FRENTE AO NUMERO 92";"PARNAMIRIM";"";"";"COLISÃO";"0,0";"1,0";"0,0";"0,0";"0,0";"0,0";"0,0";"0,0";"0,0";"1,0";"0,0";"";"";"";"";"";"";"";"";"";"";"";""
"202417649,0";"2024-07-03";"11:04:00";"COM VÍTIMA";"FINALIZADA";"SAN MARTIN";"RUA COMENDADOR FRANCO FERREIRA";"";"";"EM FRENTE A GALERIA JARDINS /  PROX A PRAÇA DE EVENTOS / PROX ACADEMIA DA CIDADE";"SAN MARTIN";"";"";"COLISÃO";"0,0";"2,0";"0,0";"0,0";"0,0";"0,0";"0,0";"0,0";"0,0";"2,0";"0,0";"";"";"";"";"";"";"";"";"";"";"";""
"202417650,0";"2024-07-03";"11:12:00";"COM VÍTIMA";"FINALIZADA";"CAXANGA";"AV CAXANGA";"";"";"EM FRENTE AO ARMAZEM CEARA, ESTAÇÃO BRT ZUMBI SENT. CAMARAGIBE";"CAXANGA";"";"";"COLISÃO";"0,0";"1,0";"0,0";"0,0";"0,0";"0,0";"0,0";"0,0";"0,0";"1,0";"0,0";"";"";"";"";"";"";"";"";"";"";"";""
"202417656,0";"2024-07-03";"12:08:00";"COM VÍTIMA";"FINALIZADA";"BOA VIAGEM";"AV ENGENHEIRO DOMINGOS FERREIRA";"";"RUA HENRIQUE CAPITULINO";"EM FRENTE A PAULO MIRABNDA IMOBILIARIA";"BOA VIAGEM";"";"";"COLISÃO LATERAL";"1,0";"1,0";"0,0";"0,0";"0,0";"0,0";"0,0";"0,0";"0,0";"1,0";"0,0";"";"";"";"";"";"";"";"";"";"";"";""
"202417663,0";"2024-07-03";"02:12:00";"COM VÍTIMA";"CANCELADA";"SAN MARTIN";"AV GENERAL SAN MARTIN";"";"";"PROXIMO A LOMBADA ELETRONICA";"SAN MARTIN";"";"";"COLISÃO";"0,0";"1,0";"0,0";"0,0";"0,0";"0,0";"0,0";"0,0";"0,0";"1,0";"0,0";"";"";"";"";"";"";"";"";"";"";"";""
"202417676,0";"2024-07-03";"03:56:00";"COM VÍTIMA";"FINALIZADA";"BOA VIAGEM";"RUA BARAO DE SOUZA LEAO";"1023";"";"PROXIMO AO COLEGIO MARIA TEREZA";"BOA VIAGEM";"";"";"COLISÃO";"2,0";"0,0";"0,0";"0,0";"0,0";"0,0";"0,0";"0,0";"0,0";"1,0";"0,0";"";"";"";"";"";"";"";"";"";"";"";""
"202417679,0";"2024-07-03";"04:34:00";"COM VÍTIMA";"FINALIZADA";"TORROES";"RUA ONZE DE FEVEREIRO";"";"";"PROXIMO A CHESF E AO GRUPO ESPIRITA REGENERAÇÃO";"TORROES";"";"";"COLISÃO";"0,0";"1,0";"0,0";"0,0";"0,0";"0,0";"0,0";"0,0";"0,0";"1,0";"0,0";"";"";"";"";"";"";"";"";"";"";"";""
"202417681,0";"2024-07-03";"06:18:00";"COM VÍTIMA";"FINALIZADA";"ENCRUZILHADA";"AV BEBERIBE";"";"";"PROX AO LARGO DA ENCRUZILHADA //EM FRENTE A DROGASIL E POSTO SHELL";"ENCRUZILHADA";"";"";"COLISÃO";"0,0";"1,0";"0,0";"0,0";"0,0";"0,0";"0,0";"0,0";"0,0";"1,0";"0,0";"";"";"";"";"";"";"";"";"";"";"";""
"202417683,0";"2024-07-03";"06:48:00";"COM VÍTIMA";"CANCELADA";"ESPINHEIRO";"RUA MARQUES DO PARANA";"";"RUA DR FERNANDO ALLAIN";"QUASE EM FRENTE A OFICINA MARTELINHO";"ESPINHEIRO";"";"";"COLISÃO";"1,0";"1,0";"0,0";"0,0";"0,0";"0,0";"0,0";"0,0";"0,0";"1,0";"0,0";"";"";"";"";"";"";"";"";"";"";"";""
"202417686,0";"2024-07-03";"07:20:00";"SEM VÍTIMA";"FINALIZADA";"PINA";"AV HERCULANO BANDEIRA";"";"RUA NOGUEIRA DE SOUZA";"APÓS A PONTE GOV PAULO GUERRA";"PINA";"";"";"COLISÃO";"1,0";"0,0";"0,0";"0,0";"0,0";"0,0";"0,0";"0,0";"0,0";"0,0";"0,0";"";"";"";"";"";"";"";"";"";"";"";""
"202417690,0";"2024-07-03";"09:57:00";"COM VÍTIMA";"FINALIZADA";"ILHA JOANA BEZERRA";"VIADUTO CAPITAO TEMUDO";"";"";"SOBRE A ACADEMIA DA CIDADE";"ILHA JOANA BEZERRA";"";"";"COLISÃO LATERAL";"4,0";"1,0";"0,0";"0,0";"0,0";"0,0";"0,0";"0,0";"0,0";"1,0";"0,0";"";"";"";"";"";"";"";"";"";"";"";""
"202417711,0";"2024-07-04";"06:42:00";"COM VÍTIMA";"FINALIZADA";"SANTO AMARO";"AV NORTE MIGUEL ARRAES DE ALENCAR";"";"AV CRUZ CABUGA";"";"SANTO AMARO";"";"";"COLISÃO";"0,0";"1,0";"0,0";"0,0";"0,0";"0,0";"0,0";"0,0";"0,0";"1,0";"0,0";"";"";"";"";"";"";"";"";"";"";"";""
"202417713,0";"2024-07-04";"07:20:00";"COM VÍTIMA";"FINALIZADA";"MANGABEIRA";"AV NORTE MIGUEL ARRAES DE ALENCAR";"";"";"NA ENTRADA DA MANGABEIRA, ENTRE OS DOIS POSTOS DE GASOLINA BR, SENT. CIDADE";"MANGABEIRA";"";"";"COLISÃO";"0,0";"1,0";"0,0";"0,0";"0,0";"0,0";"0,0";"0,0";"0,0";"1,0";"0,0";"";"";"";"";"";"";"";"";"";"";"";""
"202417718,0";"2024-07-04";"07:53:00";"COM VÍTIMA";"FINALIZADA";"BOMBA DO HEMETERIO";"RUA BOMBA DO HEMETERIO";"405";"";"PROX. A FUNERARIA CANAA";"BOMBA DO HEMETERIO";"";"";"COLISÃO";"0,0";"1,0";"0,0";"0,0";"0,0";"0,0";"0,0";"0,0";"0,0";"1,0";"0,0";"";"";"";"";"";"";"";"";"";"";"";""
"202417722,0";"2024-07-04";"08:23:00";"COM VÍTIMA";"FINALIZADA";"VARZEA";"RUA MARECHAL MANOEL LUIS OSORIO";"";"";"PROX AO PONTO ATENDIMENTO CAXANGA HAPVIDA";"VARZEA";"";"";"COLISÃO LATERAL";"1,0";"1,0";"0,0";"0,0";"0,0";"0,0";"0,0";"0,0";"0,0";"1,0";"0,0";"";"";"";"";"";"";"";"";"";"";"";""
"202417723,0";"2024-07-04";"08:37:00";"COM VÍTIMA";"FINALIZADA";"AGUA FRIA";"RUA RAUL POMPEIA";"";"RUA SAO BENTO";"PROX. A EMPRESA LOCAPE";"AGUA FRIA";"";"";"COLISÃO";"0,0";"1,0";"0,0";"0,0";"0,0";"0,0";"0,0";"0,0";"0,0";"1,0";"0,0";"";"";"";"";"";"";"";"";"";"";"";""
"202417729,0";"2024-07-04";"09:14:00";"COM VÍTIMA";"FINALIZADA";"SANTANA";"RUA SANTANA";"70";"";"EM FRENTE AO EDF. LUIZ ARSENIO E SALAO DE FESTA BALLROOM";"SANTANA";"";"";"COLISÃO";"0,0";"1,0";"0,0";"0,0";"0,0";"0,0";"0,0";"0,0";"0,0";"1,0";"0,0";"";"";"";"";"";"";"";"";"";"";"";""
"202417740,0";"2024-07-04";"11:21:00";"COM VÍTIMA";"FINALIZADA";"CASA AMARELA";"AV NORTE MIGUEL ARRAES DE ALENCAR";"";"";"EM FRENTE AO COLEGIO CLOTILDE DE OLIVEIRA, SENT. MACAXEIRA";"CASA AMARELA";"";"";"ATROPELAMENTO DE PESSOA";"1,0";"1,0";"0,0";"0,0";"1,0";"0,0";"0,0";"0,0";"0,0";"1,0";"0,0";"";"";"";"";"";"";"";"";"";"";"";""
"202417742,0";"2024-07-04";"12:03:00";"COM VÍTIMA";"FINALIZADA";"ESPINHEIRO";"AV GOVERNADOR AGAMENON MAGALHAES";"";"";"EM FRENTE AO MINISTERIO TRABALHO / PROX APE . SENTIDO BOA VIAGEM";"ESPINHEIRO";"";"";"COLISÃO LATERAL";"1,0";"1,0";"0,0";"0,0";"0,0";"0,0";"0,0";"0,0";"0,0";"1,0";"0,0";"";"";"";"";"";"";"";"";"";"";"";""
"202417748,0";"2024-07-04";"12:48:00";"COM VÍTIMA";"FINALIZADA";"SAO JOSE";"RUA IMPERIAL";"";"";"EM FRENTE A SECRETARIA DA FAZENDA";"SAO JOSE";"";"";"COLISÃO";"0,0";"1,0";"0,0";"0,0";"0,0";"0,0";"0,0";"0,0";"0,0";"1,0";"0,0";"";"";"";"";"";"";"";"";"";"";"";""
"202417751,0";"2024-07-04";"01:18:00";"COM VÍTIMA";"FINALIZADA";"CAJUEIRO";"AV SEBASTIAO SALAZAR";"284";"";"PROXIMO AO BAR DA FAVA E A GALERIA DE CAJUEIRO";"CAJUEIRO";"";"";"COLISÃO LATERAL";"1,0";"1,0";"0,0";"0,0";"0,0";"0,0";"0,0";"0,0";"0,0";"1,0";"0,0";"";"";"";"";"";"";"";"";"";"";"";""
"202417753,0";"2024-07-04";"01:49:00";"COM VÍTIMA";"FINALIZADA";"IMBIRIBEIRA";"AV MARECHAL MASCARENHAS DE MORAES";"";"";"APÓS O VIADUTO TANCREDO NEVES E EM FRENTE AO SALON SANTINE";"IMBIRIBEIRA";"";"";"COLISÃO";"0,0";"1,0";"0,0";"0,0";"0,0";"0,0";"0,0";"0,0";"0,0";"1,0";"0,0";"";"";"";"";"";"";"";"";"";"";"";""
"202417755,0";"2024-07-04";"01:54:00";"COM VÍTIMA";"FINALIZADA";"AGUA FRIA";"AV BEBERIBE";"";"";"PROXIMO AO MERCADINHO DOIS IRMÃOS E AO SUPERMERCADO BELO PREÇO";"AGUA FRIA";"";"";"COLISÃO";"0,0";"1,0";"0,0";"0,0";"0,0";"0,0";"0,0";"0,0";"0,0";"1,0";"0,0";"";"";"";"";"";"";"";"";"";"";"";""
"202417757,0";"2024-07-04";"02:42:00";"COM VÍTIMA";"FINALIZADA";"IPUTINGA";"EST DO BARBALHO";"";"";"PROXIMO AO CASARÃO DO DETRAN";"IPUTINGA";"";"";"COLISÃO";"0,0";"2,0";"0,0";"0,0";"0,0";"0,0";"0,0";"0,0";"0,0";"1,0";"0,0";"";"";"";"";"";"";"";"";"";"";"";""
"202417764,0";"2024-07-04";"03:18:00";"COM VÍTIMA";"FINALIZADA";"CAXANGA";"AV CAXANGA";"";"AV GENERAL SAN MARTIN";"PROXIMO A ESTAÇÃO BRT GETULIO VARGAS";"CAXANGA";"";"";"COLISÃO";"0,0";"1,0";"0,0";"0,0";"0,0";"0,0";"0,0";"0,0";"0,0";"1,0";"0,0";"";"";"";"";"";"";"";"";"";"";"";""
"202417767,0";"2024-07-04";"05:53:00";"COM VÍTIMA";"FINALIZADA";"ALTO DO MANDU";"RUA MANDACARU";"575";"";"EM FRENTE AO POSTO PETROBRAS";"ALTO DO MANDU";"";"";"COLISÃO";"0,0";"1,0";"0,0";"0,0";"0,0";"0,0";"0,0";"0,0";"0,0";"1,0";"0,0";"";"";"";"";"";"";"";"";"";"";"";""
"202417769,0";"2024-07-04";"04:49:00";"SEM VÍTIMA";"FINALIZADA";"CASA AMARELA";"AV NORTE MIGUEL ARRAES DE ALENCAR";"270";"";"LADO OPOSTO A GALERIA PADRÃO";"CASA AMARELA";"";"SUBURBIO";"COLISÃO TRASEIRA";"2,0";"0,0";"0,0";"0,0";"0,0";"0,0";"0,0";"0,0";"0,0";"0,0";"0,0";"";"";"";"";"";"";"";"";"";"";"";""
"202417772,0";"2024-07-04";"05:41:00";"COM VÍTIMA";"FINALIZADA";"AFOGADOS";"EST DOS REMEDIOS";"919";"";"EM FRENTE A DISTRIBUIDORA PONTUAL";"AFOGADOS";"";"";"COLISÃO TRASEIRA";"1,0";"1,0";"0,0";"0,0";"0,0";"0,0";"0,0";"0,0";"0,0";"1,0";"0,0";"";"";"";"";"";"";"";"";"";"";"";""
"202417773,0";"2024-07-04";"06:04:00";"COM VÍTIMA";"FINALIZADA";"SANTO AMARO";"PRC DO CAMPO SANTO";"";"RUA TREZE DE MAIO";"EM FRENTE AO SESC E PROX AO CEMITERIO";"SANTO AMARO";"";"";"COLISÃO";"0,0";"1,0";"0,0";"0,0";"0,0";"0,0";"0,0";"0,0";"0,0";"1,0";"0,0";"";"";"";"";"";"";"";"";"";"";"";""
"202417780,0";"2024-07-04";"09:14:00";"COM VÍTIMA";"FINALIZADA";"BARRO";"RUA DA ESPERANCA";"";"RUA PADRE NOBREGA";"POR TRÁS DO MIX MATEUS";"BARRO";"";"";"COLISÃO";"2,0";"0,0";"0,0";"0,0";"0,0";"0,0";"0,0";"0,0";"0,0";"1,0";"0,0";"";"";"";"";"";"";"";"";"";"";"";""
"202417781,0";"2024-07-04";"09:36:00";"SEM VÍTIMA";"FINALIZADA";"ENGENHO DO MEIO";"RUA ANTONIO CURADO";"208";"";"ANTES DO CLUBE DA SUDENE NO SENTIDO CIDADE / SUBURBIO";"ENGENHO DO MEIO";"";"";"CAPOTAMENTO";"1,0";"0,0";"0,0";"0,0";"0,0";"0,0";"0,0";"0,0";"0,0";"0,0";"0,0";"";"";"";"";"";"";"";"";"";"";"";""
"202417798,0";"2024-07-05";"07:06:00";"COM VÍTIMA";"FINALIZADA";"COHAB";"RUA FELIPE DOS SANTOS";"";"";"PROX. AO TERMINAL UR-05 TANCREDO, PROX. AO COLEGIO CICERO FRANKLIN CORDEIRO";"COHAB";"";"";"COLISÃO";"0,0";"1,0";"0,0";"0,0";"0,0";"0,0";"0,0";"0,0";"0,0";"1,0";"0,0";"";"";"";"";"";"";"";"";"";"";"";""
"202417807,0";"2024-07-05";"08:57:00";"COM VÍTIMA";"FINALIZADA";"SANTO AMARO";"RUA DO POMBAL";"";"";"EM FENTE A OFICINA DE ADELMO. PROX. AO SENAI";"SANTO AMARO";"";"";"COLISÃO LATERAL";"1,0";"1,0";"0,0";"0,0";"0,0";"0,0";"0,0";"0,0";"0,0";"1,0";"0,0";"";"";"";"";"";"";"";"";"";"";"";""
"202417819,0";"2024-07-05";"10:54:00";"COM VÍTIMA";"FINALIZADA";"POCO DA PANELA";"AV DEZESSETE DE AGOSTO";"2144";"";"PROX A FUND JOAQUIM NABUCO";"POCO DA PANELA";"";"";"COLISÃO LATERAL";"1,0";"1,0";"0,0";"0,0";"0,0";"0,0";"0,0";"0,0";"0,0";"1,0";"0,0";"";"";"";"";"";"";"";"";"";"";"";""
"202417820,0";"2024-07-05";"11:10:00";"COM VÍTIMA";"FINALIZADA";"VARZEA";"RUA GENERAL POLIDORO";"";"";"PROX AO TERMINAL INTREGADO DE PASSAGEIRO DA CAXANGA E FIAT ITALIANA";"VARZEA";"";"";"COLISÃO";"0,0";"1,0";"0,0";"0,0";"0,0";"0,0";"0,0";"0,0";"0,0";"1,0";"0,0";"";"";"";"";"";"";"";"";"";"";"";""
"202417821,0";"2024-07-05";"11:18:00";"COM VÍTIMA";"FINALIZADA";"JOANA BEZERRA";"VIADUTO CAPITAO TEMUDO";"";"";"PROX. AO FORUM JOANA BEZERRA";"JOANA BEZERRA";"";"";"COLISÃO";"0,0";"1,0";"0,0";"0,0";"0,0";"0,0";"0,0";"0,0";"0,0";"1,0";"0,0";"";"";"";"";"";"";"";"";"";"";"";""
"202417834,0";"2024-07-05";"02:22:00";"COM VÍTIMA";"FINALIZADA";"SANTO ANTONIO";"PTE SEIS DE MARCO";"";"";"PROXIMO AO IMIP";"SANTO ANTONIO";"";"";"COLISÃO";"0,0";"0,0";"0,0";"0,0";"0,0";"0,0";"0,0";"0,0";"0,0";"1,0";"0,0";"";"";"";"";"";"";"";"";"";"";"";""