"Protocolo";"data";"hora";"natureza";"situacao";"bairro";"endereco";"numero";"detalhe_endereco_acidente";"complemento";"bairro_cruzamento";"num_semaforo";"sentido_via";"tipo";"auto";"moto";"ciclom";"ciclista";"pedestre";"onibus";"caminhao";"viatura";"outros";"vitimas";"vitimasfatais";"acidente_verificado";"tempo_clima";"situacao_semaforo";"sinalizacao";"condicao_via";"conservacao_via";"ponto_controle";"situacao_placa";"velocidade_max_via";"mao_direcao";"divisao_via1";"divisao_via2"
"202417836,0";"2024-07-05";"02:42:00";"COM VÍTIMA";"FINALIZADA";"ARRUDA";"RUA RAMIZ GALVAO";"133";"RUA RAUL POMPEIA";"PROXIMO AO COLEGIO PEDACINHO DO CEU";"ARRUDA";"";"";"COLISÃO";"1,0";"1,0";"0,0";"0,0";"0,0";"0,0";"0,0";"0,0";"0,0";"1,0";"0,0";"";"";"";"";"";"";"";"";"";"";"";""
"202417837,0";"2024-07-05";"02:46:00";"COM VÍTIMA";"DUPLICIDADE";"SAO JOSE";"RUA DR JOSE MARIANO";"";"RUA VELHA";"NO FINAL DA PONTE VELHA";"SAO JOSE";"209,0";"";"COLISÃO COM CICLISTA";"0,0";"0,0";"0,0";"1,0";"0,0";"1,0";"0,0";"0,0";"0,0";"1,0";"0,0";"";"";"";"";"";"";"";"";"";"";"";""
"202417844,0";"2024-07-05";"04:25:00";"VÍTIMA FATAL";"FINALIZADA";"DOIS IRMAOS";"RUA MANUEL DE MEDEIROS";"";"";"PRÓXIMO A ENTRADA DO SÍTIO DOS PINTOS";"DOIS IRMAOS";"";"";"COLISÃO LATERAL";"0,0";"1,0";"0,0";"0,0";"0,0";"0,0";"1,0";"0,0";"0,0";"0,0";"1,0";"";"";"";"";"";"";"";"";"";"";"";""
"202417846,0";"2024-07-05";"04:33:00";"COM VÍTIMA";"FINALIZADA";"SAO JOSE";"RUA DAS CALCADAS";"222";"";"PROXIMO A GALERIA LAPA E EM FRENTE A LOJA MADRIETE";"SAO JOSE";"";"";"QUEDA";"0,0";"1,0";"0,0";"0,0";"0,0";"0,0";"0,0";"0,0";"0,0";"1,0";"0,0";"";"";"";"";"";"";"";"";"";"";"";""
"202417850,0";"2024-07-05";"04:59:00";"COM VÍTIMA";"FINALIZADA";"IBURA";"AV DOIS RIOS";"1243";"";"EM FRENTE AO SUPERMERCADO MR E PROXIMO AO POSTO SHELL";"IBURA";"";"";"COLISÃO";"0,0";"1,0";"0,0";"0,0";"0,0";"0,0";"0,0";"0,0";"0,0";"1,0";"0,0";"";"";"";"";"";"";"";"";"";"";"";""
"202417855,0";"2024-07-05";"05:36:00";"COM VÍTIMA";"FINALIZADA";"SAN MARTIN";"RUA DELMIRO GOUVEIA";"2339";"";"EM FRENTE A CHESF";"SAN MARTIN";"";"";"COLISÃO FRONTAL";"1,0";"1,0";"0,0";"0,0";"0,0";"0,0";"0,0";"0,0";"0,0";"1,0";"0,0";"";"";"";"";"";"";"";"";"";"";"";""
"202417860,0";"2024-07-05";"06:06:00";"COM VÍTIMA";"FINALIZADA";"ILHA DO RETIRO";"AV ENGENHEIRO ABDIAS DE CARVALHO";"3415";"";"DEPOIS DA BOBS ///SENTIDO ILHA DO RETIRO // EM FRENTE A DROGASIL";"ILHA DO RETIRO";"";"";"COLISÃO";"0,0";"1,0";"0,0";"0,0";"0,0";"0,0";"0,0";"0,0";"0,0";"1,0";"0,0";"";"";"";"";"";"";"";"";"";"";"";""
"202417880,0";"2024-07-05";"07:41:00";"COM VÍTIMA";"FINALIZADA";"SANTO AMARO";"AV GOVERNADOR AGAMENON MAGALHAES";"";"";"EM FRENTE A UPE";"SANTO AMARO";"";"";"COLISÃO";"1,0";"1,0";"0,0";"0,0";"0,0";"0,0";"0,0";"0,0";"0,0";"1,0";"0,0";"";"";"";"";"";"";"";"";"";"";"";""
"202417881,0";"2024-07-05";"08:04:00";"COM VÍTIMA";"CANCELADA";"TORROES";"AV ENGENHEIRO ABDIAS DE CARVALHO";"";"";"PROX VIADUTO DA BR";"TORROES";"";"";"COLISÃO";"1,0";"1,0";"0,0";"0,0";"0,0";"0,0";"0,0";"0,0";"0,0";"1,0";"0,0";"";"";"";"";"";"";"";"";"";"";"";""
"202417893,0";"2024-07-05";"09:14:00";"SEM VÍTIMA";"FINALIZADA";"";"";"";"";"";"";"";"";"";"0,0";"0,0";"0,0";"0,0";"0,0";"0,0";"0,0";"0,0";"0,0";"0,0";"0,0";"";"";"";"";"";"";"";"";"";"";"";""
"202417899,0";"2024-07-05";"10:11:00";"COM VÍTIMA";"FINALIZADA";"PINA";"AV ANTONIO DE GOES";"";"";"EM FRENTE A ICONECTA- ASSISTENCIA DE CELULAR";"PINA";"";"";"COLISÃO TRASEIRA";"1,0";"1,0";"0,0";"0,0";"0,0";"0,0";"0,0";"0,0";"0,0";"1,0";"0,0";"";"";"";"";"";"";"";"";"";"";"";""
"202417916,0";"2024-07-06";"05:51:00";"COM VÍTIMA";"FINALIZADA";"TORRE";"RUA REAL DA TORRE";"";"";"EM FRENTE AO ATACADO DOS PRESENTES";"TORRE";"";"";"COLISÃO";"0,0";"2,0";"0,0";"0,0";"0,0";"0,0";"0,0";"0,0";"0,0";"2,0";"0,0";"";"";"";"";"";"";"";"";"";"";"";""
"202417938,0";"2024-07-06";"09:20:00";"COM VÍTIMA";"FINALIZADA";"TORRE";"RUA CONDE DE IRAJA";"";"";"PROX. A PADARIA CONDE DE IRAJA";"TORRE";"";"";"COLISÃO";"0,0";"1,0";"0,0";"0,0";"0,0";"0,0";"0,0";"0,0";"0,0";"1,0";"0,0";"";"";"";"";"";"";"";"";"";"";"";""
"202417947,0";"2024-07-06";"10:20:00";"COM VÍTIMA";"FINALIZADA";"DERBY";"AV GOVERNADOR AGAMENON MAGALHAES";"";"";"PRAÇA DO DERBY";"DERBY";"";"";"COLISÃO LATERAL";"1,0";"1,0";"0,0";"0,0";"0,0";"0,0";"0,0";"0,0";"0,0";"1,0";"0,0";"";"";"";"";"";"";"";"";"";"";"";""
"202417950,0";"2024-07-06";"10:49:00";"COM VÍTIMA";"FINALIZADA";"BOA VIAGEM";"AV CONSELHEIRO AGUIAR";"";"";"EM FRENTE A GALERIA TRADE CENTER E LABOARTORIO DA UNIMED";"BOA VIAGEM";"";"";"COLISÃO";"0,0";"1,0";"0,0";"0,0";"0,0";"0,0";"0,0";"0,0";"0,0";"1,0";"0,0";"";"";"";"";"";"";"";"";"";"";"";""
"202417951,0";"2024-07-06";"10:51:00";"COM VÍTIMA";"CANCELADA";"BOA VIAGEM";"AV ENGENHEIRO DOMINGOS FERREIRA";"";"";"EM FRENTE AO EDF. JULIANE, PROX. AO RESTAURANTE PONTEIO";"BOA VIAGEM";"";"";"COLISÃO";"1,0";"1,0";"0,0";"0,0";"0,0";"0,0";"0,0";"0,0";"0,0";"1,0";"0,0";"";"";"";"";"";"";"";"";"";"";"";""
"202417956,0";"2024-07-06";"11:57:00";"COM VÍTIMA";"CANCELADA";"TEJIPIO";"AV DR JOSE RUFINO";"";"";"APÓS O ARMAZEM CORAL, SENTIDO JABOATAO";"TEJIPIO";"";"";"COLISÃO";"0,0";"1,0";"0,0";"0,0";"0,0";"0,0";"0,0";"0,0";"0,0";"1,0";"0,0";"";"";"";"";"";"";"";"";"";"";"";""
"202417964,0";"2024-07-06";"04:14:00";"COM VÍTIMA";"FINALIZADA";"GRACAS";"RUA JOAQUIM NABUCO";"";"RUA GUILHERME PINTO";"E/F AO VERDEFRUT NO SEMAFORO 498";"GRACAS";"";"";"COLISÃO FRONTAL";"1,0";"1,0";"0,0";"0,0";"0,0";"0,0";"0,0";"0,0";"0,0";"2,0";"0,0";"";"";"";"";"";"";"";"";"";"";"";""
"202417965,0";"2024-07-06";"04:24:00";"COM VÍTIMA";"FINALIZADA";"JIQUIA";"RUA SAO MIGUEL";"1694";"";"E/F AO ATACAREJO   S/T SUB";"JIQUIA";"";"";"ATROPELAMENTO DE PESSOA";"0,0";"1,0";"0,0";"0,0";"1,0";"0,0";"0,0";"0,0";"0,0";"1,0";"0,0";"";"";"";"";"";"";"";"";"";"";"";""
"202417966,0";"2024-07-06";"04:44:00";"COM VÍTIMA";"FINALIZADA";"BEBERIBE";"AV BEBERIBE";"4149";"";"EM FRENTE AO POSTO DE GASOLINA ECOPOSTO";"BEBERIBE";"";"";"COLISÃO";"0,0";"1,0";"0,0";"0,0";"0,0";"0,0";"0,0";"0,0";"0,0";"1,0";"0,0";"";"";"";"";"";"";"";"";"";"";"";""
"202417975,0";"2024-07-06";"06:33:00";"COM VÍTIMA";"FINALIZADA";"PRADO";"AV ENGENHEIRO ABDIAS DE CARVALHO";"";"";"EM FRENTE A ENGEFRIO/APOS A ANTIGA HABIBIS/ PROX AO POSTO IGUEPE";"PRADO";"";"";"COLISÃO";"0,0";"1,0";"0,0";"0,0";"0,0";"0,0";"0,0";"0,0";"0,0";"1,0";"0,0";"";"";"";"";"";"";"";"";"";"";"";""
"202417976,0";"2024-07-06";"06:33:00";"COM VÍTIMA";"FINALIZADA";"DERBY";"AV GOVERNADOR AGAMENON MAGALHAES";"6595";"";"PROX A MC DONALDS - SENTIDO OLINDA";"DERBY";"";"";"COLISÃO";"0,0";"1,0";"0,0";"0,0";"0,0";"0,0";"0,0";"0,0";"0,0";"1,0";"0,0";"";"";"";"";"";"";"";"";"";"";"";""
"202417977,0";"2024-07-06";"06:58:00";"COM VÍTIMA";"FINALIZADA";"BOA VIAGEM";"AV FERNANDO SIMOES BARBOSA";"723";"";"RUA POR TRAS DA DELEGACIA DE BOA VIAGEM";"BOA VIAGEM";"";"";"COLISÃO";"0,0";"1,0";"0,0";"0,0";"0,0";"0,0";"0,0";"0,0";"0,0";"1,0";"0,0";"";"";"";"";"";"";"";"";"";"";"";""
"202417998,0";"2024-07-06";"08:34:00";"COM VÍTIMA";"FINALIZADA";"AREIAS";"AV DR JOSE RUFINO";"";"";"PRÓXIMO AO ARMAZÉM CORAL";"AREIAS";"";"SUBURBIO";"ATROPELAMENTO DE PESSOA";"1,0";"0,0";"0,0";"0,0";"2,0";"0,0";"0,0";"0,0";"0,0";"1,0";"0,0";"";"";"";"";"";"";"";"";"";"";"";""
"202418001,0";"2024-07-06";"09:30:00";"COM VÍTIMA";"FINALIZADA";"PINA";"PRC GOVERNADOR PAULO GUERRA";"";"";"";"PINA";"";"";"COLISÃO";"1,0";"0,0";"1,0";"1,0";"0,0";"0,0";"0,0";"0,0";"0,0";"1,0";"0,0";"";"";"";"";"";"";"";"";"";"";"";""
"202418012,0";"2024-07-06";"11:09:00";"COM VÍTIMA";"FINALIZADA";"IPUTINGA";"RUA SUCUPIRA";"573";"";"EM FRENTEAO BAR AMARELINHO";"IPUTINGA";"";"";"QUEDA";"0,0";"1,0";"0,0";"0,0";"0,0";"0,0";"0,0";"0,0";"0,0";"1,0";"0,0";"";"";"";"";"";"";"";"";"";"";"";""
"202418016,0";"2024-07-07";"06:58:00";"SEM VÍTIMA";"FINALIZADA";"AFOGADOS";"EST DOS REMEDIOS";"1314";"";"OPOSTO AO POSTO PETROBRAS";"AFOGADOS";"394,0";"CIDADE";"COLISÃO TRASEIRA";"2,0";"0,0";"0,0";"0,0";"0,0";"0,0";"0,0";"0,0";"0,0";"0,0";"0,0";"";"";"";"";"";"";"";"";"";"";"";""
"202418019,0";"2024-07-07";"08:30:00";"COM VÍTIMA";"FINALIZADA";"SANTO AMARO";"RUA DO POMBAL";"";"";"EM FRENTE AO IML";"SANTO AMARO";"";"";"COLISÃO";"0,0";"1,0";"0,0";"0,0";"0,0";"0,0";"0,0";"0,0";"0,0";"1,0";"0,0";"";"";"";"";"";"";"";"";"";"";"";""
"202418021,0";"2024-07-07";"09:07:00";"COM VÍTIMA";"FINALIZADA";"ESTANCIA";"RUA MORAIS E SILVA";"";"";"PROX A ESTAÇÃO DO METRO SANTA LUZIA / PROX AO COLEGIO VISÃO";"ESTANCIA";"";"";"COLISÃO";"0,0";"1,0";"0,0";"0,0";"0,0";"0,0";"0,0";"0,0";"0,0";"1,0";"0,0";"";"";"";"";"";"";"";"";"";"";"";""
"202418023,0";"2024-07-07";"09:17:00";"COM VÍTIMA";"FINALIZADA";"CAMPO GRANDE";"RUA ODORICO MENDES";"";"";"PROXIMO A SECRETARIA DE DEFESA SOCIAL / NO CRUZAM";"CAMPO GRANDE";"49,0";"";"COLISÃO LATERAL";"2,0";"0,0";"0,0";"0,0";"0,0";"0,0";"0,0";"0,0";"0,0";"1,0";"0,0";"";"";"";"";"";"";"";"";"";"";"";""
"202418037,0";"2024-07-07";"12:14:00";"COM VÍTIMA";"FINALIZADA";"IPSEP";"AV RECIFE";"";"AV DOM HELDER CAMARA";"PROX AO POSTO DE GASOLINA SHELL E FARMACIA PAGUE MENOS";"IPSEP";"";"";"COLISÃO FRONTAL";"1,0";"1,0";"0,0";"0,0";"0,0";"0,0";"0,0";"0,0";"0,0";"1,0";"0,0";"";"";"";"";"";"";"";"";"";"";"";""
"202418038,0";"2024-07-07";"12:45:00";"COM VÍTIMA";"FINALIZADA";"PINA";"AV ANTONIO DE GOES";"";"";"AO LADO DO TUNEL DO RIOMAR / PROX AO POSTO DE GASOLINA PETROBRAS / AO LADO DO DNIT";"PINA";"";"";"COLISÃO";"0,0";"1,0";"0,0";"0,0";"0,0";"0,0";"0,0";"0,0";"0,0";"1,0";"0,0";"";"";"";"";"";"";"";"";"";"";"";""
"202418042,0";"2024-07-07";"02:52:00";"COM VÍTIMA";"FINALIZADA";"BOA VIAGEM";"RUA SA E SOUZA";"218";"";"EM FRENTE AO CERPE";"BOA VIAGEM";"";"";"COLISÃO";"2,0";"0,0";"0,0";"0,0";"0,0";"0,0";"0,0";"0,0";"0,0";"1,0";"0,0";"";"";"";"";"";"";"";"";"";"";"";""
"202418045,0";"2024-07-07";"03:38:00";"COM VÍTIMA";"FINALIZADA";"IPUTINGA";"AV CAXANGA";"3539";"";"EM FRENTE A CONCESSIONARIA NISSAN";"IPUTINGA";"";"";"COLISÃO";"0,0";"1,0";"0,0";"0,0";"0,0";"0,0";"0,0";"0,0";"0,0";"1,0";"0,0";"";"";"";"";"";"";"";"";"";"";"";""
"202418046,0";"2024-07-07";"03:40:00";"COM VÍTIMA";"FINALIZADA";"CORREGO DO JENIPAPO";"RUA POPULAR";"";"";"PROXIMO A PIZZARIA PERNAMBUCANA";"CORREGO DO JENIPAPO";"";"";"COLISÃO";"1,0";"0,0";"0,0";"0,0";"0,0";"0,0";"0,0";"0,0";"0,0";"1,0";"0,0";"";"";"";"";"";"";"";"";"";"";"";""
"202418050,0";"2024-07-07";"05:07:00";"COM VÍTIMA";"FINALIZADA";"CAXANGA";"RUA REITOR EDINALDO BASTOS";"";"RUA DEPUTADO JOSE FRANCISCO DE MELO CAVALCANTI";"PROXIMO A ASSEMBLEIA DE DEUS E A PIZZA BEM";"CAXANGA";"";"";"COLISÃO LATERAL";"0,0";"1,0";"0,0";"0,0";"0,0";"0,0";"0,0";"1,0";"0,0";"1,0";"0,0";"";"";"";"";"";"";"";"";"";"";"";""
"202418062,0";"2024-07-07";"07:03:00";"COM VÍTIMA";"FINALIZADA";"MORRO DA CONCEICAO";"RUA ITACOATIARA";"365";"";"";"MORRO DA CONCEICAO";"";"";"ATROPELAMENTO DE PESSOA";"1,0";"0,0";"0,0";"0,0";"1,0";"0,0";"0,0";"0,0";"0,0";"1,0";"0,0";"";"";"";"";"";"";"";"";"";"";"";""
"202418065,0";"2024-07-07";"08:33:00";"SEM VÍTIMA";"FINALIZADA";"BOA VIAGEM";"AV CONSELHEIRO AGUIAR";"60";"";"EM FRENTE A CAIXA ECONÔMICA FEDERAL";"BOA VIAGEM";"";"CIDADE";"COLISÃO TRASEIRA";"1,0";"0,0";"0,0";"0,0";"0,0";"0,0";"0,0";"1,0";"0,0";"0,0";"0,0";"";"";"";"";"";"";"";"";"";"";"";""
"202418066,0";"2024-07-07";"08:36:00";"SEM VÍTIMA";"FINALIZADA";"PINA";"RUA NOGUEIRA DE SOUZA";"";"";"PRÓXIMO AO SHOPPING RIO MAR";"PINA";"";"";"COLISÃO LATERAL";"0,0";"0,0";"0,0";"0,0";"0,0";"0,0";"0,0";"0,0";"0,0";"0,0";"0,0";"";"";"";"";"";"";"";"";"";"";"";""
"202418067,0";"2024-07-07";"08:43:00";"COM VÍTIMA";"FINALIZADA";"CAXANGA";"AV CAXANGA";"";"";"EM  FRENTE AO SUPERMERCADO EXTRA";"CAXANGA";"";"";"COLISÃO";"0,0";"0,0";"0,0";"0,0";"1,0";"1,0";"0,0";"0,0";"0,0";"1,0";"0,0";"";"";"";"";"";"";"";"";"";"";"";""
"202418104,0";"2024-07-08";"08:39:00";"COM VÍTIMA";"FINALIZADA";"TAMARINEIRA";"RUA CONEGO BARATA";"";"";"EM FRENTE AO DENOX / PROX AO RESIDENCIAL VITA";"TAMARINEIRA";"";"";"COLISÃO";"0,0";"1,0";"0,0";"0,0";"0,0";"0,0";"0,0";"0,0";"0,0";"1,0";"0,0";"";"";"";"";"";"";"";"";"";"";"";""
"202418111,0";"2024-07-08";"10:01:00";"COM VÍTIMA";"FINALIZADA";"SANTO AMARO";"AV JOAO DE BARROS";"";"";"EMBAIXO DO VIADUTO, PROX. AO POSTO BR";"SANTO AMARO";"";"";"COLISÃO";"0,0";"1,0";"0,0";"0,0";"0,0";"0,0";"0,0";"0,0";"0,0";"1,0";"0,0";"";"";"";"";"";"";"";"";"";"";"";""
"202418118,0";"2024-07-08";"11:01:00";"SEM VÍTIMA";"FINALIZADA";"BOA VIAGEM";"AV CONSELHEIRO AGUIAR";"1729";"";"EM FRENTE AO Nº 1729";"BOA VIAGEM";"";"CIDADE";"COLISÃO LATERAL";"0,0";"0,0";"0,0";"0,0";"0,0";"1,0";"0,0";"1,0";"0,0";"0,0";"0,0";"";"";"";"";"";"";"";"";"";"";"";""
"202418121,0";"2024-07-08";"11:20:00";"COM VÍTIMA";"FINALIZADA";"IMBIRIBEIRA";"AV MARECHAL MASCARENHAS DE MORAES";"";"";"EM FRENTE A LOJA CENTER AÇO E CLUBE GERALDAO";"IMBIRIBEIRA";"";"";"COLISÃO";"0,0";"1,0";"0,0";"0,0";"0,0";"0,0";"1,0";"0,0";"0,0";"2,0";"0,0";"";"";"";"";"";"";"";"";"";"";"";""
"202418136,0";"2024-07-08";"04:04:00";"COM VÍTIMA";"FINALIZADA";"ARRUDA";"AV BEBERIBE";"1253";"";"E/F AO CLUBE DO SANTA CRUZ   EA TOCA DA PESCA";"ARRUDA";"";"";"COLISÃO FRONTAL";"0,0";"2,0";"0,0";"0,0";"0,0";"0,0";"0,0";"0,0";"0,0";"1,0";"0,0";"";"";"";"";"";"";"";"";"";"";"";""
"202418138,0";"2024-07-08";"05:03:00";"COM VÍTIMA";"FINALIZADA";"CORDEIRO";"AV CAXANGA";"1753";"";"E/F A CENTRO CAR S/T CID";"CORDEIRO";"";"";"COLISÃO LATERAL";"1,0";"1,0";"0,0";"0,0";"0,0";"0,0";"0,0";"0,0";"0,0";"1,0";"0,0";"";"";"";"";"";"";"";"";"";"";"";""
"202418143,0";"2024-07-08";"06:41:00";"SEM VÍTIMA";"FINALIZADA";"MADALENA";"ESTRADA DOS REMÉDIOS";"";"RUA NOBRE DE LACERDA";"PRÓXIMO AO  POSTO IPIRANGA";"MADALENA";"";"CIDADE";"COLISÃO LATERAL";"2,0";"0,0";"0,0";"0,0";"0,0";"0,0";"0,0";"0,0";"0,0";"0,0";"0,0";"";"";"";"";"";"";"";"";"";"";"";""
"202418144,0";"2024-07-08";"07:19:00";"COM VÍTIMA";"FINALIZADA";"SANTO AMARO";"RUA DOS PALMARES";"263";"RUA TREZE DE MAIO";"LADO OPOSTO AO NUMERO 263";"SANTO AMARO";"";"";"COLISÃO LATERAL";"1,0";"1,0";"0,0";"0,0";"0,0";"0,0";"0,0";"0,0";"0,0";"1,0";"0,0";"";"";"";"";"";"";"";"";"";"";"";""
"202418145,0";"2024-07-08";"07:24:00";"COM VÍTIMA";"CANCELADA";"COHAB";"RUA EXP FRANCISCO VITORIANO";"50";"";"UR-05/COHAB";"COHAB";"";"";"COLISÃO";"1,0";"0,0";"1,0";"0,0";"0,0";"0,0";"0,0";"0,0";"0,0";"1,0";"0,0";"";"";"";"";"";"";"";"";"";"";"";""
"202418168,0";"2024-07-08";"09:15:00";"COM VÍTIMA";"FINALIZADA";"ESPINHEIRO";"RUA QUARENTA E OITO";"";"RUA CONS PORTELA";"FARMÁCIA PAGUE MENOS";"ESPINHEIRO";"11,0";"";"COLISÃO";"1,0";"1,0";"0,0";"0,0";"0,0";"0,0";"0,0";"0,0";"0,0";"2,0";"0,0";"";"";"";"";"";"";"";"";"";"";"";""
"202418171,0";"2024-07-08";"10:38:00";"COM VÍTIMA";"FINALIZADA";"SAO JOSE";"RUA IMPERIAL";"750";"";"04 RUAS APÓS A PRAÇA SÉRGIO LORETO";"SAO JOSE";"";"SUBURBIO";"COLISÃO";"0,0";"1,0";"0,0";"0,0";"0,0";"0,0";"0,0";"0,0";"0,0";"1,0";"0,0";"";"";"";"";"";"";"";"";"";"";"";""
"202418195,0";"2024-07-09";"08:45:00";"SEM VÍTIMA";"FINALIZADA";"ALTO SANTA TERESINHA";"RUA TAGUATINGA";"348";"";"PROX. A IGREJA ASSEMBLEIA DE DEUS";"ALTO SANTA TERESINHA";"";"SUBURBIO";"COLISÃO LATERAL";"1,0";"0,0";"0,0";"0,0";"0,0";"0,0";"1,0";"0,0";"0,0";"0,0";"0,0";"";"";"";"";"";"";"";"";"";"";"";""
"202418204,0";"2024-07-09";"10:31:00";"COM VÍTIMA";"FINALIZADA";"IBURA";"AV DOM HELDER CAMARA";"";"AV RECIFE";"NA ENTRADA DO IBURA PROX AO NUCLEO DE POLICIA";"IBURA";"";"";"COLISÃO";"0,0";"1,0";"0,0";"0,0";"0,0";"0,0";"0,0";"0,0";"0,0";"1,0";"0,0";"";"";"";"";"";"";"";"";"";"";"";""
"202418206,0";"2024-07-09";"10:34:00";"SEM VÍTIMA";"FINALIZADA";"GUABIRABA";"AV VEREADOR OTACILIO AZEVEDO";"410";"";"ESCOLA MUNICIPAL SÃO CRISTOVÃO";"GUABIRABA";"";"SUBURBIO";"COLISÃO LATERAL";"2,0";"0,0";"0,0";"0,0";"0,0";"0,0";"0,0";"0,0";"0,0";"0,0";"0,0";"";"";"";"";"";"";"";"";"";"";"";""
"202418219,0";"2024-07-09";"12:00:00";"COM VÍTIMA";"FINALIZADA";"BONGI";"AV ENGENHEIRO ABDIAS DE CARVALHO";"";"";"EM FRENTE A BOSCH CAR SERVICE / POSTO IMPERIO";"BONGI";"";"";"COLISÃO";"1,0";"1,0";"0,0";"0,0";"0,0";"0,0";"0,0";"0,0";"0,0";"1,0";"0,0";"";"";"";"";"";"";"";"";"";"";"";""
"202418225,0";"2024-07-09";"01:07:00";"COM VÍTIMA";"FINALIZADA";"BOA VIAGEM";"AV ENGENHEIRO DOMINGOS FERREIRA";"2508";"";"RUA POR TRAS DO MERCADO PÚBLICO DE BOA VIAGEM";"BOA VIAGEM";"";"";"COLISÃO";"0,0";"1,0";"0,0";"0,0";"0,0";"0,0";"0,0";"0,0";"0,0";"1,0";"0,0";"";"";"";"";"";"";"";"";"";"";"";""
"202418227,0";"2024-07-09";"01:54:00";"COM VÍTIMA";"FINALIZADA";"TORREAO";"RUA OTHON PARAISO";"723";"";"EM FRENTE AO N 211/PROX A CASA DA AMIZADE";"TORREAO";"";"";"COLISÃO";"0,0";"1,0";"0,0";"0,0";"0,0";"0,0";"0,0";"0,0";"0,0";"1,0";"0,0";"";"";"";"";"";"";"";"";"";"";"";""
"202418239,0";"2024-07-09";"02:51:00";"COM VÍTIMA";"FINALIZADA";"DERBY";"AV GOVERNADOR AGAMENON MAGALHAES";"1387";"";"VIA LOCAL DENTRO DA FARMÁCIA DROGASIL // SENTIDO OLINDA PX AO HR";"DERBY";"";"";"COLISÃO";"0,0";"1,0";"0,0";"0,0";"0,0";"0,0";"0,0";"0,0";"0,0";"1,0";"0,0";"";"";"";"";"";"";"";"";"";"";"";""
"202418247,0";"2024-07-09";"03:27:00";"COM VÍTIMA";"FINALIZADA";"SANTO AMARO";"AV CRUZ CABUGA";"";"";"EM FRENTE AO MIX MATEUS";"SANTO AMARO";"";"";"COLISÃO";"0,0";"1,0";"0,0";"0,0";"0,0";"0,0";"0,0";"0,0";"0,0";"1,0";"0,0";"";"";"";"";"";"";"";"";"";"";"";""
"202418250,0";"2024-07-09";"03:35:00";"SEM VÍTIMA";"FINALIZADA";"PAISSANDU";"RUA PAISSANDU";"";"";"PONTE PAISSANDU";"PAISSANDU";"69,0";"SUBURBIO";"COLISÃO LATERAL";"1,0";"0,0";"0,0";"0,0";"0,0";"0,0";"0,0";"1,0";"0,0";"0,0";"0,0";"";"";"";"";"";"";"";"";"";"";"";""
"202418252,0";"2024-07-09";"04:27:00";"SEM VÍTIMA";"FINALIZADA";"IMBIRIBEIRA";"AV MARECHAL MASCARENHAS DE MORAES";"";"";"PRÓXIMO A RUA NORUEGA";"IMBIRIBEIRA";"";"";"COLISÃO";"0,0";"0,0";"0,0";"0,0";"0,0";"0,0";"0,0";"0,0";"0,0";"0,0";"0,0";"";"";"";"";"";"";"";"";"";"";"";""
"202418253,0";"2024-07-09";"05:03:00";"COM VÍTIMA";"FINALIZADA";"IPSEP";"AV RECIFE";"13207";"";"EM FRENTE SAL BRASA";"IPSEP";"";"";"COLISÃO";"1,0";"0,0";"0,0";"0,0";"0,0";"0,0";"0,0";"0,0";"0,0";"1,0";"0,0";"";"";"";"";"";"";"";"";"";"";"";""
"202418257,0";"2024-07-09";"05:22:00";"SEM VÍTIMA";"FINALIZADA";"SANTO AMARO";"AV GOVERNADOR AGAMENON MAGALHAES";"";"";"PROXIMO AO VIADUTO DA AV NORTE";"SANTO AMARO";"";"";"ENGAVETAMENTO";"3,0";"0,0";"0,0";"0,0";"0,0";"0,0";"0,0";"0,0";"0,0";"0,0";"0,0";"";"";"";"";"";"";"";"";"";"";"";""
"202418270,0";"2024-07-09";"05:51:00";"COM VÍTIMA";"FINALIZADA";"AFOGADOS";"AV DR JOSE RUFINO";"901";"";"EM FRENTE A PERNAMBUCO DISTRIBUIDORAS/ PROX A ASTRO TOUR";"AFOGADOS";"";"";"COLISÃO";"0,0";"1,0";"0,0";"0,0";"0,0";"0,0";"0,0";"0,0";"0,0";"1,0";"0,0";"";"";"";"";"";"";"";"";"";"";"";""
"202418272,0";"2024-07-09";"06:32:00";"COM VÍTIMA";"FINALIZADA";"MADALENA";"AV VISCONDE DE ALBUQUERQUE";"463";"";"PROX AO BIG BOMPREÇO- PROX AO POSTO DE GASOLINA IPIRANGA";"MADALENA";"";"";"COLISÃO";"0,0";"1,0";"0,0";"0,0";"0,0";"0,0";"0,0";"0,0";"0,0";"1,0";"0,0";"";"";"";"";"";"";"";"";"";"";"";""
"202418276,0";"2024-07-09";"06:42:00";"COM VÍTIMA";"DUPLICIDADE";"AFOGADOS";"AV DR JOSE RUFINO";"474";"";"EM FRENTE À PERNAMBUCO DISTRUBUIDORA E PRÓX AO COLÉGIO VISÃO";"AFOGADOS";"";"";"COLISÃO";"0,0";"1,0";"0,0";"0,0";"0,0";"0,0";"0,0";"0,0";"0,0";"1,0";"0,0";"";"";"";"";"";"";"";"";"";"";"";""
"202418284,0";"2024-07-09";"07:21:00";"COM VÍTIMA";"FINALIZADA";"CORDEIRO";"AV MAURICIO DE NASSAU";"";"AV PROFESSOR ESTEVAO FRANCISCO DA COSTA";"PROX POSTO A PETROCAL";"CORDEIRO";"";"";"COLISÃO";"1,0";"1,0";"0,0";"0,0";"0,0";"0,0";"0,0";"0,0";"0,0";"2,0";"0,0";"";"";"";"";"";"";"";"";"";"";"";""