"Protocolo";"data";"hora";"natureza";"situacao";"bairro";"endereco";"numero";"detalhe_endereco_acidente";"complemento";"bairro_cruzamento";"num_semaforo";"sentido_via";"tipo";"auto";"moto";"ciclom";"ciclista";"pedestre";"onibus";"caminhao";"viatura";"outros";"vitimas";"vitimasfatais";"acidente_verificado";"tempo_clima";"situacao_semaforo";"sinalizacao";"condicao_via";"conservacao_via";"ponto_controle";"situacao_placa";"velocidade_max_via";"mao_direcao";"divisao_via1";"divisao_via2"
"202418290,0";"2024-07-09";"08:34:00";"COM VÍTIMA";"FINALIZADA";"TORRE";"RUA CONDE DE IRAJA";"";"RUA PIO IX";"";"TORRE";"";"";"COLISÃO";"1,0";"1,0";"0,0";"0,0";"0,0";"0,0";"0,0";"0,0";"0,0";"1,0";"0,0";"";"";"";"";"";"";"";"";"";"";"";""
"202418302,0";"2024-07-09";"10:46:00";"COM VÍTIMA";"FINALIZADA";"AGUA FRIA";"AV BEBERIBE";"2215";"";"";"AGUA FRIA";"";"";"COLISÃO LATERAL";"1,0";"1,0";"0,0";"0,0";"0,0";"0,0";"0,0";"0,0";"0,0";"1,0";"0,0";"";"";"";"";"";"";"";"";"";"";"";""
"202418322,0";"2024-07-10";"06:07:00";"COM VÍTIMA";"FINALIZADA";"BOA VISTA";"RUA DO PRINCIPE";"";"RUA GERVASIO PIRES";"ESQUINA DO HOSPITAL DO EXERCITO";"BOA VISTA";"";"";"COLISÃO";"1,0";"1,0";"0,0";"0,0";"0,0";"0,0";"0,0";"0,0";"0,0";"2,0";"0,0";"";"";"";"";"";"";"";"";"";"";"";""
"202418332,0";"2024-07-10";"08:31:00";"COM VÍTIMA";"FINALIZADA";"IBURA";"AV DOIS RIOS";"181";"";"EM FRENTE A UPAE  PROFESSOR FERNANDO FIGUEIRA";"IBURA";"";"";"COLISÃO";"1,0";"1,0";"0,0";"0,0";"0,0";"0,0";"0,0";"0,0";"0,0";"1,0";"0,0";"";"";"";"";"";"";"";"";"";"";"";""
"202418354,0";"2024-07-10";"12:54:00";"COM VÍTIMA";"FINALIZADA";"ARRUDA";"AV PROFESSOR JOSE DOS ANJOS";"";"";"PROX AO DENOC SENTIDO AV NORTE";"ARRUDA";"";"";"COLISÃO";"0,0";"1,0";"0,0";"0,0";"0,0";"0,0";"0,0";"0,0";"0,0";"1,0";"0,0";"";"";"";"";"";"";"";"";"";"";"";""
"202418355,0";"2024-07-10";"12:58:00";"COM VÍTIMA";"FINALIZADA";"MANGABEIRA";"RUA DA MANGABEIRA";"";"";"ANTES DO ARMAZEM DA MANGABEIRA";"MANGABEIRA";"";"";"COLISÃO";"0,0";"1,0";"0,0";"0,0";"0,0";"0,0";"0,0";"0,0";"0,0";"1,0";"0,0";"";"";"";"";"";"";"";"";"";"";"";""
"202418356,0";"2024-07-10";"01:35:00";"COM VÍTIMA";"FINALIZADA";"PINA";"RUA MANOEL DE BRITO";"1190";"";"EM FRENTE A ASSEMBLEIA DE DEUS / POR TRAS DO CALDINHO DO NENEM";"PINA";"";"";"COLISÃO";"0,0";"1,0";"0,0";"0,0";"0,0";"0,0";"0,0";"0,0";"0,0";"1,0";"0,0";"";"";"";"";"";"";"";"";"";"";"";""
"202418370,0";"2024-07-10";"03:02:00";"COM VÍTIMA";"FINALIZADA";"AGUA FRIA";"RUA BELO JARDIM";"138";"";"PROX AO HORTI FRUT E POINT DO QUEIJO E OTICA FELIX";"AGUA FRIA";"";"";"COLISÃO";"1,0";"1,0";"0,0";"0,0";"0,0";"0,0";"0,0";"0,0";"0,0";"1,0";"0,0";"";"";"";"";"";"";"";"";"";"";"";""
"202418373,0";"2024-07-10";"03:23:00";"COM VÍTIMA";"FINALIZADA";"BOA VIAGEM";"AV ENGENHEIRO DOMINGOS FERREIRA";"4811";"";"AO LADO DO MERCADO DE BOA VIAGEM  E/F AO ARMAZEM CORAL";"BOA VIAGEM";"";"";"COLISÃO COM CICLISTA";"0,0";"1,0";"0,0";"1,0";"0,0";"0,0";"0,0";"0,0";"0,0";"1,0";"0,0";"";"";"";"";"";"";"";"";"";"";"";""
"202418375,0";"2024-07-10";"03:31:00";"COM VÍTIMA";"FINALIZADA";"SAN MARTIN";"AV GENERAL SAN MARTIN";"1083";"";"E/F AO CENTRO DE DISTRIBUIÇAO DOS CORREIOS";"SAN MARTIN";"";"";"ATROPELAMENTO DE PESSOA";"1,0";"0,0";"0,0";"0,0";"1,0";"0,0";"0,0";"0,0";"0,0";"1,0";"0,0";"";"";"";"";"";"";"";"";"";"";"";""
"202418382,0";"2024-07-10";"04:45:00";"SEM VÍTIMA";"FINALIZADA";"SANTO ANTONIO";"RUA IMPERADOR PEDRO SEGUNDO";"289";"RUA SIQUEIRA CAMPOS";"SEMÁFORO 206";"SANTO ANTONIO";"206,0";"CIDADE";"COLISÃO LATERAL";"0,0";"0,0";"0,0";"0,0";"0,0";"1,0";"0,0";"1,0";"0,0";"0,0";"0,0";"";"";"";"";"";"";"";"";"";"";"";""
"202418383,0";"2024-07-10";"05:30:00";"COM VÍTIMA";"FINALIZADA";"IMBIRIBEIRA";"AV MARECHAL MASCARENHAS DE MORAES";"569";"";"PX POR TRAZ DA LOJA GRILLOS // PX ESTACAI IMBIRIBEIRA";"IMBIRIBEIRA";"";"";"COLISÃO";"0,0";"1,0";"0,0";"0,0";"0,0";"0,0";"0,0";"0,0";"0,0";"1,0";"0,0";"";"";"";"";"";"";"";"";"";"";"";""
"202418385,0";"2024-07-10";"06:02:00";"COM VÍTIMA";"CANCELADA";"CAXANGA";"AV CAXANGA";"4144";"";"EM FRENTE A UPA CAXANGA";"CAXANGA";"";"";"COLISÃO";"0,0";"1,0";"0,0";"0,0";"0,0";"0,0";"0,0";"0,0";"0,0";"1,0";"0,0";"";"";"";"";"";"";"";"";"";"";"";""
"202418389,0";"2024-07-10";"06:31:00";"COM VÍTIMA";"FINALIZADA";"SANTO AMARO";"AV GOVERNADOR AGAMENON MAGALHAES";"8989";"";"PROX AO SHOPING TACARUNA - SENTIDO OLINDA";"SANTO AMARO";"";"";"COLISÃO";"0,0";"1,0";"0,0";"0,0";"0,0";"0,0";"0,0";"0,0";"0,0";"1,0";"0,0";"";"";"";"";"";"";"";"";"";"";"";""
"202418390,0";"2024-07-10";"06:36:00";"COM VÍTIMA";"FINALIZADA";"IPUTINGA";"RUA QUIPAPA";"S/N";"";"PROX AO MIX MATHEUS DEPOSI DA AUTO ESCOLA SEFOX";"IPUTINGA";"";"";"COLISÃO LATERAL";"1,0";"1,0";"0,0";"0,0";"0,0";"0,0";"0,0";"0,0";"0,0";"1,0";"0,0";"";"";"";"";"";"";"";"";"";"";"";""
"202418391,0";"2024-07-10";"06:39:00";"COM VÍTIMA";"FINALIZADA";"IMBIRIBEIRA";"";"";"";"EM CIMA DO VIADUTO DO AEROPORTO /APOS O HOTEL IBIS";"IMBIRIBEIRA";"";"";"COLISÃO";"0,0";"1,0";"0,0";"0,0";"0,0";"0,0";"0,0";"0,0";"0,0";"1,0";"0,0";"";"";"";"";"";"";"";"";"";"";"";""
"202418432,0";"2024-07-11";"08:07:00";"COM VÍTIMA";"FINALIZADA";"SANTO AMARO";"AV NORTE MIGUEL ARRAES DE ALENCAR";"1302";"";"EM FRENTE A IGREJA FAMILIA CRISTA";"SANTO AMARO";"";"";"QUEDA";"0,0";"1,0";"0,0";"0,0";"0,0";"0,0";"0,0";"0,0";"0,0";"1,0";"0,0";"";"";"";"";"";"";"";"";"";"";"";""
"202418435,0";"2024-07-11";"08:26:00";"COM VÍTIMA";"FINALIZADA";"ROSARINHO";"AV CONS ROSA E SILVA";"632";"";"EM FRENTE AO SUPERMERCADO PÁO DE AÇUCAR";"ROSARINHO";"";"";"COLISÃO";"0,0";"1,0";"0,0";"0,0";"0,0";"0,0";"0,0";"0,0";"0,0";"1,0";"0,0";"";"";"";"";"";"";"";"";"";"";"";""
"202418439,0";"2024-07-11";"09:37:00";"SEM VÍTIMA";"FINALIZADA";"BOA VIAGEM";"RUA VISCONDE DE JEQUITINHONHA";"2616";"";"EM FRENTE AO EDFº MAR AZUL";"BOA VIAGEM";"";"SUBURBIO";"COLISÃO TRASEIRA";"2,0";"0,0";"0,0";"0,0";"0,0";"0,0";"0,0";"0,0";"0,0";"0,0";"0,0";"";"";"";"";"";"";"";"";"";"";"";""
"202418447,0";"2024-07-11";"10:32:00";"SEM VÍTIMA";"FINALIZADA";"ESPINHEIRO";"AV JOAO DE BARROS";"";"RUA CONS PORTELA";"";"ESPINHEIRO";"";"SUBURBIO";"COLISÃO LATERAL";"1,0";"0,0";"0,0";"0,0";"0,0";"0,0";"1,0";"0,0";"1,0";"0,0";"0,0";"";"";"";"";"";"";"";"";"";"";"";""
"202418449,0";"2024-07-11";"10:36:00";"SEM VÍTIMA";"FINALIZADA";"CAMPINA DO BARRETO";"RUA DA REGENERACAO";"1179";"";"CLÍNICA ODONTOLÓGICA DRA. HANNAH GUTMAN";"CAMPINA DO BARRETO";"";"SUBURBIO";"COLISÃO TRASEIRA";"1,0";"0,0";"0,0";"0,0";"0,0";"0,0";"0,0";"1,0";"0,0";"0,0";"0,0";"";"";"";"";"";"";"";"";"";"";"";""
"202418455,0";"2024-07-11";"11:19:00";"COM VÍTIMA";"FINALIZADA";"ARRUDA";"AV BEBERIBE";"";"";"EM FRENTE AO POSTO BR /// PRX AO CAMPO DO ARRUDA";"ARRUDA";"";"";"COLISÃO";"1,0";"1,0";"0,0";"0,0";"0,0";"0,0";"0,0";"0,0";"0,0";"1,0";"0,0";"";"";"";"";"";"";"";"";"";"";"";""
"202418463,0";"2024-07-11";"12:50:00";"COM VÍTIMA";"FINALIZADA";"AFOGADOS";"RUA VINTE E UM DE ABRIL";"857";"";"AO LADO DO CLUBE FERROVIARIA";"AFOGADOS";"";"";"COLISÃO TRASEIRA";"1,0";"1,0";"0,0";"0,0";"0,0";"0,0";"0,0";"0,0";"0,0";"1,0";"0,0";"";"";"";"";"";"";"";"";"";"";"";""
"202418467,0";"2024-07-11";"01:19:00";"COM VÍTIMA";"FINALIZADA";"SANTO AMARO";"AV GOVERNADOR AGAMENON MAGALHAES";"";"";"EM FRENTE A REITORIA DA UPE";"SANTO AMARO";"";"";"COLISÃO";"0,0";"1,0";"0,0";"0,0";"0,0";"0,0";"0,0";"0,0";"0,0";"1,0";"0,0";"";"";"";"";"";"";"";"";"";"";"";""
"202418472,0";"2024-07-11";"02:18:00";"COM VÍTIMA";"FINALIZADA";"SAO JOSE";"AV SUL";"";"";"SOB O VIADUTO PRÓXIMO AO POSTO PETROBRÁS";"SAO JOSE";"";"";"QUEDA";"1,0";"1,0";"0,0";"0,0";"0,0";"0,0";"0,0";"0,0";"0,0";"1,0";"0,0";"";"";"";"";"";"";"";"";"";"";"";""
"202418487,0";"2024-07-11";"05:27:00";"COM VÍTIMA";"FINALIZADA";"TAMARINEIRA";"AV PROFESSOR JOSE DOS ANJOS";"";"RUA CONEGO BARATA";"";"TAMARINEIRA";"";"";"COLISÃO";"1,0";"0,0";"0,0";"0,0";"0,0";"0,0";"0,0";"0,0";"0,0";"1,0";"0,0";"";"";"";"";"";"";"";"";"";"";"";""
"202418491,0";"2024-07-11";"05:53:00";"COM VÍTIMA";"DUPLICIDADE";"AGUA FRIA";"EST VELHA DE AGUA FRIA";"204";"";"PRÓX AO DENOCS.";"AGUA FRIA";"";"";"COLISÃO";"0,0";"1,0";"0,0";"0,0";"0,0";"0,0";"0,0";"0,0";"0,0";"1,0";"0,0";"";"";"";"";"";"";"";"";"";"";"";""
"202418492,0";"2024-07-11";"05:56:00";"COM VÍTIMA";"FINALIZADA";"GUABIRABA";"AV DA RECUPERACAO";"3455";"";"EM FRENTE AO TERMINAL DE ÔNIBUS DA GUABIRABA";"GUABIRABA";"";"";"COLISÃO";"0,0";"1,0";"0,0";"0,0";"0,0";"0,0";"0,0";"0,0";"0,0";"1,0";"0,0";"";"";"";"";"";"";"";"";"";"";"";""
"202418494,0";"2024-07-11";"06:25:00";"COM VÍTIMA";"FINALIZADA";"ILHA JOANA BEZERRA";"VIADUTO CAPITAO TEMUDO";"";"";"";"ILHA JOANA BEZERRA";"";"";"COLISÃO";"1,0";"1,0";"0,0";"0,0";"0,0";"0,0";"0,0";"0,0";"0,0";"1,0";"0,0";"";"";"";"";"";"";"";"";"";"";"";""
"202418495,0";"2024-07-11";"07:32:00";"COM VÍTIMA";"CANCELADA";"BREJO DA GUABIRABA";"COR JOSE IDALINO";"22";"";"";"BREJO DA GUABIRABA";"";"";"COLISÃO";"1,0";"0,0";"0,0";"0,0";"0,0";"0,0";"0,0";"0,0";"0,0";"1,0";"0,0";"";"";"";"";"";"";"";"";"";"";"";""
"202418521,0";"2024-07-12";"01:43:00";"COM VÍTIMA";"FINALIZADA";"TAMARINEIRA";"RUA CONEGO BARATA";"";"";"EM FRENTE A FERREIRA COISTA";"TAMARINEIRA";"";"";"CHOQUE";"0,0";"1,0";"0,0";"0,0";"0,0";"0,0";"0,0";"0,0";"0,0";"2,0";"0,0";"";"";"";"";"";"";"";"";"";"";"";""
"202418545,0";"2024-07-12";"08:01:00";"COM VÍTIMA";"FINALIZADA";"AFOGADOS";"RUA SAO MIGUEL";"3936";"";"APÓS O POSTO DE COMBUTÍVEL BR /  PROX A SPARTTA CURSOS";"AFOGADOS";"";"";"COLISÃO";"0,0";"1,0";"0,0";"0,0";"0,0";"0,0";"0,0";"0,0";"0,0";"1,0";"0,0";"";"";"";"";"";"";"";"";"";"";"";""
"202418549,0";"2024-07-12";"08:54:00";"COM VÍTIMA";"FINALIZADA";"VARZEA";"AV AFONSO OLINDENSE";"";"";"EM FRENTE A IGREJA BATISTA VIDA NOVA, PROX. AO GALETO DA VILMA";"VARZEA";"";"";"COLISÃO";"1,0";"1,0";"0,0";"0,0";"0,0";"0,0";"0,0";"0,0";"0,0";"1,0";"0,0";"";"";"";"";"";"";"";"";"";"";"";""
"202418552,0";"2024-07-12";"09:06:00";"COM VÍTIMA";"FINALIZADA";"ILHA DO RETIRO";"RUA CAMPOS TABAIARES";"";"";"ENTRADA DA CONCESSIONARIA PATIO HIUNDAY";"ILHA DO RETIRO";"";"";"COLISÃO";"0,0";"1,0";"0,0";"0,0";"0,0";"0,0";"0,0";"0,0";"0,0";"1,0";"0,0";"";"";"";"";"";"";"";"";"";"";"";""
"202418553,0";"2024-07-12";"09:08:00";"COM VÍTIMA";"FINALIZADA";"PAISSANDU";"RUA PAISSANDU";"";"";"EM FRENTE A EMERGENCIA DO HOSPITAL SÃO MARCOS";"PAISSANDU";"";"";"COLISÃO";"0,0";"1,0";"0,0";"0,0";"0,0";"0,0";"0,0";"0,0";"0,0";"1,0";"0,0";"";"";"";"";"";"";"";"";"";"";"";""
"202418554,0";"2024-07-12";"09:19:00";"SEM VÍTIMA";"FINALIZADA";"PAISSANDU";"AV PORTUGAL";"";"";"EM FRENTE AO HOSPITAL SAO MARCOS";"PAISSANDU";"";"";"COLISÃO LATERAL";"1,0";"0,0";"0,0";"0,0";"0,0";"0,0";"0,0";"1,0";"0,0";"0,0";"0,0";"";"";"";"";"";"";"";"";"";"";"";""
"202418555,0";"2024-07-12";"09:56:00";"COM VÍTIMA";"FINALIZADA";"IMBIRIBEIRA";"AV MARECHAL MASCARENHAS DE MORAES";"7935";"";"EM FRENTE AO LOJA MP MULTIMARCAS";"IMBIRIBEIRA";"";"";"COLISÃO TRASEIRA";"2,0";"0,0";"0,0";"0,0";"0,0";"0,0";"0,0";"0,0";"0,0";"2,0";"0,0";"";"";"";"";"";"";"";"";"";"";"";""
"202418562,0";"2024-07-12";"10:40:00";"COM VÍTIMA";"FINALIZADA";"BOA VIAGEM";"AV ENGENHEIRO DOMINGOS FERREIRA";"2742";"";"PROX. A FARMACIA DROGASIL E CERVEJA É TUDO";"BOA VIAGEM";"";"";"COLISÃO TRASEIRA";"1,0";"1,0";"0,0";"0,0";"0,0";"0,0";"0,0";"0,0";"0,0";"2,0";"0,0";"";"";"";"";"";"";"";"";"";"";"";""
"202418574,0";"2024-07-12";"12:39:00";"COM VÍTIMA";"FINALIZADA";"BOA VISTA";"AV GOVERNADOR AGAMENON MAGALHAES";"";"";"EM FRENTE AO BOMPREÇO SENTIDO OLINDA NO PARQUE AMORIM";"BOA VISTA";"";"";"COLISÃO";"0,0";"1,0";"0,0";"0,0";"0,0";"0,0";"0,0";"0,0";"0,0";"1,0";"0,0";"";"";"";"";"";"";"";"";"";"";"";""
"202418577,0";"2024-07-12";"01:07:00";"COM VÍTIMA";"FINALIZADA";"BOA VIAGEM";"AV ENGENHEIRO DOMINGOS FERREIRA";"5959";"";"EM FRENTE IGREJA UNIVERSAL";"BOA VIAGEM";"";"";"COLISÃO";"0,0";"1,0";"0,0";"0,0";"0,0";"0,0";"0,0";"0,0";"0,0";"1,0";"0,0";"";"";"";"";"";"";"";"";"";"";"";""
"202418597,0";"2024-07-12";"05:13:00";"COM VÍTIMA";"FINALIZADA";"IPUTINGA";"RUA CEZARIA CAMPELLO";"18";"";"PROX AO ALATINO VENTURA / BARÃO DE LUCENA";"IPUTINGA";"";"";"COLISÃO";"0,0";"1,0";"0,0";"0,0";"0,0";"0,0";"0,0";"0,0";"0,0";"1,0";"0,0";"";"";"";"";"";"";"";"";"";"";"";""
"202418602,0";"2024-07-12";"06:25:00";"COM VÍTIMA";"FINALIZADA";"TAMARINEIRA";"AV PROFESSOR JOSE DOS ANJOS";"";"";"ATRAS DO HOTEL NEXOS/ SENTIDO CONTRARIO DO JABAR";"TAMARINEIRA";"";"";"COLISÃO";"0,0";"1,0";"0,0";"0,0";"0,0";"0,0";"0,0";"0,0";"0,0";"1,0";"0,0";"";"";"";"";"";"";"";"";"";"";"";""
"202418613,0";"2024-07-12";"10:43:00";"COM VÍTIMA";"FINALIZADA";"CASA FORTE";"RUA DONA RITA DE SOUZA";"187";"";"CONDOMÍNIO RIO DA PRATA";"CASA FORTE";"";"";"COLISÃO";"1,0";"1,0";"0,0";"0,0";"0,0";"0,0";"0,0";"0,0";"0,0";"1,0";"0,0";"";"";"";"";"";"";"";"";"";"";"";""
"202418657,0";"2024-07-13";"08:03:00";"COM VÍTIMA";"FINALIZADA";"BOA VIAGEM";"AV ENGENHEIRO DOMINGOS FERREIRA";"2640";"";"EM FRENTE AO POSTO DE GASOLINA BR";"BOA VIAGEM";"";"";"ENGAVETAMENTO";"3,0";"0,0";"0,0";"0,0";"0,0";"0,0";"0,0";"0,0";"0,0";"1,0";"0,0";"";"";"";"";"";"";"";"";"";"";"";""
"202418667,0";"2024-07-13";"09:38:00";"COM VÍTIMA";"FINALIZADA";"CORDEIRO";"AV CAXANGA";"";"AV INACIO MONTEIRO";"POSTO DE COMBUSTIVEL 07 SENTIDO RECIFE / PROX AO SEMÁFORO 235";"CORDEIRO";"";"";"COLISÃO";"0,0";"1,0";"0,0";"0,0";"0,0";"0,0";"0,0";"0,0";"0,0";"1,0";"0,0";"";"";"";"";"";"";"";"";"";"";"";""
"202418670,0";"2024-07-13";"09:58:00";"COM VÍTIMA";"FINALIZADA";"SANTANA";"RUA SAMUEL FARIAS";"";"";"PROX. AO BAR DE SEU TITO";"SANTANA";"";"";"COLISÃO";"0,0";"1,0";"0,0";"0,0";"0,0";"0,0";"0,0";"0,0";"0,0";"1,0";"0,0";"";"";"";"";"";"";"";"";"";"";"";""
"202418677,0";"2024-07-13";"10:36:00";"COM VÍTIMA";"FINALIZADA";"MACAXEIRA";"AV NORTE MIGUEL ARRAES DE ALENCAR";"";"";"PROX AO TERMINAL DE ONIBUS INTEGRADO DA MACAXEIRA SENTIDO BR 101";"MACAXEIRA";"";"";"COLISÃO";"0,0";"1,0";"0,0";"0,0";"0,0";"0,0";"0,0";"0,0";"0,0";"1,0";"0,0";"";"";"";"";"";"";"";"";"";"";"";""
"202418679,0";"2024-07-13";"10:57:00";"COM VÍTIMA";"FINALIZADA";"PRADO";"AV ENGENHEIRO ABDIAS DE CARVALHO";"";"";"EM FRENTE A FACULDADE ESTACIO E POSTO BR";"PRADO";"";"";"COLISÃO";"0,0";"1,0";"0,0";"0,0";"0,0";"0,0";"0,0";"0,0";"0,0";"1,0";"0,0";"";"";"";"";"";"";"";"";"";"";"";""
"202418680,0";"2024-07-13";"10:57:00";"COM VÍTIMA";"FINALIZADA";"DOIS UNIDOS";"AV HILDEBRANDO DE VASCONCELOS";"";"";"PROX. AO ANTIGO FORRO DO ARLINDO E OFICINA DE FABIO";"DOIS UNIDOS";"";"";"COLISÃO";"0,0";"1,0";"0,0";"0,0";"0,0";"0,0";"0,0";"0,0";"0,0";"1,0";"0,0";"";"";"";"";"";"";"";"";"";"";"";""
"202418681,0";"2024-07-13";"11:22:00";"COM VÍTIMA";"FINALIZADA";"AFOGADOS";"RUA NICOLAU PEREIRA";"";"";"PROX. A ESTAÇÃO LARGO DA PAZ E CAIXA ECONOMICA";"AFOGADOS";"";"";"COLISÃO";"0,0";"1,0";"0,0";"0,0";"0,0";"0,0";"0,0";"0,0";"0,0";"1,0";"0,0";"";"";"";"";"";"";"";"";"";"";"";""
"202418685,0";"2024-07-13";"01:12:00";"COM VÍTIMA";"FINALIZADA";"SANCHO";"AV LIBERDADE";"";"";"EM FRENTE AO CEMITERIO PARQUE DAS FLORES / POSTO DE GASOLINA SETTA";"SANCHO";"";"";"COLISÃO";"1,0";"2,0";"0,0";"0,0";"0,0";"0,0";"0,0";"0,0";"0,0";"1,0";"0,0";"";"";"";"";"";"";"";"";"";"";"";""
"202418686,0";"2024-07-13";"01:15:00";"COM VÍTIMA";"FINALIZADA";"CORDEIRO";"RUA DR JOAO LACERDA";"";"";"EM FRENTE AO GOI DHPP";"CORDEIRO";"";"";"COLISÃO";"0,0";"1,0";"0,0";"0,0";"0,0";"0,0";"0,0";"0,0";"0,0";"1,0";"0,0";"";"";"";"";"";"";"";"";"";"";"";""
"202418688,0";"2024-07-13";"01:35:00";"COM VÍTIMA";"FINALIZADA";"BONGI";"RUA SANTA EDWIRGES";"";"";"PROX AO MIX MATHEUS / PROX A IGREJA PRESBITERIANA DO PRADO";"BONGI";"";"";"COLISÃO LATERAL";"1,0";"1,0";"0,0";"0,0";"0,0";"0,0";"0,0";"0,0";"0,0";"1,0";"0,0";"";"";"";"";"";"";"";"";"";"";"";""
"202418689,0";"2024-07-13";"02:12:00";"COM VÍTIMA";"FINALIZADA";"BOA VIAGEM";"RUA RIBEIRO DE BRITO";"";"";"EM FRENTE AO EMPRESARIAL 1133 / EM FRENTE AO POSTO DE GASOLINA BR";"BOA VIAGEM";"";"";"COLISÃO";"1,0";"1,0";"0,0";"0,0";"0,0";"0,0";"0,0";"0,0";"0,0";"2,0";"0,0";"";"";"";"";"";"";"";"";"";"";"";""
"202418694,0";"2024-07-13";"03:30:00";"COM VÍTIMA";"FINALIZADA";"AFOGADOS";"PTE DO MOTOCOLOMBO";"";"";"PONTE MOTOCOLOMBO";"AFOGADOS";"";"";"COLISÃO";"0,0";"1,0";"0,0";"0,0";"0,0";"0,0";"0,0";"0,0";"0,0";"1,0";"0,0";"";"";"";"";"";"";"";"";"";"";"";""
"202418698,0";"2024-07-13";"04:17:00";"COM VÍTIMA";"FINALIZADA";"JARDIM SAO PAULO";"RUA LORENA";"";"RUA BRAGANCA";"PROX AO VIADUTO JSP SENTIDO BR 101 / PROX AO PRIVÊ MARILIA";"JARDIM SAO PAULO";"";"";"COLISÃO";"0,0";"1,0";"0,0";"0,0";"0,0";"0,0";"0,0";"0,0";"0,0";"1,0";"0,0";"";"";"";"";"";"";"";"";"";"";"";""
"202418699,0";"2024-07-13";"04:51:00";"COM VÍTIMA";"FINALIZADA";"BOA VIAGEM";"AV BOA VIAGEM";"3650";"";"EM FRENTE AO EDIFICIO AMBROZIO TRAJANO";"BOA VIAGEM";"";"";"COLISÃO LATERAL";"1,0";"1,0";"0,0";"0,0";"0,0";"0,0";"0,0";"0,0";"0,0";"1,0";"0,0";"";"";"";"";"";"";"";"";"";"";"";""
"202418708,0";"2024-07-13";"05:35:00";"COM VÍTIMA";"FINALIZADA";"LINHA DO TIRO";"RUA URIEL DE HOLANDA";"1241";"";"PROX A IGREJA BASTITA DE LINHA DO TIRO / PROX AO CAPO DO CAFE / PROX A GRAJA LINHA DO TIRO";"LINHA DO TIRO";"";"";"COLISÃO";"0,0";"1,0";"0,0";"0,0";"0,0";"0,0";"0,0";"0,0";"0,0";"1,0";"0,0";"";"";"";"";"";"";"";"";"";"";"";""
"202418728,0";"2024-07-13";"08:06:00";"COM VÍTIMA";"FINALIZADA";"IMBIRIBEIRA";"AV MARECHAL MASCARENHAS DE MORAES";"";"";"EM FRENTE A GRILLO";"IMBIRIBEIRA";"";"";"COLISÃO";"1,0";"1,0";"0,0";"0,0";"0,0";"0,0";"0,0";"0,0";"0,0";"1,0";"0,0";"";"";"";"";"";"";"";"";"";"";"";""
"202418754,0";"2024-07-14";"04:00:00";"SEM VÍTIMA";"FINALIZADA";"ARRUDA";"RUA DAS MOCAS";"";"RUA ZEFERINO AGRA";"";"ARRUDA";"";"";"COLISÃO LATERAL";"1,0";"0,0";"0,0";"0,0";"0,0";"0,0";"0,0";"0,0";"0,0";"0,0";"0,0";"";"";"";"";"";"";"";"";"";"";"";""
"202418765,0";"2024-07-14";"07:47:00";"COM VÍTIMA";"FINALIZADA";"BOA VIAGEM";"RUA BRUNO VELOSO";"1075";"AV ENGENHEIRO DOMINGOS FERREIRA";"EM FRENTE AO GOLAÇO BUGUER // AO LADO DA FARMACIA DROGASIL";"BOA VIAGEM";"";"";"COLISÃO";"0,0";"1,0";"0,0";"0,0";"0,0";"0,0";"0,0";"0,0";"0,0";"1,0";"0,0";"";"";"";"";"";"";"";"";"";"";"";""
"202418774,0";"2024-07-14";"09:26:00";"COM VÍTIMA";"FINALIZADA";"TEJIPIO";"RUA APRIGIO GUIMARAES";"697";"";"PROX AO HOSPITAL OTAVIO DE FREITAS";"TEJIPIO";"";"";"COLISÃO LATERAL";"1,0";"1,0";"0,0";"0,0";"0,0";"0,0";"0,0";"0,0";"0,0";"1,0";"0,0";"";"";"";"";"";"";"";"";"";"";"";""
"202418789,0";"2024-07-14";"12:53:00";"COM VÍTIMA";"FINALIZADA";"AGUA FRIA";"EST VELHA DE AGUA FRIA";"SN";"";"PROXIMO A LOJA DENOX // PROXIMO AO MARTELINHO DE OURO";"AGUA FRIA";"";"";"COLISÃO";"0,0";"1,0";"0,0";"0,0";"0,0";"0,0";"0,0";"0,0";"0,0";"1,0";"0,0";"";"";"";"";"";"";"";"";"";"";"";""
"202418852,0";"2024-07-15";"10:23:00";"COM VÍTIMA";"FINALIZADA";"PRADO";"AV ENGENHEIRO ABDIAS DE CARVALHO";"1910";"RUA SANTA EDWIRGES";"PROX A ENGEFRIO   / EM FRENTE A LOJA DE PNEUS POINT S";"PRADO";"";"";"COLISÃO";"1,0";"1,0";"0,0";"0,0";"0,0";"0,0";"0,0";"0,0";"0,0";"1,0";"0,0";"";"";"";"";"";"";"";"";"";"";"";""
"202418853,0";"2024-07-15";"10:35:00";"COM VÍTIMA";"FINALIZADA";"PORTO DA MADEIRA";"AV BEBERIBE";"";"";"EM FRENTE AO REI DO ARRUMADINHO / ´PROX AO COLEGIO INVESTE";"PORTO DA MADEIRA";"";"";"COLISÃO";"0,0";"1,0";"0,0";"0,0";"0,0";"0,0";"0,0";"0,0";"0,0";"1,0";"0,0";"";"";"";"";"";"";"";"";"";"";"";""