"Protocolo";"data";"hora";"natureza";"situacao";"bairro";"endereco";"numero";"detalhe_endereco_acidente";"complemento";"bairro_cruzamento";"num_semaforo";"sentido_via";"tipo";"auto";"moto";"ciclom";"ciclista";"pedestre";"onibus";"caminhao";"viatura";"outros";"vitimas";"vitimasfatais";"acidente_verificado";"tempo_clima";"situacao_semaforo";"sinalizacao";"condicao_via";"conservacao_via";"ponto_controle";"situacao_placa";"velocidade_max_via";"mao_direcao";"divisao_via1";"divisao_via2"
"202418856,0";"2024-07-15";"11:25:00";"COM VÍTIMA";"FINALIZADA";"AFOGADOS";"RUA VINTE E UM DE ABRIL";"1833";"";"EM FRENTE AO NUMERO 678 // EM FRENTE AO LAVA JATO AUTO STOP";"AFOGADOS";"";"";"COLISÃO";"1,0";"1,0";"0,0";"0,0";"0,0";"0,0";"0,0";"0,0";"0,0";"1,0";"0,0";"";"";"";"";"";"";"";"";"";"";"";""
"202418857,0";"2024-07-15";"11:42:00";"COM VÍTIMA";"FINALIZADA";"SANTO AMARO";"AV GOVERNADOR AGAMENON MAGALHAES";"";"";"EM FRENTE AO EDF HENRIQUE DIAS  / SENTIDO OLINDA";"SANTO AMARO";"";"";"QUEDA";"0,0";"1,0";"0,0";"0,0";"0,0";"0,0";"0,0";"0,0";"0,0";"2,0";"0,0";"";"";"";"";"";"";"";"";"";"";"";""
"202418858,0";"2024-07-15";"12:00:00";"COM VÍTIMA";"FINALIZADA";"DERBY";"AV GOVERNADOR AGAMENON MAGALHAES";"649";"";"EM FRENTE AO HOSPIRAL DA RESTAURAÇÃO / SENTIDO OLINDA";"DERBY";"";"";"COLISÃO";"0,0";"1,0";"0,0";"0,0";"0,0";"0,0";"0,0";"0,0";"0,0";"1,0";"0,0";"";"";"";"";"";"";"";"";"";"";"";""
"202418866,0";"2024-07-15";"01:02:00";"COM VÍTIMA";"FINALIZADA";"CAJUEIRO";"AV BEBERIBE";"3580";"";"";"CAJUEIRO";"";"";"COLISÃO LATERAL";"0,0";"2,0";"0,0";"0,0";"0,0";"0,0";"0,0";"0,0";"0,0";"1,0";"0,0";"";"";"";"";"";"";"";"";"";"";"";""
"202418867,0";"2024-07-15";"02:04:00";"COM VÍTIMA";"FINALIZADA";"ESPINHEIRO";"RUA BARAO DE ITAMARACA";"";"";"PROX AO HAPVIDA  AO LADO DO SUPERMERCADO SOBERANO";"ESPINHEIRO";"";"";"QUEDA";"0,0";"1,0";"0,0";"0,0";"0,0";"0,0";"0,0";"0,0";"0,0";"1,0";"0,0";"";"";"";"";"";"";"";"";"";"";"";""
"202418873,0";"2024-07-15";"03:17:00";"COM VÍTIMA";"FINALIZADA";"SAO JOSE";"AV SUL";"1036";"";"";"SAO JOSE";"";"";"QUEDA";"0,0";"0,0";"0,0";"1,0";"0,0";"0,0";"0,0";"0,0";"0,0";"1,0";"0,0";"";"";"";"";"";"";"";"";"";"";"";""
"202418879,0";"2024-07-15";"04:19:00";"COM VÍTIMA";"FINALIZADA";"IPUTINGA";"AV MAURICIO DE NASSAU";"1196";"";"PROX A TACINHO RAÇÕES";"IPUTINGA";"";"";"COLISÃO";"0,0";"1,0";"0,0";"0,0";"0,0";"0,0";"0,0";"0,0";"0,0";"1,0";"0,0";"";"";"";"";"";"";"";"";"";"";"";""
"202418880,0";"2024-07-15";"04:19:00";"COM VÍTIMA";"FINALIZADA";"SAO JOSE";"C SANTA RITA";"1350";"";"PX HOTEL NOVO HOTEL";"SAO JOSE";"";"";"COLISÃO";"0,0";"1,0";"0,0";"0,0";"0,0";"0,0";"0,0";"0,0";"0,0";"1,0";"0,0";"";"";"";"";"";"";"";"";"";"";"";""
"202418883,0";"2024-07-15";"05:43:00";"COM VÍTIMA";"FINALIZADA";"SANTO ANTONIO";"RUA DO SOL";"";"";"PROXIMO AOS CORREIOS / PROX AO MINISTERIO PUBLICO";"SANTO ANTONIO";"";"";"COLISÃO LATERAL";"0,0";"1,0";"0,0";"0,0";"0,0";"0,0";"1,0";"0,0";"0,0";"1,0";"0,0";"";"";"";"";"";"";"";"";"";"";"";""
"202418884,0";"2024-07-15";"05:58:00";"COM VÍTIMA";"FINALIZADA";"MADALENA";"RUA JOSE OSORIO";"246";"";"EM FRENTE A FARMÁCIA PAGUE MENOS CRUZAMENTO COM A VISCONDE DE ALBUQUERQUE";"MADALENA";"";"";"COLISÃO";"0,0";"1,0";"0,0";"0,0";"0,0";"0,0";"0,0";"0,0";"0,0";"1,0";"0,0";"";"";"";"";"";"";"";"";"";"";"";""
"202418885,0";"2024-07-15";"06:02:00";"COM VÍTIMA";"FINALIZADA";"SANTO AMARO";"AV NORTE MIGUEL ARRAES DE ALENCAR";"";"";"EM FRENTE A IGREJA CATOLICA ANTES DO VIADUTO";"SANTO AMARO";"";"SUBURBIO";"COLISÃO LATERAL";"1,0";"1,0";"0,0";"0,0";"0,0";"0,0";"0,0";"0,0";"0,0";"1,0";"0,0";"";"";"";"";"";"";"";"";"";"";"";""
"202418886,0";"2024-07-15";"06:06:00";"COM VÍTIMA";"FINALIZADA";"COQUEIRAL";"RUA CAIRU";"";"";"PROXIMO A ESTAÇÃO COQUEIRAL";"COQUEIRAL";"";"";"COLISÃO FRONTAL";"1,0";"1,0";"0,0";"0,0";"0,0";"0,0";"0,0";"0,0";"0,0";"1,0";"0,0";"";"";"";"";"";"";"";"";"";"";"";""
"202418935,0";"2024-07-16";"07:45:00";"COM VÍTIMA";"CANCELADA";"IPUTINGA";"RUA DR JOSE MARCIONILO DE BARROS LINS";"";"";"PROX. A PONTE EM CONTRUÇÃO";"IPUTINGA";"";"";"COLISÃO";"0,0";"1,0";"0,0";"0,0";"0,0";"0,0";"0,0";"0,0";"0,0";"1,0";"0,0";"";"";"";"";"";"";"";"";"";"";"";""
"202418944,0";"2024-07-16";"11:11:00";"COM VÍTIMA";"FINALIZADA";"BOA VIAGEM";"AV ENGENHEIRO DOMINGOS FERREIRA";"";"RUA HENRIQUE CAPITULINO";"EM FRENTE AO POSTO DE GASOLINA BR, SENT. CIDADE";"BOA VIAGEM";"";"";"COLISÃO";"0,0";"1,0";"0,0";"0,0";"0,0";"0,0";"0,0";"0,0";"0,0";"1,0";"0,0";"";"";"";"";"";"";"";"";"";"";"";""
"202418947,0";"2024-07-16";"11:48:00";"COM VÍTIMA";"CANCELADA";"CAXANGA";"AV CAXANGA";"";"";"PROX. AO LABORATORIO CERPE E EXPOSIÇÃO DE ANIMAIS, SENT. CAMARAGIBE";"CAXANGA";"";"";"COLISÃO";"0,0";"1,0";"0,0";"0,0";"0,0";"0,0";"0,0";"0,0";"0,0";"1,0";"0,0";"";"";"";"";"";"";"";"";"";"";"";""
"202418952,0";"2024-07-16";"12:26:00";"COM VÍTIMA";"FINALIZADA";"ALTO JOSE BONIFACIO";"RUA ALTO JOSE BONIFACIO";"847";"";"PROX AO TERMINAL DO BREJO //  AO LADO DA QUADRA DO ALTO JOSE BONIFACIO";"ALTO JOSE BONIFACIO";"";"";"COLISÃO";"0,0";"1,0";"0,0";"0,0";"0,0";"0,0";"0,0";"0,0";"0,0";"1,0";"0,0";"";"";"";"";"";"";"";"";"";"";"";""
"202418955,0";"2024-07-16";"12:41:00";"COM VÍTIMA";"FINALIZADA";"BONGI";"AV GENERAL SAN MARTIN";"";"";"E/F AO DO MIX MATHEUS";"BONGI";"";"";"COLISÃO FRONTAL";"1,0";"1,0";"0,0";"0,0";"0,0";"0,0";"0,0";"0,0";"0,0";"1,0";"0,0";"";"";"";"";"";"";"";"";"";"";"";""
"202418958,0";"2024-07-16";"01:25:00";"SEM VÍTIMA";"FINALIZADA";"AGUA FRIA";"AV BEBERIBE";"2034";"";"LADO OPOSTO AO Nº2034";"AGUA FRIA";"";"";"COLISÃO LATERAL";"1,0";"0,0";"0,0";"0,0";"0,0";"0,0";"1,0";"0,0";"0,0";"0,0";"0,0";"";"";"";"";"";"";"";"";"";"";"";""
"202418966,0";"2024-07-16";"12:00:00";"COM VÍTIMA";"FINALIZADA";"SANTO AMARO";"AV GOVERNADOR AGAMENON MAGALHAES";"";"RUA ODORICO MENDES";"NO SEMAFORO 049";"SANTO AMARO";"";"";"COLISÃO TRASEIRA";"1,0";"1,0";"0,0";"0,0";"0,0";"0,0";"0,0";"0,0";"0,0";"2,0";"0,0";"";"";"";"";"";"";"";"";"";"";"";""
"202418967,0";"2024-07-16";"03:16:00";"COM VÍTIMA";"FINALIZADA";"ARRUDA";"AV BEBERIBE";"";"AV PROFESSOR JOSE DOS ANJOS";"PROX AO  ESTADIO DO ARRUDA";"ARRUDA";"";"";"COLISÃO";"0,0";"0,0";"0,0";"0,0";"0,0";"0,0";"0,0";"0,0";"0,0";"1,0";"0,0";"";"";"";"";"";"";"";"";"";"";"";""
"202418970,0";"2024-07-16";"04:12:00";"SEM VÍTIMA";"FINALIZADA";"SANTO AMARO";"RUA PAULINO CAMARA";"209";"";"PROX AO CEMITERIO RUA PARALELA";"SANTO AMARO";"";"";"CHOQUE";"0,0";"0,0";"0,0";"0,0";"0,0";"0,0";"0,0";"1,0";"0,0";"0,0";"0,0";"";"";"";"";"";"";"";"";"";"";"";""
"202418977,0";"2024-07-16";"05:21:00";"COM VÍTIMA";"FINALIZADA";"AFOGADOS";"RUA ERNESTO CAVALCANTI";"148";"";"E/F A ESCOLA SANTA TEREZINHA";"AFOGADOS";"";"";"COLISÃO";"0,0";"0,0";"0,0";"0,0";"0,0";"0,0";"0,0";"0,0";"0,0";"1,0";"0,0";"";"";"";"";"";"";"";"";"";"";"";""
"202418980,0";"2024-07-16";"06:35:00";"COM VÍTIMA";"FINALIZADA";"JARDIM SAO PAULO";"RUA EDGAR WERNERK";"";"";"EMBAIXO DO PONTILHÃO DA WERNERK";"JARDIM SAO PAULO";"";"";"COLISÃO TRASEIRA";"2,0";"0,0";"0,0";"0,0";"0,0";"0,0";"0,0";"0,0";"0,0";"1,0";"0,0";"";"";"";"";"";"";"";"";"";"";"";""
"202418983,0";"2024-07-16";"07:42:00";"COM VÍTIMA";"FINALIZADA";"BOA VIAGEM";"RUA ANTONIO VICENTE";"";"RUA SYLO BITTENCOURT";"POR TRÁS AO POSTO DE GASOLINA JOAO DIAS";"BOA VIAGEM";"";"";"COLISÃO TRASEIRA";"0,0";"1,0";"0,0";"0,0";"0,0";"0,0";"0,0";"0,0";"0,0";"1,0";"0,0";"";"";"";"";"";"";"";"";"";"";"";""
"202418985,0";"2024-07-16";"08:13:00";"SEM VÍTIMA";"FINALIZADA";"PARNAMIRIM";"RUA DA HARMONIA";"860";"EST DO ENCANAMENTO";"SOB O SEMÁFORO 435";"PARNAMIRIM";"435,0";"CIDADE";"COLISÃO LATERAL";"1,0";"1,0";"0,0";"0,0";"0,0";"0,0";"0,0";"0,0";"0,0";"0,0";"0,0";"";"";"";"";"";"";"";"";"";"";"";""
"202419027,0";"2024-07-17";"08:03:00";"COM VÍTIMA";"FINALIZADA";"SANTO AMARO";"AV CRUZ CABUGA";"";"";"PROX AO SHOPPING TACARUNA, EM FRENTE AO SHOPPING TACARUNA";"SANTO AMARO";"";"";"COLISÃO";"0,0";"1,0";"0,0";"0,0";"0,0";"0,0";"0,0";"0,0";"0,0";"1,0";"0,0";"";"";"";"";"";"";"";"";"";"";"";""
"202419028,0";"2024-07-17";"08:07:00";"COM VÍTIMA";"FINALIZADA";"IBURA";"RUA SANTA LEOPOLDINA";"125";"";"PROX AO CONSELHO TUTELAR  // PROX A IGREJA  PAZ E VIDA";"IBURA";"";"";"COLISÃO";"0,0";"1,0";"0,0";"0,0";"0,0";"0,0";"0,0";"0,0";"0,0";"1,0";"0,0";"";"";"";"";"";"";"";"";"";"";"";""
"202419031,0";"2024-07-17";"08:44:00";"COM VÍTIMA";"FINALIZADA";"SANTO AMARO";"AV GOVERNADOR AGAMENON MAGALHAES";"";"";"POR TRAS DO SHOPPING TACARUNA SENT. BOA VIAGEM";"SANTO AMARO";"";"";"COLISÃO";"0,0";"1,0";"0,0";"0,0";"0,0";"0,0";"0,0";"0,0";"0,0";"1,0";"0,0";"";"";"";"";"";"";"";"";"";"";"";""
"202419034,0";"2024-07-17";"08:53:00";"SEM VÍTIMA";"FINALIZADA";"IMBIRIBEIRA";"RUA ITAJAI";"443";"";"PRÓXIMO A DELICATESSEN PORTO";"IMBIRIBEIRA";"";"CIDADE";"CHOQUE";"1,0";"0,0";"0,0";"0,0";"0,0";"0,0";"1,0";"0,0";"0,0";"0,0";"0,0";"";"";"";"";"";"";"";"";"";"";"";""
"202419044,0";"2024-07-17";"10:43:00";"SEM VÍTIMA";"FINALIZADA";"ESTANCIA";"RUA JOAO TEIXEIRA";"176";"RUA FERNANDO BARROCA";"ESQUINA DO GALETO";"ESTANCIA";"";"SUBURBIO";"CHOQUE";"1,0";"0,0";"0,0";"0,0";"0,0";"0,0";"1,0";"0,0";"0,0";"0,0";"0,0";"";"";"";"";"";"";"";"";"";"";"";""
"202419049,0";"2024-07-17";"11:21:00";"COM VÍTIMA";"FINALIZADA";"BOA VIAGEM";"RUA RIBEIRO DE BRITO";"";"";"EM FRENTE AO POSTO DE SAUDE BEIRA RIO, ANTES DO VIADUTO QUE DA ACESSO A AV. RECIFE";"BOA VIAGEM";"";"";"COLISÃO";"0,0";"1,0";"0,0";"0,0";"0,0";"0,0";"0,0";"0,0";"0,0";"1,0";"0,0";"";"";"";"";"";"";"";"";"";"";"";""
"202419054,0";"2024-07-17";"12:09:00";"COM VÍTIMA";"FINALIZADA";"IPUTINGA";"RUA ILHABELA";"158 B";"";"PROX AO RESTAURANTE ESWQINA PARAIBANA , POR TRAS DA  IGREJA CATOLICA";"IPUTINGA";"";"";"COLISÃO";"0,0";"1,0";"0,0";"0,0";"0,0";"0,0";"0,0";"0,0";"0,0";"1,0";"0,0";"";"";"";"";"";"";"";"";"";"";"";""
"202419064,0";"2024-07-17";"01:50:00";"COM VÍTIMA";"FINALIZADA";"ENCRUZILHADA";"EST DE BELEM";"420";"";"PROX A SECRETARIA DA FAZENDA";"ENCRUZILHADA";"";"";"COLISÃO";"0,0";"0,0";"0,0";"0,0";"0,0";"0,0";"0,0";"0,0";"0,0";"1,0";"0,0";"";"";"";"";"";"";"";"";"";"";"";""
"202419065,0";"2024-07-17";"02:13:00";"COM VÍTIMA";"FINALIZADA";"TOTO";"AV LIBERDADE";"";"";"E/F AO CEMITERIO PARQUE DAS FLORES";"TOTO";"";"";"COLISÃO";"0,0";"0,0";"0,0";"0,0";"0,0";"0,0";"0,0";"0,0";"0,0";"1,0";"0,0";"";"";"";"";"";"";"";"";"";"";"";""
"202419077,0";"2024-07-17";"03:33:00";"COM VÍTIMA";"FINALIZADA";"IPUTINGA";"AV MAURICIO DE NASSAU";"501";"";"E/F A OTICA LISBOA E FUNDAÇAO ALTINO VENTURA";"IPUTINGA";"";"";"COLISÃO";"0,0";"0,0";"0,0";"0,0";"0,0";"0,0";"0,0";"0,0";"0,0";"1,0";"0,0";"";"";"";"";"";"";"";"";"";"";"";""
"202419078,0";"2024-07-17";"03:37:00";"COM VÍTIMA";"FINALIZADA";"IBURA";"RUA RIO XINGU";"220";"";"EM FRENTE A NETINHO MOTOS E RS VIDROS";"IBURA";"";"";"COLISÃO LATERAL";"1,0";"1,0";"0,0";"0,0";"0,0";"0,0";"0,0";"0,0";"0,0";"1,0";"0,0";"";"";"";"";"";"";"";"";"";"";"";""
"202419081,0";"2024-07-17";"04:02:00";"COM VÍTIMA";"DUPLICIDADE";"IBURA";"RUA RIO XINGU";"259";"";"PROX A NETINHO MOTOS  NO IBURA DE BAIXO";"IBURA";"";"";"COLISÃO";"0,0";"0,0";"0,0";"0,0";"0,0";"0,0";"0,0";"0,0";"0,0";"1,0";"0,0";"";"";"";"";"";"";"";"";"";"";"";""
"202419086,0";"2024-07-17";"04:27:00";"COM VÍTIMA";"FINALIZADA";"SAO JOSE";"RUA DA CONCORDIA";"443";"";"E/F A LOJA DE REFRIGERAÇÃO  CAMPOS FRIO";"SAO JOSE";"";"";"COLISÃO LATERAL";"0,0";"1,0";"0,0";"0,0";"0,0";"1,0";"0,0";"0,0";"0,0";"1,0";"0,0";"";"";"";"";"";"";"";"";"";"";"";""
"202419089,0";"2024-07-21";"05:59:00";"COM VÍTIMA";"DUPLICIDADE";"SAO JOSE";"RUA DO PEIXOTO";"";"AV DANTAS BARRETO";"";"SAO JOSE";"";"";"";"0,0";"0,0";"0,0";"0,0";"0,0";"0,0";"0,0";"0,0";"0,0";"1,0";"0,0";"";"";"";"";"";"";"";"";"";"";"";""
"202419090,0";"2024-07-17";"05:49:00";"COM VÍTIMA";"FINALIZADA";"BOA VIAGEM";"AV BOA VIAGEM";"";"";"PROX A PRACINHA DE BOA VIAGEM";"BOA VIAGEM";"";"";"COLISÃO";"0,0";"0,0";"0,0";"0,0";"0,0";"0,0";"0,0";"0,0";"0,0";"1,0";"0,0";"";"";"";"";"";"";"";"";"";"";"";""
"202419091,0";"2024-07-17";"05:39:00";"COM VÍTIMA";"FINALIZADA";"IPUTINGA";"AV MARIO ALVARES PEREIRA DE LYRA";"628";"";"PROX AO PRESIDIO BOM PASTOR NA RUA DO CANAL";"IPUTINGA";"";"";"COLISÃO";"0,0";"0,0";"0,0";"0,0";"0,0";"0,0";"0,0";"0,0";"0,0";"1,0";"0,0";"";"";"";"";"";"";"";"";"";"";"";""
"202419102,0";"2024-07-17";"06:29:00";"SEM VÍTIMA";"FINALIZADA";"IMBIRIBEIRA";"AV MARECHAL MASCARENHAS DE MORAES";"2508";"";"EM FRENTE A PERFORMACE CENTER";"IMBIRIBEIRA";"";"SUBURBIO";"COLISÃO LATERAL";"1,0";"0,0";"0,0";"0,0";"0,0";"0,0";"0,0";"1,0";"0,0";"0,0";"0,0";"";"";"";"";"";"";"";"";"";"";"";""
"202419103,0";"2024-07-17";"06:32:00";"COM VÍTIMA";"FINALIZADA";"ARRUDA";"RUA DA REGENERACAO";"755";"";"PROX A O BAR DE BEU / PROX A VERTICAL";"ARRUDA";"";"";"COLISÃO LATERAL";"1,0";"1,0";"0,0";"0,0";"0,0";"0,0";"0,0";"0,0";"0,0";"1,0";"0,0";"";"";"";"";"";"";"";"";"";"";"";""
"202419104,0";"2024-07-17";"06:33:00";"COM VÍTIMA";"FINALIZADA";"AFOGADOS";"RUA SAO MIGUEL";"2343";"";"PX A ASSEMBLEIA DE DEUS, PX A CLEITON MOTO PEÇAS";"AFOGADOS";"";"";"COLISÃO";"0,0";"1,0";"0,0";"0,0";"0,0";"0,0";"0,0";"0,0";"0,0";"1,0";"0,0";"";"";"";"";"";"";"";"";"";"";"";""
"202419105,0";"2024-07-17";"06:36:00";"COM VÍTIMA";"FINALIZADA";"IPUTINGA";"AV CAXANGA";"";"";"EM FRENTE AO RESTAURANTE MASSARELA";"IPUTINGA";"";"";"COLISÃO";"0,0";"1,0";"0,0";"0,0";"0,0";"0,0";"0,0";"0,0";"0,0";"1,0";"0,0";"";"";"";"";"";"";"";"";"";"";"";""
"202419116,0";"2024-07-17";"07:20:00";"COM VÍTIMA";"FINALIZADA";"IPSEP";"AV RECIFE";"";"RUA JEAN EMILE FAVRE";"PANIFICADO VILA DO PAO";"IPSEP";"";"";"COLISÃO";"1,0";"1,0";"0,0";"0,0";"0,0";"0,0";"0,0";"0,0";"0,0";"1,0";"0,0";"";"";"";"";"";"";"";"";"";"";"";""
"202419158,0";"2024-07-18";"07:10:00";"COM VÍTIMA";"FINALIZADA";"PARNAMIRIM";"AV DEZESSETE DE AGOSTO";"";"";"EM FRENTE A LOJA DO CONDOMINIO / FRENTE A PRAÇA DO PARNAMIRIM";"PARNAMIRIM";"";"";"COLISÃO";"0,0";"1,0";"0,0";"0,0";"0,0";"0,0";"0,0";"0,0";"0,0";"1,0";"0,0";"";"";"";"";"";"";"";"";"";"";"";""
"202419165,0";"2024-07-18";"08:09:00";"SEM VÍTIMA";"FINALIZADA";"ALTO JOSE DO PINHO";"RUA MONTE HOREB";"191";"";"PRÓXIMO A BANCA DE BICHO ALIANÇA";"ALTO JOSE DO PINHO";"";"";"COLISÃO TRASEIRA";"1,0";"0,0";"0,0";"0,0";"0,0";"0,0";"1,0";"0,0";"0,0";"0,0";"0,0";"";"";"";"";"";"";"";"";"";"";"";""
"202419170,0";"2024-07-18";"08:58:00";"SEM VÍTIMA";"FINALIZADA";"ESTANCIA";"AV RECIFE";"5305";"RUA MARQUES DE ITANHAEM";"";"ESTANCIA";"261,0";"CIDADE";"COLISÃO TRASEIRA";"1,0";"0,0";"0,0";"0,0";"0,0";"0,0";"0,0";"1,0";"0,0";"0,0";"0,0";"";"";"";"";"";"";"";"";"";"";"";""
"202419176,0";"2024-07-18";"11:08:00";"COM VÍTIMA";"FINALIZADA";"JORDAO";"RUA BOANERGES PEREIRA";"";"";"JORDÃO BAIXO- PROX A ESCOLA ETE / PROX AO ARMAZEM QUEIROZ / PROX AO RESTAURANTE RF ACAITERIA";"JORDAO";"";"";"COLISÃO";"0,0";"1,0";"0,0";"0,0";"0,0";"0,0";"0,0";"0,0";"0,0";"1,0";"0,0";"";"";"";"";"";"";"";"";"";"";"";""
"202419182,0";"2024-07-18";"03:47:00";"COM VÍTIMA";"FINALIZADA";"VASCO DA GAMA";"AV NORTE MIGUEL ARRAES DE ALENCAR";"11687";"";"NA ENTRADA DO VASCO DA GAMA  PROX A LOJA DONA MADU";"VASCO DA GAMA";"";"";"COLISÃO";"0,0";"0,0";"0,0";"0,0";"0,0";"0,0";"0,0";"0,0";"0,0";"1,0";"0,0";"";"";"";"";"";"";"";"";"";"";"";""
"202419183,0";"2024-07-18";"03:52:00";"COM VÍTIMA";"FINALIZADA";"MADALENA";"AV CAXANGA";"";"";"E/F A FARMACIA PAGUE  MENOS";"MADALENA";"";"";"COLISÃO";"0,0";"0,0";"0,0";"0,0";"0,0";"0,0";"0,0";"0,0";"0,0";"1,0";"0,0";"";"";"";"";"";"";"";"";"";"";"";""
"202419184,0";"2024-07-18";"04:05:00";"COM VÍTIMA";"FINALIZADA";"IMBIRIBEIRA";"AV MARECHAL MASCARENHAS DE MORAES";"";"";"S/T CID AO LADO DA FACULDADE PERNAMBUCANA";"IMBIRIBEIRA";"";"";"COLISÃO";"0,0";"0,0";"0,0";"0,0";"0,0";"0,0";"0,0";"0,0";"0,0";"1,0";"0,0";"";"";"";"";"";"";"";"";"";"";"";""
"202419186,0";"2024-07-18";"04:23:00";"COM VÍTIMA";"FINALIZADA";"PAISSANDU";"AV GOVERNADOR AGAMENON MAGALHAES";"";"RUA PAISSANDU";"PROX. AO HOSPITAL PORTUGUES";"PAISSANDU";"";"";"COLISÃO TRANSVERSAL";"1,0";"1,0";"0,0";"0,0";"0,0";"0,0";"0,0";"0,0";"0,0";"1,0";"0,0";"";"";"";"";"";"";"";"";"";"";"";""
"202419190,0";"2024-07-18";"05:37:00";"COM VÍTIMA";"FINALIZADA";"APIPUCOS";"RUA DE APIPUCOS";"1071";"";"E/F AO AÇUDE DE APIPUCOS E AO COD RESEVA DE APIPUCOS";"APIPUCOS";"";"";"COLISÃO LATERAL";"1,0";"1,0";"0,0";"0,0";"0,0";"0,0";"0,0";"0,0";"0,0";"1,0";"0,0";"";"";"";"";"";"";"";"";"";"";"";""
"202419195,0";"2024-07-18";"05:55:00";"COM VÍTIMA";"FINALIZADA";"IPUTINGA";"RUA EMILIANO BRAGA";"";"";"EM FRENTE AO PARAIBANO BAR";"IPUTINGA";"";"";"COLISÃO LATERAL";"0,0";"1,0";"0,0";"0,0";"0,0";"0,0";"1,0";"0,0";"0,0";"1,0";"0,0";"";"";"";"";"";"";"";"";"";"";"";""
"202419253,0";"2024-07-19";"07:59:00";"COM VÍTIMA";"FINALIZADA";"BOA VIAGEM";"AV CONSELHEIRO AGUIAR";"3648";"";"AO LADO DO HOSPITAL PORTUGUES";"BOA VIAGEM";"";"";"COLISÃO";"0,0";"1,0";"0,0";"0,0";"0,0";"0,0";"0,0";"0,0";"0,0";"1,0";"0,0";"";"";"";"";"";"";"";"";"";"";"";""
"202419259,0";"2024-07-19";"08:32:00";"COM VÍTIMA";"FINALIZADA";"CASA AMARELA";"AV NORTE MIGUEL ARRAES DE ALENCAR";"";"RUA VASCO DA GAMA";"";"CASA AMARELA";"";"";"COLISÃO TRASEIRA";"0,0";"2,0";"0,0";"0,0";"0,0";"0,0";"0,0";"0,0";"0,0";"1,0";"0,0";"";"";"";"";"";"";"";"";"";"";"";""
"202419280,0";"2024-07-19";"11:31:00";"SEM VÍTIMA";"FINALIZADA";"SAO JOSE";"RUA FLORIANO PEIXOTO";"";"RUA PADRE MUNIZ";"";"SAO JOSE";"";"";"CHOQUE";"0,0";"0,0";"0,0";"0,0";"0,0";"0,0";"0,0";"0,0";"0,0";"0,0";"0,0";"";"";"";"";"";"";"";"";"";"";"";""
"202419296,0";"2024-07-19";"01:18:00";"COM VÍTIMA";"FINALIZADA";"SANTO AMARO";"RUA ARNOBIO MARQUES";"310";"";"E/F AO HOSPITAL OSVALDO CRUZ";"SANTO AMARO";"";"";"COLISÃO FRONTAL";"1,0";"1,0";"0,0";"0,0";"0,0";"0,0";"0,0";"0,0";"0,0";"1,0";"0,0";"";"";"";"";"";"";"";"";"";"";"";""
"202419303,0";"2024-07-19";"03:02:00";"COM VÍTIMA";"FINALIZADA";"SAN MARTIN";"RUA MOSSORO";"40";"";"E/F A WAGNER MOTOS";"SAN MARTIN";"";"";"COLISÃO LATERAL";"0,0";"2,0";"0,0";"0,0";"0,0";"0,0";"0,0";"0,0";"0,0";"1,0";"0,0";"";"";"";"";"";"";"";"";"";"";"";""
"202419304,0";"2024-07-19";"03:26:00";"COM VÍTIMA";"FINALIZADA";"IMBIRIBEIRA";"AV ENGENHEIRO ALVES DE SOUZA";"";"";"PROX A HONDA E O ANTIGO CDD  DOS CORREIOS  E O POSTO PETROBRAS";"IMBIRIBEIRA";"";"";"COLISÃO";"0,0";"0,0";"0,0";"0,0";"0,0";"0,0";"0,0";"0,0";"0,0";"1,0";"0,0";"";"";"";"";"";"";"";"";"";"";"";""
"202419309,0";"2024-07-19";"04:14:00";"COM VÍTIMA";"FINALIZADA";"ILHA DO RETIRO";"AV ENGENHEIRO ABDIAS DE CARVALHO";"3578";"";"PROX AO CLUBE DO SPORT";"ILHA DO RETIRO";"";"";"COLISÃO";"0,0";"0,0";"0,0";"0,0";"0,0";"0,0";"0,0";"0,0";"0,0";"1,0";"0,0";"";"";"";"";"";"";"";"";"";"";"";""
"202419312,0";"2024-07-19";"04:30:00";"COM VÍTIMA";"FINALIZADA";"JOANA BEZERRA";"VIADUTO CAPITAO TEMUDO";"";"";"SOBRE O VIADUTO CAP TEMUDO";"JOANA BEZERRA";"";"";"COLISÃO";"0,0";"0,0";"0,0";"0,0";"0,0";"0,0";"0,0";"0,0";"0,0";"1,0";"0,0";"";"";"";"";"";"";"";"";"";"";"";""
"202419319,0";"2024-07-19";"05:19:00";"COM VÍTIMA";"FINALIZADA";"GRACAS";"RUA CARDEAL ARCOVERDE";"347";"";"E/F AO ESCRITÓRIO GFG ADVOGADOS";"GRACAS";"";"";"COLISÃO";"1,0";"1,0";"0,0";"0,0";"0,0";"0,0";"0,0";"0,0";"0,0";"1,0";"0,0";"";"";"";"";"";"";"";"";"";"";"";""
"202419320,0";"2024-07-19";"05:22:00";"COM VÍTIMA";"FINALIZADA";"CASA AMARELA";"AV NORTE MIGUEL ARRAES DE ALENCAR";"6102";"";"EM FRENTE AO DESCONTÃO ATACADO";"CASA AMARELA";"";"SUBURBIO";"ATROPELAMENTO DE PESSOA";"0,0";"1,0";"0,0";"0,0";"1,0";"0,0";"0,0";"0,0";"0,0";"1,0";"0,0";"";"";"";"";"";"";"";"";"";"";"";""