"Protocolo";"data";"hora";"natureza";"situacao";"bairro";"endereco";"numero";"detalhe_endereco_acidente";"complemento";"bairro_cruzamento";"num_semaforo";"sentido_via";"tipo";"auto";"moto";"ciclom";"ciclista";"pedestre";"onibus";"caminhao";"viatura";"outros";"vitimas";"vitimasfatais";"acidente_verificado";"tempo_clima";"situacao_semaforo";"sinalizacao";"condicao_via";"conservacao_via";"ponto_controle";"situacao_placa";"velocidade_max_via";"mao_direcao";"divisao_via1";"divisao_via2"
"202419327,0";"2024-07-19";"06:40:00";"COM VÍTIMA";"FINALIZADA";"FUNDAO";"AV BEBERIBE";"";"";"EM FRENTE A PADARIA SUBLIME";"FUNDAO";"";"";"ATROPELAMENTO DE PESSOA";"0,0";"0,0";"0,0";"0,0";"1,0";"0,0";"0,0";"1,0";"0,0";"1,0";"0,0";"";"";"";"";"";"";"";"";"";"";"";""
"202419328,0";"2024-07-19";"07:36:00";"COM VÍTIMA";"FINALIZADA";"BOA VIAGEM";"RUA ERNESTO DE PAULA SANTOS";"75";"RUA DOS NAVEGANTES";"ED.  VIANA DO CASTELO";"BOA VIAGEM";"";"";"COLISÃO";"1,0";"1,0";"0,0";"0,0";"0,0";"0,0";"0,0";"0,0";"0,0";"2,0";"0,0";"";"";"";"";"";"";"";"";"";"";"";""
"202419330,0";"2024-07-19";"07:55:00";"COM VÍTIMA";"FINALIZADA";"AGUA FRIA";"RUA DR ALBERTO WANDERLEY";"";"";"PROX AO ANTIGO TERRAÇO";"AGUA FRIA";"";"";"COLISÃO";"1,0";"1,0";"0,0";"0,0";"0,0";"0,0";"0,0";"0,0";"0,0";"2,0";"0,0";"";"";"";"";"";"";"";"";"";"";"";""
"202419333,0";"2024-07-19";"09:06:00";"SEM VÍTIMA";"FINALIZADA";"IBURA";"AV JORNALISTA COSTA PORTO";"";"";"PROX A COMPESA";"IBURA";"";"";"COLISÃO";"2,0";"0,0";"0,0";"0,0";"0,0";"0,0";"0,0";"0,0";"0,0";"0,0";"0,0";"";"";"";"";"";"";"";"";"";"";"";""
"202419377,0";"2024-07-20";"06:57:00";"COM VÍTIMA";"FINALIZADA";"CORDEIRO";"AV CAXANGA";"";"";"EM FRENTE AO PARQUE DE EXPOSIÇÃO DO CORDEIRO, SENT. RECIFE";"CORDEIRO";"";"";"QUEDA";"0,0";"1,0";"0,0";"0,0";"0,0";"0,0";"0,0";"0,0";"0,0";"1,0";"0,0";"";"";"";"";"";"";"";"";"";"";"";""
"202419385,0";"2024-07-20";"07:49:00";"SEM VÍTIMA";"FINALIZADA";"BOMBA DO HEMETERIO";"RUA BOMBA DO HEMETERIO";"";"EST VELHA DE AGUA FRIA";"POSTO  PNB";"BOMBA DO HEMETERIO";"";"SUBURBIO";"COLISÃO LATERAL";"0,0";"1,0";"0,0";"0,0";"0,0";"0,0";"1,0";"0,0";"0,0";"0,0";"0,0";"";"";"";"";"";"";"";"";"";"";"";""
"202419386,0";"2024-07-20";"08:04:00";"COM VÍTIMA";"FINALIZADA";"MACAXEIRA";"AV NORTE MIGUEL ARRAES DE ALENCAR";"";"";"NO INICIO DA AV. NORTE, APOS A INTEGRAÇÃO DA MACAXEIRA PROX. A ENTRADA DO CORREGO DO GENIPAPO";"MACAXEIRA";"";"";"COLISÃO";"0,0";"1,0";"0,0";"0,0";"0,0";"0,0";"0,0";"0,0";"0,0";"1,0";"0,0";"";"";"";"";"";"";"";"";"";"";"";""
"202419388,0";"2024-07-20";"08:59:00";"COM VÍTIMA";"FINALIZADA";"IBURA";"AV CHAPADA DO ARARIPE";"";"";"PROX. A ESCOLA JARDIM MONTE VERDE  E TERMINAL JARDIM MONTE VERDE";"IBURA";"";"";"COLISÃO";"0,0";"1,0";"0,0";"0,0";"0,0";"0,0";"0,0";"0,0";"0,0";"1,0";"0,0";"";"";"";"";"";"";"";"";"";"";"";""
"202419401,0";"2024-07-20";"11:21:00";"COM VÍTIMA";"FINALIZADA";"IMBIRIBEIRA";"RUA MIS JOEL CARLSON";"";"";"PROX. AO DEPOSITO DA LASER ELETRO, SENT. LAGOA DO ARAÇA";"IMBIRIBEIRA";"";"";"COLISÃO";"0,0";"2,0";"0,0";"0,0";"0,0";"0,0";"0,0";"0,0";"0,0";"1,0";"0,0";"";"";"";"";"";"";"";"";"";"";"";""
"202419402,0";"2024-07-20";"11:25:00";"COM VÍTIMA";"FINALIZADA";"ILHA JOANA BEZERRA";"VIADUTO CAPITAO TEMUDO";"";"";"SENTIDO BOA VIAGEM";"ILHA JOANA BEZERRA";"";"";"COLISÃO";"0,0";"1,0";"0,0";"0,0";"0,0";"0,0";"0,0";"0,0";"0,0";"1,0";"0,0";"";"";"";"";"";"";"";"";"";"";"";""
"202419403,0";"2024-07-20";"11:32:00";"COM VÍTIMA";"FINALIZADA";"BOA VIAGEM";"AV DOM JOAO VI";"";"";"EM FRENTE AO SHOPPING RECIFE, APOS O COLEGIO GGE";"BOA VIAGEM";"";"";"COLISÃO";"0,0";"1,0";"0,0";"0,0";"0,0";"0,0";"0,0";"0,0";"0,0";"1,0";"0,0";"";"";"";"";"";"";"";"";"";"";"";""
"202419404,0";"2024-07-20";"12:02:00";"COM VÍTIMA";"FINALIZADA";"IBURA";"AV RIO SAO FRANCISCO";"";"";"PROX AO GENERAL BARBE SHOPPING AO LADO DO DEPOSITO DAE BEBIDAS , NO UR 01";"IBURA";"";"";"COLISÃO";"0,0";"1,0";"0,0";"0,0";"0,0";"0,0";"0,0";"0,0";"0,0";"1,0";"0,0";"";"";"";"";"";"";"";"";"";"";"";""
"202419407,0";"2024-07-20";"12:22:00";"COM VÍTIMA";"FINALIZADA";"JARDIM SAO PAULO";"AV SAO PAULO";"";"";"EM FRENTE A SEGUNDA PRAÇA DE JARDIM SÃO PAULO";"JARDIM SAO PAULO";"";"";"COLISÃO";"0,0";"1,0";"0,0";"0,0";"0,0";"0,0";"0,0";"0,0";"0,0";"1,0";"0,0";"";"";"";"";"";"";"";"";"";"";"";""
"202419414,0";"2024-07-20";"01:34:00";"COM VÍTIMA";"FINALIZADA";"NOVA DESCOBERTA";"RUA CORREGO DO JOAQUIM";"577";"";"PROX A BARRACA DA MACAIBA";"NOVA DESCOBERTA";"";"";"COLISÃO";"0,0";"0,0";"0,0";"0,0";"0,0";"0,0";"0,0";"0,0";"0,0";"1,0";"0,0";"";"";"";"";"";"";"";"";"";"";"";""
"202419417,0";"2024-07-20";"02:37:00";"COM VÍTIMA";"FINALIZADA";"CASA FORTE";"PRC MONTEIRO";"584";"";"E/F A MCDONALD´S  DE CASA FORTE";"CASA FORTE";"";"";"COLISÃO TRASEIRA";"0,0";"2,0";"0,0";"0,0";"0,0";"0,0";"0,0";"0,0";"0,0";"1,0";"0,0";"";"";"";"";"";"";"";"";"";"";"";""
"202419419,0";"2024-07-20";"03:21:00";"COM VÍTIMA";"FINALIZADA";"CORDEIRO";"RUA DR MIGUEL VIEIRA FERREIRA";"";"RUA CLAUDIO BROTHERHOOD";"EM FRENTE A GRAFICA CAMPEL";"CORDEIRO";"";"";"COLISÃO LATERAL";"0,0";"1,0";"0,0";"0,0";"0,0";"1,0";"0,0";"0,0";"0,0";"1,0";"0,0";"";"";"";"";"";"";"";"";"";"";"";""
"202419426,0";"2024-07-20";"04:25:00";"COM VÍTIMA";"FINALIZADA";"BOA VIAGEM";"AVENIDA CELSO FURTADO (VIA MANGUE)";"";"";"BIFURCAÇÃO NO VIADUTO (ANTÔNIO FALCÃO)";"BOA VIAGEM";"";"";"COLISÃO";"0,0";"0,0";"0,0";"0,0";"0,0";"0,0";"0,0";"0,0";"0,0";"1,0";"0,0";"";"";"";"";"";"";"";"";"";"";"";""
"202419435,0";"2024-07-20";"09:36:00";"SEM VÍTIMA";"FINALIZADA";"CORDEIRO";"AV INACIO MONTEIRO";"413";"";"AO LADO DO JURAS BAR";"CORDEIRO";"";"SUBURBIO";"CHOQUE";"1,0";"0,0";"0,0";"0,0";"0,0";"0,0";"0,0";"0,0";"0,0";"0,0";"0,0";"";"";"";"";"";"";"";"";"";"";"";""
"202419436,0";"2024-07-21";"03:04:00";"SEM VÍTIMA";"FINALIZADA";"AFLITOS";"AV SANTOS DUMONT";"333";"";"";"AFLITOS";"";"";"CHOQUE";"2,0";"0,0";"0,0";"0,0";"0,0";"0,0";"0,0";"0,0";"0,0";"0,0";"0,0";"";"";"";"";"";"";"";"";"";"";"";""
"202419474,0";"2024-07-21";"02:22:00";"COM VÍTIMA";"FINALIZADA";"SAO JOSE";"RUA DOS PESCADORES";"509";"";"PROXIMO AO NUCLEO DA POLICIA E A PENSÃO BONFIM";"SAO JOSE";"";"";"COLISÃO";"0,0";"1,0";"0,0";"0,0";"0,0";"0,0";"0,0";"0,0";"0,0";"1,0";"0,0";"";"";"";"";"";"";"";"";"";"";"";""
"202419476,0";"2024-07-21";"02:36:00";"COM VÍTIMA";"FINALIZADA";"AFOGADOS";"RUA VINTE E UM DE ABRIL";"3524";"";"EM FRENTE AO CLUBE FERROVIARIOS DE AFOGADOS";"AFOGADOS";"";"";"COLISÃO";"0,0";"1,0";"0,0";"0,0";"0,0";"0,0";"0,0";"0,0";"0,0";"1,0";"0,0";"";"";"";"";"";"";"";"";"";"";"";""
"202419479,0";"2024-07-21";"03:34:00";"COM VÍTIMA";"FINALIZADA";"VARZEA";"RUA FRANCISCO LACERDA";"619";"";"PROX A IGREJA DA VARZEA // PROX A CAFETERIA A VIDA E BELA";"VARZEA";"";"";"COLISÃO";"0,0";"1,0";"0,0";"0,0";"0,0";"0,0";"0,0";"0,0";"0,0";"1,0";"0,0";"";"";"";"";"";"";"";"";"";"";"";""
"202419480,0";"2024-07-21";"03:43:00";"COM VÍTIMA";"FINALIZADA";"BOA VIAGEM";"AV DES JOSE NEVES";"1827";"";"PROXIMO A SUBESTAÇÃO DA CELPE E A PASSARELA";"BOA VIAGEM";"";"";"COLISÃO";"1,0";"0,0";"0,0";"0,0";"0,0";"0,0";"0,0";"0,0";"0,0";"1,0";"0,0";"";"";"";"";"";"";"";"";"";"";"";""
"202419481,0";"2024-07-21";"03:52:00";"COM VÍTIMA";"FINALIZADA";"PARNAMIRIM";"RUA JOAO TUDE DE MELO";"109";"";"NA DESCIDA DO VIADUTO- PROX AO RESTAURANTE GUAIAMUM GIGANTE";"PARNAMIRIM";"";"";"COLISÃO";"0,0";"1,0";"0,0";"0,0";"0,0";"0,0";"0,0";"0,0";"0,0";"1,0";"0,0";"";"";"";"";"";"";"";"";"";"";"";""
"202419489,0";"2024-07-21";"05:29:00";"COM VÍTIMA";"FINALIZADA";"ENCRUZILHADA";"AV BEBERIBE";"";"";"PROXIMO AO BANCO DO BRASIL";"ENCRUZILHADA";"";"";"COLISÃO";"0,0";"1,0";"0,0";"0,0";"0,0";"0,0";"0,0";"0,0";"0,0";"1,0";"0,0";"";"";"";"";"";"";"";"";"";"";"";""
"202419501,0";"2024-07-21";"06:03:00";"COM VÍTIMA";"FINALIZADA";"TOTO";"AV LIBERDADE";"1710";"";"EM FRENTE AO ESPETINHO DOS AMIGOS";"TOTO";"";"";"COLISÃO";"0,0";"1,0";"0,0";"0,0";"0,0";"0,0";"0,0";"0,0";"0,0";"1,0";"0,0";"";"";"";"";"";"";"";"";"";"";"";""
"202419535,0";"2024-07-21";"10:02:00";"COM VÍTIMA";"FINALIZADA";"BOMBA DO HEMETERIO";"RUA BOMBA DO HEMETERIO";"";"";"EM FRENTE AOS CONSULTORIOS MEDICOS";"BOMBA DO HEMETERIO";"";"";"ATROPELAMENTO DE PESSOA";"0,0";"1,0";"0,0";"0,0";"1,0";"0,0";"0,0";"0,0";"0,0";"1,0";"0,0";"";"";"";"";"";"";"";"";"";"";"";""
"202419536,0";"2024-07-21";"10:40:00";"COM VÍTIMA";"FINALIZADA";"BOA VIAGEM";"AV ENGENHEIRO DOMINGOS FERREIRA";"";"";"PROX A DELEGACIA DE BOA VIAGEM";"BOA VIAGEM";"";"";"QUEDA";"0,0";"1,0";"0,0";"0,0";"0,0";"0,0";"0,0";"0,0";"0,0";"1,0";"0,0";"";"";"";"";"";"";"";"";"";"";"";""
"202419539,0";"2024-07-22";"04:43:00";"VÍTIMA FATAL";"FINALIZADA";"BOA VIAGEM";"AV BOA VIAGEM";"760";"";"RESTAURANTE  ENTRE AMIGOS PRAIA- APÓS TOMÉ GIBSON";"BOA VIAGEM";"";"";"CHOQUE";"1,0";"0,0";"0,0";"0,0";"0,0";"0,0";"0,0";"0,0";"0,0";"0,0";"6,0";"";"";"";"";"";"";"";"";"";"";"";""
"202419544,0";"2024-07-22";"05:19:00";"COM VÍTIMA";"FINALIZADA";"ALTO JOSE BONIFACIO";"RUA CORREGO DO EUCLIDES";"772A";"";"PROX A ASSEMBLEIA DE DEUS";"ALTO JOSE BONIFACIO";"";"";"COLISÃO";"0,0";"1,0";"0,0";"0,0";"0,0";"1,0";"0,0";"0,0";"0,0";"1,0";"0,0";"";"";"";"";"";"";"";"";"";"";"";""
"202419552,0";"2024-07-22";"06:43:00";"COM VÍTIMA";"FINALIZADA";"PINA";"AV HERCULANO BANDEIRA";"";"";"EM FRENTE A IGREJA DO PINA";"PINA";"";"";"COLISÃO";"0,0";"2,0";"0,0";"0,0";"0,0";"0,0";"0,0";"0,0";"0,0";"1,0";"0,0";"";"";"";"";"";"";"";"";"";"";"";""
"202419562,0";"2024-07-22";"07:51:00";"COM VÍTIMA";"FINALIZADA";"ILHA DO LEITE";"AV GOVERNADOR AGAMENON MAGALHAES";"2311";"";"PRÓX. AO HOSPITAL PORTUGUÊS, SENTIDO  BOA VIAGEM/ NA SUB DO VIADUTO";"ILHA DO LEITE";"";"";"COLISÃO";"1,0";"1,0";"0,0";"0,0";"0,0";"0,0";"0,0";"0,0";"0,0";"1,0";"0,0";"";"";"";"";"";"";"";"";"";"";"";""
"202419569,0";"2024-07-22";"09:32:00";"COM VÍTIMA";"FINALIZADA";"SAN MARTIN";"RUA VINTE E UM DE ABRIL";"3702";"";"NO GIRADORO DE SANT MARTIN // FARMÁCIA DROGASIL  //  LOJA VILLA MODAS  > SENTIDO AFOGADOS";"SAN MARTIN";"";"";"COLISÃO";"0,0";"1,0";"0,0";"0,0";"0,0";"0,0";"0,0";"0,0";"0,0";"1,0";"0,0";"";"";"";"";"";"";"";"";"";"";"";""
"202419573,0";"2024-07-22";"09:48:00";"SEM VÍTIMA";"FINALIZADA";"AFLITOS";"AV CONS ROSA E SILVA";"1433";"";"LADO OPOSTO AO SHOPPING ETC";"AFLITOS";"";"SUBURBIO";"COLISÃO";"2,0";"0,0";"0,0";"0,0";"0,0";"0,0";"0,0";"0,0";"0,0";"0,0";"0,0";"";"";"";"";"";"";"";"";"";"";"";""
"202419574,0";"2024-07-22";"10:28:00";"COM VÍTIMA";"FINALIZADA";"BOA VIAGEM";"RUA JOAO CARDOSO AIRES";"";"";"EM FRENTE A PADARIA SEMENTE DO TRIGO";"BOA VIAGEM";"";"";"COLISÃO";"0,0";"1,0";"0,0";"0,0";"0,0";"0,0";"0,0";"0,0";"0,0";"1,0";"0,0";"";"";"";"";"";"";"";"";"";"";"";""
"202419584,0";"2024-07-22";"12:51:00";"COM VÍTIMA";"FINALIZADA";"ENGENHO DO MEIO";"RUA MAURICEIA";"180";"";"AO LADO DO COLEGIO SABER";"ENGENHO DO MEIO";"";"";"ATROPELAMENTO DE PESSOA";"0,0";"1,0";"0,0";"0,0";"1,0";"0,0";"0,0";"0,0";"0,0";"1,0";"0,0";"";"";"";"";"";"";"";"";"";"";"";""
"202419589,0";"2024-07-22";"01:52:00";"COM VÍTIMA";"FINALIZADA";"JORDAO";"AV JULIO CESAR";"";"";"MERCADINHO E PANIFICADORA SAO JORGE";"JORDAO";"";"";"COLISÃO";"1,0";"1,0";"0,0";"0,0";"0,0";"0,0";"0,0";"0,0";"0,0";"1,0";"0,0";"";"";"";"";"";"";"";"";"";"";"";""
"202419592,0";"2024-07-22";"04:06:00";"COM VÍTIMA";"FINALIZADA";"CAXANGA";"AV CAXANGA";"";"";"EM FRENTE A IGREJA SÃO SEBASTIÃO";"CAXANGA";"";"";"COLISÃO TRASEIRA";"1,0";"1,0";"0,0";"0,0";"0,0";"0,0";"0,0";"0,0";"0,0";"1,0";"0,0";"";"";"";"";"";"";"";"";"";"";"";""
"202419595,0";"2024-07-22";"04:34:00";"COM VÍTIMA";"FINALIZADA";"MADALENA";"RUA BENFICA";"1116";"";"AO  LADO DO BRADESCO PROX AO TUNEL DA ABOLIÇAO";"MADALENA";"";"";"COLISÃO COM CICLISTA";"0,0";"0,0";"0,0";"1,0";"0,0";"1,0";"0,0";"0,0";"0,0";"1,0";"0,0";"";"";"";"";"";"";"";"";"";"";"";""
"202419614,0";"2024-07-22";"06:02:00";"COM VÍTIMA";"FINALIZADA";"MANGUEIRA";"AV CENTRAL";"";"";"PROX A ESTAÇAO MANGUEIRA/ PROX A PRAÇA DA MANGUEIRA";"MANGUEIRA";"";"";"COLISÃO";"0,0";"1,0";"0,0";"0,0";"0,0";"0,0";"0,0";"0,0";"0,0";"1,0";"0,0";"";"";"";"";"";"";"";"";"";"";"";""
"202419615,0";"2024-07-22";"06:05:00";"COM VÍTIMA";"FINALIZADA";"CASA AMARELA";"AV NORTE MIGUEL ARRAES DE ALENCAR";"12334";"";"EM FRNTE A AESCOLA MUNICIPAL MACEDO LIMA";"CASA AMARELA";"";"";"COLISÃO";"0,0";"1,0";"0,0";"0,0";"0,0";"0,0";"0,0";"0,0";"0,0";"1,0";"0,0";"";"";"";"";"";"";"";"";"";"";"";""
"202419619,0";"2024-07-22";"06:25:00";"COM VÍTIMA";"FINALIZADA";"IPSEP";"AV RECIFE";"";"RUA JEAN EMILE FAVRE";"AO LADO DO MURO DO AEROPORTO E A PADARIA VILA DO PAO";"IPSEP";"";"";"COLISÃO";"0,0";"1,0";"0,0";"0,0";"0,0";"0,0";"0,0";"0,0";"0,0";"1,0";"0,0";"";"";"";"";"";"";"";"";"";"";"";""
"202419633,0";"2024-07-23";"06:30:00";"COM VÍTIMA";"FINALIZADA";"ILHA DO LEITE";"AV BEIRA RIO";"";"";"EM BAIXO DO VIADUTO DO REAL PORTUGUES / NO RETORNO - COMO FOSSE SUBIR PARA BOA VIAGEM";"ILHA DO LEITE";"";"";"COLISÃO";"0,0";"1,0";"0,0";"0,0";"0,0";"0,0";"0,0";"0,0";"0,0";"1,0";"0,0";"";"";"";"";"";"";"";"";"";"";"";""
"202419637,0";"2024-07-23";"06:39:00";"COM VÍTIMA";"FINALIZADA";"APIPUCOS";"RUA DE APIPUCOS";"";"";"PROX. AO AÇUDE APIPUCOS";"APIPUCOS";"";"";"COLISÃO";"0,0";"1,0";"0,0";"0,0";"0,0";"0,0";"0,0";"0,0";"0,0";"1,0";"0,0";"";"";"";"";"";"";"";"";"";"";"";""
"202419644,0";"2024-07-23";"07:43:00";"COM VÍTIMA";"FINALIZADA";"IBURA";"RUA EXP FRANCISCO VITORIANO";"1088";"";"PRÓX. AO SUPERMERCADO TREVO,  PRÓX. A NORDESTE GRANITO  ( UR-05 IBURA )";"IBURA";"";"";"COLISÃO";"0,0";"1,0";"0,0";"0,0";"0,0";"0,0";"0,0";"0,0";"0,0";"1,0";"0,0";"";"";"";"";"";"";"";"";"";"";"";""
"202419646,0";"2024-07-23";"07:48:00";"COM VÍTIMA";"FINALIZADA";"TORROES";"AV ENGENHEIRO ABDIAS DE CARVALHO";"";"";"EM FRENTE A CHESF SENTIDO ILHA DO RETIRO";"TORROES";"";"";"COLISÃO";"0,0";"1,0";"0,0";"0,0";"0,0";"0,0";"0,0";"0,0";"0,0";"1,0";"0,0";"";"";"";"";"";"";"";"";"";"";"";""
"202419648,0";"2024-07-23";"08:05:00";"COM VÍTIMA";"FINALIZADA";"ILHA DO LEITE";"RUA FRANCISCO ALVES";"";"";"PROX AO CEOPE";"ILHA DO LEITE";"";"";"COLISÃO";"0,0";"1,0";"0,0";"0,0";"0,0";"0,0";"0,0";"0,0";"0,0";"1,0";"0,0";"";"";"";"";"";"";"";"";"";"";"";""
"202419651,0";"2024-07-23";"08:42:00";"COM VÍTIMA";"FINALIZADA";"DERBY";"AV GOVERNADOR AGAMENON MAGALHAES";"";"";"EM FRENTE A PRAÇA DO DERBY SENT. BOA VIAGEM";"DERBY";"";"";"COLISÃO";"0,0";"1,0";"0,0";"0,0";"0,0";"0,0";"0,0";"0,0";"0,0";"1,0";"0,0";"";"";"";"";"";"";"";"";"";"";"";""
"202419660,0";"2024-07-23";"10:08:00";"COM VÍTIMA";"FINALIZADA";"CAMPO GRANDE";"RUA PRUDENTE DE MORAES";"158";"";"EM FRENTE A ULTRAGÁS";"CAMPO GRANDE";"";"";"COLISÃO FRONTAL";"1,0";"1,0";"0,0";"0,0";"0,0";"0,0";"0,0";"0,0";"0,0";"1,0";"0,0";"";"";"";"";"";"";"";"";"";"";"";""
"202419665,0";"2024-07-23";"12:06:00";"COM VÍTIMA";"FINALIZADA";"BOA VIAGEM";"PRC DA BOA VIAGEM";"";"";"EM FRENTE AO QUIOSQUE 22 NA BEIRA MAR";"BOA VIAGEM";"";"";"COLISÃO";"0,0";"1,0";"0,0";"0,0";"0,0";"0,0";"0,0";"0,0";"0,0";"1,0";"0,0";"";"";"";"";"";"";"";"";"";"";"";""
"202419672,0";"2024-07-23";"12:54:00";"COM VÍTIMA";"FINALIZADA";"BOA VISTA";"AV GOVERNADOR AGAMENON MAGALHAES";"";"";"EM FRENTE AO COLEGIO AMERICANO BATISTA";"BOA VISTA";"";"";"COLISÃO";"0,0";"1,0";"0,0";"0,0";"0,0";"0,0";"0,0";"0,0";"0,0";"1,0";"0,0";"";"";"";"";"";"";"";"";"";"";"";""
"202419674,0";"2024-07-23";"01:05:00";"COM VÍTIMA";"FINALIZADA";"GUABIRABA";"EST DA MUMBECA";"1590";"";"ESTRADA DA MUMBECA N 1590EM FRENTE A ESCOLA NOSSA SENHORA DE FATIMA";"GUABIRABA";"";"";"COLISÃO";"0,0";"1,0";"0,0";"0,0";"0,0";"0,0";"0,0";"0,0";"0,0";"1,0";"0,0";"";"";"";"";"";"";"";"";"";"";"";""
"202419680,0";"2024-07-23";"03:07:00";"COM VÍTIMA";"FINALIZADA";"TORROES";"EST DO FORTE DO ARRAIAL N. DO B. JESUS";"346";"";"PROX PRAÇA DA AV DO FORTE";"TORROES";"";"";"COLISÃO";"0,0";"1,0";"0,0";"0,0";"0,0";"0,0";"0,0";"0,0";"0,0";"1,0";"0,0";"";"";"";"";"";"";"";"";"";"";"";""
"202419687,0";"2024-07-23";"04:27:00";"COM VÍTIMA";"FINALIZADA";"BOA VIAGEM";"AV BOA VIAGEM";"4364";"";"E/F AO EDF ESPANHA";"BOA VIAGEM";"";"";"COLISÃO";"1,0";"1,0";"0,0";"0,0";"0,0";"0,0";"0,0";"0,0";"0,0";"1,0";"0,0";"";"";"";"";"";"";"";"";"";"";"";""
"202419690,0";"2024-07-23";"05:00:00";"COM VÍTIMA";"FINALIZADA";"DOIS IRMAOS";"RUA MANUEL DE MEDEIROS";"";"";"ESCOLA HELIO DE PARNAMIRIN";"DOIS IRMAOS";"";"";"COLISÃO LATERAL";"1,0";"1,0";"0,0";"0,0";"0,0";"0,0";"0,0";"0,0";"0,0";"1,0";"0,0";"";"";"";"";"";"";"";"";"";"";"";""
"202419699,0";"2024-07-23";"08:59:00";"COM VÍTIMA";"FINALIZADA";"CORDEIRO";"AV INACIO MONTEIRO";"280";"";"EM FRENTE AO EDFº ELDOURADO";"CORDEIRO";"";"";"COLISÃO LATERAL";"1,0";"1,0";"0,0";"0,0";"0,0";"0,0";"0,0";"0,0";"0,0";"1,0";"0,0";"";"";"";"";"";"";"";"";"";"";"";""
"202419701,0";"2024-07-24";"03:37:00";"COM VÍTIMA";"FINALIZADA";"AFOGADOS";"RUA QUITERIO INACIO DE MELLO";"";"RUA SAO MIGUEL";"PROXIMO AO BANCO DO BRASIL";"AFOGADOS";"";"";"COLISÃO TRANSVERSAL";"1,0";"1,0";"0,0";"0,0";"0,0";"0,0";"0,0";"0,0";"0,0";"1,0";"0,0";"";"";"";"";"";"";"";"";"";"";"";""
"202419712,0";"2024-07-24";"06:18:00";"COM VÍTIMA";"FINALIZADA";"JIQUIA";"VIADUTO ULYSSES GUIMARAES";"";"AV RECIFE";"ANTES DO VIADUT DO JIQUIA, SENT. BOA VIAGEM PROX. AO ARMAZEM CORAL";"JIQUIA";"";"";"QUEDA";"0,0";"1,0";"0,0";"0,0";"0,0";"0,0";"0,0";"0,0";"0,0";"1,0";"0,0";"";"";"";"";"";"";"";"";"";"";"";""
"202419728,0";"2024-07-24";"07:22:00";"COM VÍTIMA";"FINALIZADA";"CASA AMARELA";"AV NORTE MIGUEL ARRAES DE ALENCAR";"12333";"";"PRÓX AO SESC DE CASA AMARELA  // EM FRENTE AO ARMAZÉM, CORAL";"CASA AMARELA";"";"";"COLISÃO";"0,0";"1,0";"0,0";"0,0";"0,0";"0,0";"0,0";"0,0";"0,0";"1,0";"0,0";"";"";"";"";"";"";"";"";"";"";"";""
"202419730,0";"2024-07-24";"07:29:00";"COM VÍTIMA";"FINALIZADA";"SANTO AMARO";"AV CRUZ CABUGA";"";"";"AO LADO DO SHOPPING TACARUNA";"SANTO AMARO";"";"";"COLISÃO";"0,0";"1,0";"0,0";"0,0";"0,0";"0,0";"0,0";"0,0";"0,0";"1,0";"0,0";"";"";"";"";"";"";"";"";"";"";"";""
"202419735,0";"2024-07-24";"08:02:00";"COM VÍTIMA";"FINALIZADA";"BOA VIAGEM";"RUA ERNESTO DE PAULA SANTOS";"1214";"";"PROX A CONE MOVEL TEMAKERIA";"BOA VIAGEM";"";"";"COLISÃO FRONTAL";"1,0";"1,0";"0,0";"0,0";"0,0";"0,0";"0,0";"0,0";"0,0";"1,0";"0,0";"";"";"";"";"";"";"";"";"";"";"";""
"202419736,0";"2024-07-24";"08:05:00";"COM VÍTIMA";"FINALIZADA";"BEBERIBE";"AV BEBERIBE";"";"";"PROX. A ACADEMIA GREEN";"BEBERIBE";"";"";"COLISÃO";"0,0";"1,0";"0,0";"0,0";"0,0";"0,0";"0,0";"0,0";"0,0";"1,0";"0,0";"";"";"";"";"";"";"";"";"";"";"";""
"202419737,0";"2024-07-24";"08:14:00";"COM VÍTIMA";"FINALIZADA";"PRADO";"AV ENGENHEIRO ABDIAS DE CARVALHO";"";"";"EM FRENTE A CONCESSIONARIA VIA 1 SEMINOVOS SENTIDO BR 232 / PROX AO POSTO DE COMBUSTIVEL BR";"PRADO";"";"";"COLISÃO LATERAL";"0,0";"1,0";"0,0";"0,0";"0,0";"0,0";"0,0";"0,0";"0,0";"1,0";"0,0";"";"";"";"";"";"";"";"";"";"";"";""
"202419742,0";"2024-07-24";"08:50:00";"COM VÍTIMA";"FINALIZADA";"PINA";"AVENIDA CELSO FURTADO (VIA MANGUE)";"";"";"PROX. AO HOTEL CORPOS, OFICINA TRES IRMÃOS, NA DESCIDA DA VIA MANGUE SENT. RECIFE";"PINA";"";"";"COLISÃO";"0,0";"1,0";"0,0";"0,0";"0,0";"0,0";"0,0";"0,0";"0,0";"1,0";"0,0";"";"";"";"";"";"";"";"";"";"";"";""
"202419752,0";"2024-07-24";"09:46:00";"COM VÍTIMA";"FINALIZADA";"ILHA DO RETIRO";"RUA SPORT CLUBE DO RECIFE";"86";"";"EM FRENTE A ILHA DO RETIRO , SENTIDO CIDADE";"ILHA DO RETIRO";"";"";"COLISÃO LATERAL";"1,0";"1,0";"0,0";"0,0";"0,0";"0,0";"0,0";"0,0";"0,0";"1,0";"0,0";"";"";"";"";"";"";"";"";"";"";"";""