"Protocolo";"data";"hora";"natureza";"situacao";"bairro";"endereco";"numero";"detalhe_endereco_acidente";"complemento";"bairro_cruzamento";"num_semaforo";"sentido_via";"tipo";"auto";"moto";"ciclom";"ciclista";"pedestre";"onibus";"caminhao";"viatura";"outros";"vitimas";"vitimasfatais";"acidente_verificado";"tempo_clima";"situacao_semaforo";"sinalizacao";"condicao_via";"conservacao_via";"ponto_controle";"situacao_placa";"velocidade_max_via";"mao_direcao";"divisao_via1";"divisao_via2"
"202419753,0";"2024-07-24";"09:56:00";"COM VÍTIMA";"FINALIZADA";"SANTO AMARO";"AV GOVERNADOR AGAMENON MAGALHAES";"";"";"EM FRENTE A UPE SENTIDO OLINDA";"SANTO AMARO";"";"";"COLISÃO";"0,0";"1,0";"0,0";"0,0";"0,0";"0,0";"0,0";"0,0";"0,0";"1,0";"0,0";"";"";"";"";"";"";"";"";"";"";"";""
"202419763,0";"2024-07-24";"11:47:00";"COM VÍTIMA";"FINALIZADA";"SAN MARTIN";"AV CONSUL VILARES FRAGOSO";"";"";"PROX QUARTEL DA CAVALARIA, PRAÇA DE EVENTOS / SENTIDO CELPE";"SAN MARTIN";"";"";"COLISÃO";"1,0";"1,0";"0,0";"0,0";"0,0";"0,0";"0,0";"0,0";"0,0";"1,0";"0,0";"";"";"";"";"";"";"";"";"";"";"";""
"202419768,0";"2024-07-24";"12:27:00";"COM VÍTIMA";"FINALIZADA";"BOA VIAGEM";"RUA VISCONDE DE JEQUITINHONHA";"1828";"";"PROX A ESCOLA E CURSO BRITANIC / ANTES DO HOTEL BEACH CLASS";"BOA VIAGEM";"";"";"COLISÃO LATERAL";"0,0";"1,0";"0,0";"0,0";"0,0";"0,0";"1,0";"0,0";"0,0";"1,0";"0,0";"";"";"";"";"";"";"";"";"";"";"";""
"202419777,0";"2024-07-24";"02:16:00";"COM VÍTIMA";"FINALIZADA";"SAO JOSE";"AV SUL";"1290";"";"AO LADO DA GERALDO ARAUJO";"SAO JOSE";"";"CIDADE";"COLISÃO LATERAL";"0,0";"1,0";"0,0";"0,0";"0,0";"0,0";"0,0";"0,0";"0,0";"1,0";"0,0";"";"";"";"";"";"";"";"";"";"";"";""
"202419791,0";"2024-07-24";"04:02:00";"COM VÍTIMA";"FINALIZADA";"BOMBA DO HEMETERIO";"RUA BOMBA DO HEMETERIO";"448";"";"EM FRENTE ABANADORES DO ARRUDA, PX AO EDVALDO BEBIDAS";"BOMBA DO HEMETERIO";"";"";"COLISÃO";"0,0";"1,0";"0,0";"0,0";"0,0";"0,0";"0,0";"0,0";"0,0";"1,0";"0,0";"";"";"";"";"";"";"";"";"";"";"";""
"202419798,0";"2024-07-24";"05:48:00";"COM VÍTIMA";"FINALIZADA";"CASA FORTE";"AV DEZESSETE DE AGOSTO";"1412";"";"PROX AO MUSEU DO HOMEM DO NORDESTE";"CASA FORTE";"";"";"COLISÃO";"0,0";"1,0";"0,0";"0,0";"0,0";"0,0";"0,0";"0,0";"0,0";"1,0";"0,0";"";"";"";"";"";"";"";"";"";"";"";""
"202419803,0";"2024-07-24";"07:55:00";"COM VÍTIMA";"FINALIZADA";"JORDAO";"AV MARIA IRENE";"";"";"EM FRENTE AO POSTO DE GASOLINA JORDÃO";"JORDAO";"";"";"COLISÃO";"1,0";"1,0";"0,0";"0,0";"0,0";"0,0";"0,0";"0,0";"0,0";"1,0";"0,0";"";"";"";"";"";"";"";"";"";"";"";""
"202419838,0";"2024-07-25";"06:14:00";"COM VÍTIMA";"FINALIZADA";"AREIAS";"AV RECIFE";"";"";"AO LADO DA FARMACIA PAGUE MENOS, SENT. BOA VIAGEM";"AREIAS";"";"";"COLISÃO";"0,0";"1,0";"0,0";"0,0";"0,0";"0,0";"0,0";"0,0";"0,0";"1,0";"0,0";"";"";"";"";"";"";"";"";"";"";"";""
"202419840,0";"2024-07-25";"06:47:00";"COM VÍTIMA";"FINALIZADA";"AREIAS";"AV RECIFE";"";"";"RUA CAP. JACINTO DA CRUZ, EM FRENTE A PAGUE MENOS";"AREIAS";"";"";"COLISÃO LATERAL";"0,0";"2,0";"0,0";"0,0";"0,0";"0,0";"0,0";"0,0";"0,0";"1,0";"0,0";"";"";"";"";"";"";"";"";"";"";"";""
"202419851,0";"2024-07-25";"07:39:00";"COM VÍTIMA";"FINALIZADA";"ENCRUZILHADA";"AV NORTE MIGUEL ARRAES DE ALENCAR";"";"";"EM FRENTE AO ANTIGO INSS, PROX. A NISSAN APOS O VIADUTO";"ENCRUZILHADA";"";"";"COLISÃO";"0,0";"1,0";"0,0";"0,0";"0,0";"0,0";"0,0";"0,0";"0,0";"1,0";"0,0";"";"";"";"";"";"";"";"";"";"";"";""
"202419857,0";"2024-07-25";"08:13:00";"COM VÍTIMA";"FINALIZADA";"CASA FORTE";"AV DEZESSETE DE AGOSTO";"1750";"";"EM FRENTE AO LABORATÓRIO MARCELO MAGALHÃES";"CASA FORTE";"";"";"COLISÃO";"0,0";"1,0";"0,0";"0,0";"0,0";"0,0";"0,0";"0,0";"0,0";"1,0";"0,0";"";"";"";"";"";"";"";"";"";"";"";""
"202419858,0";"2024-07-25";"08:18:00";"COM VÍTIMA";"FINALIZADA";"BOA VIAGEM";"AV MARECHAL JUAREZ TAVORA";"2160";"";"PRÓX. AO ARMAZÉM DE CONSTRUÇÃO CORSEL";"BOA VIAGEM";"";"";"COLISÃO";"0,0";"1,0";"0,0";"0,0";"0,0";"0,0";"0,0";"0,0";"0,0";"1,0";"0,0";"";"";"";"";"";"";"";"";"";"";"";""
"202419863,0";"2024-07-25";"08:53:00";"COM VÍTIMA";"FINALIZADA";"BOA VIAGEM";"RUA CORONEL ANIZIO RODRIGUES COELHO";"";"";"AO LADO DO SHOPPING RECIFE  / PROX AO LOJA MASTER CELULAR";"BOA VIAGEM";"";"";"COLISÃO";"0,0";"1,0";"0,0";"0,0";"0,0";"0,0";"0,0";"0,0";"0,0";"1,0";"0,0";"";"";"";"";"";"";"";"";"";"";"";""
"202419873,0";"2024-07-25";"09:49:00";"COM VÍTIMA";"FINALIZADA";"NOVA DESCOBERTA";"RUA DANTAS";"52 R2";"";"APÓS AO LAR DE DONA REGINA  // AO LADO DO MERCADINHO ESPERANÇA";"NOVA DESCOBERTA";"";"";"COLISÃO";"0,0";"1,0";"0,0";"0,0";"0,0";"0,0";"0,0";"0,0";"0,0";"1,0";"0,0";"";"";"";"";"";"";"";"";"";"";"";""
"202419880,0";"2024-07-25";"10:16:00";"COM VÍTIMA";"FINALIZADA";"VARZEA";"RUA TENENTE RISTIMISTER";"";"";"PROX AO CAMPO DA GRANJA DA UR-07 PROX AO TERMINAL DA ROSA SELVAGEM";"VARZEA";"";"";"COLISÃO";"0,0";"1,0";"0,0";"0,0";"0,0";"0,0";"0,0";"0,0";"0,0";"1,0";"0,0";"";"";"";"";"";"";"";"";"";"";"";""
"202419881,0";"2024-07-25";"10:26:00";"SEM VÍTIMA";"FINALIZADA";"DERBY";"AV GOVERNADOR AGAMENON MAGALHAES";"";"";"EM FRENTE A ESCOLA BARBOSA LIMA";"DERBY";"";"";"COLISÃO LATERAL";"1,0";"0,0";"0,0";"0,0";"0,0";"1,0";"0,0";"0,0";"0,0";"0,0";"0,0";"";"";"";"";"";"";"";"";"";"";"";""
"202419887,0";"2024-07-25";"11:09:00";"COM VÍTIMA";"FINALIZADA";"CORDEIRO";"AV MAURICIO DE NASSAU";"";"";"EM FRENTE A DELEGACIA DO GOE";"CORDEIRO";"";"";"COLISÃO";"2,0";"0,0";"0,0";"0,0";"0,0";"0,0";"0,0";"0,0";"0,0";"1,0";"0,0";"";"";"";"";"";"";"";"";"";"";"";""
"202419898,0";"2024-07-25";"01:33:00";"SEM VÍTIMA";"FINALIZADA";"IMBIRIBEIRA";"AV MARECHAL MASCARENHAS DE MORAES";"";"";"";"IMBIRIBEIRA";"";"";"COLISÃO";"0,0";"0,0";"0,0";"0,0";"0,0";"0,0";"0,0";"0,0";"0,0";"0,0";"0,0";"";"";"";"";"";"";"";"";"";"";"";""
"202419904,0";"2024-07-25";"02:12:00";"COM VÍTIMA";"FINALIZADA";"SANTO AMARO";"AV GOVERNADOR AGAMENON MAGALHAES";"";"";"SENTIDO BOA VIAGEM PROX AO POSTO DE GASOLINA BR E ANTES DO VIADUTO DAS AVENIDA NORTE";"SANTO AMARO";"";"";"COLISÃO";"0,0";"1,0";"0,0";"0,0";"0,0";"0,0";"0,0";"0,0";"0,0";"1,0";"0,0";"";"";"";"";"";"";"";"";"";"";"";""
"202419905,0";"2024-07-25";"02:33:00";"COM VÍTIMA";"FINALIZADA";"PAISSANDU";"AV GOVERNADOR AGAMENON MAGALHAES";"";"RUA PAISSANDU";"";"PAISSANDU";"69,0";"";"COLISÃO";"1,0";"1,0";"0,0";"0,0";"0,0";"0,0";"1,0";"0,0";"0,0";"1,0";"0,0";"";"";"";"";"";"";"";"";"";"";"";""
"202419910,0";"2024-07-25";"02:54:00";"COM VÍTIMA";"DUPLICIDADE";"DERBY";"AV GOVERNADOR AGAMENON MAGALHAES";"";"";"PROX AO HOSPITAL PORTUGUES";"DERBY";"";"";"COLISÃO";"0,0";"1,0";"0,0";"0,0";"0,0";"0,0";"0,0";"0,0";"0,0";"1,0";"0,0";"";"";"";"";"";"";"";"";"";"";"";""
"202419911,0";"2024-07-25";"03:23:00";"COM VÍTIMA";"FINALIZADA";"PINA";"AV ENGENHEIRO DOMINGOS FERREIRA";"";"";"EM FRENTE AO CLINICAL CENTER N 636";"PINA";"";"";"COLISÃO";"0,0";"1,0";"0,0";"0,0";"0,0";"0,0";"0,0";"0,0";"0,0";"1,0";"0,0";"";"";"";"";"";"";"";"";"";"";"";""
"202419914,0";"2024-07-25";"04:14:00";"COM VÍTIMA";"FINALIZADA";"TAMARINEIRA";"RUA SEBASTIAO ALVES";"574";"";"PROX A GALERIA CASA GRANDE NM:45";"TAMARINEIRA";"";"";"COLISÃO";"1,0";"1,0";"0,0";"0,0";"0,0";"0,0";"0,0";"0,0";"0,0";"1,0";"0,0";"";"";"";"";"";"";"";"";"";"";"";""
"202419915,0";"2024-07-25";"04:17:00";"COM VÍTIMA";"FINALIZADA";"SAO JOSE";"C SANTA RITA";"";"";"EM FRENTE AO ATACADAO AURORA / PROXIMO AO MERCADO";"SAO JOSE";"";"";"ATROPELAMENTO DE PESSOA";"0,0";"1,0";"0,0";"0,0";"1,0";"0,0";"0,0";"0,0";"0,0";"1,0";"0,0";"";"";"";"";"";"";"";"";"";"";"";""
"202419922,0";"2024-07-25";"06:17:00";"COM VÍTIMA";"FINALIZADA";"SANTO AMARO";"AV GOVERNADOR AGAMENON MAGALHAES";"S/N";"";"EM FRENTE A REITORIA DA UPE";"SANTO AMARO";"";"SUBURBIO";"COLISÃO";"0,0";"1,0";"0,0";"0,0";"0,0";"0,0";"0,0";"0,0";"0,0";"1,0";"0,0";"";"";"";"";"";"";"";"";"";"";"";""
"202419981,0";"2024-07-26";"06:35:00";"COM VÍTIMA";"FINALIZADA";"CAXANGA";"AV CAXANGA";"1319";"";"EM FRENTE A AUTO PARVI, PROX. A CASA DO CONSTRUTOR";"CAXANGA";"";"";"COLISÃO";"1,0";"1,0";"0,0";"0,0";"0,0";"0,0";"0,0";"0,0";"0,0";"1,0";"0,0";"";"";"";"";"";"";"";"";"";"";"";""
"202419985,0";"2024-07-26";"07:10:00";"COM VÍTIMA";"FINALIZADA";"CORDEIRO";"AV CAXANGA";"";"";"SENTIDO CIDADE / PROX EXPOSIÇÃO DE ANIMAIS / PROX A AUTOSPORT";"CORDEIRO";"";"";"COLISÃO";"0,0";"1,0";"0,0";"0,0";"0,0";"0,0";"0,0";"0,0";"0,0";"1,0";"0,0";"";"";"";"";"";"";"";"";"";"";"";""
"202419988,0";"2024-07-26";"08:51:00";"COM VÍTIMA";"FINALIZADA";"SANTO AMARO";"AV JOAO DE BARROS";"";"";"EM FRENTE AO PARQUE HOTEL RECIFE / PROX AO VIADUTO DA JOAO DE BARROS";"SANTO AMARO";"";"";"COLISÃO";"0,0";"1,0";"0,0";"0,0";"0,0";"0,0";"0,0";"0,0";"0,0";"1,0";"0,0";"";"";"";"";"";"";"";"";"";"";"";""
"202419999,0";"2024-07-26";"11:51:00";"COM VÍTIMA";"FINALIZADA";"BOA VIAGEM";"AV DOM JOAO VI";"840";"";"COMEÇO DA VIA MANGUE // PRÓX. AO BOMPREÇO";"BOA VIAGEM";"";"";"COLISÃO";"0,0";"1,0";"0,0";"0,0";"0,0";"0,0";"0,0";"0,0";"0,0";"1,0";"0,0";"";"";"";"";"";"";"";"";"";"";"";""
"202420000,0";"2024-07-26";"11:58:00";"COM VÍTIMA";"FINALIZADA";"AFOGADOS";"RUA COSME VIANA";"12";"";"EM FRENTE A TUPAN";"AFOGADOS";"";"";"COLISÃO";"0,0";"1,0";"0,0";"0,0";"0,0";"0,0";"0,0";"0,0";"0,0";"1,0";"0,0";"";"";"";"";"";"";"";"";"";"";"";""
"202420016,0";"2024-07-26";"03:25:00";"SEM VÍTIMA";"FINALIZADA";"DERBY";"RUA AMARO BEZERRA";"500";"";"FRENTE AO EDIFICIO SOLAR DO DERBY";"DERBY";"";"CIDADE";"COLISÃO";"1,0";"0,0";"0,0";"0,0";"0,0";"0,0";"0,0";"1,0";"0,0";"0,0";"0,0";"";"";"";"";"";"";"";"";"";"";"";""
"202420019,0";"2024-07-26";"03:53:00";"COM VÍTIMA";"FINALIZADA";"CAMPO GRANDE";"RUA MARTINS RIBEIRO";"224";"";"REF: PRÓXIMO A PRAÇA DO HIPÓDROMO";"CAMPO GRANDE";"";"";"ATROPELAMENTO DE PESSOA";"1,0";"0,0";"0,0";"0,0";"1,0";"0,0";"0,0";"0,0";"0,0";"1,0";"0,0";"";"";"";"";"";"";"";"";"";"";"";""
"202420020,0";"2024-07-26";"04:00:00";"COM VÍTIMA";"CANCELADA";"MADALENA";"AV VISCONDE DE ALBUQUERQUE";"730";"";"PROX A LOJAO CABELEREIRO";"MADALENA";"";"";"COLISÃO";"0,0";"1,0";"0,0";"0,0";"0,0";"0,0";"0,0";"0,0";"0,0";"1,0";"0,0";"";"";"";"";"";"";"";"";"";"";"";""
"202420021,0";"2024-07-26";"04:02:00";"COM VÍTIMA";"CANCELADA";"SAO JOSE";"AV DANTAS BARRETO";"2430";"";"EM FRENTE AO CAMELO, PX A RUA TOBIAS BARRETO";"SAO JOSE";"";"";"COLISÃO";"0,0";"1,0";"0,0";"0,0";"0,0";"0,0";"0,0";"0,0";"0,0";"1,0";"0,0";"";"";"";"";"";"";"";"";"";"";"";""
"202420022,0";"2024-07-26";"04:06:00";"SEM VÍTIMA";"FINALIZADA";"SAO JOSE";"C SANTA RITA";"";"";"E/F AS TORRES GEMEAS PIER MAURICIO DE NASSAU  AO  LADO DO GRANDE RECIFE";"SAO JOSE";"";"";"COLISÃO TRASEIRA";"2,0";"0,0";"0,0";"0,0";"0,0";"0,0";"0,0";"0,0";"0,0";"0,0";"0,0";"";"";"";"";"";"";"";"";"";"";"";""
"202420042,0";"2024-07-26";"05:55:00";"COM VÍTIMA";"FINALIZADA";"GRACAS";"RUA DR BANDEIRA FILHO";"49";"";"EM FRENTE AO BANCO SANTANDER.";"GRACAS";"";"";"COLISÃO";"0,0";"1,0";"0,0";"0,0";"0,0";"0,0";"0,0";"0,0";"0,0";"1,0";"0,0";"";"";"";"";"";"";"";"";"";"";"";""
"202420043,0";"2024-07-26";"05:56:00";"COM VÍTIMA";"FINALIZADA";"ENCRUZILHADA";"RUA CASTRO ALVES";"254";"";"PROXIMO A ASSEMBLEIA DE DEUS";"ENCRUZILHADA";"";"";"COLISÃO LATERAL";"1,0";"1,0";"0,0";"0,0";"0,0";"0,0";"0,0";"0,0";"0,0";"1,0";"0,0";"";"";"";"";"";"";"";"";"";"";"";""
"202420044,0";"2024-07-26";"06:53:00";"COM VÍTIMA";"FINALIZADA";"TAMARINEIRA";"RUA CONEGO BARATA";"328";"";"EM FRENTE A TAMARINEIRA / EM FRENTE A CASA JOSE ARAUJO";"TAMARINEIRA";"";"";"COLISÃO";"0,0";"1,0";"0,0";"0,0";"0,0";"0,0";"0,0";"0,0";"0,0";"1,0";"0,0";"";"";"";"";"";"";"";"";"";"";"";""
"202420046,0";"2024-07-26";"08:49:00";"COM VÍTIMA";"FINALIZADA";"SANTO AMARO";"AV CRUZ CABUGA";"";"";"PRÓXIMO DA IGREJA UNIVERSAL";"SANTO AMARO";"";"CIDADE";"";"0,0";"1,0";"0,0";"0,0";"0,0";"0,0";"0,0";"0,0";"0,0";"1,0";"0,0";"";"";"";"";"";"";"";"";"";"";"";""
"202420051,0";"2024-07-26";"09:48:00";"COM VÍTIMA";"FINALIZADA";"BEBERIBE";"RUA COMPOSITOR VINICIUS DE MORAIS";"22";"";"PRÓXIMO DA PONTE DA DIVISA DE RECIFE / OLINDA";"BEBERIBE";"";"";"COLISÃO FRONTAL";"1,0";"1,0";"0,0";"0,0";"0,0";"0,0";"0,0";"0,0";"0,0";"1,0";"0,0";"";"";"";"";"";"";"";"";"";"";"";""
"202420059,0";"2024-07-26";"11:52:00";"COM VÍTIMA";"FINALIZADA";"AFOGADOS";"RUA PADRE TEOFILO TWORZ";"";"RUA SANTA EDWIRGES";"PRÓXIMO AO MIX MATEUS";"AFOGADOS";"";"";"COLISÃO";"1,0";"1,0";"0,0";"0,0";"2,0";"0,0";"0,0";"0,0";"0,0";"1,0";"0,0";"";"";"";"";"";"";"";"";"";"";"";""
"202420071,0";"2024-07-27";"06:26:00";"COM VÍTIMA";"FINALIZADA";"MACAXEIRA";"AV NORTE MIGUEL ARRAES DE ALENCAR";"";"";"SENTIDO INTEGRAÇÃO / EM FRENTE AO ETE MIGUEL BATISTA";"MACAXEIRA";"";"";"COLISÃO";"0,0";"1,0";"0,0";"0,0";"0,0";"0,0";"0,0";"0,0";"0,0";"1,0";"0,0";"";"";"";"";"";"";"";"";"";"";"";""
"202420095,0";"2024-07-27";"08:05:00";"COM VÍTIMA";"FINALIZADA";"IBURA";"AV DOIS RIOS";"";"";"SENTIDO IBURA DE BAIXO NA ENTRADA DO IBURA / PROX AO NUCLEO POLICIAL DO IBURA / AO LADO DO ARMAZEM CORAL";"IBURA";"";"";"COLISÃO";"1,0";"1,0";"0,0";"0,0";"0,0";"0,0";"0,0";"0,0";"0,0";"1,0";"0,0";"";"";"";"";"";"";"";"";"";"";"";""
"202420097,0";"2024-07-27";"09:06:00";"COM VÍTIMA";"FINALIZADA";"BONGI";"AV ENGENHEIRO ABDIAS DE CARVALHO";"";"";"AO LADO DO SUPERMERCADO NOVO ATACAREJO";"BONGI";"";"";"COLISÃO";"0,0";"1,0";"0,0";"0,0";"0,0";"0,0";"0,0";"0,0";"0,0";"1,0";"0,0";"";"";"";"";"";"";"";"";"";"";"";""
"202420099,0";"2024-07-27";"09:15:00";"COM VÍTIMA";"FINALIZADA";"BOA VIAGEM";"PRC DA BOA VIAGEM";"";"";"EM FRENTE AO EDIFICIO RAUL FREIRE DE SOUZA";"BOA VIAGEM";"";"";"COLISÃO";"0,0";"1,0";"0,0";"0,0";"0,0";"0,0";"0,0";"0,0";"0,0";"1,0";"0,0";"";"";"";"";"";"";"";"";"";"";"";""
"202420100,0";"2024-07-27";"09:21:00";"COM VÍTIMA";"FINALIZADA";"ESPINHEIRO";"AV JOAO DE BARROS";"111";"";"EM FRENTE A CELPE APOS O CORPO DE BOMBEIROS";"ESPINHEIRO";"";"";"COLISÃO";"0,0";"1,0";"0,0";"0,0";"0,0";"0,0";"0,0";"0,0";"0,0";"1,0";"0,0";"";"";"";"";"";"";"";"";"";"";"";""
"202420109,0";"2024-07-27";"11:32:00";"COM VÍTIMA";"FINALIZADA";"BOA VIAGEM";"RUA RIBEIRO DE BRITO";"";"";"EM FRENTE A FACULDADE UNINASSAU E O POSTO DE COMBUSTIVEL PETROBRAS / NA DESCIDA DO VIADUTO";"BOA VIAGEM";"";"";"COLISÃO";"0,0";"1,0";"0,0";"0,0";"0,0";"0,0";"0,0";"0,0";"0,0";"1,0";"0,0";"";"";"";"";"";"";"";"";"";"";"";""
"202420111,0";"2024-07-27";"12:00:00";"COM VÍTIMA";"FINALIZADA";"AGUA FRIA";"EST VELHA DE AGUA FRIA";"";"";"PROX A IGREJA ICPI / PROX AO POSTO DE GASOLINA BR";"AGUA FRIA";"";"";"COLISÃO";"0,0";"1,0";"0,0";"0,0";"0,0";"0,0";"0,0";"0,0";"0,0";"1,0";"0,0";"";"";"";"";"";"";"";"";"";"";"";""
"202420113,0";"2024-07-27";"12:05:00";"COM VÍTIMA";"FINALIZADA";"SANTO AMARO";"AV GOVERNADOR AGAMENON MAGALHAES";"";"";"VIA PUBLICA AO LADO SHOPPING TACARUNA / SENTIDO DERBY / AO LADO DA FABRICA TACARUNA";"SANTO AMARO";"";"";"COLISÃO";"0,0";"1,0";"0,0";"0,0";"0,0";"0,0";"0,0";"0,0";"0,0";"1,0";"0,0";"";"";"";"";"";"";"";"";"";"";"";""
"202420114,0";"2024-07-27";"12:06:00";"COM VÍTIMA";"FINALIZADA";"AFOGADOS";"RUA COSME VIANA";"";"";"SENTIDO IMBIRIBEIRA, APOS O HOTEL EROS / PASSA O SINAL TEM A PLACA DO LEMOS HOTEL";"AFOGADOS";"";"";"COLISÃO";"0,0";"1,0";"0,0";"0,0";"0,0";"0,0";"0,0";"0,0";"0,0";"1,0";"0,0";"";"";"";"";"";"";"";"";"";"";"";""
"202420117,0";"2024-07-27";"01:19:00";"COM VÍTIMA";"FINALIZADA";"DERBY";"AV GOVERNADOR AGAMENON MAGALHAES";"4459";"";"EM FRENTE AO BOM PREÇO";"DERBY";"";"";"COLISÃO TRASEIRA";"1,0";"1,0";"0,0";"0,0";"0,0";"0,0";"0,0";"0,0";"0,0";"1,0";"0,0";"";"";"";"";"";"";"";"";"";"";"";""
"202420129,0";"2024-07-27";"03:25:00";"COM VÍTIMA";"FINALIZADA";"TOTO";"RUA PAULINO DE FARIAS";"502";"";"EM FRENTE AO COLEGIO MORAGUINHO E A BARBEARIA DO DEDE";"TOTO";"";"";"COLISÃO FRONTAL";"1,0";"1,0";"0,0";"0,0";"0,0";"0,0";"0,0";"0,0";"0,0";"1,0";"0,0";"";"";"";"";"";"";"";"";"";"";"";""
"202420130,0";"2024-07-27";"03:35:00";"COM VÍTIMA";"FINALIZADA";"SANTO AMARO";"RUA TUPINAMBAS";"696";"";"EM BAIXO DO VIADUTO DA JOÃO DE BARROS";"SANTO AMARO";"";"";"COLISÃO";"0,0";"1,0";"0,0";"0,0";"0,0";"0,0";"0,0";"0,0";"0,0";"1,0";"0,0";"";"";"";"";"";"";"";"";"";"";"";""
"202420131,0";"2024-07-27";"03:44:00";"SEM VÍTIMA";"CANCELADA";"BARRO";"RUA ARACAGI";"163";"";"PROXIMO AO CAMPO DO FLORESTA";"BARRO";"";"";"COLISÃO LATERAL";"2,0";"0,0";"0,0";"0,0";"0,0";"0,0";"0,0";"0,0";"0,0";"0,0";"0,0";"";"";"";"";"";"";"";"";"";"";"";""
"202420132,0";"2024-07-27";"03:55:00";"COM VÍTIMA";"FINALIZADA";"BOMBA DO HEMETERIO";"RUA ARLINDO CISNEIRO";"872";"";"EM FRENTE A IGREJA PENTECOSTAL / PROX A GALERIA";"BOMBA DO HEMETERIO";"";"";"COLISÃO";"0,0";"1,0";"0,0";"0,0";"0,0";"0,0";"0,0";"0,0";"0,0";"1,0";"0,0";"";"";"";"";"";"";"";"";"";"";"";""
"202420140,0";"2024-07-27";"08:31:00";"COM VÍTIMA";"CANCELADA";"IMBIRIBEIRA";"RUA JOSE DA SILVA LUCENA";"";"";"COLEGIO GGE";"IMBIRIBEIRA";"";"";"COLISÃO";"2,0";"0,0";"0,0";"0,0";"1,0";"0,0";"0,0";"0,0";"0,0";"1,0";"0,0";"";"";"";"";"";"";"";"";"";"";"";""
"202420141,0";"2024-07-27";"09:19:00";"COM VÍTIMA";"FINALIZADA";"BOA VIAGEM";"RUA ANTONIO FALCAO";"384";"";"PROX AO CARREFOUR";"BOA VIAGEM";"";"";"COLISÃO";"1,0";"1,0";"0,0";"0,0";"0,0";"0,0";"0,0";"0,0";"0,0";"1,0";"0,0";"";"";"";"";"";"";"";"";"";"";"";""
"202420174,0";"2024-07-28";"07:18:00";"COM VÍTIMA";"FINALIZADA";"TORRE";"RUA JOSE BONIFACIO";"";"";"PACIENTE EM CIMA DO VIADUTO";"TORRE";"";"";"COLISÃO";"0,0";"1,0";"0,0";"0,0";"0,0";"0,0";"0,0";"0,0";"0,0";"1,0";"0,0";"";"";"";"";"";"";"";"";"";"";"";""
"202420175,0";"2024-07-28";"08:15:00";"COM VÍTIMA";"FINALIZADA";"IPUTINGA";"AV MAURICIO DE NASSAU";"276";"";"EM FRENTE AO FITEIRO DO DOUGLAS  //  PRÓX. AO REDE MAIS";"IPUTINGA";"";"";"QUEDA";"0,0";"1,0";"0,0";"0,0";"0,0";"0,0";"0,0";"0,0";"0,0";"1,0";"0,0";"";"";"";"";"";"";"";"";"";"";"";""
"202420176,0";"2024-07-28";"08:21:00";"COM VÍTIMA";"FINALIZADA";"DERBY";"RUA HENRIQUE DIAS";"";"";"PROX. AO COLEGIO DA POLICIA";"DERBY";"";"";"COLISÃO";"0,0";"1,0";"0,0";"0,0";"0,0";"0,0";"0,0";"0,0";"0,0";"1,0";"0,0";"";"";"";"";"";"";"";"";"";"";"";""
"202420178,0";"2024-07-28";"08:38:00";"COM VÍTIMA";"FINALIZADA";"BOA VIAGEM";"AV MARECHAL JUAREZ TAVORA";"";"";"POR TRAS DO COLEGIO AMERICANO";"BOA VIAGEM";"";"";"COLISÃO LATERAL";"0,0";"1,0";"0,0";"0,0";"0,0";"0,0";"0,0";"0,0";"0,0";"1,0";"0,0";"";"";"";"";"";"";"";"";"";"";"";""
"202420187,0";"2024-07-28";"01:08:00";"COM VÍTIMA";"FINALIZADA";"BOA VISTA";"AV GOVERNADOR AGAMENON MAGALHAES";"";"";"AO LADO DO BOMPREÇO /PROX A O COLEGIO AMERICANO BATISTA";"BOA VISTA";"";"";"COLISÃO";"0,0";"1,0";"0,0";"0,0";"0,0";"0,0";"0,0";"0,0";"0,0";"1,0";"0,0";"";"";"";"";"";"";"";"";"";"";"";""
"202420189,0";"2024-07-28";"01:33:00";"COM VÍTIMA";"FINALIZADA";"BEBERIBE";"RUA URIEL DE HOLANDA";"";"";"NA FRENTE DA IGREJA BRASIL PARA CRISTO // NA FRENTE DO COLEGIO ESTADUAL DE BEBERIBE";"BEBERIBE";"";"";"COLISÃO";"0,0";"1,0";"0,0";"0,0";"0,0";"0,0";"0,0";"0,0";"0,0";"1,0";"0,0";"";"";"";"";"";"";"";"";"";"";"";""
"202420192,0";"2024-07-28";"02:20:00";"COM VÍTIMA";"FINALIZADA";"BOA VIAGEM";"AV ENGENHEIRO DOMINGOS FERREIRA";"";"";"";"BOA VIAGEM";"";"";"COLISÃO";"0,0";"1,0";"0,0";"0,0";"0,0";"0,0";"0,0";"0,0";"0,0";"1,0";"0,0";"";"";"";"";"";"";"";"";"";"";"";""