"Protocolo";"data";"hora";"natureza";"situacao";"bairro";"endereco";"numero";"detalhe_endereco_acidente";"complemento";"bairro_cruzamento";"num_semaforo";"sentido_via";"tipo";"auto";"moto";"ciclom";"ciclista";"pedestre";"onibus";"caminhao";"viatura";"outros";"vitimas";"vitimasfatais";"acidente_verificado";"tempo_clima";"situacao_semaforo";"sinalizacao";"condicao_via";"conservacao_via";"ponto_controle";"situacao_placa";"velocidade_max_via";"mao_direcao";"divisao_via1";"divisao_via2"
"202420194,0";"2024-07-28";"02:55:00";"COM VÍTIMA";"FINALIZADA";"BOA VIAGEM";"RUA ERNESTO DE PAULA SANTOS";"1147";"";"EM FRENTE A FACULDADE NASSAU";"BOA VIAGEM";"";"";"COLISÃO";"0,0";"1,0";"0,0";"0,0";"0,0";"0,0";"0,0";"0,0";"0,0";"1,0";"0,0";"";"";"";"";"";"";"";"";"";"";"";""
"202420206,0";"2024-07-28";"06:18:00";"SEM VÍTIMA";"FINALIZADA";"CAXANGA";"RUA GASTAO VIDIGAL";"";"";"NO FINAL DA PONTE PROX À ESTÁTUA DO PADRE CICERO DEPOIS DA UPA DA CAXANGA";"CAXANGA";"";"";"COLISÃO";"1,0";"0,0";"0,0";"0,0";"0,0";"0,0";"0,0";"0,0";"0,0";"0,0";"0,0";"";"";"";"";"";"";"";"";"";"";"";""
"202420211,0";"2024-07-28";"06:39:00";"COM VÍTIMA";"FINALIZADA";"ALTO JOSE DO PINHO";"RUA MONTE HEREBE";"168";"";"NA SUBIDA DO ALTO JOSÉ DO PINHO. PRÓX AO SESC CASA AMARELA.";"ALTO JOSE DO PINHO";"";"";"COLISÃO";"0,0";"1,0";"0,0";"0,0";"0,0";"0,0";"0,0";"0,0";"0,0";"1,0";"0,0";"";"";"";"";"";"";"";"";"";"";"";""
"202420217,0";"2024-07-28";"08:21:00";"COM VÍTIMA";"FINALIZADA";"IMBIRIBEIRA";"AV MARECHAL MASCARENHAS DE MORAES";"";"AV PRESIDENTE DUTRA";"SOB O VIADUTO PRES. TANCREDO NEVES, LADO OPOSTO À TOYOLEX";"IMBIRIBEIRA";"";"SUBURBIO";"COLISÃO";"1,0";"1,0";"0,0";"0,0";"0,0";"0,0";"0,0";"0,0";"0,0";"1,0";"0,0";"";"";"";"";"";"";"";"";"";"";"";""
"202420218,0";"2024-07-28";"10:00:00";"COM VÍTIMA";"FINALIZADA";"IMBIRIBEIRA";"AV MARECHAL MASCARENHAS DE MORAES";"945";"";"EM FRENTE A MONOBLOCO PREMIUM, LOGO APÓS A GRILO";"IMBIRIBEIRA";"";"CIDADE";"COLISÃO TRASEIRA";"1,0";"1,0";"0,0";"0,0";"0,0";"0,0";"0,0";"0,0";"0,0";"1,0";"0,0";"";"";"";"";"";"";"";"";"";"";"";""
"202420250,0";"2024-07-29";"07:22:00";"COM VÍTIMA";"FINALIZADA";"ILHA DO LEITE";"AV GOVERNADOR AGAMENON MAGALHAES";"";"";"VIA LOCAL SENT. OLINDA, EM FRENTE AO BANCO SAFRA";"ILHA DO LEITE";"";"";"COLISÃO";"0,0";"1,0";"0,0";"0,0";"0,0";"0,0";"0,0";"0,0";"0,0";"1,0";"0,0";"";"";"";"";"";"";"";"";"";"";"";""
"202420253,0";"2024-07-29";"07:34:00";"COM VÍTIMA";"FINALIZADA";"AFOGADOS";"RUA JOAO IVO DA SILVA";"";"";"PROX. A TUPAN";"AFOGADOS";"";"";"COLISÃO";"0,0";"1,0";"0,0";"0,0";"0,0";"0,0";"0,0";"0,0";"0,0";"1,0";"0,0";"";"";"";"";"";"";"";"";"";"";"";""
"202420254,0";"2024-07-29";"07:51:00";"COM VÍTIMA";"FINALIZADA";"SAO JOSE";"AV SUL";"";"";"PRÓX. AO CAIS DE SANTA RITA // PRÓX. AO NOVOTEL, SENTIDO  MARCO ZERO";"SAO JOSE";"";"";"COLISÃO";"0,0";"1,0";"0,0";"0,0";"0,0";"0,0";"0,0";"0,0";"0,0";"1,0";"0,0";"";"";"";"";"";"";"";"";"";"";"";""
"202420255,0";"2024-07-29";"07:51:00";"COM VÍTIMA";"FINALIZADA";"BOA VIAGEM";"AV CONSELHEIRO AGUIAR";"";"";"EM FRENTE A PADARIA AUGUSTA / PROX AO EDF TOMAS NUNES";"BOA VIAGEM";"";"";"COLISÃO";"0,0";"1,0";"0,0";"0,0";"0,0";"0,0";"0,0";"0,0";"0,0";"1,0";"0,0";"";"";"";"";"";"";"";"";"";"";"";""
"202420256,0";"2024-07-29";"07:57:00";"COM VÍTIMA";"FINALIZADA";"BOA VIAGEM";"AV CONSELHEIRO AGUIAR";"";"RUA FELIX DE BRITO E MELO";"";"BOA VIAGEM";"";"";"COLISÃO COM CICLISTA";"1,0";"0,0";"0,0";"1,0";"0,0";"0,0";"0,0";"0,0";"0,0";"1,0";"0,0";"";"";"";"";"";"";"";"";"";"";"";""
"202420259,0";"2024-07-29";"08:14:00";"COM VÍTIMA";"FINALIZADA";"CASA AMARELA";"AV NORTE MIGUEL ARRAES DE ALENCAR";"";"";"PRÓXIMO A ESCOLA MUNICIPAL ROZEMAR DE MACEDO  LIMA";"CASA AMARELA";"";"";"COLISÃO";"0,0";"0,0";"0,0";"0,0";"0,0";"0,0";"0,0";"0,0";"0,0";"1,0";"0,0";"";"";"";"";"";"";"";"";"";"";"";""
"202420263,0";"2024-07-29";"08:42:00";"COM VÍTIMA";"FINALIZADA";"MANGUEIRA";"RUA VINTE E UM DE ABRIL";"1429";"RUA IRMA ANA BRIGIDA";"";"MANGUEIRA";"";"";"COLISÃO LATERAL";"1,0";"1,0";"0,0";"0,0";"0,0";"0,0";"0,0";"0,0";"0,0";"1,0";"0,0";"";"";"";"";"";"";"";"";"";"";"";""
"202420274,0";"2024-07-29";"10:01:00";"COM VÍTIMA";"FINALIZADA";"DOIS IRMAOS";"RUA MANUEL DE MEDEIROS";"235";"";"PRÓX. A RURAL //  PRÓX. AO HOSPITAL VETERINÁRIO";"DOIS IRMAOS";"";"";"COLISÃO";"0,0";"1,0";"0,0";"0,0";"0,0";"0,0";"0,0";"0,0";"0,0";"1,0";"0,0";"";"";"";"";"";"";"";"";"";"";"";""
"202420275,0";"2024-07-29";"10:03:00";"COM VÍTIMA";"FINALIZADA";"ESPINHEIRO";"RUA CONS PORTELA";"";"";"PROX AO BANCO ITAU / PROX A ENCRUZILHADA";"ESPINHEIRO";"";"";"COLISÃO";"0,0";"1,0";"0,0";"0,0";"0,0";"0,0";"0,0";"0,0";"0,0";"1,0";"0,0";"";"";"";"";"";"";"";"";"";"";"";""
"202420283,0";"2024-07-29";"11:14:00";"COM VÍTIMA";"FINALIZADA";"SAN MARTIN";"RUA TENENTE MINDELO";"";"";"PROX. A ENTRADA DA PORTELINHA E BARBEARIA DE MAURO";"SAN MARTIN";"";"";"COLISÃO";"1,0";"0,0";"0,0";"0,0";"0,0";"0,0";"0,0";"0,0";"0,0";"1,0";"0,0";"";"";"";"";"";"";"";"";"";"";"";""
"202420284,0";"2024-07-29";"12:18:00";"COM VÍTIMA";"FINALIZADA";"ENCRUZILHADA";"RUA GRACILIANO RAMOS";"100";"";"CASA 203 /// ENTRADA POR TRÁS DO BANCO DO BRASIL  DA AV. BEBERIBE  //  PRÓX. AO RESTAURANTE CENTRAL DA PICANHA";"ENCRUZILHADA";"";"";"COLISÃO";"0,0";"1,0";"0,0";"0,0";"0,0";"0,0";"0,0";"0,0";"0,0";"1,0";"0,0";"";"";"";"";"";"";"";"";"";"";"";""
"202420286,0";"2024-07-29";"01:10:00";"COM VÍTIMA";"FINALIZADA";"ESPINHEIRO";"RUA DO ESPINHEIRO";"280";"";"APÓS O HAPVIDA";"ESPINHEIRO";"";"";"COLISÃO";"0,0";"1,0";"0,0";"0,0";"0,0";"0,0";"0,0";"0,0";"0,0";"1,0";"0,0";"";"";"";"";"";"";"";"";"";"";"";""
"202420287,0";"2024-07-29";"01:13:00";"COM VÍTIMA";"FINALIZADA";"AGUA FRIA";"RUA ZEFERINO AGRA";"718";"";"PROXIMO A PRIMEIRA IGREJA BASTISTA DE AGUA FRIA";"AGUA FRIA";"";"";"COLISÃO";"0,0";"1,0";"0,0";"0,0";"0,0";"0,0";"0,0";"0,0";"0,0";"1,0";"0,0";"";"";"";"";"";"";"";"";"";"";"";""
"202420295,0";"2024-07-29";"02:42:00";"COM VÍTIMA";"FINALIZADA";"AGUA FRIA";"AV BEBERIBE";"";"";"PROXIMO AO MERCADO DO OLEO";"AGUA FRIA";"";"";"COLISÃO";"0,0";"1,0";"0,0";"0,0";"0,0";"0,0";"0,0";"0,0";"0,0";"1,0";"0,0";"";"";"";"";"";"";"";"";"";"";"";""
"202420297,0";"2024-07-29";"05:10:00";"COM VÍTIMA";"FINALIZADA";"VARZEA";"RUA GASTAO VIDIGAL";"133";"";"PROXIMA A GRANJA GEMA REAL";"VARZEA";"";"";"COLISÃO";"0,0";"1,0";"0,0";"0,0";"0,0";"0,0";"0,0";"0,0";"0,0";"1,0";"0,0";"";"";"";"";"";"";"";"";"";"";"";""
"202420299,0";"2024-07-29";"05:57:00";"COM VÍTIMA";"FINALIZADA";"IMBIRIBEIRA";"RUA RIBEIRO DE BRITO";"621";"";"PROXIMO AO POSTO BR  E PROXIMO A IGREJA RECONTER";"IMBIRIBEIRA";"";"";"COLISÃO";"0,0";"1,0";"0,0";"0,0";"0,0";"0,0";"0,0";"0,0";"0,0";"1,0";"0,0";"";"";"";"";"";"";"";"";"";"";"";""
"202420304,0";"2024-07-29";"07:06:00";"COM VÍTIMA";"FINALIZADA";"BEBERIBE";"AV BEBERIBE";"";"RUA BOLIVAR";"PROX CAMPO DO SANTA CRUZ";"BEBERIBE";"";"";"COLISÃO";"1,0";"1,0";"0,0";"0,0";"0,0";"0,0";"0,0";"0,0";"0,0";"1,0";"0,0";"";"";"";"";"";"";"";"";"";"";"";""
"202420355,0";"2024-07-30";"06:59:00";"COM VÍTIMA";"FINALIZADA";"ESPINHEIRO";"RUA CONS PORTELA";"";"";"PROX. GALERIA ESPINHEIRO NO CRUZAMENTO";"ESPINHEIRO";"";"";"COLISÃO";"0,0";"1,0";"0,0";"0,0";"0,0";"0,0";"0,0";"0,0";"0,0";"1,0";"0,0";"";"";"";"";"";"";"";"";"";"";"";""
"202420356,0";"2024-07-30";"06:52:00";"COM VÍTIMA";"FINALIZADA";"AGUA FRIA";"RUA MAJOR DAVINO";"";"";"PROX. AO TERMINAL DE AGUA FRIA E BARRACA DE GERALDO";"AGUA FRIA";"";"";"COLISÃO";"0,0";"1,0";"0,0";"0,0";"0,0";"0,0";"0,0";"0,0";"0,0";"1,0";"0,0";"";"";"";"";"";"";"";"";"";"";"";""
"202420370,0";"2024-07-30";"09:09:00";"COM VÍTIMA";"FINALIZADA";"ROSARINHO";"AV SANTOS DUMONT";"";"";"EM FRENTE A FARMACIA PAGUE MENOS E ENGAR DISTRIBUIDORA DE VINHO";"ROSARINHO";"";"";"COLISÃO";"1,0";"1,0";"0,0";"0,0";"0,0";"0,0";"0,0";"0,0";"0,0";"1,0";"0,0";"";"";"";"";"";"";"";"";"";"";"";""
"202420372,0";"2024-07-30";"09:25:00";"COM VÍTIMA";"FINALIZADA";"CAXANGA";"AV CAXANGA";"";"";"PROX A LOJA FM PRIME / PROX A ESTAÇÃO BRT PARQUE DO CORDEIRO";"CAXANGA";"";"";"COLISÃO LATERAL";"1,0";"1,0";"0,0";"0,0";"0,0";"0,0";"0,0";"0,0";"0,0";"1,0";"0,0";"";"";"";"";"";"";"";"";"";"";"";""
"202420387,0";"2024-07-30";"11:25:00";"COM VÍTIMA";"FINALIZADA";"GRACAS";"RUA DO FUTURO";"213";"";"EM FRENTE AO EDF. DUAS MARIAS E LOJA DE ROUPAS FIRULINHA";"GRACAS";"";"";"COLISÃO";"1,0";"1,0";"0,0";"0,0";"0,0";"0,0";"0,0";"0,0";"0,0";"1,0";"0,0";"";"";"";"";"";"";"";"";"";"";"";""
"202420388,0";"2024-07-30";"11:43:00";"COM VÍTIMA";"FINALIZADA";"BOA VIAGEM";"AV ENGENHEIRO DOMINGOS FERREIRA";"2245";"";"PROX AO NUMERO 2245  E FARMACIA PAGUE MENOS";"BOA VIAGEM";"";"";"COLISÃO";"1,0";"1,0";"0,0";"0,0";"0,0";"0,0";"0,0";"0,0";"0,0";"1,0";"0,0";"";"";"";"";"";"";"";"";"";"";"";""
"202420390,0";"2024-07-30";"12:17:00";"COM VÍTIMA";"FINALIZADA";"AGUA FRIA";"AV BEBERIBE";"";"";"EM FRENTE A FARMACIA DROGASIL / AO LADO DA MC";"AGUA FRIA";"";"";"COLISÃO";"0,0";"1,0";"0,0";"0,0";"0,0";"0,0";"0,0";"0,0";"0,0";"1,0";"0,0";"";"";"";"";"";"";"";"";"";"";"";""
"202420392,0";"2024-07-30";"12:57:00";"COM VÍTIMA";"FINALIZADA";"IMBIRIBEIRA";"AV MARECHAL MASCARENHAS DE MORAES";"";"";"EM FRENTE A LOJA FERREIRA COSTA";"IMBIRIBEIRA";"";"";"COLISÃO";"0,0";"1,0";"0,0";"0,0";"0,0";"0,0";"0,0";"0,0";"0,0";"1,0";"0,0";"";"";"";"";"";"";"";"";"";"";"";""
"202420393,0";"2024-07-30";"12:00:00";"COM VÍTIMA";"FINALIZADA";"TORROES";"AV ENGENHEIRO ABDIAS DE CARVALHO";"";"";"E/F AO CAMARÃO  DO LÉO  S/T CID";"TORROES";"";"";"ENGAVETAMENTO";"3,0";"0,0";"0,0";"0,0";"0,0";"0,0";"0,0";"0,0";"0,0";"1,0";"0,0";"";"";"";"";"";"";"";"";"";"";"";""
"202420396,0";"2024-07-30";"01:46:00";"COM VÍTIMA";"FINALIZADA";"CAMPO GRANDE";"RUA ODORICO MENDES";"660";"";"EM FRENTE AO CLUBE DAS PAS";"CAMPO GRANDE";"";"";"COLISÃO";"1,0";"1,0";"0,0";"0,0";"0,0";"0,0";"0,0";"0,0";"0,0";"1,0";"0,0";"";"";"";"";"";"";"";"";"";"";"";""
"202420398,0";"2024-07-30";"01:58:00";"COM VÍTIMA";"FINALIZADA";"CAXANGA";"AV CAXANGA";"2799";"";"EM FRENTE AO TUNEL DA ABOLIÇÃO E PROXIMO A CELPE";"CAXANGA";"";"";"COLISÃO";"0,0";"1,0";"0,0";"0,0";"0,0";"0,0";"0,0";"0,0";"0,0";"1,0";"0,0";"";"";"";"";"";"";"";"";"";"";"";""
"202420410,0";"2024-07-30";"05:20:00";"COM VÍTIMA";"FINALIZADA";"SANTO ANTONIO";"AV GUARARAPES";"";"";"EM FRENTE A FARMACIA DIARIAMENTE";"SANTO ANTONIO";"";"";"ATROPELAMENTO DE PESSOA";"0,0";"1,0";"0,0";"0,0";"1,0";"0,0";"0,0";"0,0";"0,0";"1,0";"0,0";"";"";"";"";"";"";"";"";"";"";"";""
"202420416,0";"2024-07-30";"06:21:00";"COM VÍTIMA";"FINALIZADA";"VARZEA";"RUA GASTAO VIDIGAL";"709";"";"PROX AO HOTEL COSTA AZUL";"VARZEA";"";"";"COLISÃO";"0,0";"1,0";"0,0";"0,0";"0,0";"0,0";"0,0";"0,0";"0,0";"1,0";"0,0";"";"";"";"";"";"";"";"";"";"";"";""
"202420445,0";"2024-07-30";"10:15:00";"COM VÍTIMA";"FINALIZADA";"IPUTINGA";"AV CAXANGA";"";"";"PROXIMO AO HOSPITAL BARÃO DE LUCENA";"IPUTINGA";"";"";"COLISÃO";"0,0";"1,0";"0,0";"0,0";"0,0";"0,0";"0,0";"0,0";"0,0";"1,0";"0,0";"";"";"";"";"";"";"";"";"";"";"";""
"202420476,0";"2024-07-31";"07:52:00";"COM VÍTIMA";"FINALIZADA";"SANTO AMARO";"AV DR JAYME DA FONTE";"";"";"EM FRENTE AO CAMPO DO 11, SENT. RECIFE ANTIGO";"SANTO AMARO";"";"";"COLISÃO";"1,0";"3,0";"0,0";"0,0";"0,0";"0,0";"0,0";"0,0";"0,0";"2,0";"0,0";"";"";"";"";"";"";"";"";"";"";"";""
"202420486,0";"2024-07-31";"09:22:00";"COM VÍTIMA";"FINALIZADA";"ENGENHO DO MEIO";"RUA POCAO";"";"";"PROX AO FERRO VELHO / PROX A BR 101";"ENGENHO DO MEIO";"";"";"COLISÃO";"0,0";"1,0";"0,0";"0,0";"0,0";"0,0";"0,0";"0,0";"0,0";"1,0";"0,0";"";"";"";"";"";"";"";"";"";"";"";""
"202420487,0";"2024-07-31";"09:23:00";"COM VÍTIMA";"FINALIZADA";"TORROES";"AV ENGENHEIRO ABDIAS DE CARVALHO";"";"";"NO FINAL DO FERRO VELHO, APOS O MOTEL LOVE SKY E UPA DE TORROES, SENT. BR 101";"TORROES";"";"";"COLISÃO";"0,0";"1,0";"0,0";"0,0";"0,0";"0,0";"0,0";"0,0";"0,0";"1,0";"0,0";"";"";"";"";"";"";"";"";"";"";"";""
"202420499,0";"2024-07-31";"11:09:00";"SEM VÍTIMA";"FINALIZADA";"BOA VISTA";"RUA DOM BOSCO";"1002";"";"PROX. AO BATALHAO DA RADIO PATRULHA";"BOA VISTA";"";"";"COLISÃO TRASEIRA";"1,0";"0,0";"0,0";"0,0";"0,0";"0,0";"0,0";"1,0";"0,0";"0,0";"0,0";"";"";"";"";"";"";"";"";"";"";"";""
"202420503,0";"2024-07-31";"12:02:00";"COM VÍTIMA";"FINALIZADA";"BOA VIAGEM";"AV ENGENHEIRO DOMINGOS FERREIRA";"";"";"PROX A FARMACIA PAGUE MENOS E FARMACIA INDEPENDENTE";"BOA VIAGEM";"";"";"COLISÃO";"0,0";"1,0";"0,0";"0,0";"0,0";"0,0";"0,0";"0,0";"0,0";"1,0";"0,0";"";"";"";"";"";"";"";"";"";"";"";""
"202420509,0";"2024-07-31";"12:38:00";"COM VÍTIMA";"FINALIZADA";"SANTO AMARO";"AV CRUZ CABUGA";"";"";"AO LADO DO CEMITERIO DOS INGLESES / EM FRENTE AO COLEGIO ALMIRANTE DUTRA";"SANTO AMARO";"";"";"COLISÃO FRONTAL";"1,0";"1,0";"0,0";"0,0";"0,0";"0,0";"0,0";"0,0";"0,0";"1,0";"0,0";"";"";"";"";"";"";"";"";"";"";"";""
"202420518,0";"2024-07-31";"02:17:00";"COM VÍTIMA";"FINALIZADA";"ILHA DO RETIRO";"RUA TABAIARES";"360";"";"E/F AO SEBRAE";"ILHA DO RETIRO";"";"";"ATROPELAMENTO DE PESSOA";"1,0";"0,0";"0,0";"0,0";"1,0";"0,0";"0,0";"0,0";"0,0";"1,0";"0,0";"";"";"";"";"";"";"";"";"";"";"";""
"202420592,0";"2024-08-01";"08:02:00";"COM VÍTIMA";"FINALIZADA";"AFOGADOS";"RUA AUGUSTO CALHEIROS";"";"";"PROX. A SPARTTA CURSOS, ANTES DA PONTE MOTOCOLOMBO";"AFOGADOS";"";"";"COLISÃO";"0,0";"1,0";"0,0";"0,0";"0,0";"0,0";"0,0";"0,0";"0,0";"1,0";"0,0";"";"";"";"";"";"";"";"";"";"";"";""
"202420595,0";"2024-08-01";"08:31:00";"COM VÍTIMA";"FINALIZADA";"BOA VIAGEM";"AV ENGENHEIRO DOMINGOS FERREIRA";"";"RUA ANTONIO FALCAO";"EM FRENTE AO REI DO GALETOS";"BOA VIAGEM";"";"";"COLISÃO LATERAL";"1,0";"1,0";"0,0";"0,0";"0,0";"0,0";"0,0";"0,0";"0,0";"1,0";"0,0";"";"";"";"";"";"";"";"";"";"";"";""
"202420613,0";"2024-08-01";"11:55:00";"COM VÍTIMA";"FINALIZADA";"CASA AMARELA";"AV NORTE MIGUEL ARRAES DE ALENCAR";"";"";"EM FRENTE A IGREJA DO AMOR";"CASA AMARELA";"";"";"ATROPELAMENTO DE PESSOA";"0,0";"1,0";"0,0";"0,0";"1,0";"0,0";"0,0";"0,0";"0,0";"1,0";"0,0";"";"";"";"";"";"";"";"";"";"";"";""
"202420615,0";"2024-08-01";"12:28:00";"COM VÍTIMA";"FINALIZADA";"BOA VIAGEM";"RUA CAMBOIM";"416";"RUA COPACABANA";"PADARIA SETUBAL";"BOA VIAGEM";"";"";"COLISÃO LATERAL";"1,0";"1,0";"0,0";"0,0";"0,0";"0,0";"0,0";"0,0";"0,0";"1,0";"0,0";"";"";"";"";"";"";"";"";"";"";"";""
"202420624,0";"2024-08-01";"02:32:00";"COM VÍTIMA";"FINALIZADA";"CAMPO GRANDE";"RUA ODORICO MENDES";"";"AV GOVERNADOR AGAMENON MAGALHAES";"EM FRENTE A SECRETARIA SOCIAL DE PERNAMBUCO E AO LADO DA CENTRAL DE PLANTÕES";"CAMPO GRANDE";"";"";"COLISÃO";"0,0";"1,0";"0,0";"0,0";"0,0";"0,0";"0,0";"0,0";"0,0";"1,0";"0,0";"";"";"";"";"";"";"";"";"";"";"";""
"202420632,0";"2024-08-01";"04:53:00";"COM VÍTIMA";"FINALIZADA";"DOIS IRMAOS";"RUA MANUEL DE MEDEIROS";"273";"";"EM FRENTE A REITORIA DA RURAL";"DOIS IRMAOS";"";"";"COLISÃO";"0,0";"1,0";"0,0";"0,0";"0,0";"0,0";"0,0";"0,0";"0,0";"1,0";"0,0";"";"";"";"";"";"";"";"";"";"";"";""
"202420638,0";"2024-08-01";"05:54:00";"COM VÍTIMA";"FINALIZADA";"SANTO AMARO";"RUA TREZE DE MAIO";"1981";"";"APÓS O SESC E PROXIMO A EMPRESA HIDROELETRICA";"SANTO AMARO";"";"";"COLISÃO";"0,0";"1,0";"0,0";"0,0";"0,0";"0,0";"0,0";"0,0";"0,0";"1,0";"0,0";"";"";"";"";"";"";"";"";"";"";"";""
"202420656,0";"2024-08-02";"05:03:00";"SEM VÍTIMA";"FINALIZADA";"SAO JOSE";"AV SUL";"";"TRV DO RAPOSO";"BURACO NA VIA,FAIXA DA DIREITA";"SAO JOSE";"";"CIDADE";"CAPOTAMENTO";"1,0";"0,0";"0,0";"0,0";"0,0";"0,0";"0,0";"0,0";"0,0";"0,0";"0,0";"";"";"";"";"";"";"";"";"";"";"";""
"202420666,0";"2024-08-02";"06:12:00";"SEM VÍTIMA";"FINALIZADA";"SAO JOSE";"AV SUL";"";"TRV DO RAPOSO";"BURACO NA VIA,FAIXA DA DIREITA";"SAO JOSE";"";"CIDADE";"CAPOTAMENTO";"1,0";"0,0";"0,0";"0,0";"0,0";"0,0";"0,0";"0,0";"0,0";"0,0";"0,0";"";"";"";"";"";"";"";"";"";"";"";""
"202420673,0";"2024-08-02";"07:10:00";"COM VÍTIMA";"CANCELADA";"BOA VIAGEM";"AV BEIRA MAR";"";"";"PROX AO QUIOSQUE 70";"BOA VIAGEM";"";"";"COLISÃO";"0,0";"1,0";"0,0";"0,0";"0,0";"0,0";"0,0";"0,0";"0,0";"1,0";"0,0";"";"";"";"";"";"";"";"";"";"";"";""
"202420677,0";"2024-08-02";"07:33:00";"COM VÍTIMA";"FINALIZADA";"CAMPO GRANDE";"AV PROFESSOR JOSE DOS ANJOS";"";"";"PRX AO BAR DO ZE / SENTIDO PEIXINHOS";"CAMPO GRANDE";"";"";"COLISÃO";"1,0";"0,0";"0,0";"0,0";"0,0";"0,0";"0,0";"0,0";"0,0";"1,0";"0,0";"";"";"";"";"";"";"";"";"";"";"";""
"202420681,0";"2024-08-02";"08:00:00";"COM VÍTIMA";"CANCELADA";"IBURA";"RUA RIO XINGU";"";"";"IBURA DE BAIXO - PROX AO MERCADINHO MAURICIO / PROX AO POSTO DE GASOLINA PETROBRAS";"IBURA";"";"";"COLISÃO";"0,0";"1,0";"0,0";"0,0";"0,0";"0,0";"0,0";"0,0";"0,0";"1,0";"0,0";"";"";"";"";"";"";"";"";"";"";"";""
"202420683,0";"2024-08-02";"08:32:00";"COM VÍTIMA";"FINALIZADA";"SANTO AMARO";"AV GOVERNADOR AGAMENON MAGALHAES";"";"";"EM FRENTE AO POSTO DISLURB / PROX AO IC";"SANTO AMARO";"";"";"COLISÃO TRASEIRA";"1,0";"1,0";"0,0";"0,0";"0,0";"0,0";"0,0";"0,0";"0,0";"1,0";"0,0";"";"";"";"";"";"";"";"";"";"";"";""
"202420686,0";"2024-08-02";"09:01:00";"SEM VÍTIMA";"FINALIZADA";"PRADO";"AV ENGENHEIRO ABDIAS DE CARVALHO";"";"";"EM FRENTE A ENGEFRIO";"PRADO";"";"";"COLISÃO LATERAL";"1,0";"1,0";"0,0";"0,0";"0,0";"0,0";"0,0";"0,0";"0,0";"0,0";"0,0";"";"";"";"";"";"";"";"";"";"";"";""
"202420695,0";"2024-08-02";"10:15:00";"COM VÍTIMA";"FINALIZADA";"PINA";"PTE GOVERNADOR PAULO GUERRA";"";"";"SENTIDO BOA VIAGEM / PROX AO SHOPPING RIOMAR";"PINA";"";"";"COLISÃO";"0,0";"1,0";"0,0";"0,0";"0,0";"0,0";"0,0";"0,0";"0,0";"1,0";"0,0";"";"";"";"";"";"";"";"";"";"";"";""
"202420704,0";"2024-08-02";"10:43:00";"COM VÍTIMA";"FINALIZADA";"MADALENA";"AV VISCONDE DE ALBUQUERQUE";"";"";"AO LADO DO BOMPREÇO, PROX. A BATERIA MOURA";"MADALENA";"";"";"COLISÃO";"0,0";"1,0";"0,0";"0,0";"0,0";"0,0";"0,0";"0,0";"0,0";"1,0";"0,0";"";"";"";"";"";"";"";"";"";"";"";""
"202420711,0";"2024-08-02";"11:28:00";"COM VÍTIMA";"FINALIZADA";"TORROES";"RUA DR FLAVIO FERREIRA DA SILVA MAROJO";"";"";"VIA PUBLICA PROX AO NUMERO 23A PROX A MERCEARIA VIANA";"TORROES";"";"";"COLISÃO";"0,0";"1,0";"0,0";"0,0";"0,0";"0,0";"0,0";"0,0";"0,0";"1,0";"0,0";"";"";"";"";"";"";"";"";"";"";"";""
"202420713,0";"2024-08-02";"11:40:00";"COM VÍTIMA";"FINALIZADA";"ILHA DO LEITE";"AV BEIRA RIO";"";"";"PROX A ILHA DO RETIRO / AO LADO DO CLUBE DE REMO";"ILHA DO LEITE";"";"";"COLISÃO";"0,0";"1,0";"0,0";"0,0";"0,0";"0,0";"0,0";"0,0";"0,0";"1,0";"0,0";"";"";"";"";"";"";"";"";"";"";"";""
"202420715,0";"2024-08-02";"12:10:00";"COM VÍTIMA";"FINALIZADA";"BONGI";"AV ENGENHEIRO ABDIAS DE CARVALHO";"795";"";"PROX AO CAPOTARIA BONGI / PROX A ADESIO MULTI  MARCAS SENTIDO CURADO";"BONGI";"";"";"COLISÃO TRASEIRA";"1,0";"1,0";"0,0";"0,0";"0,0";"0,0";"0,0";"0,0";"0,0";"1,0";"0,0";"";"";"";"";"";"";"";"";"";"";"";""
"202420719,0";"2024-08-02";"01:01:00";"SEM VÍTIMA";"FINALIZADA";"BAIRRO DO RECIFE";"CAIS DO APOLO";"";"";"DENTRO DA PREF DO RECIFE";"BAIRRO DO RECIFE";"";"";"COLISÃO LATERAL";"1,0";"0,0";"0,0";"0,0";"0,0";"1,0";"0,0";"0,0";"0,0";"0,0";"0,0";"";"";"";"";"";"";"";"";"";"";"";""
"202420720,0";"2024-08-02";"01:07:00";"COM VÍTIMA";"FINALIZADA";"JOANA BEZERRA";"AV DES GUERRA BARRETO";"";"";"E/F AO FORUM RODOLFO AURELIANO  S/T DERBY";"JOANA BEZERRA";"";"";"COLISÃO COM CICLISTA";"1,0";"0,0";"0,0";"1,0";"0,0";"0,0";"0,0";"0,0";"0,0";"1,0";"0,0";"";"";"";"";"";"";"";"";"";"";"";""
"202420728,0";"2024-08-02";"03:31:00";"COM VÍTIMA";"FINALIZADA";"BOA VIAGEM";"RUA FRANCISCO DA CUNHA";"729";"";"EM FRENTE AO RESTAURANTE AMADEU";"BOA VIAGEM";"";"";"COLISÃO";"1,0";"1,0";"0,0";"0,0";"0,0";"0,0";"0,0";"0,0";"0,0";"1,0";"0,0";"";"";"";"";"";"";"";"";"";"";"";""