"Protocolo";"data";"hora";"natureza";"situacao";"bairro";"endereco";"numero";"detalhe_endereco_acidente";"complemento";"bairro_cruzamento";"num_semaforo";"sentido_via";"tipo";"auto";"moto";"ciclom";"ciclista";"pedestre";"onibus";"caminhao";"viatura";"outros";"vitimas";"vitimasfatais";"acidente_verificado";"tempo_clima";"situacao_semaforo";"sinalizacao";"condicao_via";"conservacao_via";"ponto_controle";"situacao_placa";"velocidade_max_via";"mao_direcao";"divisao_via1";"divisao_via2"
"202420729,0";"2024-08-02";"03:37:00";"COM VÍTIMA";"FINALIZADA";"IMBIRIBEIRA";"RUA GUARABIRA";"86";"";"PROXIMO A CATEDRAL DA RECONCILIAÇÃO";"IMBIRIBEIRA";"";"";"COLISÃO";"0,0";"1,0";"0,0";"0,0";"0,0";"0,0";"0,0";"0,0";"0,0";"1,0";"0,0";"";"";"";"";"";"";"";"";"";"";"";""
"202420731,0";"2024-08-02";"03:43:00";"COM VÍTIMA";"FINALIZADA";"TEJIPIO";"AV DR JOSE RUFINO";"4554";"";"PROXIMO A ESTAÇÃO TEJIPIO";"TEJIPIO";"";"";"COLISÃO";"1,0";"1,0";"0,0";"0,0";"0,0";"0,0";"0,0";"0,0";"0,0";"1,0";"0,0";"";"";"";"";"";"";"";"";"";"";"";""
"202420733,0";"2024-08-02";"04:04:00";"COM VÍTIMA";"FINALIZADA";"SANTO AMARO";"AV CRUZ CABUGA";"";"RUA VINTE E QUATRO DE AGOSTO";"";"SANTO AMARO";"";"";"COLISÃO LATERAL";"0,0";"0,0";"0,0";"0,0";"0,0";"0,0";"0,0";"0,0";"0,0";"1,0";"0,0";"";"";"";"";"";"";"";"";"";"";"";""
"202420738,0";"2024-08-02";"05:15:00";"SEM VÍTIMA";"FINALIZADA";"DERBY";"RUA JOAQUIM NABUCO";"";"AV GOVERNADOR AGAMENON MAGALHAES";"";"DERBY";"";"";"CHOQUE";"1,0";"0,0";"0,0";"0,0";"0,0";"0,0";"0,0";"0,0";"0,0";"0,0";"0,0";"";"";"";"";"";"";"";"";"";"";"";""
"202420741,0";"2024-08-02";"05:47:00";"COM VÍTIMA";"FINALIZADA";"SAN MARTIN";"AV ENGENHEIRO ABDIAS DE CARVALHO";"5554";"";"EM FRENTE A FUNASE E AO LADO DO ATACAREJO";"SAN MARTIN";"";"";"COLISÃO";"0,0";"1,0";"0,0";"0,0";"0,0";"0,0";"0,0";"0,0";"0,0";"1,0";"0,0";"";"";"";"";"";"";"";"";"";"";"";""
"202420744,0";"2024-08-02";"06:56:00";"COM VÍTIMA";"FINALIZADA";"SAO JOSE";"RUA IMPERIAL";"457";"";"PRÓX AO POSTO DE GASOLINA SÃO JOSÉ E PRÓX À PRAÇA SERGIO LORETTO.";"SAO JOSE";"";"";"COLISÃO";"0,0";"1,0";"0,0";"0,0";"0,0";"0,0";"0,0";"0,0";"0,0";"1,0";"0,0";"";"";"";"";"";"";"";"";"";"";"";""
"202420748,0";"2024-08-02";"07:28:00";"COM VÍTIMA";"FINALIZADA";"IMBIRIBEIRA";"AV MARECHAL MASCARENHAS DE MORAES";"";"";"UNIVERSO";"IMBIRIBEIRA";"";"CIDADE";"ATROPELAMENTO DE PESSOA";"1,0";"0,0";"0,0";"0,0";"1,0";"0,0";"0,0";"0,0";"0,0";"1,0";"0,0";"";"";"";"";"";"";"";"";"";"";"";""
"202420783,0";"2024-08-03";"05:39:00";"SEM VÍTIMA";"CANCELADA";"CAXANGA";"AV CAXANGA";"";"RUA GREGORIO JUNIOR";"";"CAXANGA";"";"";"CHOQUE";"0,0";"0,0";"0,0";"0,0";"0,0";"0,0";"0,0";"0,0";"0,0";"0,0";"0,0";"";"";"";"";"";"";"";"";"";"";"";""
"202420801,0";"2024-08-03";"06:31:00";"COM VÍTIMA";"FINALIZADA";"SAO JOSE";"AV SUL";"130";"";"APÓS O ANTIGO MERCADO DAS FLORES // PROX AO VIADUTO DAS CINCO PONTOS";"SAO JOSE";"";"";"COLISÃO";"0,0";"1,0";"0,0";"0,0";"0,0";"0,0";"0,0";"0,0";"0,0";"1,0";"0,0";"";"";"";"";"";"";"";"";"";"";"";""
"202420811,0";"2024-08-03";"08:10:00";"COM VÍTIMA";"FINALIZADA";"TAMARINEIRA";"RUA PADRE ROMA";"";"";"PROX. A POLICLINICA ALBERT SABIN E FERREIRA COSTA";"TAMARINEIRA";"";"";"COLISÃO";"0,0";"1,0";"0,0";"0,0";"0,0";"0,0";"0,0";"0,0";"0,0";"1,0";"0,0";"";"";"";"";"";"";"";"";"";"";"";""
"202420815,0";"2024-08-03";"08:29:00";"SEM VÍTIMA";"FINALIZADA";"IMBIRIBEIRA";"AV MARECHAL MASCARENHAS DE MORAES";"820";"";"EM FRENTE A RECIFE RADIADORES, SENT. AEROPORTO";"IMBIRIBEIRA";"";"";"COLISÃO LATERAL";"1,0";"1,0";"0,0";"0,0";"0,0";"0,0";"0,0";"0,0";"0,0";"0,0";"0,0";"";"";"";"";"";"";"";"";"";"";"";""
"202420817,0";"2024-08-03";"09:13:00";"COM VÍTIMA";"FINALIZADA";"ENCRUZILHADA";"AV NORTE MIGUEL ARRAES DE ALENCAR";"14173";"";"AO LADO DO MERCADO EXTRA  BOM";"ENCRUZILHADA";"";"";"COLISÃO";"0,0";"1,0";"0,0";"0,0";"0,0";"0,0";"0,0";"0,0";"0,0";"1,0";"0,0";"";"";"";"";"";"";"";"";"";"";"";""
"202420818,0";"2024-08-03";"09:48:00";"COM VÍTIMA";"FINALIZADA";"IBURA";"RUA JORNALISTA EDSON REGIS";"";"";"EM FRENTE AO NUCLEO DA POLICIA NA SAIDA DO IBURA";"IBURA";"";"";"COLISÃO";"0,0";"1,0";"0,0";"0,0";"0,0";"0,0";"0,0";"0,0";"0,0";"1,0";"0,0";"";"";"";"";"";"";"";"";"";"";"";""
"202420823,0";"2024-08-03";"10:26:00";"COM VÍTIMA";"FINALIZADA";"CASA AMARELA";"AV NORTE MIGUEL ARRAES DE ALENCAR";"3904";"";"PRÓX. AO ARMAZÉM CORAL ACHAQUI";"CASA AMARELA";"";"";"COLISÃO";"0,0";"1,0";"0,0";"0,0";"0,0";"0,0";"0,0";"0,0";"0,0";"1,0";"0,0";"";"";"";"";"";"";"";"";"";"";"";""
"202420830,0";"2024-08-03";"11:15:00";"COM VÍTIMA";"FINALIZADA";"BEBERIBE";"AV BEBERIBE";"1752";"";"PROX. AO RESTAURANTE JAPONES, PROX. AO TROCAO";"BEBERIBE";"";"";"ATROPELAMENTO DE PESSOA";"0,0";"2,0";"0,0";"0,0";"1,0";"0,0";"0,0";"0,0";"0,0";"2,0";"0,0";"";"";"";"";"";"";"";"";"";"";"";""
"202420835,0";"2024-08-03";"11:48:00";"COM VÍTIMA";"FINALIZADA";"TEJIPIO";"RUA PIRAMBOIA";"170";"";"RUA EM FRENTE AO HOSPITAL OTÁVIO DE FREITAS";"TEJIPIO";"";"";"COLISÃO";"0,0";"1,0";"0,0";"0,0";"0,0";"0,0";"0,0";"0,0";"0,0";"1,0";"0,0";"";"";"";"";"";"";"";"";"";"";"";""
"202420839,0";"2024-08-03";"12:50:00";"COM VÍTIMA";"FINALIZADA";"MACAXEIRA";"AV NORTE MIGUEL ARRAES DE ALENCAR";"";"";"PACIENTE NA ENTRADA NA INTEGRAÇÃO DA MACAXEIRA";"MACAXEIRA";"";"";"COLISÃO";"0,0";"1,0";"0,0";"0,0";"0,0";"0,0";"0,0";"0,0";"0,0";"1,0";"0,0";"";"";"";"";"";"";"";"";"";"";"";""
"202420840,0";"2024-08-03";"12:50:00";"COM VÍTIMA";"DUPLICIDADE";"IPSEP";"AV RECIFE";"";"";"PROX AO ARMAZEM CORAL //,  PROX AO MERCADO TODO DIA";"IPSEP";"";"";"COLISÃO LATERAL";"1,0";"1,0";"0,0";"0,0";"0,0";"0,0";"0,0";"0,0";"0,0";"1,0";"0,0";"";"";"";"";"";"";"";"";"";"";"";""
"202420843,0";"2024-08-03";"01:49:00";"COM VÍTIMA";"FINALIZADA";"AREIAS";"AV RECIFE";"4533";"";"POR TRAS DO COLEGIO INDEPEDENTE/";"AREIAS";"";"";"COLISÃO";"0,0";"1,0";"0,0";"0,0";"0,0";"0,0";"0,0";"0,0";"0,0";"1,0";"0,0";"";"";"";"";"";"";"";"";"";"";"";""
"202420845,0";"2024-08-03";"02:40:00";"COM VÍTIMA";"FINALIZADA";"AREIAS";"RUA CAMBUCA";"68";"";"EM FRENTE A GRANJA MACISA";"AREIAS";"";"";"COLISÃO FRONTAL";"1,0";"1,0";"0,0";"0,0";"0,0";"0,0";"0,0";"0,0";"0,0";"1,0";"0,0";"";"";"";"";"";"";"";"";"";"";"";""
"202420851,0";"2024-08-03";"04:25:00";"COM VÍTIMA";"FINALIZADA";"HIPODROMO";"RUA FRANCISCO BERENGUER";"177";"";"PROX AO BAR DO CARANGUEJO";"HIPODROMO";"";"";"COLISÃO";"0,0";"1,0";"0,0";"0,0";"0,0";"0,0";"0,0";"0,0";"0,0";"1,0";"0,0";"";"";"";"";"";"";"";"";"";"";"";""
"202420853,0";"2024-08-03";"06:05:00";"COM VÍTIMA";"FINALIZADA";"ILHA DO LEITE";"RUA MARQUES AMORIM";"435";"";"PROX AO IMIP";"ILHA DO LEITE";"";"";"COLISÃO";"0,0";"1,0";"0,0";"0,0";"0,0";"0,0";"0,0";"0,0";"0,0";"1,0";"0,0";"";"";"";"";"";"";"";"";"";"";"";""
"202420857,0";"2024-08-03";"07:32:00";"COM VÍTIMA";"FINALIZADA";"VASCO DA GAMA";"RUA CORREGO DO EUCLIDES";"";"";"PROXIMO A USINA DE GRALDO / PROXIMO AO BAR DA MAGA";"VASCO DA GAMA";"";"";"COLISÃO";"0,0";"1,0";"0,0";"0,0";"0,0";"0,0";"0,0";"0,0";"0,0";"1,0";"0,0";"";"";"";"";"";"";"";"";"";"";"";""
"202420876,0";"2024-08-03";"08:15:00";"COM VÍTIMA";"CANCELADA";"SAO JOSE";"AV SUL";"";"";"ENTRADA DO CAIS DE SANTA RITA";"SAO JOSE";"";"";"COLISÃO LATERAL";"0,0";"0,0";"0,0";"0,0";"0,0";"1,0";"1,0";"0,0";"0,0";"1,0";"0,0";"";"";"";"";"";"";"";"";"";"";"";""
"202420879,0";"2024-08-03";"09:16:00";"COM VÍTIMA";"FINALIZADA";"CAMPO GRANDE";"EST DE BELEM";"353";"";"EM FRENTE A LOJO DE ROUPA ARMAZEM DE ESTAMPA";"CAMPO GRANDE";"";"";"COLISÃO";"1,0";"1,0";"0,0";"0,0";"0,0";"0,0";"0,0";"0,0";"0,0";"1,0";"0,0";"";"";"";"";"";"";"";"";"";"";"";""
"202420880,0";"2024-08-03";"09:17:00";"COM VÍTIMA";"FINALIZADA";"JORDAO";"RUA DR ALVARO FERRAZ";"15";"RUA LIMA CAMPOS";"PROXIMO AO TERMINAL DO JORDAO";"JORDAO";"";"";"COLISÃO";"1,0";"1,0";"0,0";"0,0";"0,0";"0,0";"0,0";"0,0";"0,0";"1,0";"0,0";"";"";"";"";"";"";"";"";"";"";"";""
"202420881,0";"2024-08-03";"09:57:00";"COM VÍTIMA";"FINALIZADA";"CASA AMARELA";"LGO DOM LUIZ";"101";"";"SUBIDA DO MORRO DA CONCEIÇÃO";"CASA AMARELA";"";"SUBURBIO";"COLISÃO";"1,0";"1,0";"0,0";"0,0";"0,0";"0,0";"0,0";"0,0";"0,0";"1,0";"0,0";"";"";"";"";"";"";"";"";"";"";"";""
"202420882,0";"2024-08-03";"10:22:00";"COM VÍTIMA";"FINALIZADA";"ARRUDA";"AV PROFESSOR JOSE DOS ANJOS";"";"AV BEBERIBE";"PRÓXIMO   DO BOMPREÇO";"ARRUDA";"";"";"COLISÃO";"2,0";"0,0";"0,0";"0,0";"0,0";"0,0";"0,0";"1,0";"0,0";"3,0";"0,0";"";"";"";"";"";"";"";"";"";"";"";""
"202420889,0";"2024-08-03";"10:52:00";"COM VÍTIMA";"FINALIZADA";"ENGENHO DO MEIO";"RUA ANTONIO CURADO";"147";"";"PRÓXIMO AO BUTECO QUAL É A BOA / PRÓXIMO A PRAÇA DE ENG. DO MEIO";"ENGENHO DO MEIO";"";"";"COLISÃO";"1,0";"1,0";"0,0";"0,0";"0,0";"0,0";"0,0";"0,0";"24,0";"1,0";"0,0";"";"";"";"";"";"";"";"";"";"";"";""
"202420891,0";"2024-08-03";"11:30:00";"COM VÍTIMA";"FINALIZADA";"MACAXEIRA";"AV NORTE MIGUEL ARRAES DE ALENCAR";"";"";"REF: EM FRENTE AO PARQUE DA MACAXEIRA NO SENTIDO SUBÚRBIO/ CIDADE";"MACAXEIRA";"";"";"TOMBAMENTO";"1,0";"0,0";"0,0";"0,0";"0,0";"0,0";"0,0";"0,0";"0,0";"1,0";"0,0";"";"";"";"";"";"";"";"";"";"";"";""
"202420904,0";"2024-08-04";"07:37:00";"COM VÍTIMA";"FINALIZADA";"SANTO AMARO";"RUA MARIO ALBUQUERQUE CAVALCANTI";"";"";"PROX AO POSTO BR DA AV AGAMENON MAGALHÃES";"SANTO AMARO";"";"";"COLISÃO";"0,0";"1,0";"0,0";"0,0";"0,0";"0,0";"0,0";"0,0";"0,0";"1,0";"0,0";"";"";"";"";"";"";"";"";"";"";"";""
"202420924,0";"2024-08-04";"10:52:00";"COM VÍTIMA";"FINALIZADA";"CORDEIRO";"RUA GOMES TABORDA";"";"";"PROX AO NOVO ATACAREJO";"CORDEIRO";"";"";"COLISÃO";"1,0";"1,0";"0,0";"0,0";"0,0";"0,0";"0,0";"0,0";"0,0";"1,0";"0,0";"";"";"";"";"";"";"";"";"";"";"";""
"202420926,0";"2024-08-04";"11:03:00";"COM VÍTIMA";"CANCELADA";"BREJO DA GUABIRABA";"AV VEREADOR OTACILIO AZEVEDO";"";"";"APOS ESCOLA ROTA DE NOVA DESCOBERTA / PROXA BANCA DE BICHO SONHO REAL / APOS TERMINAL DE ONIBUS DO BREJO";"BREJO DA GUABIRABA";"";"";"COLISÃO";"0,0";"1,0";"0,0";"0,0";"0,0";"0,0";"0,0";"1,0";"0,0";"1,0";"0,0";"";"";"";"";"";"";"";"";"";"";"";""
"202420927,0";"2024-08-04";"11:10:00";"COM VÍTIMA";"FINALIZADA";"CASA AMARELA";"RUA PADRE LEMOS";"";"";"PROX AO CEMITERIO DE CASA AMARELA E PROX A FARMACIA PAGUE MENOS";"CASA AMARELA";"";"";"COLISÃO";"1,0";"0,0";"0,0";"0,0";"0,0";"0,0";"0,0";"0,0";"0,0";"1,0";"0,0";"";"";"";"";"";"";"";"";"";"";"";""
"202420929,0";"2024-08-04";"11:37:00";"COM VÍTIMA";"FINALIZADA";"IBURA";"RUA RIO BRIGIDA";"";"";"AO LADO DA IGREJA VERBO E VIDA  SENTIDO VILA DO SESI";"IBURA";"";"";"COLISÃO";"0,0";"1,0";"0,0";"0,0";"0,0";"0,0";"0,0";"0,0";"0,0";"1,0";"0,0";"";"";"";"";"";"";"";"";"";"";"";""
"202420930,0";"2024-08-04";"11:51:00";"COM VÍTIMA";"FINALIZADA";"PORTO DA MADEIRA";"RUA DALVA DE OLIVEIRA";"";"";"PROX A AMBEV / PROX A IGREJA DO VALE";"PORTO DA MADEIRA";"";"";"COLISÃO";"0,0";"1,0";"0,0";"0,0";"0,0";"0,0";"0,0";"0,0";"0,0";"1,0";"0,0";"";"";"";"";"";"";"";"";"";"";"";""
"202420940,0";"2024-08-04";"12:23:00";"COM VÍTIMA";"FINALIZADA";"IPSEP";"AV RECIFE";"";"RUA SAO NICOLAU";"NO SEMÁFORO 016";"IPSEP";"";"";"COLISÃO LATERAL";"1,0";"1,0";"0,0";"0,0";"0,0";"0,0";"0,0";"0,0";"0,0";"2,0";"0,0";"";"";"";"";"";"";"";"";"";"";"";""
"202420941,0";"2024-08-04";"12:41:00";"COM VÍTIMA";"FINALIZADA";"NOVA DESCOBERTA";"AV NORTE MIGUEL ARRAES DE ALENCAR";"";"";"POSTO BR E NA ENTRADA DO VASCO";"NOVA DESCOBERTA";"";"CIDADE";"COLISÃO TRASEIRA";"0,0";"1,0";"0,0";"0,0";"0,0";"1,0";"0,0";"0,0";"0,0";"1,0";"0,0";"";"";"";"";"";"";"";"";"";"";"";""
"202420946,0";"2024-08-04";"02:48:00";"COM VÍTIMA";"FINALIZADA";"MACAXEIRA";"AV NORTE MIGUEL ARRAES DE ALENCAR";"";"";"EM FRENTE AO TERMINAL DA MACAXEIRA";"MACAXEIRA";"";"";"COLISÃO FRONTAL";"1,0";"1,0";"0,0";"0,0";"0,0";"0,0";"0,0";"0,0";"0,0";"1,0";"0,0";"";"";"";"";"";"";"";"";"";"";"";""
"202420949,0";"2024-08-04";"03:30:00";"COM VÍTIMA";"FINALIZADA";"TOTO";"RUA ONZE DE AGOSTO";"634";"";"EM FRENTE AO BIDU KRAUSE";"TOTO";"";"";"COLISÃO";"0,0";"1,0";"0,0";"0,0";"0,0";"0,0";"0,0";"0,0";"0,0";"1,0";"0,0";"";"";"";"";"";"";"";"";"";"";"";""
"202420951,0";"2024-08-04";"04:08:00";"COM VÍTIMA";"FINALIZADA";"MADALENA";"RUA JOSE BONIFACIO";"205";"";"E/F A GALERIA EXECUTIVE CENTER E A LOJA MEU IPHONE   PROX AO POSTO IPIRANGA";"MADALENA";"";"";"COLISÃO COM CICLISTA";"1,0";"0,0";"0,0";"1,0";"0,0";"0,0";"0,0";"0,0";"0,0";"1,0";"0,0";"";"";"";"";"";"";"";"";"";"";"";""
"202420952,0";"2024-08-04";"04:16:00";"COM VÍTIMA";"FINALIZADA";"AGUA FRIA";"RUA SAO SEBASTIAO";"5324";"";"EM FRENTE A IGREJA AGUA DA VIDA";"AGUA FRIA";"";"";"COLISÃO";"0,0";"0,0";"0,0";"0,0";"0,0";"0,0";"0,0";"0,0";"0,0";"1,0";"0,0";"";"";"";"";"";"";"";"";"";"";"";""
"202420953,0";"2024-08-04";"05:03:00";"COM VÍTIMA";"FINALIZADA";"DERBY";"AV GOVERNADOR AGAMENON MAGALHAES";"";"";"LADO OPOSTO A RESTAURAÇÃO/ NA SUBIDA DO VIADUTO /SENTIDO OLINDA";"DERBY";"";"";"COLISÃO";"0,0";"1,0";"0,0";"0,0";"0,0";"0,0";"0,0";"0,0";"0,0";"1,0";"0,0";"";"";"";"";"";"";"";"";"";"";"";""
"202420955,0";"2024-08-04";"05:03:00";"COM VÍTIMA";"FINALIZADA";"AFOGADOS";"EST DOS REMEDIOS";"1815";"";"PROX AO HYUNDAI";"AFOGADOS";"";"";"COLISÃO LATERAL";"0,0";"1,0";"1,0";"0,0";"0,0";"0,0";"0,0";"0,0";"0,0";"1,0";"0,0";"";"";"";"";"";"";"";"";"";"";"";""
"202421014,0";"2024-08-05";"08:20:00";"COM VÍTIMA";"FINALIZADA";"CAMPO GRANDE";"EST DE BELEM";"";"";"EM FRENTE AO POSTO DE GASOLINA PETRONAC / PROX AO GIRADOURO";"CAMPO GRANDE";"";"";"COLISÃO";"0,0";"1,0";"0,0";"0,0";"0,0";"0,0";"0,0";"0,0";"0,0";"1,0";"0,0";"";"";"";"";"";"";"";"";"";"";"";""
"202421017,0";"2024-08-05";"09:15:00";"COM VÍTIMA";"FINALIZADA";"IBURA";"AV RECIFE";"7571";"";"EM FRENTE A AG PNEUS";"IBURA";"";"";"COLISÃO";"1,0";"1,0";"0,0";"0,0";"0,0";"0,0";"0,0";"0,0";"0,0";"1,0";"0,0";"";"";"";"";"";"";"";"";"";"";"";""
"202421019,0";"2024-08-05";"09:28:00";"COM VÍTIMA";"FINALIZADA";"BOA VIAGEM";"RUA CAPITAO ZUZINHA";"286";"";"PRÓX A GALERIA JARDIM EUROPA";"BOA VIAGEM";"";"";"COLISÃO";"1,0";"0,0";"0,0";"0,0";"0,0";"0,0";"0,0";"0,0";"0,0";"1,0";"0,0";"";"";"";"";"";"";"";"";"";"";"";""
"202421020,0";"2024-08-05";"09:47:00";"COM VÍTIMA";"FINALIZADA";"PRADO";"RUA CARLOS GOMES";"";"";"PROX AO AO JOQUEI CLUBE";"PRADO";"";"";"COLISÃO";"0,0";"1,0";"0,0";"0,0";"0,0";"0,0";"0,0";"0,0";"0,0";"1,0";"0,0";"";"";"";"";"";"";"";"";"";"";"";""
"202421029,0";"2024-08-05";"10:44:00";"COM VÍTIMA";"FINALIZADA";"VASCO DA GAMA";"RUA VASCO DA GAMA";"575";"";"";"VASCO DA GAMA";"";"";"ATROPELAMENTO DE PESSOA";"0,0";"0,0";"0,0";"0,0";"0,0";"0,0";"0,0";"0,0";"0,0";"1,0";"0,0";"";"";"";"";"";"";"";"";"";"";"";""
"202421036,0";"2024-08-05";"12:48:00";"COM VÍTIMA";"FINALIZADA";"JORDAO";"AV MARIA IRENE";"84";"";"NA ENTRADA DO TUNEL FELIPE CAMARÃO , SENTIDO JORDÃO/AEROPORTO";"JORDAO";"";"";"COLISÃO";"0,0";"1,0";"0,0";"0,0";"0,0";"0,0";"0,0";"0,0";"0,0";"1,0";"0,0";"";"";"";"";"";"";"";"";"";"";"";""
"202421037,0";"2024-08-05";"12:51:00";"COM VÍTIMA";"FINALIZADA";"PAISSANDU";"AV GOVERNADOR AGAMENON MAGALHAES";"6771";"";"APÓS O HOSPITAL PORTUGUÊS ( NA CURVA  ANTES DE SUBIR O VIADUT0 )  , SENTIDO BOA VIAGEM";"PAISSANDU";"";"";"COLISÃO";"0,0";"1,0";"0,0";"0,0";"0,0";"0,0";"0,0";"0,0";"0,0";"1,0";"0,0";"";"";"";"";"";"";"";"";"";"";"";""
"202421038,0";"2024-08-05";"01:18:00";"COM VÍTIMA";"FINALIZADA";"SAO JOSE";"RUA DAS CALCADAS";"85";"";"EM FRENTE AO ARMAZEN CORAL";"SAO JOSE";"";"";"COLISÃO";"0,0";"1,0";"0,0";"0,0";"0,0";"0,0";"0,0";"0,0";"0,0";"1,0";"0,0";"";"";"";"";"";"";"";"";"";"";"";""
"202421039,0";"2024-08-05";"01:31:00";"COM VÍTIMA";"FINALIZADA";"LINHA DO TIRO";"RUA URIEL DE HOLANDA";"1346";"";"PROX AO AO CALDINHO DO AMBROSIO";"LINHA DO TIRO";"";"";"COLISÃO";"0,0";"1,0";"0,0";"0,0";"0,0";"0,0";"0,0";"0,0";"0,0";"1,0";"0,0";"";"";"";"";"";"";"";"";"";"";"";""
"202421050,0";"2024-08-05";"06:24:00";"COM VÍTIMA";"DUPLICIDADE";"TORRE";"RUA JOSE BONIFACIO";"272";"";"IGREJA METODISTA";"TORRE";"";"";"COLISÃO";"0,0";"0,0";"0,0";"0,0";"0,0";"0,0";"0,0";"0,0";"0,0";"1,0";"0,0";"";"";"";"";"";"";"";"";"";"";"";""
"202421051,0";"2024-08-05";"06:24:00";"COM VÍTIMA";"FINALIZADA";"MADALENA";"AV VISCONDE DE ALBUQUERQUE";"";"RUA JOSE BONIFACIO";"PRÓX À IGREJA METODISTA E PRÓX SO POSTO DE GASOLINA IPIRANGA";"MADALENA";"";"";"COLISÃO";"1,0";"1,0";"0,0";"0,0";"0,0";"0,0";"0,0";"0,0";"0,0";"1,0";"0,0";"";"";"";"";"";"";"";"";"";"";"";""
"202421056,0";"2024-08-05";"08:35:00";"COM VÍTIMA";"FINALIZADA";"CORDEIRO";"RUA ODETE MONTEIRO";"450";"";"EM FRENTE AO GOE";"CORDEIRO";"";"";"COLISÃO";"1,0";"1,0";"0,0";"0,0";"0,0";"0,0";"0,0";"0,0";"0,0";"1,0";"0,0";"";"";"";"";"";"";"";"";"";"";"";""
"202421059,0";"2024-08-05";"10:41:00";"COM VÍTIMA";"FINALIZADA";"BOA VIAGEM";"RUA CAPITAO ZUZINHA";"";"RUA VISCONDE DE JEQUITINHONHA";"";"BOA VIAGEM";"433,0";"";"COLISÃO TRANSVERSAL";"1,0";"1,0";"0,0";"0,0";"0,0";"0,0";"0,0";"0,0";"0,0";"1,0";"0,0";"";"";"";"";"";"";"";"";"";"";"";""
"202421060,0";"2024-08-05";"11:18:00";"SEM VÍTIMA";"FINALIZADA";"PAISSANDU";"RUA PAISSANDU";"";"";"SOBRE A PONTE SENTIDO SUBÚRBIO";"PAISSANDU";"";"";"COLISÃO TRASEIRA";"2,0";"0,0";"0,0";"0,0";"0,0";"0,0";"0,0";"1,0";"0,0";"0,0";"0,0";"";"";"";"";"";"";"";"";"";"";"";""
"202421105,0";"2024-08-06";"07:31:00";"COM VÍTIMA";"FINALIZADA";"APIPUCOS";"RUA DE APIPUCOS";"1049";"";"EM FRENTE A RESERVA APIPUCOS";"APIPUCOS";"";"";"COLISÃO";"0,0";"1,0";"0,0";"0,0";"0,0";"0,0";"0,0";"0,0";"0,0";"1,0";"0,0";"";"";"";"";"";"";"";"";"";"";"";""
"202421108,0";"2024-08-06";"07:51:00";"SEM VÍTIMA";"FINALIZADA";"BAIRRO DO RECIFE";"RUA ALVARES CABRAL";"";"CAIS DO APOLO";"EM FRENTE AO PORTO DIGITAL";"BAIRRO DO RECIFE";"";"";"COLISÃO";"2,0";"0,0";"0,0";"0,0";"0,0";"0,0";"0,0";"0,0";"0,0";"0,0";"0,0";"";"";"";"";"";"";"";"";"";"";"";""
"202421110,0";"2024-08-06";"08:13:00";"COM VÍTIMA";"FINALIZADA";"SAO JOSE";"AV SUL";"";"";"PRAÇA SERGIO LORETO /  ANTIGO MERCADO DAS FLORES";"SAO JOSE";"";"";"COLISÃO TRASEIRA";"0,0";"2,0";"0,0";"0,0";"0,0";"0,0";"0,0";"0,0";"0,0";"1,0";"0,0";"";"";"";"";"";"";"";"";"";"";"";""
"202421111,0";"2024-08-06";"08:29:00";"COM VÍTIMA";"FINALIZADA";"BOA VIAGEM";"AV DES JOSE NEVES";"";"";"APOS O POSTO DE GASOLINA SHELL, EM FRENTE A OFICINA FERNANDO DAS BATERIAS";"BOA VIAGEM";"";"";"COLISÃO";"0,0";"1,0";"0,0";"0,0";"0,0";"0,0";"0,0";"0,0";"0,0";"1,0";"0,0";"";"";"";"";"";"";"";"";"";"";"";""
"202421114,0";"2024-08-06";"08:47:00";"COM VÍTIMA";"FINALIZADA";"BOA VIAGEM";"RUA RIO AZUL";"";"";"EM FRENTE AO SUPERMERCADO TREVO";"BOA VIAGEM";"";"";"COLISÃO";"0,0";"1,0";"0,0";"0,0";"0,0";"0,0";"0,0";"0,0";"0,0";"1,0";"0,0";"";"";"";"";"";"";"";"";"";"";"";""
"202421126,0";"2024-08-06";"09:40:00";"COM VÍTIMA";"FINALIZADA";"DOIS UNIDOS";"RUA TUPIRACABA";"217";"";"AO LADO DO TERMINAL DOS ÔNIBUS  DO ALTO DO CAPITÃO";"DOIS UNIDOS";"";"";"COLISÃO";"0,0";"1,0";"0,0";"0,0";"0,0";"0,0";"0,0";"0,0";"0,0";"1,0";"0,0";"";"";"";"";"";"";"";"";"";"";"";""
"202421150,0";"2024-08-06";"11:39:00";"COM VÍTIMA";"FINALIZADA";"IMBIRIBEIRA";"AV MARECHAL MASCARENHAS DE MORAES";"";"";"ENFRENTE A ANAC // AEROPORTO";"IMBIRIBEIRA";"";"";"COLISÃO";"0,0";"1,0";"0,0";"0,0";"0,0";"0,0";"0,0";"0,0";"0,0";"1,0";"0,0";"";"";"";"";"";"";"";"";"";"";"";""
"202421151,0";"2024-08-06";"11:39:00";"COM VÍTIMA";"FINALIZADA";"IBURA";"AV JORNALISTA COSTA PORTO";"584";"";"NA DESCIDA DA LADEIRA DE  JARDIM MONTE VERDE  , EM FRENTE AO VAREJÃO DAS RAÇÕES";"IBURA";"";"";"COLISÃO";"0,0";"1,0";"0,0";"0,0";"0,0";"1,0";"0,0";"0,0";"0,0";"2,0";"0,0";"";"";"";"";"";"";"";"";"";"";"";""