"Protocolo";"data";"hora";"natureza";"situacao";"bairro";"endereco";"numero";"detalhe_endereco_acidente";"complemento";"bairro_cruzamento";"num_semaforo";"sentido_via";"tipo";"auto";"moto";"ciclom";"ciclista";"pedestre";"onibus";"caminhao";"viatura";"outros";"vitimas";"vitimasfatais";"acidente_verificado";"tempo_clima";"situacao_semaforo";"sinalizacao";"condicao_via";"conservacao_via";"ponto_controle";"situacao_placa";"velocidade_max_via";"mao_direcao";"divisao_via1";"divisao_via2"
"202421157,0";"2024-08-06";"12:10:00";"COM VÍTIMA";"DUPLICIDADE";"COHAB";"AV JORNALISTA COSTA PORTO";"810";"";"PRÓX A ASSEMBLEIA DE DEUS CAMPOS DO JORDÃO  //  PRÓX. A GIGA MOTOS  // UR-03  IBURA";"COHAB";"";"";"COLISÃO";"0,0";"1,0";"0,0";"0,0";"0,0";"0,0";"0,0";"0,0";"0,0";"1,0";"0,0";"";"";"";"";"";"";"";"";"";"";"";""
"202421162,0";"2024-08-06";"12:41:00";"COM VÍTIMA";"FINALIZADA";"SANTO AMARO";"AV NORTE MIGUEL ARRAES DE ALENCAR";"36";"RUA TREZE DE MAIO";"";"SANTO AMARO";"";"";"COLISÃO";"1,0";"1,0";"0,0";"0,0";"0,0";"0,0";"0,0";"0,0";"0,0";"1,0";"0,0";"";"";"";"";"";"";"";"";"";"";"";""
"202421163,0";"2024-08-06";"12:43:00";"COM VÍTIMA";"FINALIZADA";"BOA VIAGEM";"AV CONSELHEIRO AGUIAR";"4074";"RUA RIBEIRO DE BRITO";"EM FRENTE A FARMACIA PAGUE MENOS  // PRÓX. AO HOLIDAY";"BOA VIAGEM";"";"";"COLISÃO";"1,0";"1,0";"0,0";"0,0";"0,0";"0,0";"0,0";"0,0";"0,0";"1,0";"0,0";"";"";"";"";"";"";"";"";"";"";"";""
"202421164,0";"2024-08-06";"12:46:00";"COM VÍTIMA";"DUPLICIDADE";"SANTO AMARO";"AV NORTE MIGUEL ARRAES DE ALENCAR";"";"";"PROX A CAPOTARIA //  PROX. AO SESC";"SANTO AMARO";"";"";"COLISÃO";"0,0";"1,0";"0,0";"0,0";"0,0";"0,0";"0,0";"0,0";"0,0";"1,0";"0,0";"";"";"";"";"";"";"";"";"";"";"";""
"202421165,0";"2024-08-06";"12:54:00";"COM VÍTIMA";"FINALIZADA";"IBURA";"AV DOIS RIOS";"350";"";"AO LADO DO CRÁS ( IBURA DE BAIXO )";"IBURA";"";"";"COLISÃO";"0,0";"1,0";"0,0";"0,0";"0,0";"0,0";"0,0";"0,0";"0,0";"1,0";"0,0";"";"";"";"";"";"";"";"";"";"";"";""
"202421166,0";"2024-08-06";"01:33:00";"COM VÍTIMA";"FINALIZADA";"CAMPO GRANDE";"RUA DONA ELVIRA";"";"";"PRÓXIMA A QUITANDARIA";"CAMPO GRANDE";"";"";"COLISÃO COM CICLISTA";"0,0";"1,0";"0,0";"1,0";"0,0";"0,0";"0,0";"0,0";"0,0";"1,0";"0,0";"";"";"";"";"";"";"";"";"";"";"";""
"202421172,0";"2024-08-06";"01:42:00";"COM VÍTIMA";"FINALIZADA";"SANTANA";"RUA SANTANA";"";"RUA JORGE GOMES DE SA";"PROXIMO AO PARQUE SANTANA / PROX A ESCOLA NOSSA SENHORA DAS GRAÇAS";"SANTANA";"";"";"COLISÃO COM CICLISTA";"1,0";"0,0";"0,0";"1,0";"0,0";"0,0";"0,0";"0,0";"0,0";"1,0";"0,0";"";"";"";"";"";"";"";"";"";"";"";""
"202421174,0";"2024-08-06";"02:16:00";"COM VÍTIMA";"FINALIZADA";"IMBIRIBEIRA";"AV MARECHAL MASCARENHAS DE MORAES";"";"";"PROX A FACULDADE UNIVERSO/ EM FRENTE A MARAVILHA MOTOS/ SENTIDO AEROPORTO";"IMBIRIBEIRA";"";"";"COLISÃO LATERAL";"0,0";"1,0";"0,0";"0,0";"0,0";"0,0";"1,0";"0,0";"0,0";"1,0";"0,0";"";"";"";"";"";"";"";"";"";"";"";""
"202421176,0";"2024-08-06";"02:21:00";"SEM VÍTIMA";"FINALIZADA";"AFOGADOS";"RUA DR CARLOS ALBERTO DE MENEZES";"53";"";"";"AFOGADOS";"";"";"COLISÃO";"1,0";"0,0";"0,0";"0,0";"0,0";"0,0";"0,0";"0,0";"0,0";"0,0";"0,0";"";"";"";"";"";"";"";"";"";"";"";""
"202421181,0";"2024-08-06";"03:45:00";"COM VÍTIMA";"FINALIZADA";"JOANA BEZERRA";"VDO PAPA JOAO PAULO II";"";"";"";"JOANA BEZERRA";"";"";"QUEDA";"0,0";"1,0";"0,0";"0,0";"0,0";"0,0";"0,0";"0,0";"0,0";"1,0";"0,0";"";"";"";"";"";"";"";"";"";"";"";""
"202421183,0";"2024-08-06";"04:22:00";"COM VÍTIMA";"FINALIZADA";"SAO JOSE";"RUA DAS CALCADAS";"";"";"EM FRENTE AO ATACADO DOS PRESENTES";"SAO JOSE";"";"";"COLISÃO";"0,0";"1,0";"0,0";"0,0";"0,0";"0,0";"0,0";"0,0";"0,0";"1,0";"0,0";"";"";"";"";"";"";"";"";"";"";"";""
"202421189,0";"2024-08-06";"04:51:00";"COM VÍTIMA";"FINALIZADA";"IMBIRIBEIRA";"AV MARECHAL MASCARENHAS DE MORAES";"4229";"";"UPA DA IMBIRIBEIRA";"IMBIRIBEIRA";"";"";"CHOQUE";"0,0";"0,0";"0,0";"0,0";"0,0";"0,0";"0,0";"0,0";"0,0";"1,0";"0,0";"";"";"";"";"";"";"";"";"";"";"";""
"202421191,0";"2024-08-06";"05:16:00";"COM VÍTIMA";"FINALIZADA";"TEJIPIO";"RUA FALCAO DE LACERDA";"532";"";"APOS A ESTACAO DE METRO DE TEJIPIO E PROX A PADARIA DA FABRICA";"TEJIPIO";"";"";"COLISÃO";"0,0";"1,0";"0,0";"0,0";"0,0";"0,0";"0,0";"0,0";"0,0";"1,0";"0,0";"";"";"";"";"";"";"";"";"";"";"";""
"202421194,0";"2024-08-06";"05:42:00";"COM VÍTIMA";"FINALIZADA";"BOA VIAGEM";"AV ENGENHEIRO DOMINGOS FERREIRA";"2512";"";"PROX AO SOS MAOS E ORTOPEDIA, PROX A ELETROMEC, EM FRENTE A FARMACIA PAGUE MENOS";"BOA VIAGEM";"";"";"COLISÃO";"0,0";"1,0";"0,0";"0,0";"0,0";"0,0";"0,0";"0,0";"0,0";"1,0";"0,0";"";"";"";"";"";"";"";"";"";"";"";""
"202421195,0";"2024-08-06";"06:00:00";"COM VÍTIMA";"FINALIZADA";"CASA AMARELA";"RUA ABEL DE SA BEZERRA CAVALCANTI";"101";"";"EM FRENTE AO EDIFICIO DULCE RODRIGUES";"CASA AMARELA";"";"";"COLISÃO LATERAL";"2,0";"0,0";"0,0";"0,0";"0,0";"0,0";"0,0";"0,0";"0,0";"1,0";"0,0";"";"";"";"";"";"";"";"";"";"";"";""
"202421197,0";"2024-08-06";"06:58:00";"COM VÍTIMA";"FINALIZADA";"MADALENA";"RUA BENFICA";"";"";"EM FRENTE A ESCOLA GGE";"MADALENA";"";"";"COLISÃO";"1,0";"0,0";"0,0";"0,0";"0,0";"0,0";"0,0";"0,0";"0,0";"1,0";"0,0";"";"";"";"";"";"";"";"";"";"";"";""
"202421206,0";"2024-08-06";"09:57:00";"COM VÍTIMA";"FINALIZADA";"AFLITOS";"RUA QUARENTA E OITO";"";"RUA CARNEIRO VILELA";"SABOR DO RANCHO";"AFLITOS";"";"";"COLISÃO";"1,0";"1,0";"0,0";"0,0";"0,0";"0,0";"0,0";"0,0";"0,0";"1,0";"0,0";"";"";"";"";"";"";"";"";"";"";"";""
"202421207,0";"2024-08-06";"10:32:00";"COM VÍTIMA";"FINALIZADA";"CORDEIRO";"AV MAURICIO DE NASSAU";"";"RUA N S DA SAUDE";"";"CORDEIRO";"";"";"COLISÃO";"1,0";"1,0";"0,0";"0,0";"0,0";"0,0";"0,0";"0,0";"0,0";"2,0";"0,0";"";"";"";"";"";"";"";"";"";"";"";""
"202421233,0";"2024-08-07";"07:04:00";"COM VÍTIMA";"FINALIZADA";"CASA AMARELA";"AV NORTE MIGUEL ARRAES DE ALENCAR";"";"";"PRÓX. AO SESC //  SENTIDO CIDADE";"CASA AMARELA";"";"";"COLISÃO";"0,0";"1,0";"0,0";"0,0";"0,0";"0,0";"0,0";"0,0";"0,0";"1,0";"0,0";"";"";"";"";"";"";"";"";"";"";"";""
"202421234,0";"2024-08-07";"07:41:00";"COM VÍTIMA";"FINALIZADA";"CAXANGA";"AV CAXANGA";"";"";"PROXIMO A UPA A DA CAXANGA // NO COMEÇO DA PONTE // NA ENTRADA DO UR 7";"CAXANGA";"";"";"COLISÃO";"0,0";"1,0";"0,0";"0,0";"0,0";"0,0";"0,0";"0,0";"0,0";"1,0";"0,0";"";"";"";"";"";"";"";"";"";"";"";""
"202421236,0";"2024-08-07";"07:47:00";"COM VÍTIMA";"FINALIZADA";"TOTO";"RUA JUVENCIO MARQUES DA CUNHA";"93";"";"EM FRENTE A IGREJA CATOLICA DO TOTÓ //  PRÓX. A FARMÁCIA DO TRABALHADOR";"TOTO";"";"";"COLISÃO";"0,0";"1,0";"0,0";"0,0";"0,0";"0,0";"0,0";"0,0";"0,0";"1,0";"0,0";"";"";"";"";"";"";"";"";"";"";"";""
"202421237,0";"2024-08-07";"07:57:00";"COM VÍTIMA";"FINALIZADA";"COELHOS";"LGO DOS COELHOS";"";"";"NA LATERAL DO IMIP";"COELHOS";"";"";"COLISÃO";"0,0";"1,0";"0,0";"0,0";"0,0";"0,0";"0,0";"0,0";"0,0";"1,0";"0,0";"";"";"";"";"";"";"";"";"";"";"";""
"202421241,0";"2024-08-07";"08:29:00";"SEM VÍTIMA";"FINALIZADA";"IPSEP";"AV RECIFE";"";"";"PRÓXIMO À PIZZARIA ATLÂNTICO";"IPSEP";"";"";"COLISÃO";"0,0";"0,0";"0,0";"0,0";"0,0";"0,0";"0,0";"0,0";"0,0";"0,0";"0,0";"";"";"";"";"";"";"";"";"";"";"";""
"202421254,0";"2024-08-07";"09:42:00";"COM VÍTIMA";"FINALIZADA";"BOA VIAGEM";"AV ENGENHEIRO DOMINGOS FERREIRA";"3333";"";"EM FRENTE A GALERIA MARCO ZERO";"BOA VIAGEM";"";"";"COLISÃO";"0,0";"1,0";"0,0";"0,0";"0,0";"0,0";"0,0";"0,0";"0,0";"1,0";"0,0";"";"";"";"";"";"";"";"";"";"";"";""
"202421263,0";"2024-08-07";"10:49:00";"COM VÍTIMA";"FINALIZADA";"CAXANGA";"RUA BENFICA";"1059 R3";"";"EM FRENTE A DPCA // PRÓX. AO MARTELINHO DE OURO .";"CAXANGA";"";"";"COLISÃO";"1,0";"0,0";"0,0";"0,0";"0,0";"0,0";"0,0";"0,0";"0,0";"1,0";"0,0";"";"";"";"";"";"";"";"";"";"";"";""
"202421272,0";"2024-08-07";"11:30:00";"COM VÍTIMA";"FINALIZADA";"PINA";"AV CONSELHEIRO AGUIAR";"476";"";"EM FRENTE AO VERD FRUTT // PRÓX. A YAMAHA //";"PINA";"";"";"COLISÃO";"0,0";"1,0";"0,0";"0,0";"0,0";"0,0";"0,0";"0,0";"0,0";"1,0";"0,0";"";"";"";"";"";"";"";"";"";"";"";""
"202421277,0";"2024-08-07";"12:03:00";"COM VÍTIMA";"FINALIZADA";"DERBY";"AV GOVERNADOR AGAMENON MAGALHAES";"";"";"SENTIDO OLINDA / PROX A BANCO ITAU";"DERBY";"";"";"COLISÃO";"0,0";"1,0";"0,0";"0,0";"0,0";"0,0";"0,0";"0,0";"0,0";"1,0";"0,0";"";"";"";"";"";"";"";"";"";"";"";""
"202421293,0";"2024-08-07";"03:15:00";"COM VÍTIMA";"FINALIZADA";"IPSEP";"RUA DR RAPOSO PINTO";"113";"";"EM FRENTE AO DEPAULO CAR";"IPSEP";"";"";"COLISÃO";"0,0";"1,0";"0,0";"0,0";"0,0";"0,0";"0,0";"0,0";"0,0";"1,0";"0,0";"";"";"";"";"";"";"";"";"";"";"";""
"202421296,0";"2024-08-07";"03:43:00";"COM VÍTIMA";"FINALIZADA";"AREIAS";"AV DR JOSE RUFINO";"2826";"";"EM FRENTE À DROGASIL E PRÓX À IGREJA PRESBISTERIANA. NA ENTRADA DE JARDIM SÃO PAULO";"AREIAS";"";"";"COLISÃO";"0,0";"1,0";"0,0";"0,0";"0,0";"0,0";"0,0";"0,0";"0,0";"1,0";"0,0";"";"";"";"";"";"";"";"";"";"";"";""
"202421310,0";"2024-08-07";"06:02:00";"COM VÍTIMA";"FINALIZADA";"BOA VIAGEM";"AV CONSELHEIRO AGUIAR";"";"";"PROX A LOJA BIA GUIRÃO";"BOA VIAGEM";"";"";"COLISÃO LATERAL";"1,0";"1,0";"0,0";"0,0";"0,0";"0,0";"0,0";"0,0";"0,0";"1,0";"0,0";"";"";"";"";"";"";"";"";"";"";"";""
"202421311,0";"2024-08-07";"06:05:00";"COM VÍTIMA";"FINALIZADA";"PINA";"AV ANTONIO DE GOES";"";"";"NA SAIDA DO TUNEO DO SHOPPING RIO MAR / PROX A PRF";"PINA";"";"";"COLISÃO";"0,0";"1,0";"0,0";"0,0";"0,0";"0,0";"0,0";"0,0";"0,0";"1,0";"0,0";"";"";"";"";"";"";"";"";"";"";"";""
"202421312,0";"2024-08-07";"06:07:00";"COM VÍTIMA";"DUPLICIDADE";"PINA";"AV ENGENHEIRO DOMINGOS FERREIRA";"1089";"";"EM FRENTE AO CONDOMÍNIO AMAZONAS E EM FRENTE A CUMBI COSMÉTICOS";"PINA";"";"";"COLISÃO";"0,0";"1,0";"0,0";"0,0";"0,0";"0,0";"0,0";"0,0";"0,0";"1,0";"0,0";"";"";"";"";"";"";"";"";"";"";"";""
"202421330,0";"2024-08-07";"06:45:00";"COM VÍTIMA";"FINALIZADA";"VARZEA";"RUA GASTAO VIDIGAL";"679";"";"REPOUSO DAS 22 ÀS 02H";"VARZEA";"";"";"COLISÃO";"0,0";"1,0";"0,0";"0,0";"0,0";"0,0";"0,0";"0,0";"0,0";"1,0";"0,0";"";"";"";"";"";"";"";"";"";"";"";""
"202421332,0";"2024-08-07";"07:14:00";"SEM VÍTIMA";"FINALIZADA";"CAXANGA";"AV CAXANGA";"";"";"AO LADO DO GOLF CLUBE SENTIDO CAMARAGIBE";"CAXANGA";"";"";"COLISÃO";"1,0";"0,0";"0,0";"0,0";"0,0";"1,0";"0,0";"0,0";"0,0";"0,0";"0,0";"";"";"";"";"";"";"";"";"";"";"";""
"202421337,0";"2024-08-07";"08:03:00";"COM VÍTIMA";"FINALIZADA";"BREJO DA GUABIRABA";"AV DA RECUPERACAO";"";"";"ENFRENTE A COREMAL";"BREJO DA GUABIRABA";"";"SUBURBIO";"ATROPELAMENTO DE PESSOA";"0,0";"0,0";"0,0";"0,0";"1,0";"1,0";"0,0";"0,0";"0,0";"1,0";"0,0";"";"";"";"";"";"";"";"";"";"";"";""
"202421338,0";"2024-08-07";"08:20:00";"COM VÍTIMA";"FINALIZADA";"CAXANGA";"";"2811";"";"PRÓXIMO  A MASSARELA, SENTIDO  CIDADE";"CAXANGA";"";"SUBURBIO";"COLISÃO LATERAL";"1,0";"1,0";"0,0";"0,0";"0,0";"0,0";"0,0";"0,0";"0,0";"1,0";"0,0";"";"";"";"";"";"";"";"";"";"";"";""
"202421348,0";"2024-08-07";"11:03:00";"COM VÍTIMA";"FINALIZADA";"IPUTINGA";"RUA SAO MATEUS";"";"AV MAURICIO DE NASSAU";"REF: SOB O SEMÁFORO";"IPUTINGA";"239,0";"";"COLISÃO LATERAL";"0,0";"2,0";"0,0";"0,0";"0,0";"0,0";"0,0";"0,0";"0,0";"1,0";"0,0";"";"";"";"";"";"";"";"";"";"";"";""
"202421365,0";"2024-08-08";"07:01:00";"COM VÍTIMA";"FINALIZADA";"BOA VIAGEM";"RUA ERNESTO DE PAULA SANTOS";"315";"AV ENGENHEIRO DOMINGOS FERREIRA";"EM FRENTE A CONSTACE / PROX AO NUMERO 315 / ESQUINA COM A DOMINGOS FERREIRA";"BOA VIAGEM";"";"";"COLISÃO";"0,0";"1,0";"0,0";"0,0";"0,0";"0,0";"0,0";"0,0";"0,0";"1,0";"0,0";"";"";"";"";"";"";"";"";"";"";"";""
"202421368,0";"2024-08-08";"07:54:00";"COM VÍTIMA";"FINALIZADA";"CORREGO DO JENIPAPO";"AV NORTE MIGUEL ARRAES DE ALENCAR";"9361";"";"NO RETORNO DA INTEGRAÇÃO DA MACAXEIRA  //  NA ENTRADA DO CÓRREGO DO JENIPAPO";"CORREGO DO JENIPAPO";"";"";"COLISÃO";"1,0";"1,0";"0,0";"0,0";"0,0";"0,0";"0,0";"0,0";"0,0";"1,0";"0,0";"";"";"";"";"";"";"";"";"";"";"";""
"202421372,0";"2024-08-08";"08:13:00";"COM VÍTIMA";"FINALIZADA";"SANTO AMARO";"RUA COELHO LEITE";"630";"";"PRÓX. A EMPRESA CEP  E AO SESC DE SANTO AMARO";"SANTO AMARO";"";"";"COLISÃO LATERAL";"1,0";"1,0";"0,0";"0,0";"0,0";"0,0";"0,0";"0,0";"0,0";"1,0";"0,0";"";"";"";"";"";"";"";"";"";"";"";""
"202421382,0";"2024-08-08";"09:07:00";"COM VÍTIMA";"FINALIZADA";"DOIS IRMAOS";"RUA MANUEL DE MEDEIROS";"";"";"EM FRENTE A UNIVERSIDADE RURAL";"DOIS IRMAOS";"";"";"COLISÃO";"0,0";"1,0";"0,0";"0,0";"0,0";"0,0";"0,0";"0,0";"0,0";"1,0";"0,0";"";"";"";"";"";"";"";"";"";"";"";""
"202421424,0";"2024-08-08";"01:34:00";"COM VÍTIMA";"FINALIZADA";"CASA AMARELA";"RUA PADRE LEMOS";"518";"";"PRÓXIMO AO MERCADO DE CASA AMARELA";"CASA AMARELA";"";"";"COLISÃO COM CICLISTA";"0,0";"0,0";"0,0";"1,0";"0,0";"0,0";"0,0";"0,0";"0,0";"1,0";"0,0";"";"";"";"";"";"";"";"";"";"";"";""
"202421427,0";"2024-08-08";"01:52:00";"COM VÍTIMA";"FINALIZADA";"SANTO AMARO";"AV CRUZ CABUGA";"";"";"E/F CTTU";"SANTO AMARO";"";"";"COLISÃO";"0,0";"2,0";"0,0";"0,0";"0,0";"0,0";"0,0";"0,0";"0,0";"1,0";"0,0";"";"";"";"";"";"";"";"";"";"";"";""
"202421431,0";"2024-08-08";"03:07:00";"COM VÍTIMA";"FINALIZADA";"JOANA BEZERRA";"VIADUTO CAPITAO TEMUDO";"114";"";"ENCIMA DO VIADUTO";"JOANA BEZERRA";"";"";"COLISÃO";"0,0";"1,0";"0,0";"0,0";"0,0";"0,0";"0,0";"0,0";"0,0";"1,0";"0,0";"";"";"";"";"";"";"";"";"";"";"";""
"202421432,0";"2024-08-08";"03:20:00";"COM VÍTIMA";"FINALIZADA";"CAXANGA";"AV CAXANGA";"8171";"";"PROX AO BANCO SANTANDER";"CAXANGA";"";"";"COLISÃO";"0,0";"1,0";"0,0";"0,0";"0,0";"0,0";"0,0";"0,0";"0,0";"1,0";"0,0";"";"";"";"";"";"";"";"";"";"";"";""
"202421447,0";"2024-08-08";"04:25:00";"COM VÍTIMA";"FINALIZADA";"BOA VIAGEM";"RUA BARAO DE SOUZA LEAO";"779";"";"AO LADO DO MAR HOTEL";"BOA VIAGEM";"";"";"COLISÃO";"0,0";"1,0";"0,0";"0,0";"0,0";"0,0";"0,0";"0,0";"0,0";"1,0";"0,0";"";"";"";"";"";"";"";"";"";"";"";""
"202421449,0";"2024-08-08";"04:34:00";"SEM VÍTIMA";"FINALIZADA";"TEJIPIO";"RUA ADOLFO CORREIA";"226";"";"EM FRENTE AO BAR DONA IVONETE";"TEJIPIO";"";"";"COLISÃO LATERAL";"2,0";"0,0";"0,0";"0,0";"0,0";"0,0";"0,0";"0,0";"0,0";"0,0";"0,0";"";"";"";"";"";"";"";"";"";"";"";""
"202421451,0";"2024-08-08";"05:02:00";"COM VÍTIMA";"CANCELADA";"GUABIRABA";"AV DA RECUPERACAO";"3407";"";"EM FRENTE A EMPRESA BRASIL GUINDASTES - DEPOIS DO CT DO NAUTICO";"GUABIRABA";"";"";"COLISÃO";"0,0";"1,0";"0,0";"0,0";"0,0";"0,0";"0,0";"0,0";"0,0";"1,0";"0,0";"";"";"";"";"";"";"";"";"";"";"";""
"202421452,0";"2024-08-08";"05:35:00";"COM VÍTIMA";"FINALIZADA";"BOA VIAGEM";"AV ARMINDO MOURA";"7074";"RUA DR ULYSSES LINS DE ALBUQUERQUE";"PROX AO COMAR";"BOA VIAGEM";"";"";"COLISÃO FRONTAL";"1,0";"1,0";"0,0";"0,0";"0,0";"0,0";"0,0";"0,0";"0,0";"1,0";"0,0";"";"";"";"";"";"";"";"";"";"";"";""
"202421456,0";"2024-08-08";"05:56:00";"COM VÍTIMA";"FINALIZADA";"BOA VISTA";"AV CONDE DA BOA VISTA";"";"RUA DO HOSPICIO";"";"BOA VISTA";"";"";"ATROPELAMENTO DE PESSOA";"0,0";"0,0";"0,0";"0,0";"1,0";"1,0";"0,0";"0,0";"0,0";"1,0";"0,0";"";"";"";"";"";"";"";"";"";"";"";""
"202421457,0";"2024-08-08";"06:45:00";"COM VÍTIMA";"DUPLICIDADE";"BOA VIAGEM";"AV ARMINDO MOURA";"581";"";"PRX A MORADIA DA AERONAUTICA";"BOA VIAGEM";"";"";"COLISÃO";"0,0";"1,0";"0,0";"0,0";"0,0";"0,0";"0,0";"0,0";"0,0";"1,0";"0,0";"";"";"";"";"";"";"";"";"";"";"";""
"202421467,0";"2024-08-08";"08:23:00";"COM VÍTIMA";"FINALIZADA";"IMBIRIBEIRA";"RUA JOAQUIM BANDEIRA";"";"AV SUL";"SOB PONTILHÃO DA ESTAÇÃO DE METRO ANTONIO FALCAO";"IMBIRIBEIRA";"";"";"COLISÃO TRANSVERSAL";"2,0";"0,0";"0,0";"0,0";"0,0";"0,0";"0,0";"0,0";"0,0";"1,0";"0,0";"";"";"";"";"";"";"";"";"";"";"";""
"202421473,0";"2024-08-08";"11:42:00";"COM VÍTIMA";"FINALIZADA";"CASA AMARELA";"RUA CONS PERETTI";"115";"RUA OSCAR DE BARROS";"";"CASA AMARELA";"";"";"COLISÃO";"0,0";"1,0";"0,0";"0,0";"0,0";"1,0";"0,0";"0,0";"0,0";"1,0";"0,0";"";"";"";"";"";"";"";"";"";"";"";""
"202421489,0";"2024-08-09";"06:30:00";"COM VÍTIMA";"FINALIZADA";"CAXANGA";"AV CAXANGA";"";"";"AO LADO DA UPA DA CAXANGÁ";"CAXANGA";"";"";"ATROPELAMENTO DE PESSOA";"0,0";"1,0";"0,0";"0,0";"1,0";"0,0";"0,0";"0,0";"0,0";"1,0";"0,0";"";"";"";"";"";"";"";"";"";"";"";""
"202421495,0";"2024-08-09";"07:07:00";"COM VÍTIMA";"FINALIZADA";"BOA VIAGEM";"RUA BALTAZAR PASSOS";"677";"";"PRÓX. A CAFETERIA SÃO BRAZ";"BOA VIAGEM";"";"";"COLISÃO FRONTAL";"1,0";"1,0";"0,0";"0,0";"0,0";"0,0";"0,0";"0,0";"0,0";"1,0";"0,0";"";"";"";"";"";"";"";"";"";"";"";""
"202421500,0";"2024-08-09";"07:39:00";"COM VÍTIMA";"FINALIZADA";"CAMPO GRANDE";"AV PROFESSOR JOSE DOS ANJOS";"";"";"AO LADO DA ECO ESTAÇÃO, NO INCIO DO CANAL DO ARRUDA";"CAMPO GRANDE";"";"";"COLISÃO";"1,0";"1,0";"0,0";"0,0";"0,0";"0,0";"0,0";"0,0";"0,0";"2,0";"0,0";"";"";"";"";"";"";"";"";"";"";"";""
"202421514,0";"2024-08-09";"09:44:00";"COM VÍTIMA";"FINALIZADA";"CAMPO GRANDE";"RUA ODORICO MENDES";"662";"";"PRÓX. AO CLUBE DAS ASPÁS";"CAMPO GRANDE";"";"";"COLISÃO LATERAL";"1,0";"1,0";"0,0";"0,0";"0,0";"0,0";"0,0";"0,0";"0,0";"1,0";"0,0";"";"";"";"";"";"";"";"";"";"";"";""
"202421531,0";"2024-08-09";"10:52:00";"COM VÍTIMA";"FINALIZADA";"BOA VIAGEM";"AV CONSELHEIRO AGUIAR";"1839";"";"CRUZAMENTO COM A RUA ANTÔNIO FALCÃO // EM FRENTE AO EMPRESARIAL OTAVIANO DIAS  E DO SEMÁFORO  006";"BOA VIAGEM";"";"";"COLISÃO";"1,0";"1,0";"0,0";"0,0";"0,0";"0,0";"0,0";"0,0";"0,0";"1,0";"0,0";"";"";"";"";"";"";"";"";"";"";"";""
"202421536,0";"2024-08-09";"11:24:00";"COM VÍTIMA";"FINALIZADA";"BOMBA DO HEMETERIO";"RUA BOMBA DO HEMETERIO";"435";"";"EM FRENTE A FUNERÁRIA CANAÃ";"BOMBA DO HEMETERIO";"";"";"COLISÃO";"0,0";"1,0";"0,0";"0,0";"0,0";"0,0";"0,0";"0,0";"0,0";"1,0";"0,0";"";"";"";"";"";"";"";"";"";"";"";""
"202421538,0";"2024-08-09";"11:39:00";"COM VÍTIMA";"FINALIZADA";"PARNAMIRIM";"AV FLOR DE SANTANA";"";"";"AO LADO DA BURGUER KING";"PARNAMIRIM";"";"";"COLISÃO FRONTAL";"1,0";"1,0";"0,0";"0,0";"0,0";"0,0";"0,0";"0,0";"0,0";"1,0";"0,0";"";"";"";"";"";"";"";"";"";"";"";""
"202421551,0";"2024-08-09";"12:41:00";"COM VÍTIMA";"FINALIZADA";"ESPINHEIRO";"RUA DA HORA";"366";"";"PRÓX A CAIXA ECONÔMICA  //  PRÓX. A HAP  VIDA";"ESPINHEIRO";"";"";"COLISÃO";"0,0";"1,0";"0,0";"0,0";"0,0";"0,0";"0,0";"0,0";"0,0";"1,0";"0,0";"";"";"";"";"";"";"";"";"";"";"";""
"202421564,0";"2024-08-09";"02:38:00";"COM VÍTIMA";"FINALIZADA";"NOVA DESCOBERTA";"AV VEREADOR OTACILIO AZEVEDO";"";"";"PROX A UPA NOVA DESCOBERTA";"NOVA DESCOBERTA";"";"";"COLISÃO";"0,0";"1,0";"0,0";"0,0";"0,0";"0,0";"0,0";"0,0";"0,0";"1,0";"0,0";"";"";"";"";"";"";"";"";"";"";"";""
"202421571,0";"2024-08-09";"03:33:00";"COM VÍTIMA";"FINALIZADA";"ESTANCIA";"AV RECIFE";"";"";"EM FRENTE AO ATACADAO";"ESTANCIA";"";"";"COLISÃO";"0,0";"1,0";"0,0";"0,0";"0,0";"0,0";"0,0";"0,0";"0,0";"1,0";"0,0";"";"";"";"";"";"";"";"";"";"";"";""
"202421573,0";"2024-08-09";"04:42:00";"COM VÍTIMA";"FINALIZADA";"TAMARINEIRA";"EST DO ARRAIAL";"2342";"";"E/F AO POSTO IPIRANJA    E O EDF JOIA";"TAMARINEIRA";"";"";"COLISÃO TRASEIRA";"1,0";"1,0";"1,0";"0,0";"0,0";"0,0";"0,0";"0,0";"0,0";"1,0";"0,0";"";"";"";"";"";"";"";"";"";"";"";""
"202421583,0";"2024-08-09";"06:29:00";"COM VÍTIMA";"FINALIZADA";"PARNAMIRIM";"EST DO ENCANAMENTO";"261";"";"EM FRENTE A ESCOLA ESTADUAL JOSE VILELA E PROX AO CLUBE ALEMAO";"PARNAMIRIM";"";"";"COLISÃO";"0,0";"1,0";"0,0";"0,0";"0,0";"0,0";"0,0";"0,0";"0,0";"1,0";"0,0";"";"";"";"";"";"";"";"";"";"";"";""