"Protocolo";"data";"hora";"natureza";"situacao";"bairro";"endereco";"numero";"detalhe_endereco_acidente";"complemento";"bairro_cruzamento";"num_semaforo";"sentido_via";"tipo";"auto";"moto";"ciclom";"ciclista";"pedestre";"onibus";"caminhao";"viatura";"outros";"vitimas";"vitimasfatais";"acidente_verificado";"tempo_clima";"situacao_semaforo";"sinalizacao";"condicao_via";"conservacao_via";"ponto_controle";"situacao_placa";"velocidade_max_via";"mao_direcao";"divisao_via1";"divisao_via2"
"202422518,0";"2024-08-19";"07:59:00";"COM VÍTIMA";"FINALIZADA";"AGUA FRIA";"EST VELHA DE AGUA FRIA";"571";"";"EM FRENTE PINTE MAIS";"AGUA FRIA";"";"";"COLISÃO";"0,0";"1,0";"0,0";"1,0";"0,0";"0,0";"0,0";"0,0";"0,0";"2,0";"0,0";"";"";"";"";"";"";"";"";"";"";"";""
"202422520,0";"2024-08-19";"08:03:00";"COM VÍTIMA";"DUPLICIDADE";"TAMARINEIRA";"RUA CONEGO BARATA";"13";"";"PRÓX. A FERREIRA COSTA";"TAMARINEIRA";"";"";"COLISÃO";"0,0";"1,0";"0,0";"0,0";"0,0";"0,0";"0,0";"0,0";"0,0";"1,0";"0,0";"";"";"";"";"";"";"";"";"";"";"";""
"202422525,0";"2024-08-19";"08:47:00";"COM VÍTIMA";"FINALIZADA";"IMBIRIBEIRA";"AV MARECHAL MASCARENHAS DE MORAES";"";"";"APOS O GERALDÃO PROX A FERRFEIRA COSTA";"IMBIRIBEIRA";"";"";"COLISÃO";"1,0";"1,0";"0,0";"0,0";"0,0";"0,0";"0,0";"0,0";"0,0";"1,0";"0,0";"";"";"";"";"";"";"";"";"";"";"";""
"202422526,0";"2024-08-19";"08:49:00";"COM VÍTIMA";"DUPLICIDADE";"IMBIRIBEIRA";"AV MARECHAL MASCARENHAS DE MORAES";"2423 R4";"";"EM FRENTE A LOJA PORCH //  PRÓ. AO DESKONTÃO";"IMBIRIBEIRA";"";"";"COLISÃO";"0,0";"1,0";"0,0";"0,0";"0,0";"0,0";"0,0";"0,0";"0,0";"1,0";"0,0";"";"";"";"";"";"";"";"";"";"";"";""
"202422527,0";"2024-08-19";"08:51:00";"COM VÍTIMA";"FINALIZADA";"MANGUEIRA";"RUA SAO MIGUEL";"1357";"";"PRÓX. A PADARIA LISBOA";"MANGUEIRA";"";"";"COLISÃO";"0,0";"1,0";"0,0";"0,0";"0,0";"0,0";"0,0";"0,0";"0,0";"1,0";"0,0";"";"";"";"";"";"";"";"";"";"";"";""
"202422529,0";"2024-08-19";"09:47:00";"COM VÍTIMA";"FINALIZADA";"ENCRUZILHADA";"AV BEBERIBE";"335";"";"EM FRENTE AO BANCO DO BRASIL";"ENCRUZILHADA";"";"";"COLISÃO TRASEIRA";"1,0";"1,0";"0,0";"0,0";"0,0";"0,0";"0,0";"0,0";"0,0";"1,0";"0,0";"";"";"";"";"";"";"";"";"";"";"";""
"202422530,0";"2024-08-19";"09:53:00";"COM VÍTIMA";"FINALIZADA";"BOA VIAGEM";"RUA COSMORAMA";"1010 R4";"";"EM FRENTE AO CLUBE DAS ÁGUIAS";"BOA VIAGEM";"";"";"COLISÃO";"0,0";"1,0";"0,0";"0,0";"0,0";"0,0";"0,0";"0,0";"0,0";"1,0";"0,0";"";"";"";"";"";"";"";"";"";"";"";""
"202422531,0";"2024-08-19";"09:47:00";"COM VÍTIMA";"FINALIZADA";"CASA AMARELA";"RUA PADRE LEMOS";"377";"";"EM FRENTE AO GRAU TÉCNICO";"CASA AMARELA";"";"";"COLISÃO";"0,0";"1,0";"0,0";"0,0";"0,0";"0,0";"0,0";"0,0";"0,0";"1,0";"0,0";"";"";"";"";"";"";"";"";"";"";"";""
"202422548,0";"2024-08-19";"01:10:00";"COM VÍTIMA";"FINALIZADA";"CAXANGA";"AV JOAQUIM RIBEIRO";"333";"";"SAINDO DE CAMARAGIBE SENTIDO CAXANGÁ / EM FRENTE A UNINASSAU";"CAXANGA";"";"";"COLISÃO";"1,0";"1,0";"0,0";"0,0";"0,0";"0,0";"0,0";"0,0";"0,0";"1,0";"0,0";"";"";"";"";"";"";"";"";"";"";"";""
"202422553,0";"2024-08-19";"02:17:00";"COM VÍTIMA";"FINALIZADA";"MADALENA";"EST DO BONGI";"613";"";"EM FRENTE AO MINUTO PAO DE AÇUCAR";"MADALENA";"";"";"COLISÃO";"0,0";"1,0";"0,0";"0,0";"0,0";"0,0";"0,0";"0,0";"0,0";"1,0";"0,0";"";"";"";"";"";"";"";"";"";"";"";""
"202422555,0";"2024-08-19";"02:43:00";"COM VÍTIMA";"DUPLICIDADE";"AFOGADOS";"RUA COSME VIANA";"";"";"PROX A IMBIRIBEIRA VEICULOS";"AFOGADOS";"";"";"COLISÃO";"0,0";"1,0";"0,0";"0,0";"0,0";"0,0";"0,0";"0,0";"0,0";"1,0";"0,0";"";"";"";"";"";"";"";"";"";"";"";""
"202422556,0";"2024-08-19";"02:44:00";"COM VÍTIMA";"FINALIZADA";"CASA AMARELA";"AV NORTE MIGUEL ARRAES DE ALENCAR";"";"";"PROX A SUBIDA DO MORRO , EM FRENTE AO ANTIGO NUCLEO DE APOIO";"CASA AMARELA";"";"";"COLISÃO";"0,0";"1,0";"0,0";"0,0";"0,0";"0,0";"0,0";"0,0";"0,0";"1,0";"0,0";"";"";"";"";"";"";"";"";"";"";"";""
"202422557,0";"2024-08-19";"02:47:00";"COM VÍTIMA";"FINALIZADA";"ENCRUZILHADA";"AV NORTE MIGUEL ARRAES DE ALENCAR";"2315";"";"E/F AO RECIFE PISTOL  CLUBE DE TIRO S/T CID";"ENCRUZILHADA";"";"";"COLISÃO LATERAL";"1,0";"1,0";"0,0";"0,0";"0,0";"0,0";"0,0";"0,0";"0,0";"1,0";"0,0";"";"";"";"";"";"";"";"";"";"";"";""
"202422558,0";"2024-08-19";"03:05:00";"COM VÍTIMA";"FINALIZADA";"TORRE";"RUA REAL DA TORRE";"";"";"PACIENTE EM FRENTE A GALERIA MARIA E JOAO";"TORRE";"";"";"COLISÃO";"0,0";"1,0";"0,0";"0,0";"0,0";"0,0";"0,0";"0,0";"0,0";"1,0";"0,0";"";"";"";"";"";"";"";"";"";"";"";""
"202422559,0";"2024-08-19";"03:13:00";"COM VÍTIMA";"FINALIZADA";"MACAXEIRA";"AV NORTE MIGUEL ARRAES DE ALENCAR";"7410";"";"E/F A PRAÇA DA MACAXEIRA";"MACAXEIRA";"";"";"QUEDA";"0,0";"1,0";"0,0";"0,0";"0,0";"0,0";"0,0";"0,0";"0,0";"1,0";"0,0";"";"";"";"";"";"";"";"";"";"";"";""
"202422564,0";"2024-08-19";"03:39:00";"COM VÍTIMA";"FINALIZADA";"CAMPO GRANDE";"EST DE BELEM";"";"RUA SAO CAETANO";"PROX A IMOBILIARIA REI MAX";"CAMPO GRANDE";"";"CIDADE";"COLISÃO LATERAL";"1,0";"1,0";"0,0";"0,0";"0,0";"0,0";"0,0";"0,0";"0,0";"1,0";"0,0";"";"";"";"";"";"";"";"";"";"";"";""
"202422566,0";"2024-08-19";"04:20:00";"COM VÍTIMA";"FINALIZADA";"IMBIRIBEIRA";"AV MARECHAL MASCARENHAS DE MORAES";"";"";"PROX AO AEROPORTO  NO GIRADOURO DO VIADUTO  S/T JABOIATAO";"IMBIRIBEIRA";"";"";"CHOQUE";"0,0";"1,0";"0,0";"0,0";"0,0";"0,0";"0,0";"0,0";"0,0";"1,0";"0,0";"";"";"";"";"";"";"";"";"";"";"";""
"202422573,0";"2024-08-19";"05:39:00";"COM VÍTIMA";"FINALIZADA";"CASA FORTE";"EST DAS UBAIAS";"";"";"PROXIMO AO INSTITUTO DE OLHOS FERNANDO VENTURA";"CASA FORTE";"";"";"COLISÃO TRASEIRA";"1,0";"1,0";"0,0";"0,0";"0,0";"0,0";"0,0";"0,0";"0,0";"1,0";"0,0";"";"";"";"";"";"";"";"";"";"";"";""
"202422576,0";"2024-08-19";"05:53:00";"COM VÍTIMA";"FINALIZADA";"ESTANCIA";"AV RECIFE";"";"";"EM FRENTE AO ATACADÃO/ SETINDO CAXANGA";"ESTANCIA";"";"";"COLISÃO LATERAL";"1,0";"1,0";"0,0";"0,0";"0,0";"0,0";"0,0";"0,0";"0,0";"1,0";"0,0";"";"";"";"";"";"";"";"";"";"";"";""
"202422598,0";"2024-08-19";"06:54:00";"COM VÍTIMA";"FINALIZADA";"CORREGO DO JENIPAPO";"AV DA RECUPERACAO";"S/N";"";"EM FRENTE A UPINHA";"CORREGO DO JENIPAPO";"";"";"COLISÃO LATERAL";"1,0";"1,0";"0,0";"0,0";"0,0";"0,0";"0,0";"0,0";"0,0";"1,0";"0,0";"";"";"";"";"";"";"";"";"";"";"";""
"202422606,0";"2024-08-19";"10:50:00";"COM VÍTIMA";"FINALIZADA";"AFOGADOS";"RUA SAO MIGUEL";"1400";"";"PROXIMO AO BODE DO NÓ";"AFOGADOS";"";"";"COLISÃO";"1,0";"1,0";"0,0";"0,0";"0,0";"0,0";"0,0";"0,0";"0,0";"1,0";"0,0";"";"";"";"";"";"";"";"";"";"";"";""
"202422612,0";"2024-08-20";"04:36:00";"SEM VÍTIMA";"FINALIZADA";"BOA VIAGEM";"AV ENGENHEIRO DOMINGOS FERREIRA";"";"";"EM FRENTE AO CARREFOUR";"BOA VIAGEM";"145,0";"";"CAPOTAMENTO";"2,0";"0,0";"0,0";"0,0";"0,0";"0,0";"0,0";"0,0";"0,0";"0,0";"0,0";"";"";"";"";"";"";"";"";"";"";"";""
"202422622,0";"2024-08-20";"06:30:00";"COM VÍTIMA";"FINALIZADA";"BEBERIBE";"AV BEBERIBE";"";"";"PROX. AO POSTO DE GASOLINA M23 E BACANAS LOJA";"BEBERIBE";"";"";"COLISÃO";"0,0";"1,0";"0,0";"0,0";"0,0";"0,0";"0,0";"0,0";"0,0";"1,0";"0,0";"";"";"";"";"";"";"";"";"";"";"";""
"202422625,0";"2024-08-20";"07:25:00";"COM VÍTIMA";"FINALIZADA";"CASA FORTE";"AV DEZESSETE DE AGOSTO";"";"RUA ALFREDO FERNANDES";"NA FRENTE DO PLASA";"CASA FORTE";"345,0";"";"COLISÃO COM CICLISTA";"1,0";"0,0";"0,0";"1,0";"0,0";"0,0";"0,0";"0,0";"0,0";"1,0";"0,0";"";"";"";"";"";"";"";"";"";"";"";""
"202422626,0";"2024-08-20";"07:30:00";"COM VÍTIMA";"FINALIZADA";"SANTO AMARO";"AV GOVERNADOR AGAMENON MAGALHAES";"";"";"PROX. AO POSTO BR, APOS O SHOPPING TACARUNA";"SANTO AMARO";"";"";"COLISÃO";"0,0";"1,0";"0,0";"0,0";"0,0";"0,0";"0,0";"0,0";"0,0";"1,0";"0,0";"";"";"";"";"";"";"";"";"";"";"";""
"202422629,0";"2024-08-20";"08:10:00";"COM VÍTIMA";"FINALIZADA";"SANTO AMARO";"AV GOVERNADOR AGAMENON MAGALHAES";"6324";"";"SENTIDO OLINA  // PRÓX. AO HOSPITAL DA RESTAURAÇÃO //  EM FRENTE AO HOSPITAL PORTUGUÊS";"SANTO AMARO";"";"";"COLISÃO";"0,0";"1,0";"0,0";"0,0";"0,0";"0,0";"0,0";"0,0";"0,0";"1,0";"0,0";"";"";"";"";"";"";"";"";"";"";"";""
"202422633,0";"2024-08-20";"08:33:00";"COM VÍTIMA";"FINALIZADA";"GRACAS";"RUA JOAO RAMOS";"";"AV RUI BARBOSA";"PROX. A CASA DOS FRIOS";"GRACAS";"";"";"COLISÃO LATERAL";"1,0";"1,0";"0,0";"0,0";"0,0";"0,0";"0,0";"0,0";"0,0";"1,0";"0,0";"";"";"";"";"";"";"";"";"";"";"";""
"202422635,0";"2024-08-20";"08:48:00";"COM VÍTIMA";"FINALIZADA";"BOA VISTA";"AV GOVERNADOR AGAMENON MAGALHAES";"";"";"PROXIMO AO ESPAÇO JURIDICO";"BOA VISTA";"";"";"COLISÃO";"0,0";"2,0";"0,0";"0,0";"0,0";"0,0";"0,0";"0,0";"0,0";"2,0";"0,0";"";"";"";"";"";"";"";"";"";"";"";""
"202422637,0";"2024-08-20";"08:54:00";"COM VÍTIMA";"FINALIZADA";"ILHA JOANA BEZERRA";"VIADUTO CAPITAO TEMUDO";"";"";"EM CIMA DO VIADUTO SENT. SHOPPING RIO MAR";"ILHA JOANA BEZERRA";"";"";"COLISÃO";"0,0";"1,0";"0,0";"0,0";"0,0";"0,0";"0,0";"0,0";"0,0";"1,0";"0,0";"";"";"";"";"";"";"";"";"";"";"";""
"202422642,0";"2024-08-20";"09:51:00";"COM VÍTIMA";"FINALIZADA";"BONGI";"TRV ESTRADA DO BONGI";"";"";"ENTRADA EM FRENTE A FACULDADE ESTACIO";"BONGI";"";"";"COLISÃO";"0,0";"1,0";"0,0";"0,0";"0,0";"0,0";"0,0";"0,0";"0,0";"1,0";"0,0";"";"";"";"";"";"";"";"";"";"";"";""
"202422660,0";"2024-08-20";"12:34:00";"COM VÍTIMA";"FINALIZADA";"IBURA";"AV DOIS RIOS";"403";"";"E/F  AUTO ESCOLA 61  E  A IGREJA DOS MORMOS";"IBURA";"";"";"COLISÃO COM CICLISTA";"0,0";"0,0";"0,0";"0,0";"0,0";"1,0";"0,0";"0,0";"0,0";"1,0";"0,0";"";"";"";"";"";"";"";"";"";"";"";""
"202422668,0";"2024-08-20";"01:52:00";"COM VÍTIMA";"FINALIZADA";"SANTO AMARO";"AV GOVERNADOR AGAMENON MAGALHAES";"";"";"EM FRENTE A REITORIA DA UPE";"SANTO AMARO";"";"";"COLISÃO";"0,0";"2,0";"0,0";"0,0";"0,0";"0,0";"0,0";"0,0";"0,0";"2,0";"0,0";"";"";"";"";"";"";"";"";"";"";"";""
"202422674,0";"2024-08-20";"03:11:00";"COM VÍTIMA";"FINALIZADA";"BOA VISTA";"RUA DO HOSPICIO";"";"";"AO LADO DA CAMARA DE VEREADORES E PRÓXIMO À ESTAÇÃO BRT";"BOA VISTA";"";"";"COLISÃO TRANSVERSAL";"1,0";"1,0";"0,0";"0,0";"0,0";"0,0";"0,0";"0,0";"0,0";"1,0";"0,0";"";"";"";"";"";"";"";"";"";"";"";""
"202422676,0";"2024-08-20";"07:21:00";"COM VÍTIMA";"FINALIZADA";"SAO JOSE";"RUA IMPERIAL";"1257";"TRV DO GOMES";"ANTES DO PONTILHÃO DO METRÔ";"SAO JOSE";"";"";"COLISÃO LATERAL";"1,0";"1,0";"0,0";"0,0";"0,0";"0,0";"0,0";"0,0";"0,0";"3,0";"0,0";"";"";"";"";"";"";"";"";"";"";"";""
"202422697,0";"2024-08-21";"06:55:00";"COM VÍTIMA";"FINALIZADA";"SANTO AMARO";"RUA PALMARES";"";"";"E/F AO INSS";"SANTO AMARO";"";"";"COLISÃO COM CICLISTA";"1,0";"0,0";"0,0";"1,0";"0,0";"0,0";"0,0";"0,0";"0,0";"1,0";"0,0";"";"";"";"";"";"";"";"";"";"";"";""
"202422704,0";"2024-08-21";"09:42:00";"COM VÍTIMA";"FINALIZADA";"IMBIRIBEIRA";"AV MARECHAL MASCARENHAS DE MORAES";"";"";"EM FRENTE AO FINAL DO MURO DO AEROPORTO";"IMBIRIBEIRA";"";"";"COLISÃO";"0,0";"1,0";"0,0";"0,0";"0,0";"0,0";"0,0";"0,0";"0,0";"1,0";"0,0";"";"";"";"";"";"";"";"";"";"";"";""
"202422705,0";"2024-08-21";"09:42:00";"COM VÍTIMA";"FINALIZADA";"SANTO AMARO";"AV GOVERNADOR AGAMENON MAGALHAES";"";"";"PROX TACARUNA / ESPAÇO CIENCIA NA CURVA";"SANTO AMARO";"";"";"COLISÃO";"0,0";"1,0";"0,0";"0,0";"0,0";"0,0";"0,0";"0,0";"0,0";"1,0";"0,0";"";"";"";"";"";"";"";"";"";"";"";""
"202422706,0";"2024-08-21";"09:44:00";"COM VÍTIMA";"FINALIZADA";"APIPUCOS";"AV DEZESSETE DE AGOSTO";"";"";"NO FINAL DA RUA MANDACARU, AÇUDE DE APIPUCOS";"APIPUCOS";"";"";"COLISÃO";"0,0";"1,0";"0,0";"0,0";"0,0";"0,0";"0,0";"0,0";"0,0";"1,0";"0,0";"";"";"";"";"";"";"";"";"";"";"";""
"202422709,0";"2024-08-21";"10:11:00";"COM VÍTIMA";"FINALIZADA";"CAXANGA";"AV JOAQUIM RIBEIRO";"";"";"PRIMEIRA PARADA DO BRT APÓS A UPA DA CAXANGÁ, SENTIDO CAMARAGIBE";"CAXANGA";"";"";"ATROPELAMENTO DE PESSOA";"1,0";"0,0";"0,0";"0,0";"0,0";"0,0";"0,0";"0,0";"0,0";"4,0";"0,0";"";"";"";"";"";"";"";"";"";"";"";""
"202422714,0";"2024-08-21";"11:02:00";"COM VÍTIMA";"FINALIZADA";"IMBIRIBEIRA";"AV MARECHAL MASCARENHAS DE MORAES";"4762";"";"APOS O VIADUTO DA AV. RECIFE SENT. AEROPORTO PROX. AO POSTO DE GASOLINA SHELL";"IMBIRIBEIRA";"";"";"COLISÃO";"0,0";"1,0";"0,0";"0,0";"0,0";"0,0";"0,0";"0,0";"0,0";"1,0";"0,0";"";"";"";"";"";"";"";"";"";"";"";""
"202422715,0";"2024-08-21";"11:03:00";"SEM VÍTIMA";"FINALIZADA";"PAISSANDU";"AV ENGENHEIRO AGAMENON DE MAGALHAES MELO";"4210";"";"EM FRENTE À GOLDMEDIC";"PAISSANDU";"";"";"COLISÃO";"0,0";"0,0";"0,0";"0,0";"0,0";"0,0";"0,0";"0,0";"0,0";"0,0";"0,0";"";"";"";"";"";"";"";"";"";"";"";""
"202422716,0";"2024-08-21";"11:06:00";"COM VÍTIMA";"DUPLICIDADE";"IMBIRIBEIRA";"AV MARECHAL MASCARENHAS DE MORAES";"4762";"";"";"IMBIRIBEIRA";"";"";"COLISÃO";"0,0";"0,0";"0,0";"0,0";"0,0";"0,0";"0,0";"0,0";"0,0";"1,0";"0,0";"";"";"";"";"";"";"";"";"";"";"";""
"202422719,0";"2024-08-21";"01:15:00";"COM VÍTIMA";"FINALIZADA";"BOA VIAGEM";"RUA BARAO DE SOUZA LEAO";"810";"";"PRÓX. AO SUPERMERCADO TREVO";"BOA VIAGEM";"";"";"COLISÃO";"0,0";"1,0";"0,0";"0,0";"0,0";"0,0";"0,0";"0,0";"0,0";"1,0";"0,0";"";"";"";"";"";"";"";"";"";"";"";""
"202422721,0";"2024-08-21";"12:40:00";"COM VÍTIMA";"FINALIZADA";"AFOGADOS";"RUA SAO MIGUEL";"3929";"";"EM FRENTE AO RESTAURANTE  BODE DO NO  // PRÓX. A FARMÁCIA BONGI";"AFOGADOS";"";"";"COLISÃO";"0,0";"1,0";"0,0";"0,0";"0,0";"0,0";"0,0";"0,0";"0,0";"1,0";"0,0";"";"";"";"";"";"";"";"";"";"";"";""
"202422722,0";"2024-08-21";"01:03:00";"COM VÍTIMA";"FINALIZADA";"MACAXEIRA";"AV NORTE MIGUEL ARRAES DE ALENCAR";"1296";"";"EM FRENTE AO PARQUE DA MACAXEIRA";"MACAXEIRA";"";"";"COLISÃO";"0,0";"1,0";"0,0";"0,0";"0,0";"0,0";"0,0";"0,0";"0,0";"1,0";"0,0";"";"";"";"";"";"";"";"";"";"";"";""
"202422725,0";"2024-08-21";"01:26:00";"COM VÍTIMA";"FINALIZADA";"CAMPO GRANDE";"EST DE BELEM";"1512";"";"PROX A LOJA ABOK NUTRICION";"CAMPO GRANDE";"";"";"COLISÃO";"0,0";"1,0";"0,0";"0,0";"0,0";"0,0";"0,0";"0,0";"0,0";"1,0";"0,0";"";"";"";"";"";"";"";"";"";"";"";""
"202422727,0";"2024-08-21";"01:40:00";"COM VÍTIMA";"CANCELADA";"MACAXEIRA";"AV JOSE AMERICO DE ALMEIDA";"151";"";"EM FRENTE AO CONDOMINIO RESIDENCIAL AQUARELA SENTIDO AVENIDA NORTE";"MACAXEIRA";"";"";"COLISÃO";"0,0";"1,0";"0,0";"0,0";"0,0";"0,0";"0,0";"0,0";"0,0";"1,0";"0,0";"";"";"";"";"";"";"";"";"";"";"";""
"202422728,0";"2024-08-21";"02:06:00";"COM VÍTIMA";"FINALIZADA";"PINA";"AV ENCANTA MOCA";"626";"";"PROX A BOMBONIERE BOMBOM LANCHES";"PINA";"";"";"COLISÃO";"0,0";"1,0";"0,0";"0,0";"0,0";"0,0";"0,0";"0,0";"0,0";"1,0";"0,0";"";"";"";"";"";"";"";"";"";"";"";""
"202422729,0";"2024-08-21";"02:23:00";"COM VÍTIMA";"FINALIZADA";"CAXANGA";"AV CAXANGA";"";"";"";"CAXANGA";"";"";"COLISÃO";"0,0";"1,0";"0,0";"0,0";"0,0";"0,0";"0,0";"0,0";"0,0";"1,0";"0,0";"";"";"";"";"";"";"";"";"";"";"";""
"202422737,0";"2024-08-21";"05:43:00";"COM VÍTIMA";"FINALIZADA";"AFOGADOS";"RUA SAO MIGUEL";"966";"";"PROX AO CERPE - PROX A LOJA COM LATAS AUTO PARK";"AFOGADOS";"";"";"COLISÃO";"0,0";"1,0";"0,0";"0,0";"0,0";"0,0";"0,0";"0,0";"0,0";"1,0";"0,0";"";"";"";"";"";"";"";"";"";"";"";""
"202422738,0";"2024-08-21";"05:46:00";"COM VÍTIMA";"FINALIZADA";"CAXANGA";"AV CAXANGA";"";"";"PROX AO RECIFE EXTINTOR/ PROX A VITORIA COLCHOES/ PROX AO BARAO DE LUCENA";"CAXANGA";"";"";"COLISÃO";"0,0";"1,0";"0,0";"0,0";"0,0";"0,0";"0,0";"0,0";"0,0";"1,0";"0,0";"";"";"";"";"";"";"";"";"";"";"";""
"202422740,0";"2024-08-21";"07:48:00";"COM VÍTIMA";"FINALIZADA";"JORDAO";"AV MARIA IRENE";"";"";"PRÓXIMO AO ARMAZÉM JENIPAPO";"JORDAO";"";"";"COLISÃO";"0,0";"1,0";"0,0";"0,0";"0,0";"0,0";"0,0";"0,0";"0,0";"1,0";"0,0";"";"";"";"";"";"";"";"";"";"";"";""
"202422754,0";"2024-08-22";"06:25:00";"COM VÍTIMA";"FINALIZADA";"BOA VIAGEM";"RUA BARAO DE SOUZA LEAO";"";"";"EM FRENTE AO COLEGIO SANTOS DUMONT, PROX. AO POSTO DE GASOLINA IPIRANGA";"BOA VIAGEM";"";"";"COLISÃO";"0,0";"1,0";"0,0";"0,0";"0,0";"0,0";"0,0";"0,0";"0,0";"1,0";"0,0";"";"";"";"";"";"";"";"";"";"";"";""
"202422758,0";"2024-08-22";"08:07:00";"COM VÍTIMA";"FINALIZADA";"AFOGADOS";"RUA PADRE TEOFILO TWORZ";"";"";"EM FRENTE A TUPAN SENT. AFOGADOS";"AFOGADOS";"";"";"COLISÃO";"0,0";"1,0";"0,0";"0,0";"0,0";"0,0";"0,0";"0,0";"0,0";"1,0";"0,0";"";"";"";"";"";"";"";"";"";"";"";""
"202422759,0";"2024-08-22";"08:17:00";"COM VÍTIMA";"FINALIZADA";"MADALENA";"AV JOSE GONCALVES DE MEDEIROS";"";"";"PROX. AO SPORT CLUB E ASSAI ATACADISTA";"MADALENA";"";"";"COLISÃO";"0,0";"1,0";"0,0";"0,0";"0,0";"0,0";"0,0";"0,0";"0,0";"1,0";"0,0";"";"";"";"";"";"";"";"";"";"";"";""
"202422764,0";"2024-08-22";"09:04:00";"COM VÍTIMA";"FINALIZADA";"SANTO AMARO";"AV CRUZ CABUGA";"";"";"EM FRENTE AO MIX MATEUS";"SANTO AMARO";"";"";"ATROPELAMENTO DE PESSOA";"1,0";"0,0";"0,0";"0,0";"1,0";"0,0";"0,0";"0,0";"0,0";"1,0";"0,0";"";"";"";"";"";"";"";"";"";"";"";""
"202422766,0";"2024-08-22";"09:34:00";"COM VÍTIMA";"FINALIZADA";"BOA VISTA";"AV GOVERNADOR CARLOS DE LIMA CAVALCANTI";"8";"";"EM FRENTE AO LUCILO MAGALHÃES  //  SENTIDO DERBY";"BOA VISTA";"";"";"COLISÃO";"0,0";"1,0";"0,0";"0,0";"0,0";"0,0";"0,0";"0,0";"0,0";"1,0";"0,0";"";"";"";"";"";"";"";"";"";"";"";""
"202422778,0";"2024-08-22";"11:28:00";"COM VÍTIMA";"FINALIZADA";"SANTANA";"RUA SAMUEL FARIAS";"240";"";"";"SANTANA";"";"";"COLISÃO";"0,0";"2,0";"0,0";"0,0";"0,0";"0,0";"0,0";"0,0";"0,0";"1,0";"0,0";"";"";"";"";"";"";"";"";"";"";"";""
"202422780,0";"2024-08-22";"12:40:00";"COM VÍTIMA";"FINALIZADA";"VARZEA";"AV AFONSO OLINDENSE";"1152";"";"EM FRENTE AO ARMAZEM KIOSK";"VARZEA";"";"";"COLISÃO";"0,0";"1,0";"0,0";"0,0";"0,0";"0,0";"0,0";"0,0";"0,0";"1,0";"0,0";"";"";"";"";"";"";"";"";"";"";"";""
"202422782,0";"2024-08-22";"02:46:00";"COM VÍTIMA";"FINALIZADA";"BOA VISTA";"AV JOAO DE BARROS";"";"";"";"BOA VISTA";"";"";"COLISÃO TRANSVERSAL";"2,0";"0,0";"0,0";"0,0";"0,0";"0,0";"0,0";"0,0";"0,0";"1,0";"0,0";"";"";"";"";"";"";"";"";"";"";"";""
"202422789,0";"2024-08-22";"03:29:00";"COM VÍTIMA";"FINALIZADA";"LINHA DO TIRO";"RUA URIEL DE HOLANDA";"1203";"";"AO LADO DO SACOLÃO FEIRA LIVRE, PRÓX À PADARIA PÃO DE OURO E PRÓX AO TERMINAL DE ÔNIBUS DA LINHA DO TIRO";"LINHA DO TIRO";"";"";"COLISÃO";"0,0";"1,0";"0,0";"0,0";"0,0";"0,0";"0,0";"0,0";"0,0";"1,0";"0,0";"";"";"";"";"";"";"";"";"";"";"";""
"202422798,0";"2024-08-22";"04:53:00";"COM VÍTIMA";"FINALIZADA";"IMBIRIBEIRA";"AV MARECHAL MASCARENHAS DE MORAES";"";"";"EM FRENTE  A FACULDADE UNIVERSO";"IMBIRIBEIRA";"";"";"COLISÃO TRASEIRA";"0,0";"1,0";"0,0";"0,0";"0,0";"0,0";"1,0";"0,0";"0,0";"1,0";"0,0";"";"";"";"";"";"";"";"";"";"";"";""
"202422803,0";"2024-08-22";"05:18:00";"COM VÍTIMA";"FINALIZADA";"CASA AMARELA";"RUA BELA VISTA";"1617";"";"PROX AO SITIO DA TRINDADE/ PROX AO BICICLETARIO DO ITAU";"CASA AMARELA";"";"";"COLISÃO";"0,0";"1,0";"0,0";"0,0";"0,0";"0,0";"0,0";"0,0";"0,0";"1,0";"0,0";"";"";"";"";"";"";"";"";"";"";"";""
"202422804,0";"2024-08-22";"05:19:00";"COM VÍTIMA";"FINALIZADA";"ILHA DO RETIRO";"TUNEL CHICO SCIENCE";"";"";"PROXIMO AO SPORT CLUBE DO RECIFE";"ILHA DO RETIRO";"";"";"COLISÃO TRASEIRA";"1,0";"1,0";"0,0";"0,0";"0,0";"0,0";"0,0";"0,0";"0,0";"1,0";"0,0";"";"";"";"";"";"";"";"";"";"";"";""
"202422808,0";"2024-08-22";"06:13:00";"COM VÍTIMA";"FINALIZADA";"DOIS IRMAOS";"RUA MANUEL DE MEDEIROS";"241";"";"PROX A ENTRADA DE SITIO DOS PINTOS, PROX A UFPE";"DOIS IRMAOS";"";"";"COLISÃO";"0,0";"1,0";"0,0";"0,0";"0,0";"0,0";"0,0";"0,0";"0,0";"1,0";"0,0";"";"";"";"";"";"";"";"";"";"";"";""