"Protocolo";"data";"hora";"natureza";"situacao";"bairro";"endereco";"numero";"detalhe_endereco_acidente";"complemento";"bairro_cruzamento";"num_semaforo";"sentido_via";"tipo";"auto";"moto";"ciclom";"ciclista";"pedestre";"onibus";"caminhao";"viatura";"outros";"vitimas";"vitimasfatais";"acidente_verificado";"tempo_clima";"situacao_semaforo";"sinalizacao";"condicao_via";"conservacao_via";"ponto_controle";"situacao_placa";"velocidade_max_via";"mao_direcao";"divisao_via1";"divisao_via2"
"202422814,0";"2024-08-22";"08:16:00";"COM VÍTIMA";"FINALIZADA";"CAMPO GRANDE";"RUA JERONIMO VILELA";"604";"";"";"CAMPO GRANDE";"";"";"COLISÃO LATERAL";"0,0";"2,0";"0,0";"0,0";"0,0";"0,0";"0,0";"0,0";"0,0";"2,0";"0,0";"";"";"";"";"";"";"";"";"";"";"";""
"202422828,0";"2024-08-23";"03:39:00";"COM VÍTIMA";"FINALIZADA";"AGUA FRIA";"AV BEBERIBE";"2470";"";"PAGODE PRESSÃO";"AGUA FRIA";"";"";"COLISÃO FRONTAL";"1,0";"1,0";"0,0";"0,0";"0,0";"0,0";"0,0";"0,0";"0,0";"1,0";"0,0";"";"";"";"";"";"";"";"";"";"";"";""
"202422842,0";"2024-08-23";"06:53:00";"COM VÍTIMA";"FINALIZADA";"IBURA";"RUA SOLDADO VIRGILIO LUCIO";"82";"";"ANTES DA QUADRA DO IBURA UR-04 E PROX A PADARIA NOMZA E DEPOSITO C.M BEBIDAS";"IBURA";"";"";"COLISÃO FRONTAL";"0,0";"1,0";"0,0";"0,0";"0,0";"1,0";"0,0";"0,0";"0,0";"1,0";"0,0";"";"";"";"";"";"";"";"";"";"";"";""
"202422843,0";"2024-08-23";"06:53:00";"COM VÍTIMA";"FINALIZADA";"IPUTINGA";"AV CAXANGA";"";"";"SENTIDO RECIFE PROX A RENAULT";"IPUTINGA";"";"";"COLISÃO";"0,0";"1,0";"0,0";"0,0";"0,0";"0,0";"0,0";"0,0";"0,0";"1,0";"0,0";"";"";"";"";"";"";"";"";"";"";"";""
"202422851,0";"2024-08-23";"08:00:00";"COM VÍTIMA";"FINALIZADA";"ILHA DO LEITE";"RUA GENERAL JOAQUIM INACIO";"46";"";"EM FREMNTE AO LABORATORIO A+ // PROX. AO RESTAURANTE SKILLOS";"ILHA DO LEITE";"";"";"COLISÃO";"0,0";"1,0";"0,0";"0,0";"0,0";"0,0";"0,0";"0,0";"0,0";"1,0";"0,0";"";"";"";"";"";"";"";"";"";"";"";""
"202422852,0";"2024-08-23";"08:01:00";"COM VÍTIMA";"FINALIZADA";"IPUTINGA";"AV CAXANGA";"";"";"EM FRENTE A FARMACIA  DROGARIA SÃO PAULO E JBF MOTOR";"IPUTINGA";"";"";"COLISÃO";"0,0";"1,0";"0,0";"0,0";"0,0";"0,0";"0,0";"0,0";"0,0";"1,0";"0,0";"";"";"";"";"";"";"";"";"";"";"";""
"202422853,0";"2024-08-23";"08:03:00";"COM VÍTIMA";"FINALIZADA";"ENCRUZILHADA";"AV JOAO DE BARROS";"3904";"";"EM FRENTE A ESCOLA TECNICA  PROFESSOR AGAMENON MAGALHAES //  APOS O BANCO SANTANDER";"ENCRUZILHADA";"";"";"COLISÃO";"0,0";"1,0";"0,0";"0,0";"0,0";"0,0";"0,0";"0,0";"0,0";"1,0";"0,0";"";"";"";"";"";"";"";"";"";"";"";""
"202422854,0";"2024-08-23";"08:04:00";"COM VÍTIMA";"FINALIZADA";"SANTO AMARO";"AV NORTE MIGUEL ARRAES DE ALENCAR";"";"";"VIA PUBLICA PROX AO CEMITERIO DOS INGLESES";"SANTO AMARO";"";"";"COLISÃO";"0,0";"1,0";"0,0";"0,0";"0,0";"0,0";"0,0";"0,0";"0,0";"1,0";"0,0";"";"";"";"";"";"";"";"";"";"";"";""
"202422857,0";"2024-08-23";"08:07:00";"COM VÍTIMA";"FINALIZADA";"BOA VIAGEM";"AV CONSELHEIRO AGUIAR";"";"";"PROX AO HOTEL IBIS, BARBEARIA TRIBOS, GRILOS PRESENTES, AVIL TECIDOS";"BOA VIAGEM";"";"";"COLISÃO";"0,0";"1,0";"0,0";"0,0";"0,0";"0,0";"0,0";"0,0";"0,0";"1,0";"0,0";"";"";"";"";"";"";"";"";"";"";"";""
"202422858,0";"2024-08-23";"08:07:00";"COM VÍTIMA";"FINALIZADA";"ENCRUZILHADA";"AV BEBERIBE";"";"";"EM FRENTE A FACULDADE ESTACIO";"ENCRUZILHADA";"";"";"COLISÃO";"0,0";"1,0";"0,0";"0,0";"0,0";"0,0";"0,0";"0,0";"0,0";"1,0";"0,0";"";"";"";"";"";"";"";"";"";"";"";""
"202422861,0";"2024-08-23";"08:23:00";"COM VÍTIMA";"DUPLICIDADE";"PINA";"AV CONSELHEIRO AGUIAR";"5110";"";"APÓS O HOTEL MANIBU  // EM FRENTE AO NÚMERO  786";"PINA";"";"";"COLISÃO";"0,0";"1,0";"0,0";"0,0";"0,0";"0,0";"0,0";"0,0";"0,0";"1,0";"0,0";"";"";"";"";"";"";"";"";"";"";"";""
"202422864,0";"2024-08-23";"08:34:00";"COM VÍTIMA";"FINALIZADA";"CAMPO GRANDE";"EST DE BELEM";"1501";"";"PROX A MERCEARIA LIMA  // PROX. AO ROCK CAR";"CAMPO GRANDE";"";"";"COLISÃO";"1,0";"1,0";"0,0";"0,0";"0,0";"0,0";"0,0";"0,0";"0,0";"1,0";"0,0";"";"";"";"";"";"";"";"";"";"";"";""
"202422865,0";"2024-08-23";"08:36:00";"COM VÍTIMA";"DUPLICIDADE";"SANTO AMARO";"AV NORTE MIGUEL ARRAES DE ALENCAR";"3500 R1";"";"PRÓX. AO CEMITERIO DOS INGLESES";"SANTO AMARO";"";"";"COLISÃO";"0,0";"1,0";"0,0";"0,0";"0,0";"0,0";"0,0";"0,0";"0,0";"1,0";"0,0";"";"";"";"";"";"";"";"";"";"";"";""
"202422875,0";"2024-08-23";"10:43:00";"COM VÍTIMA";"FINALIZADA";"AFLITOS";"RUA TELES JUNIOR";"366";"";"NA ESQUINA DO RESTAURANTE DA OCA";"AFLITOS";"";"";"COLISÃO COM CICLISTA";"1,0";"0,0";"0,0";"1,0";"0,0";"0,0";"0,0";"0,0";"0,0";"1,0";"0,0";"";"";"";"";"";"";"";"";"";"";"";""
"202422879,0";"2024-08-23";"12:34:00";"SEM VÍTIMA";"FINALIZADA";"ILHA DO RETIRO";"TUNEL CHICO SCIENCE";"";"";"NO TUNEL CHICO SCIENCE / PROX AO ESTADIO DO SPORT";"ILHA DO RETIRO";"";"";"COLISÃO LATERAL";"1,0";"0,0";"0,0";"0,0";"0,0";"0,0";"1,0";"0,0";"0,0";"0,0";"0,0";"";"";"";"";"";"";"";"";"";"";"";""
"202422880,0";"2024-08-23";"12:35:00";"COM VÍTIMA";"FINALIZADA";"SAO JOSE";"C SANTA RITA";"";"";"AO LADO DO SESC";"SAO JOSE";"";"";"COLISÃO";"0,0";"1,0";"0,0";"0,0";"0,0";"0,0";"0,0";"0,0";"0,0";"1,0";"0,0";"";"";"";"";"";"";"";"";"";"";"";""
"202422886,0";"2024-08-23";"01:50:00";"COM VÍTIMA";"FINALIZADA";"IBURA";"AV DOIS RIOS";"350";"";"PROX A NOVA UPINHA";"IBURA";"";"";"COLISÃO TRASEIRA";"1,0";"1,0";"0,0";"0,0";"0,0";"0,0";"0,0";"0,0";"0,0";"1,0";"0,0";"";"";"";"";"";"";"";"";"";"";"";""
"202422895,0";"2024-08-23";"04:39:00";"COM VÍTIMA";"FINALIZADA";"AREIAS";"AV TAPAJOS";"428";"AV RECIFE";"PROX AO POSTO DE GASOLINA BR";"AREIAS";"";"";"COLISÃO FRONTAL";"0,0";"2,0";"0,0";"0,0";"0,0";"0,0";"0,0";"0,0";"0,0";"1,0";"0,0";"";"";"";"";"";"";"";"";"";"";"";""
"202422897,0";"2024-08-23";"04:52:00";"COM VÍTIMA";"FINALIZADA";"BOA VIAGEM";"RUA ERNESTO DE PAULA SANTOS";"1115";"";"EM FRENTE A CONI MOVEL TEMAKERIA";"BOA VIAGEM";"";"";"COLISÃO LATERAL";"1,0";"1,0";"0,0";"0,0";"0,0";"0,0";"0,0";"0,0";"0,0";"2,0";"0,0";"";"";"";"";"";"";"";"";"";"";"";""
"202422920,0";"2024-08-23";"06:42:00";"SEM VÍTIMA";"CANCELADA";"JARDIM SAO PAULO";"RUA LEANDRO BARRETO";"533";"";"EM FRENTE A PADARIA LA ROCK";"JARDIM SAO PAULO";"";"";"COLISÃO TRASEIRA";"1,0";"1,0";"0,0";"0,0";"0,0";"0,0";"0,0";"0,0";"0,0";"0,0";"0,0";"";"";"";"";"";"";"";"";"";"";"";""
"202422947,0";"2024-08-24";"06:10:00";"COM VÍTIMA";"FINALIZADA";"ESPINHEIRO";"AV JOAO DE BARROS";"";"";"EM BAIXO DO VIADUTO DA AGAMENON, EM FRENTE POSTO PETROBRAS";"ESPINHEIRO";"";"";"COLISÃO";"0,0";"1,0";"0,0";"0,0";"0,0";"0,0";"0,0";"0,0";"0,0";"1,0";"0,0";"";"";"";"";"";"";"";"";"";"";"";""
"202422956,0";"2024-08-24";"08:06:00";"COM VÍTIMA";"FINALIZADA";"BOA VIAGEM";"AV CONSELHEIRO AGUIAR";"1980";"";"EM FRENTE A PADARIA AUGUSTA";"BOA VIAGEM";"";"";"COLISÃO";"1,0";"1,0";"0,0";"0,0";"0,0";"0,0";"0,0";"0,0";"0,0";"1,0";"0,0";"";"";"";"";"";"";"";"";"";"";"";""
"202422960,0";"2024-08-24";"08:31:00";"COM VÍTIMA";"FINALIZADA";"SAN MARTIN";"AV GENERAL SAN MARTIN";"";"";"NA ROTATORIA DE SAN MARTINS / PROX AO TERMINAL DE ONIBUS";"SAN MARTIN";"";"";"COLISÃO";"0,0";"1,0";"0,0";"0,0";"0,0";"0,0";"0,0";"0,0";"0,0";"1,0";"0,0";"";"";"";"";"";"";"";"";"";"";"";""
"202422964,0";"2024-08-24";"09:27:00";"COM VÍTIMA";"FINALIZADA";"AGUA FRIA";"EST VELHA DE AGUA FRIA";"715";"";"PROX A FERREIRA COSTA / EM FRENTE AO DNOCS";"AGUA FRIA";"";"";"COLISÃO";"0,0";"1,0";"0,0";"0,0";"0,0";"0,0";"0,0";"0,0";"0,0";"1,0";"0,0";"";"";"";"";"";"";"";"";"";"";"";""
"202422969,0";"2024-08-24";"11:17:00";"COM VÍTIMA";"FINALIZADA";"AREIAS";"AV RECIFE";"";"";"EM FRENTE ATACADÃO";"AREIAS";"";"";"COLISÃO";"0,0";"1,0";"0,0";"0,0";"0,0";"0,0";"0,0";"0,0";"0,0";"1,0";"0,0";"";"";"";"";"";"";"";"";"";"";"";""
"202422970,0";"2024-08-24";"11:31:00";"COM VÍTIMA";"FINALIZADA";"JAQUEIRA";"AV RUI BARBOSA";"1680";"RUA DEPUTADO PEDRO PIRES FERREIRA";"EM FRENTE AO COLEGIO NUCLEO";"JAQUEIRA";"";"";"COLISÃO TRASEIRA";"0,0";"1,0";"0,0";"0,0";"0,0";"1,0";"0,0";"0,0";"0,0";"1,0";"0,0";"";"";"";"";"";"";"";"";"";"";"";""
"202422994,0";"2024-08-24";"03:32:00";"COM VÍTIMA";"FINALIZADA";"ENCRUZILHADA";"AV BEBERIBE";"";"";"EM FRENTE A FARMACIA PAGUE MENOS";"ENCRUZILHADA";"";"";"ATROPELAMENTO DE PESSOA";"0,0";"1,0";"0,0";"0,0";"1,0";"0,0";"0,0";"0,0";"0,0";"1,0";"0,0";"";"";"";"";"";"";"";"";"";"";"";""
"202422999,0";"2024-08-24";"04:48:00";"COM VÍTIMA";"FINALIZADA";"CORDEIRO";"RUA GOMES TABORDA";"";"";"PROXIMO AO CAVALO DOURADO";"CORDEIRO";"";"";"COLISÃO";"1,0";"1,0";"0,0";"0,0";"0,0";"0,0";"0,0";"0,0";"0,0";"1,0";"0,0";"";"";"";"";"";"";"";"";"";"";"";""
"202423009,0";"2024-08-24";"06:20:00";"COM VÍTIMA";"FINALIZADA";"SAN MARTIN";"AV ENGENHEIRO ABDIAS DE CARVALHO";"5329";"";"EM FRENTE AO POSTO IPIRANGA";"SAN MARTIN";"";"";"COLISÃO TRASEIRA";"1,0";"1,0";"0,0";"0,0";"0,0";"0,0";"0,0";"0,0";"0,0";"1,0";"0,0";"";"";"";"";"";"";"";"";"";"";"";""
"202423029,0";"2024-08-24";"10:53:00";"SEM VÍTIMA";"FINALIZADA";"CIDADE UNIVERSITARIA";"RUA GENERAL POLIDORO";"161";"";"";"CIDADE UNIVERSITARIA";"";"";"COLISÃO LATERAL";"2,0";"0,0";"0,0";"0,0";"0,0";"0,0";"0,0";"0,0";"0,0";"0,0";"0,0";"";"";"";"";"";"";"";"";"";"";"";""
"202423034,0";"2024-08-25";"01:17:00";"VÍTIMA FATAL";"FINALIZADA";"CABANGA";"PRC GOVERNADOR PAULO GUERRA";"";"";"AO LADO DA COMPESA, SENTIDO RIO MAR";"CABANGA";"";"";"CHOQUE";"0,0";"1,0";"0,0";"0,0";"0,0";"0,0";"0,0";"0,0";"0,0";"0,0";"1,0";"";"";"";"";"";"";"";"";"";"";"";""
"202423073,0";"2024-08-25";"07:23:00";"COM VÍTIMA";"FINALIZADA";"BEBERIBE";"RUA URIEL DE HOLANDA";"130";"";"PRÓX. A ESCOLA PEDRO CELSO";"BEBERIBE";"";"";"COLISÃO";"0,0";"1,0";"0,0";"0,0";"0,0";"0,0";"0,0";"0,0";"0,0";"1,0";"0,0";"";"";"";"";"";"";"";"";"";"";"";""
"202423077,0";"2024-08-25";"08:02:00";"COM VÍTIMA";"FINALIZADA";"JARDIM SAO PAULO";"RUA JOSE NATARIO";"478";"";"PROX. A ESTAÇÃO WERNECK";"JARDIM SAO PAULO";"";"";"COLISÃO LATERAL";"0,0";"2,0";"0,0";"0,0";"0,0";"0,0";"0,0";"0,0";"0,0";"1,0";"0,0";"";"";"";"";"";"";"";"";"";"";"";""
"202423097,0";"2024-08-25";"11:30:00";"COM VÍTIMA";"FINALIZADA";"BOA VIAGEM";"RUA ERNESTO DE PAULA SANTOS";"480";"";"EM FRENTE AO EMPRESARIAL ERNESTO DE PAULA  SANTOS";"BOA VIAGEM";"";"";"COLISÃO";"0,0";"1,0";"0,0";"0,0";"0,0";"0,0";"0,0";"0,0";"0,0";"1,0";"0,0";"";"";"";"";"";"";"";"";"";"";"";""
"202423098,0";"2024-08-25";"11:32:00";"COM VÍTIMA";"FINALIZADA";"ESPINHEIRO";"RUA QUARENTA E OITO";"213";"";"EM FRENTE A 1° GERES/ SES";"ESPINHEIRO";"";"";"COLISÃO TRASEIRA";"4,0";"1,0";"0,0";"0,0";"0,0";"0,0";"0,0";"0,0";"0,0";"2,0";"0,0";"";"";"";"";"";"";"";"";"";"";"";""
"202423164,0";"2024-08-26";"04:43:00";"SEM VÍTIMA";"FINALIZADA";"GRACAS";"RUA SENADOR ALBERTO PAIVA";"";"RUA DO FUTURO";"PRÓX. A HABIBS";"GRACAS";"521,0";"";"CHOQUE";"1,0";"0,0";"0,0";"0,0";"0,0";"0,0";"0,0";"0,0";"0,0";"0,0";"0,0";"";"";"";"";"";"";"";"";"";"";"";""
"202423175,0";"2024-08-26";"07:32:00";"COM VÍTIMA";"FINALIZADA";"PORTO DA MADEIRA";"AV BEBERIBE";"";"";"APOS A PADARIA RAINHA, DE ESQUINA COM O COLEGIO 90° GRAUS";"PORTO DA MADEIRA";"";"";"COLISÃO LATERAL";"1,0";"1,0";"0,0";"0,0";"0,0";"0,0";"0,0";"0,0";"0,0";"1,0";"0,0";"";"";"";"";"";"";"";"";"";"";"";""
"202423179,0";"2024-08-26";"07:55:00";"COM VÍTIMA";"FINALIZADA";"TORROES";"AV ENGENHEIRO ABDIAS DE CARVALHO";"";"";"PROX A PRAÇA DA CHESF / PROX AO ESPETINHO LEGAL PRIME";"TORROES";"";"";"COLISÃO LATERAL";"1,0";"1,0";"0,0";"0,0";"0,0";"0,0";"0,0";"0,0";"0,0";"1,0";"0,0";"";"";"";"";"";"";"";"";"";"";"";""
"202423183,0";"2024-08-26";"08:21:00";"COM VÍTIMA";"FINALIZADA";"ENCRUZILHADA";"RUA AMARO COUTINHO";"531";"";"EM FRENTE AO COND. ANTÔNIO ESPINDOLA / POR TRÁS DA  PRAÇA DO ROSARINHO";"ENCRUZILHADA";"";"";"COLISÃO";"0,0";"1,0";"0,0";"0,0";"0,0";"0,0";"0,0";"0,0";"0,0";"1,0";"0,0";"";"";"";"";"";"";"";"";"";"";"";""
"202423184,0";"2024-08-26";"08:46:00";"COM VÍTIMA";"FINALIZADA";"BONGI";"RUA SANTA EDWIRGES";"131";"";"PRÓX. A PRESBITERIANA DO PRADO // PRÓ. AO ARQUIVO GERAL  DE JUSTIÇA";"BONGI";"";"";"COLISÃO";"1,0";"1,0";"0,0";"0,0";"0,0";"0,0";"0,0";"0,0";"0,0";"1,0";"0,0";"";"";"";"";"";"";"";"";"";"";"";""
"202423217,0";"2024-08-26";"12:16:00";"COM VÍTIMA";"FINALIZADA";"BOA VIAGEM";"AV FERNANDO SIMOES BARBOSA";"";"";"PROX AO SHOPPING RECIFE / E POSTO DE GASOLINA  BR";"BOA VIAGEM";"";"";"QUEDA";"0,0";"1,0";"0,0";"0,0";"0,0";"0,0";"0,0";"0,0";"0,0";"1,0";"0,0";"";"";"";"";"";"";"";"";"";"";"";""
"202423227,0";"2024-08-26";"01:12:00";"COM VÍTIMA";"FINALIZADA";"APIPUCOS";"RUA DOIS IRMAOS";"284";"";"EM FRENTE AO 11º BATALHÃO";"APIPUCOS";"";"";"COLISÃO";"0,0";"1,0";"0,0";"0,0";"0,0";"0,0";"0,0";"0,0";"0,0";"1,0";"0,0";"";"";"";"";"";"";"";"";"";"";"";""
"202423228,0";"2024-08-26";"02:13:00";"COM VÍTIMA";"FINALIZADA";"BOMBA DO HEMETERIO";"RUA CORREGO JOAO FRANCISCO";"208";"";"EM FRENTE A IGREJA BATISTA FIEL";"BOMBA DO HEMETERIO";"";"";"COLISÃO";"0,0";"1,0";"0,0";"0,0";"0,0";"0,0";"0,0";"0,0";"0,0";"1,0";"0,0";"";"";"";"";"";"";"";"";"";"";"";""
"202423240,0";"2024-08-26";"04:15:00";"COM VÍTIMA";"FINALIZADA";"CAMPO GRANDE";"EST DE BELEM";"1303";"";"PROX A IMOBILIARIA REI MAX";"CAMPO GRANDE";"";"";"COLISÃO LATERAL";"1,0";"1,0";"0,0";"0,0";"0,0";"0,0";"0,0";"0,0";"0,0";"1,0";"0,0";"";"";"";"";"";"";"";"";"";"";"";""
"202423242,0";"2024-08-26";"04:31:00";"COM VÍTIMA";"FINALIZADA";"JIQUIA";"RUA ANTONIO CARNEIRO";"838";"";"PROXIMO A GARAGEM DA ASTROTUR TURISMO";"JIQUIA";"";"";"COLISÃO";"0,0";"1,0";"0,0";"0,0";"0,0";"0,0";"0,0";"0,0";"0,0";"1,0";"0,0";"";"";"";"";"";"";"";"";"";"";"";""
"202423245,0";"2024-08-26";"04:50:00";"COM VÍTIMA";"FINALIZADA";"SANTO ANTONIO";"RUA MARIZ E BARROS";"168";"";"PROXIMO AO FORUM";"SANTO ANTONIO";"";"";"COLISÃO";"0,0";"1,0";"0,0";"0,0";"0,0";"0,0";"0,0";"0,0";"0,0";"1,0";"0,0";"";"";"";"";"";"";"";"";"";"";"";""
"202423246,0";"2024-08-26";"05:29:00";"COM VÍTIMA";"FINALIZADA";"TORROES";"AV ENGENHEIRO ABDIAS DE CARVALHO";"6926";"";"PROXIMO A FERRARI PEÇAS E ACESSORIOS";"TORROES";"";"";"COLISÃO";"0,0";"1,0";"0,0";"0,0";"0,0";"0,0";"0,0";"0,0";"0,0";"1,0";"0,0";"";"";"";"";"";"";"";"";"";"";"";""
"202423256,0";"2024-08-26";"06:17:00";"COM VÍTIMA";"FINALIZADA";"LINHA DO TIRO";"RUA URIEL DE HOLANDA";"1307";"";"PROX A IGREJA BATISTA - PROX A LOJA MACHADOS MOTOS";"LINHA DO TIRO";"";"";"COLISÃO";"0,0";"1,0";"0,0";"0,0";"0,0";"0,0";"0,0";"0,0";"0,0";"1,0";"0,0";"";"";"";"";"";"";"";"";"";"";"";""
"202423260,0";"2024-08-26";"06:57:00";"COM VÍTIMA";"FINALIZADA";"IBURA";"RUA MONTES DAS TABOCAS";"59";"";"ANTES DO TERMINAL DE ONIBUS DE MONTE VERDE - ANTES DA LADEIRA DO ZUMBI DO PACHECO";"IBURA";"";"";"COLISÃO";"0,0";"1,0";"0,0";"0,0";"0,0";"0,0";"0,0";"0,0";"0,0";"1,0";"0,0";"";"";"";"";"";"";"";"";"";"";"";""
"202423261,0";"2024-08-26";"06:43:00";"COM VÍTIMA";"FINALIZADA";"AFOGADOS";"AV SUL";"";"";"EM FRENTE À ESTAÇÃO LARGO DA PAZ E POLICLINICA DE AFOGADOS";"AFOGADOS";"";"";"COLISÃO";"0,0";"3,0";"0,0";"0,0";"0,0";"0,0";"0,0";"0,0";"0,0";"1,0";"0,0";"";"";"";"";"";"";"";"";"";"";"";""
"202423265,0";"2024-08-26";"07:30:00";"VÍTIMA FATAL";"FINALIZADA";"IMBIRIBEIRA";"AV GENERAL MAC ARTHUR";"";"";"AO LADO DA ESTAÇÃO  ANTONIO FALCÃO";"IMBIRIBEIRA";"";"";"COLISÃO LATERAL";"1,0";"1,0";"0,0";"0,0";"0,0";"0,0";"0,0";"0,0";"0,0";"2,0";"1,0";"";"";"";"";"";"";"";"";"";"";"";""
"202423269,0";"2024-08-26";"07:53:00";"COM VÍTIMA";"FINALIZADA";"ESTANCIA";"AV DR JOSE RUFINO";"535";"";"CENTRO COMERCIAL GALERIA MARGARIDA";"ESTANCIA";"";"";"COLISÃO";"1,0";"1,0";"0,0";"0,0";"0,0";"0,0";"0,0";"0,0";"0,0";"2,0";"0,0";"";"";"";"";"";"";"";"";"";"";"";""
"202423295,0";"2024-08-26";"11:38:00";"COM VÍTIMA";"FINALIZADA";"AFOGADOS";"RUA SAO MIGUEL";"";"";"EM FRENTE AO DEPATRI";"AFOGADOS";"";"";"COLISÃO COM CICLISTA";"1,0";"0,0";"0,0";"1,0";"0,0";"0,0";"0,0";"0,0";"0,0";"1,0";"0,0";"";"";"";"";"";"";"";"";"";"";"";""
"202423296,0";"2024-08-27";"12:05:00";"COM VÍTIMA";"FINALIZADA";"BOA VIAGEM";"AV FERNANDO SIMOES BARBOSA";"";"";"CAPITÃO GANCHO PIZZARIA";"BOA VIAGEM";"713,0";"";"COLISÃO TRASEIRA";"1,0";"1,0";"0,0";"0,0";"0,0";"0,0";"0,0";"0,0";"0,0";"1,0";"0,0";"";"";"";"";"";"";"";"";"";"";"";""
"202423316,0";"2024-08-27";"06:03:00";"COM VÍTIMA";"FINALIZADA";"BOA VIAGEM";"RUA DONA BENVINDA DE FARIAS";"129";"RUA FRANCISCO DA CUNHA";"EM FRENTE AO EF. BELO JARDIM E CENTRO DE FISIOTERAPIA SOLAR";"BOA VIAGEM";"";"";"COLISÃO LATERAL";"1,0";"1,0";"0,0";"0,0";"0,0";"0,0";"0,0";"0,0";"0,0";"1,0";"0,0";"";"";"";"";"";"";"";"";"";"";"";""
"202423331,0";"2024-08-27";"07:43:00";"COM VÍTIMA";"FINALIZADA";"CASA FORTE";"AV DEZESSETE DE AGOSTO";"1464";"";"EM FRENTE A RUA ESTRADA DO ARRAIAL  DO POÇO //  PRÓX. AO PET VILLA";"CASA FORTE";"";"";"COLISÃO";"0,0";"1,0";"0,0";"0,0";"0,0";"0,0";"0,0";"0,0";"0,0";"1,0";"0,0";"";"";"";"";"";"";"";"";"";"";"";""
"202423332,0";"2024-08-27";"07:46:00";"COM VÍTIMA";"FINALIZADA";"BOA VISTA";"AV CONDE DA BOA VISTA";"";"";"EM FRENTE A FACULDADE FAFIRE SENTIDO CIDADE ANTES DO SHOPPING BOA VISTA";"BOA VISTA";"";"";"COLISÃO";"0,0";"1,0";"0,0";"0,0";"0,0";"0,0";"0,0";"0,0";"0,0";"1,0";"0,0";"";"";"";"";"";"";"";"";"";"";"";""
"202423343,0";"2024-08-27";"08:30:00";"COM VÍTIMA";"FINALIZADA";"PORTO DA MADEIRA";"AV BEBERIBE";"";"";"EM FRENTE AO REI DO ARRUMADINHO";"PORTO DA MADEIRA";"";"";"COLISÃO TRASEIRA";"1,0";"1,0";"0,0";"0,0";"0,0";"0,0";"0,0";"0,0";"0,0";"1,0";"0,0";"";"";"";"";"";"";"";"";"";"";"";""
"202423344,0";"2024-08-27";"08:31:00";"COM VÍTIMA";"FINALIZADA";"PINA";"AV DR DIRCEU VELLOSO TOSCANO DE BRITO";"";"";"EM FRENTE AO BAR DA FAFA PROX AO SHOPPING RIO MAR";"PINA";"";"";"COLISÃO";"0,0";"1,0";"0,0";"0,0";"0,0";"0,0";"0,0";"0,0";"0,0";"1,0";"0,0";"";"";"";"";"";"";"";"";"";"";"";""
"202423353,0";"2024-08-27";"09:03:00";"COM VÍTIMA";"FINALIZADA";"BOA VIAGEM";"AV DES JOSE NEVES";"";"";"PROX. AO CANAL E POSTO DE GASOLINA BR";"BOA VIAGEM";"";"";"COLISÃO";"0,0";"1,0";"0,0";"0,0";"0,0";"0,0";"0,0";"0,0";"0,0";"1,0";"0,0";"";"";"";"";"";"";"";"";"";"";"";""
"202423359,0";"2024-08-27";"09:32:00";"COM VÍTIMA";"FINALIZADA";"CASA AMARELA";"AV NORTE MIGUEL ARRAES DE ALENCAR";"3891";"";"EM FRENTE AO SESC DE CASA AMARELA";"CASA AMARELA";"";"";"COLISÃO";"0,0";"1,0";"0,0";"0,0";"0,0";"0,0";"0,0";"0,0";"0,0";"1,0";"0,0";"";"";"";"";"";"";"";"";"";"";"";""
"202423360,0";"2024-08-27";"09:35:00";"COM VÍTIMA";"FINALIZADA";"PINA";"PTE GOVERNADOR PAULO GUERRA";"";"";"PROX AO RIO MAR // SENTIDO DERBY";"PINA";"";"";"COLISÃO TRASEIRA";"1,0";"1,0";"0,0";"0,0";"0,0";"0,0";"0,0";"0,0";"0,0";"1,0";"0,0";"";"";"";"";"";"";"";"";"";"";"";""
"202423362,0";"2024-08-27";"09:36:00";"COM VÍTIMA";"FINALIZADA";"AFOGADOS";"EST DOS REMEDIOS";"957 R3";"";"EM FRENTE A OFICINA OVERLAND";"AFOGADOS";"";"";"COLISÃO";"0,0";"1,0";"0,0";"0,0";"0,0";"0,0";"0,0";"0,0";"0,0";"1,0";"0,0";"";"";"";"";"";"";"";"";"";"";"";""
"202423364,0";"2024-08-27";"09:54:00";"COM VÍTIMA";"FINALIZADA";"DERBY";"AV GOVERNADOR AGAMENON MAGALHAES";"";"";"ESQUINA DO HOSPITAL DA RESTAURACAO SENTIDO BOA VIAGEM";"DERBY";"";"";"COLISÃO";"0,0";"1,0";"0,0";"0,0";"0,0";"0,0";"0,0";"0,0";"0,0";"1,0";"0,0";"";"";"";"";"";"";"";"";"";"";"";""
"202423372,0";"2024-08-27";"10:39:00";"COM VÍTIMA";"FINALIZADA";"BOA VIAGEM";"AV BOA VIAGEM";"58";"";"NO SEMAFORO 084 EM FRENTE AO EDF. RIO BEIRA MAR";"BOA VIAGEM";"";"";"COLISÃO TRASEIRA";"1,0";"1,0";"0,0";"0,0";"0,0";"0,0";"0,0";"0,0";"0,0";"1,0";"0,0";"";"";"";"";"";"";"";"";"";"";"";""