"Protocolo";"data";"hora";"natureza";"situacao";"bairro";"endereco";"numero";"detalhe_endereco_acidente";"complemento";"bairro_cruzamento";"num_semaforo";"sentido_via";"tipo";"auto";"moto";"ciclom";"ciclista";"pedestre";"onibus";"caminhao";"viatura";"outros";"vitimas";"vitimasfatais";"acidente_verificado";"tempo_clima";"situacao_semaforo";"sinalizacao";"condicao_via";"conservacao_via";"ponto_controle";"situacao_placa";"velocidade_max_via";"mao_direcao";"divisao_via1";"divisao_via2"
"202423379,0";"2024-08-27";"12:15:00";"COM VÍTIMA";"FINALIZADA";"AGUA FRIA";"AV BEBERIBE";"1828";"";"EM FRENTE A CLÍNICA CENTRAL";"AGUA FRIA";"";"";"COLISÃO";"0,0";"1,0";"0,0";"0,0";"0,0";"0,0";"0,0";"0,0";"0,0";"1,0";"0,0";"";"";"";"";"";"";"";"";"";"";"";""
"202423380,0";"2024-08-27";"12:30:00";"COM VÍTIMA";"FINALIZADA";"BAIRRO DO RECIFE";"CAIS DO APOLO";"760";"";"PRÓX. AO TRIBUNAL REGIONAL FEDERAL";"BAIRRO DO RECIFE";"";"";"COLISÃO";"0,0";"1,0";"0,0";"0,0";"0,0";"0,0";"0,0";"0,0";"0,0";"1,0";"0,0";"";"";"";"";"";"";"";"";"";"";"";""
"202423384,0";"2024-08-27";"01:56:00";"COM VÍTIMA";"FINALIZADA";"ARRUDA";"RUA ZEFERINO AGRA";"";"RUA DAS MOCAS";"";"ARRUDA";"";"";"COLISÃO TRANSVERSAL";"1,0";"1,0";"0,0";"0,0";"0,0";"0,0";"0,0";"0,0";"0,0";"1,0";"0,0";"";"";"";"";"";"";"";"";"";"";"";""
"202423390,0";"2024-08-27";"03:04:00";"COM VÍTIMA";"FINALIZADA";"VASCO DA GAMA";"AV NORTE MIGUEL ARRAES DE ALENCAR";"4303";"";"EM FRENTE AO DESKONTÃO";"VASCO DA GAMA";"";"";"COLISÃO";"0,0";"1,0";"0,0";"0,0";"0,0";"0,0";"0,0";"0,0";"0,0";"1,0";"0,0";"";"";"";"";"";"";"";"";"";"";"";""
"202423392,0";"2024-08-27";"03:12:00";"COM VÍTIMA";"DUPLICIDADE";"ARRUDA";"RUA DAS MOCAS";"";"";"EM FRENTE A COPA GAS";"ARRUDA";"";"";"COLISÃO";"0,0";"1,0";"0,0";"0,0";"0,0";"0,0";"0,0";"0,0";"0,0";"1,0";"0,0";"";"";"";"";"";"";"";"";"";"";"";""
"202423395,0";"2024-08-27";"04:07:00";"COM VÍTIMA";"FINALIZADA";"AFOGADOS";"VIADUTO CAPITAO TEMUDO";"";"";"NA ALÇA DA DESCIDA PARA RUA IMPERIAL";"AFOGADOS";"";"";"COLISÃO";"1,0";"1,0";"0,0";"0,0";"0,0";"0,0";"0,0";"0,0";"0,0";"1,0";"0,0";"";"";"";"";"";"";"";"";"";"";"";""
"202423401,0";"2024-08-27";"05:18:00";"COM VÍTIMA";"FINALIZADA";"ENCRUZILHADA";"AV NORTE MIGUEL ARRAES DE ALENCAR";"";"";"PROXIMO A CONCESSIONARIA PEDRAGON/ SENTIDO ENCRUZILHADA";"ENCRUZILHADA";"";"";"COLISÃO";"0,0";"1,0";"0,0";"0,0";"0,0";"0,0";"0,0";"0,0";"0,0";"1,0";"0,0";"";"";"";"";"";"";"";"";"";"";"";""
"202423403,0";"2024-08-27";"05:35:00";"COM VÍTIMA";"FINALIZADA";"SANTO AMARO";"RUA GENERAL JOSE SEMEAO";"";"";"LOGO APOS A FACULDADE CATOLICA";"SANTO AMARO";"";"";"COLISÃO COM CICLISTA";"1,0";"0,0";"0,0";"1,0";"0,0";"0,0";"0,0";"0,0";"0,0";"1,0";"0,0";"";"";"";"";"";"";"";"";"";"";"";""
"202423404,0";"2024-08-27";"05:49:00";"COM VÍTIMA";"FINALIZADA";"MADALENA";"RUA JOSE OSORIO";"661";"";"EM FRENTE A TEIXEIRA VEÍCULOS";"MADALENA";"";"";"COLISÃO LATERAL";"0,0";"2,0";"0,0";"0,0";"0,0";"0,0";"0,0";"0,0";"0,0";"1,0";"0,0";"";"";"";"";"";"";"";"";"";"";"";""
"202423423,0";"2024-08-27";"06:25:00";"COM VÍTIMA";"FINALIZADA";"DOIS IRMAOS";"RUA MANUEL DE MEDEIROS";"338";"";"EM FRENTE A FACULDADE RURAL";"DOIS IRMAOS";"";"";"COLISÃO";"0,0";"1,0";"0,0";"0,0";"0,0";"0,0";"0,0";"0,0";"0,0";"1,0";"0,0";"";"";"";"";"";"";"";"";"";"";"";""
"202423425,0";"2024-08-27";"06:45:00";"COM VÍTIMA";"FINALIZADA";"JOANA BEZERRA";"VIADUTO CAPITAO TEMUDO";"";"";"SENTIDO BOA VIAGEM";"JOANA BEZERRA";"";"";"COLISÃO";"0,0";"1,0";"0,0";"0,0";"0,0";"0,0";"0,0";"0,0";"0,0";"1,0";"0,0";"";"";"";"";"";"";"";"";"";"";"";""
"202423426,0";"2024-08-27";"06:59:00";"COM VÍTIMA";"FINALIZADA";"IMBIRIBEIRA";"RUA CACHOEIRA";"271";"";"EM FRENTE A FACULDADE UNIFBV - PROX A X1 MULTIMARCAS";"IMBIRIBEIRA";"";"";"COLISÃO";"1,0";"0,0";"0,0";"0,0";"0,0";"0,0";"0,0";"0,0";"0,0";"1,0";"0,0";"";"";"";"";"";"";"";"";"";"";"";""
"202423454,0";"2024-08-28";"07:33:00";"COM VÍTIMA";"FINALIZADA";"BOA VIAGEM";"AVENIDA CELSO FURTADO (VIA MANGUE)";"";"";"NA DESCIDA DA VIA MANGUE / EM FRENTE AO COLEGIO GGE";"BOA VIAGEM";"";"";"COLISÃO";"1,0";"1,0";"0,0";"0,0";"0,0";"0,0";"0,0";"0,0";"0,0";"1,0";"0,0";"";"";"";"";"";"";"";"";"";"";"";""
"202423455,0";"2024-08-28";"07:38:00";"SEM VÍTIMA";"FINALIZADA";"IPUTINGA";"RUA MIGUEL LEAO";"";"RUA REZENDE";"PROX. OFICINA DAS LAVADORAS";"IPUTINGA";"";"";"COLISÃO LATERAL";"2,0";"0,0";"0,0";"0,0";"0,0";"0,0";"0,0";"0,0";"0,0";"0,0";"0,0";"";"";"";"";"";"";"";"";"";"";"";""
"202423458,0";"2024-08-28";"07:55:00";"COM VÍTIMA";"FINALIZADA";"MADALENA";"RUA BENFICA";"1121";"";"NA FRENTE DO BANCO BRADESCO, PROX. AO TUNEL DA ABOLIÇÃO";"MADALENA";"";"SUB";"COLISÃO LATERAL";"0,0";"1,0";"0,0";"0,0";"0,0";"1,0";"0,0";"0,0";"0,0";"1,0";"0,0";"";"";"";"";"";"";"";"";"";"";"";""
"202423459,0";"2024-08-28";"07:59:00";"COM VÍTIMA";"FINALIZADA";"BOA VIAGEM";"AV BOA VIAGEM";"2724";"";"EDF. VICENTE DE LACERDA DE MENEZES";"BOA VIAGEM";"";"";"COLISÃO TRASEIRA";"0,0";"2,0";"0,0";"0,0";"0,0";"0,0";"0,0";"0,0";"0,0";"1,0";"0,0";"";"";"";"";"";"";"";"";"";"";"";""
"202423460,0";"2024-08-28";"08:07:00";"COM VÍTIMA";"FINALIZADA";"VARZEA";"AV AFONSO OLINDENSE";"130";"";"EM FRENTE A ESCOLA OLIMPO VITOR";"VARZEA";"";"";"COLISÃO LATERAL";"1,0";"1,0";"0,0";"0,0";"0,0";"0,0";"0,0";"0,0";"0,0";"1,0";"0,0";"";"";"";"";"";"";"";"";"";"";"";""
"202423461,0";"2024-08-28";"08:09:00";"COM VÍTIMA";"FINALIZADA";"AFOGADOS";"RUA COSME VIANA";"";"RUA PADRE TEOFILO TWORZ";"EM FRENTE A TUPAN";"AFOGADOS";"";"";"COLISÃO";"1,0";"1,0";"0,0";"0,0";"0,0";"0,0";"0,0";"0,0";"0,0";"1,0";"0,0";"";"";"";"";"";"";"";"";"";"";"";""
"202423465,0";"2024-08-28";"08:31:00";"COM VÍTIMA";"FINALIZADA";"TORROES";"AV ENGENHEIRO ABDIAS DE CARVALHO";"";"";"PROX. A FARMACIA BONGI E PRAÇA DA CHESF";"TORROES";"";"";"COLISÃO LATERAL";"1,0";"1,0";"0,0";"0,0";"0,0";"0,0";"0,0";"0,0";"0,0";"1,0";"0,0";"";"";"";"";"";"";"";"";"";"";"";""
"202423491,0";"2024-08-28";"10:48:00";"SEM VÍTIMA";"FINALIZADA";"SANTO ANTONIO";"AV MARTINS DE BARROS";"";"";"EM FRENTE AO PALACIO DO GOVERNO";"SANTO ANTONIO";"";"";"COLISÃO TRASEIRA";"1,0";"0,0";"0,0";"0,0";"0,0";"0,0";"0,0";"1,0";"0,0";"0,0";"0,0";"";"";"";"";"";"";"";"";"";"";"";""
"202423495,0";"2024-08-28";"11:12:00";"SEM VÍTIMA";"FINALIZADA";"BOA VISTA";"RUA DO PRINCIPE";"";"";"AO LADO DO HOSPITAL DO EXERCITO";"BOA VISTA";"";"";"COLISÃO LATERAL";"1,0";"0,0";"0,0";"0,0";"0,0";"0,0";"0,0";"1,0";"0,0";"0,0";"0,0";"";"";"";"";"";"";"";"";"";"";"";""
"202423503,0";"2024-08-28";"11:43:00";"SEM VÍTIMA";"FINALIZADA";"AFOGADOS";"PTE DE AFOGADOS";"";"";"EM CIMA DA PONTE SENTIDO AEROPORTO";"AFOGADOS";"";"";"COLISÃO TRASEIRA";"2,0";"0,0";"0,0";"0,0";"0,0";"0,0";"0,0";"0,0";"0,0";"0,0";"0,0";"";"";"";"";"";"";"";"";"";"";"";""
"202423532,0";"2024-08-28";"04:01:00";"COM VÍTIMA";"FINALIZADA";"GUABIRABA";"EST DOS MACACOS";"";"";"PROXIMO AO BAR DA MAURICEIA";"GUABIRABA";"";"";"COLISÃO";"0,0";"1,0";"0,0";"0,0";"0,0";"0,0";"0,0";"0,0";"0,0";"1,0";"0,0";"";"";"";"";"";"";"";"";"";"";"";""
"202423533,0";"2024-08-28";"04:03:00";"COM VÍTIMA";"FINALIZADA";"CASA FORTE";"AV DEZESSETE DE AGOSTO";"226";"";"EM FRENTE A CULTURA INGLESA";"CASA FORTE";"";"";"COLISÃO TRASEIRA";"0,0";"1,0";"0,0";"0,0";"0,0";"0,0";"0,0";"0,0";"0,0";"1,0";"0,0";"";"";"";"";"";"";"";"";"";"";"";""
"202423536,0";"2024-08-28";"04:35:00";"SEM VÍTIMA";"FINALIZADA";"BOA VIAGEM";"AV DES JOSE NEVES";"";"RUA BARAO DE SOUZA LEAO";"E/F AO POTO SHEL";"BOA VIAGEM";"";"";"COLISÃO LATERAL";"0,0";"1,0";"0,0";"0,0";"0,0";"0,0";"0,0";"1,0";"0,0";"0,0";"0,0";"";"";"";"";"";"";"";"";"";"";"";""
"202423537,0";"2024-08-28";"04:36:00";"COM VÍTIMA";"FINALIZADA";"DERBY";"RUA DA BAIXA VERDE";"";"";"EM FRENTE AO HAPVIDA";"DERBY";"";"";"QUEDA";"1,0";"1,0";"0,0";"0,0";"0,0";"0,0";"0,0";"0,0";"0,0";"1,0";"0,0";"";"";"";"";"";"";"";"";"";"";"";""
"202423538,0";"2024-08-28";"04:43:00";"COM VÍTIMA";"FINALIZADA";"JORDAO";"AV DONA CARENTINA";"712";"";"PROXIMO A PAROQUIA CRISTO REDENTOR E NINA MOTOS";"JORDAO";"";"";"COLISÃO";"0,0";"1,0";"0,0";"0,0";"0,0";"0,0";"0,0";"0,0";"0,0";"1,0";"0,0";"";"";"";"";"";"";"";"";"";"";"";""
"202423542,0";"2024-08-28";"05:13:00";"COM VÍTIMA";"FINALIZADA";"VASCO DA GAMA";"RUA ALTO TREZE DE MAIO";"493";"";"PROXIMO A COMPESA";"VASCO DA GAMA";"";"";"COLISÃO";"0,0";"1,0";"0,0";"0,0";"0,0";"0,0";"0,0";"0,0";"0,0";"1,0";"0,0";"";"";"";"";"";"";"";"";"";"";"";""
"202423547,0";"2024-08-28";"05:42:00";"COM VÍTIMA";"FINALIZADA";"BOA VIAGEM";"RUA CARLOS PEREIRA FALCAO";"231";"";"EM FRENTE A UNIDADE DE CARDIOLOGIA UTI";"BOA VIAGEM";"";"";"COLISÃO LATERAL";"0,0";"2,0";"0,0";"0,0";"0,0";"0,0";"0,0";"0,0";"0,0";"1,0";"0,0";"";"";"";"";"";"";"";"";"";"";"";""
"202423549,0";"2024-08-28";"05:44:00";"COM VÍTIMA";"FINALIZADA";"SANTO AMARO";"RUA TUPINAMBAS";"294";"";"EM FRENTE A LOJA DE ROUPA LEILIS";"SANTO AMARO";"";"";"ATROPELAMENTO DE PESSOA";"1,0";"0,0";"0,0";"0,0";"1,0";"0,0";"0,0";"0,0";"0,0";"1,0";"0,0";"";"";"";"";"";"";"";"";"";"";"";""
"202423550,0";"2024-08-28";"05:51:00";"COM VÍTIMA";"FINALIZADA";"IMBIRIBEIRA";"RUA ARQUITETO FERNANDO ALMEIDA";"580";"";"NA RUA DO ARMAZEM CORAL";"IMBIRIBEIRA";"";"";"COLISÃO TRASEIRA";"1,0";"1,0";"0,0";"0,0";"0,0";"0,0";"0,0";"0,0";"0,0";"1,0";"0,0";"";"";"";"";"";"";"";"";"";"";"";""
"202423580,0";"2024-08-29";"06:35:00";"COM VÍTIMA";"FINALIZADA";"BOA VISTA";"TRV DO RAPOSO";"";"";"NA DESCIDA DA PONTE JOAQUIM CARDOSO SENT. RUA IMPERIAL";"BOA VISTA";"";"";"COLISÃO";"0,0";"1,0";"0,0";"0,0";"0,0";"0,0";"0,0";"0,0";"0,0";"1,0";"0,0";"";"";"";"";"";"";"";"";"";"";"";""
"202423591,0";"2024-08-29";"07:26:00";"COM VÍTIMA";"FINALIZADA";"ENCRUZILHADA";"AV BEBERIBE";"";"";"EM FRENTE AO CERPE DIAGUINÓSTICO  //  PRÓX. AO ARMAZÉM CORAL";"ENCRUZILHADA";"";"";"COLISÃO";"1,0";"1,0";"0,0";"0,0";"0,0";"0,0";"0,0";"0,0";"0,0";"1,0";"0,0";"";"";"";"";"";"";"";"";"";"";"";""
"202423593,0";"2024-08-29";"07:39:00";"COM VÍTIMA";"DUPLICIDADE";"ARRUDA";"AV BEBERIBE";"";"";"EM FRENTE A SEDE DO SANTA CRUZ";"ARRUDA";"";"";"COLISÃO";"0,0";"1,0";"0,0";"0,0";"0,0";"0,0";"0,0";"0,0";"0,0";"1,0";"0,0";"";"";"";"";"";"";"";"";"";"";"";""
"202423595,0";"2024-08-29";"07:51:00";"COM VÍTIMA";"FINALIZADA";"IMBIRIBEIRA";"AV MARECHAL MASCARENHAS DE MORAES";"2349";"";"AO LADO NA FACULDADE UNIVERSO";"IMBIRIBEIRA";"";"";"COLISÃO";"0,0";"1,0";"0,0";"0,0";"0,0";"0,0";"0,0";"0,0";"0,0";"1,0";"0,0";"";"";"";"";"";"";"";"";"";"";"";""
"202423596,0";"2024-08-29";"07:59:00";"COM VÍTIMA";"FINALIZADA";"BOA VIAGEM";"AVENIDA CELSO FURTADO (VIA MANGUE)";"";"";"SENT. ANTONIO FALCAO";"BOA VIAGEM";"";"";"COLISÃO";"1,0";"2,0";"0,0";"0,0";"0,0";"0,0";"0,0";"0,0";"0,0";"2,0";"0,0";"";"";"";"";"";"";"";"";"";"";"";""
"202423603,0";"2024-08-29";"08:32:00";"SEM VÍTIMA";"DUPLICIDADE";"SAO JOSE";"RUA IMPERIAL";"";"";"PROXIMO A SEC DA FAZENDA";"SAO JOSE";"";"";"COLISÃO";"0,0";"0,0";"0,0";"0,0";"0,0";"0,0";"0,0";"0,0";"0,0";"0,0";"0,0";"";"";"";"";"";"";"";"";"";"";"";""
"202423604,0";"2024-08-29";"08:38:00";"COM VÍTIMA";"FINALIZADA";"SAO JOSE";"AV SUL";"514";"";"PROX. A SEDE DO GALO ( REGISTRO DO SAMU AS 08:41  HRS )";"SAO JOSE";"";"";"COLISÃO LATERAL";"1,0";"1,0";"0,0";"0,0";"0,0";"0,0";"0,0";"0,0";"0,0";"1,0";"0,0";"";"";"";"";"";"";"";"";"";"";"";""
"202423611,0";"2024-08-29";"08:56:00";"COM VÍTIMA";"FINALIZADA";"GUABIRABA";"EST DA MUMBECA";"5528";"";"PRÓX. AO CONDOMÍNIO FLOR DO ARAÇÁ";"GUABIRABA";"";"";"COLISÃO";"0,0";"1,0";"0,0";"0,0";"0,0";"0,0";"0,0";"0,0";"0,0";"1,0";"0,0";"";"";"";"";"";"";"";"";"";"";"";""
"202423616,0";"2024-08-29";"09:20:00";"COM VÍTIMA";"FINALIZADA";"PONTO DE PARADA";"RUA PROFESSOR JERONIMO GUEIROS";"101";"RUA DONA ELVIRA";"PRÓX. AO NÚMERO 211 //  PRÓX. A SEMENTEIRA DO ANDRÉ";"PONTO DE PARADA";"";"";"COLISÃO";"0,0";"1,0";"0,0";"0,0";"0,0";"0,0";"0,0";"0,0";"0,0";"1,0";"0,0";"";"";"";"";"";"";"";"";"";"";"";""
"202423617,0";"2024-08-29";"09:39:00";"COM VÍTIMA";"FINALIZADA";"BARRO";"AV DR JOSE RUFINO";"";"RUA MAJOR CHAGAS DE OLIVEIRA";"PROX AO COND MIRANTE DO RECIFE";"BARRO";"";"";"COLISÃO FRONTAL";"0,0";"1,0";"0,0";"0,0";"0,0";"0,0";"0,0";"0,0";"0,0";"1,0";"0,0";"";"";"";"";"";"";"";"";"";"";"";""
"202423618,0";"2024-08-29";"09:41:00";"COM VÍTIMA";"DUPLICIDADE";"ENCRUZILHADA";"RUA PROFESSOR JERONIMO GUEIROS";"";"";"PROX AO DEPOSITO DA COCA COLA  / NO CRUZAMENTO";"ENCRUZILHADA";"";"";"COLISÃO";"0,0";"1,0";"0,0";"0,0";"0,0";"0,0";"0,0";"0,0";"0,0";"1,0";"0,0";"";"";"";"";"";"";"";"";"";"";"";""
"202423635,0";"2024-08-29";"11:18:00";"COM VÍTIMA";"FINALIZADA";"AFOGADOS";"RUA SAO MIGUEL";"";"";"EM FRENTE AO QUARTEL";"AFOGADOS";"";"";"COLISÃO";"0,0";"1,0";"0,0";"0,0";"0,0";"0,0";"0,0";"0,0";"0,0";"1,0";"0,0";"";"";"";"";"";"";"";"";"";"";"";""
"202423662,0";"2024-08-29";"03:40:00";"SEM VÍTIMA";"FINALIZADA";"BAIRRO DO RECIFE";"RUA DA FUNDICAO";"311";"";"POR TRAS  DO BANCO CENTRAL";"BAIRRO DO RECIFE";"";"";"COLISÃO TRASEIRA";"1,0";"0,0";"0,0";"0,0";"0,0";"0,0";"0,0";"0,0";"0,0";"0,0";"0,0";"";"";"";"";"";"";"";"";"";"";"";""
"202423673,0";"2024-08-29";"05:52:00";"COM VÍTIMA";"FINALIZADA";"BOA VIAGEM";"AV ARMINDO MOURA";"";"";"EM FRENTE AO 2º COMAR";"BOA VIAGEM";"";"";"COLISÃO";"0,0";"1,0";"0,0";"0,0";"0,0";"0,0";"0,0";"0,0";"0,0";"1,0";"0,0";"";"";"";"";"";"";"";"";"";"";"";""
"202423693,0";"2024-08-30";"12:53:00";"COM VÍTIMA";"FINALIZADA";"CORDEIRO";"AV CAXANGA";"";"";"PROX AO PARQUE DE EXPOSIÇÃO. E/ F AO AUTO SPORT.. SEMAFORO 235";"CORDEIRO";"";"";"COLISÃO";"0,0";"0,0";"0,0";"0,0";"0,0";"0,0";"0,0";"0,0";"0,0";"1,0";"0,0";"";"";"";"";"";"";"";"";"";"";"";""
"202423736,0";"2024-08-30";"09:09:00";"COM VÍTIMA";"FINALIZADA";"ILHA JOANA BEZERRA";"RUA DES RODOLFO AURELIANO";"";"";"EM FRENTE AO FORUM JOANA BEZERRA / EM FRENTE A AREA DE CUSTODIA";"ILHA JOANA BEZERRA";"";"";"ATROPELAMENTO DE PESSOA";"0,0";"0,0";"0,0";"0,0";"1,0";"1,0";"0,0";"0,0";"0,0";"1,0";"0,0";"";"";"";"";"";"";"";"";"";"";"";""
"202423747,0";"2024-08-30";"09:42:00";"COM VÍTIMA";"FINALIZADA";"DERBY";"AV GOVERNADOR AGAMENON MAGALHAES";"219";"";"EM FRENTE AO MEMORIAL SAO JOSE, SENTIDO OLINDA";"DERBY";"";"";"COLISÃO LATERAL";"1,0";"1,0";"0,0";"0,0";"0,0";"0,0";"0,0";"0,0";"0,0";"1,0";"0,0";"";"";"";"";"";"";"";"";"";"";"";""
"202423749,0";"2024-08-30";"10:08:00";"COM VÍTIMA";"FINALIZADA";"CAMPO GRANDE";"EST DE BELEM";"1440";"";"PROX A OFICINA MOTO.COM";"CAMPO GRANDE";"";"";"COLISÃO LATERAL";"1,0";"1,0";"0,0";"0,0";"0,0";"0,0";"0,0";"0,0";"0,0";"1,0";"0,0";"";"";"";"";"";"";"";"";"";"";"";""
"202423755,0";"2024-08-30";"10:58:00";"COM VÍTIMA";"FINALIZADA";"NOVA DESCOBERTA";"AV VEREADOR OTACILIO AZEVEDO";"";"";"EM FRENTE AO POSTO DE SAUDE VILA BOA VISTA";"NOVA DESCOBERTA";"";"";"QUEDA";"0,0";"1,0";"0,0";"0,0";"0,0";"0,0";"0,0";"0,0";"0,0";"1,0";"0,0";"";"";"";"";"";"";"";"";"";"";"";""
"202423763,0";"2024-08-30";"12:07:00";"COM VÍTIMA";"FINALIZADA";"CAXANGA";"AV CAXANGA";"1117";"";"PRÓX. AO PARQUE DE EXPOSIÇOES";"CAXANGA";"";"";"COLISÃO";"0,0";"1,0";"0,0";"0,0";"0,0";"0,0";"0,0";"0,0";"0,0";"1,0";"0,0";"";"";"";"";"";"";"";"";"";"";"";""
"202423764,0";"2024-08-30";"12:28:00";"COM VÍTIMA";"FINALIZADA";"CAXANGA";"AV CAXANGA";"4491";"";"EM FRENTE A LOJA TOP CAR  //  PROX A LOJA SM PRIME";"CAXANGA";"";"";"COLISÃO";"0,0";"1,0";"0,0";"0,0";"0,0";"0,0";"0,0";"0,0";"0,0";"1,0";"0,0";"";"";"";"";"";"";"";"";"";"";"";""
"202423770,0";"2024-08-30";"01:21:00";"COM VÍTIMA";"FINALIZADA";"CASA AMARELA";"AV NORTE MIGUEL ARRAES DE ALENCAR";"";"";"PROXIMO A PRAÇA DO TRABALHO E ANTES DA MATERNIDADE BARROS LIMA";"CASA AMARELA";"";"";"COLISÃO";"0,0";"1,0";"0,0";"0,0";"0,0";"0,0";"0,0";"0,0";"0,0";"1,0";"0,0";"";"";"";"";"";"";"";"";"";"";"";""
"202423773,0";"2024-08-30";"02:19:00";"SEM VÍTIMA";"FINALIZADA";"IBURA";"RUA VALE DO CARIRI";"10";"RUA MARTINS FONTE";"";"IBURA";"";"SUBURBIO";"COLISÃO LATERAL";"1,0";"0,0";"0,0";"0,0";"0,0";"0,0";"1,0";"0,0";"0,0";"0,0";"0,0";"";"";"";"";"";"";"";"";"";"";"";""
"202423787,0";"2024-08-30";"03:12:00";"COM VÍTIMA";"FINALIZADA";"SAN MARTIN";"AV ENGENHEIRO ABDIAS DE CARVALHO";"";"AV GENERAL SAN MARTIN";"E/F AO NOVO ATACAREJO";"SAN MARTIN";"";"";"COLISÃO COM CICLISTA";"0,0";"1,0";"0,0";"1,0";"0,0";"0,0";"0,0";"0,0";"0,0";"1,0";"0,0";"";"";"";"";"";"";"";"";"";"";"";""
"202423799,0";"2024-08-30";"04:45:00";"COM VÍTIMA";"FINALIZADA";"SANCHO";"RUA APRIGIO GUIMARAES";"";"";"EM FRENTE AO HOSPITAL OTAVIO DE FREITAS";"SANCHO";"";"";"COLISÃO TRASEIRA";"1,0";"1,0";"0,0";"0,0";"0,0";"0,0";"0,0";"0,0";"0,0";"1,0";"0,0";"";"";"";"";"";"";"";"";"";"";"";""
"202423800,0";"2024-08-30";"04:48:00";"COM VÍTIMA";"FINALIZADA";"ILHA DO RETIRO";"RUA COMENDADOR BENTO AGUIAR";"63";"";"PROXIMO AO SUPERMERCADO ASSAI";"ILHA DO RETIRO";"";"";"COLISÃO";"0,0";"1,0";"0,0";"0,0";"0,0";"0,0";"0,0";"0,0";"0,0";"1,0";"0,0";"";"";"";"";"";"";"";"";"";"";"";""
"202423817,0";"2024-08-30";"06:50:00";"COM VÍTIMA";"FINALIZADA";"CAXANGA";"AV CAXANGA";"";"";"EM FRENTE A EXPOSIÇAO DE ANIMAIS";"CAXANGA";"";"CIDADE";"COLISÃO";"0,0";"1,0";"0,0";"0,0";"0,0";"0,0";"0,0";"0,0";"0,0";"1,0";"0,0";"";"";"";"";"";"";"";"";"";"";"";""
"202423819,0";"2024-08-30";"07:10:00";"COM VÍTIMA";"FINALIZADA";"AREIAS";"AV RECIFE";"2201";"";"SENTIDO BOA VIAGEM, ANTES DA ENTRADA DO IPSEP, PROXIMO AO ANTIGO BOMPREÇO";"AREIAS";"";"";"ATROPELAMENTO DE PESSOA";"1,0";"0,0";"0,0";"0,0";"1,0";"0,0";"0,0";"0,0";"0,0";"1,0";"0,0";"";"";"";"";"";"";"";"";"";"";"";""
"202423826,0";"2024-08-30";"07:43:00";"COM VÍTIMA";"DUPLICIDADE";"IPSEP";"AV RECIFE";"";"";"POSTO FEDERAL";"IPSEP";"";"";"ATROPELAMENTO DE PESSOA";"1,0";"0,0";"0,0";"0,0";"1,0";"0,0";"0,0";"0,0";"0,0";"1,0";"0,0";"";"";"";"";"";"";"";"";"";"";"";""
"202423883,0";"2024-08-31";"06:11:00";"COM VÍTIMA";"FINALIZADA";"BOA VIAGEM";"AV ENGENHEIRO DOMINGOS FERREIRA";"";"";"PROX. A FARMACIA SAO PAULO, 100 METROS APOS O CARREFOUR";"BOA VIAGEM";"";"";"COLISÃO";"0,0";"1,0";"0,0";"0,0";"0,0";"0,0";"0,0";"0,0";"0,0";"1,0";"0,0";"";"";"";"";"";"";"";"";"";"";"";""
"202423898,0";"2024-08-31";"08:51:00";"COM VÍTIMA";"FINALIZADA";"CORDEIRO";"RUA N S DA SAUDE";"";"";"PROX. AO TERMINAL DA TORRE //  AO  LADO DO COLEGIO  MUNICIPAL DA IPUTINGA";"CORDEIRO";"";"";"COLISÃO";"0,0";"1,0";"0,0";"0,0";"0,0";"0,0";"0,0";"0,0";"0,0";"1,0";"0,0";"";"";"";"";"";"";"";"";"";"";"";""
"202423910,0";"2024-08-31";"11:47:00";"COM VÍTIMA";"FINALIZADA";"CAMPO GRANDE";"RUA PRUDENTE DE MORAES";"45";"";"NA ESQUINA NO DEPÓSITO DE GÁS // PRÓX AO CALDINHO DA ZEZÉ // PRÓX AO POSTO DE GASOLINA";"CAMPO GRANDE";"";"";"COLISÃO TRASEIRA";"3,0";"0,0";"0,0";"0,0";"0,0";"0,0";"0,0";"0,0";"0,0";"1,0";"0,0";"";"";"";"";"";"";"";"";"";"";"";""
"202423918,0";"2024-08-31";"12:48:00";"COM VÍTIMA";"FINALIZADA";"BOA VIAGEM";"AV ENGENHEIRO DOMINGOS FERREIRA";"";"RUA JOSE TRAJANO";"PROX  AO LAÇA BURGUER";"BOA VIAGEM";"";"";"COLISÃO LATERAL";"1,0";"1,0";"0,0";"0,0";"0,0";"0,0";"0,0";"0,0";"0,0";"2,0";"0,0";"";"";"";"";"";"";"";"";"";"";"";""
"202423923,0";"2024-08-31";"01:32:00";"COM VÍTIMA";"FINALIZADA";"JARDIM SAO PAULO";"AV RECIFE";"";"";"E/F AO SUPERMERCADO ASSAI  S/T  BOA VIAGEM";"JARDIM SAO PAULO";"";"";"COLISÃO LATERAL";"1,0";"1,0";"0,0";"0,0";"0,0";"0,0";"0,0";"0,0";"0,0";"1,0";"0,0";"";"";"";"";"";"";"";"";"";"";"";""
"202423925,0";"2024-08-31";"02:08:00";"COM VÍTIMA";"FINALIZADA";"AGUA FRIA";"EST VELHA DE AGUA FRIA";"";"";"APOS APOLICLINICA SALOMÃO  KELNER";"AGUA FRIA";"";"";"COLISÃO TRASEIRA";"1,0";"1,0";"0,0";"0,0";"0,0";"0,0";"0,0";"0,0";"0,0";"1,0";"0,0";"";"";"";"";"";"";"";"";"";"";"";""