"Protocolo";"data";"hora";"natureza";"situacao";"bairro";"endereco";"numero";"detalhe_endereco_acidente";"complemento";"bairro_cruzamento";"num_semaforo";"sentido_via";"tipo";"auto";"moto";"ciclom";"ciclista";"pedestre";"onibus";"caminhao";"viatura";"outros";"vitimas";"vitimasfatais";"acidente_verificado";"tempo_clima";"situacao_semaforo";"sinalizacao";"condicao_via";"conservacao_via";"ponto_controle";"situacao_placa";"velocidade_max_via";"mao_direcao";"divisao_via1";"divisao_via2"
"202423936,0";"2024-08-31";"04:58:00";"SEM VÍTIMA";"CANCELADA";"AFOGADOS";"RUA NICOLAU PEREIRA";"75";"";"AO LADO DA FABRICA ASA";"AFOGADOS";"";"";"COLISÃO LATERAL";"0,0";"1,0";"0,0";"0,0";"0,0";"0,0";"0,0";"1,0";"0,0";"0,0";"0,0";"";"";"";"";"";"";"";"";"";"";"";""
"202423937,0";"2024-08-31";"05:02:00";"COM VÍTIMA";"FINALIZADA";"BOA VIAGEM";"AV ENGENHEIRO DOMINGOS FERREIRA";"";"";"EM FRENTE AO HOTEL VELA BRANCA";"BOA VIAGEM";"";"";"ATROPELAMENTO DE PESSOA";"0,0";"1,0";"0,0";"0,0";"1,0";"0,0";"0,0";"0,0";"0,0";"1,0";"0,0";"";"";"";"";"";"";"";"";"";"";"";""
"202423957,0";"2024-08-31";"09:53:00";"COM VÍTIMA";"CANCELADA";"TORRE";"RUA JOSE BONIFACIO";"";"RUA CONDE DE IRAJA";"EM FRENTE A DROGARIA SÃO PAULO";"TORRE";"";"";"COLISÃO";"0,0";"2,0";"0,0";"0,0";"0,0";"0,0";"0,0";"0,0";"0,0";"1,0";"0,0";"";"";"";"";"";"";"";"";"";"";"";""
"202423991,0";"2024-09-01";"01:52:00";"COM VÍTIMA";"FINALIZADA";"APIPUCOS";"AV DEZESSETE DE AGOSTO";"235";"";"EDF. LILIAN SARDENHA APÓS A ESCOLA SILVA JARDIM";"APIPUCOS";"";"SUBURBIO";"COLISÃO";"1,0";"1,0";"0,0";"0,0";"0,0";"0,0";"0,0";"0,0";"0,0";"1,0";"0,0";"";"";"";"";"";"";"";"";"";"";"";""
"202423992,0";"2024-09-01";"03:23:00";"SEM VÍTIMA";"FINALIZADA";"BOA VIAGEM";"RUA DOS NAVEGANTES";"2455";"";"EDF. MONTE CARLOS";"BOA VIAGEM";"";"SUBURBIO";"TOMBAMENTO";"2,0";"0,0";"0,0";"0,0";"0,0";"0,0";"0,0";"0,0";"0,0";"0,0";"0,0";"";"";"";"";"";"";"";"";"";"";"";""
"202424001,0";"2024-09-01";"06:36:00";"COM VÍTIMA";"FINALIZADA";"MACAXEIRA";"AV NORTE MIGUEL ARRAES DE ALENCAR";"1019";"";"APOS O PARQUE DA MACAXEIRA, NO RETORNO DA PRAÇA SITIO GRANDE, NA ENTRADA  DE NOVA DESCOBERTA";"MACAXEIRA";"";"";"COLISÃO";"0,0";"1,0";"0,0";"0,0";"0,0";"0,0";"0,0";"0,0";"0,0";"1,0";"0,0";"";"";"";"";"";"";"";"";"";"";"";""
"202424008,0";"2024-09-01";"08:21:00";"COM VÍTIMA";"FINALIZADA";"ESPINHEIRO";"RUA QUARENTA E OITO";"815";"RUA CARNEIRO VILELA";"EM FRENTE A ELY SALÃO /// PRX A LOJA SEU JOAO";"ESPINHEIRO";"";"";"COLISÃO";"1,0";"1,0";"0,0";"0,0";"0,0";"0,0";"0,0";"0,0";"0,0";"1,0";"0,0";"";"";"";"";"";"";"";"";"";"";"";""
"202424009,0";"2024-09-01";"09:19:00";"VÍTIMA FATAL";"FINALIZADA";"BOA VIAGEM";"AV ENGENHEIRO DOMINGOS FERREIRA";"";"RUA ENGENHEIRO JOSE BRANDAO CAVALCANTE";"EM FRENTE A  FARMACIA INDEPENDENTE  / PROX AO POSTO DE COMBUSTIVEL PETROBRAS";"BOA VIAGEM";"";"";"COLISÃO";"1,0";"1,0";"0,0";"0,0";"0,0";"0,0";"0,0";"0,0";"0,0";"1,0";"1,0";"";"";"";"";"";"";"";"";"";"";"";""
"202424017,0";"2024-09-01";"11:07:00";"COM VÍTIMA";"FINALIZADA";"IMBIRIBEIRA";"AV MARECHAL MASCARENHAS DE MORAES";"298";"";"PONTE MOTOCOLOMBO SENTIDO AEROPORTO,  EM FRENTE A POSITIVO SEGUE";"IMBIRIBEIRA";"";"";"COLISÃO COM CICLISTA";"1,0";"0,0";"0,0";"1,0";"0,0";"0,0";"0,0";"0,0";"0,0";"1,0";"0,0";"";"";"";"";"";"";"";"";"";"";"";""
"202424030,0";"2024-09-01";"01:23:00";"COM VÍTIMA";"FINALIZADA";"DOIS UNIDOS";"AV BEIRA RIO";"";"";"PROXIMO AO NOVO ATACAREJO E POR TRAS DO CANIL";"DOIS UNIDOS";"";"";"COLISÃO";"0,0";"1,0";"0,0";"0,0";"0,0";"0,0";"0,0";"0,0";"0,0";"1,0";"0,0";"";"";"";"";"";"";"";"";"";"";"";""
"202424032,0";"2024-09-01";"02:15:00";"SEM VÍTIMA";"FINALIZADA";"AFOGADOS";"EST DOS REMEDIOS";"812";"";"PROXIMO AO NOVO ATACREJO / EM FRENTE AO ANTIGO PAGODE DO CABOCLINHO";"AFOGADOS";"";"";"COLISÃO";"2,0";"0,0";"0,0";"0,0";"0,0";"0,0";"0,0";"0,0";"0,0";"0,0";"0,0";"";"";"";"";"";"";"";"";"";"";"";""
"202424033,0";"2024-09-01";"02:48:00";"COM VÍTIMA";"FINALIZADA";"GRACAS";"AV RUI BARBOSA";"3012";"";"PROXIMO AO POSTO SHELL E AO MUSEU DO ESTADO";"GRACAS";"";"";"";"0,0";"1,0";"0,0";"0,0";"0,0";"0,0";"0,0";"0,0";"0,0";"1,0";"0,0";"";"";"";"";"";"";"";"";"";"";"";""
"202424036,0";"2024-09-01";"03:41:00";"COM VÍTIMA";"FINALIZADA";"CAMPO GRANDE";"RUA ODORICO MENDES";"700";"";"EM FRENTE A ANTIGA CEHAB";"CAMPO GRANDE";"";"";"COLISÃO";"0,0";"1,0";"0,0";"0,0";"0,0";"0,0";"0,0";"0,0";"0,0";"1,0";"0,0";"";"";"";"";"";"";"";"";"";"";"";""
"202424039,0";"2024-09-01";"04:16:00";"SEM VÍTIMA";"FINALIZADA";"IPUTINGA";"RUA LAVRAS DO SUL";"100";"";"PROXIMO AO PARQUE DO CAIARA";"IPUTINGA";"";"";"COLISÃO LATERAL";"1,0";"1,0";"0,0";"0,0";"0,0";"0,0";"0,0";"0,0";"0,0";"0,0";"0,0";"";"";"";"";"";"";"";"";"";"";"";""
"202424043,0";"2024-09-01";"05:08:00";"COM VÍTIMA";"FINALIZADA";"CASA AMARELA";"RUA PADRE LEMOS";"454";"";"PROXIMO AO POSTO BR E A ENTRADA DO VASCO";"CASA AMARELA";"";"";"COLISÃO";"0,0";"1,0";"0,0";"0,0";"0,0";"0,0";"0,0";"0,0";"0,0";"1,0";"0,0";"";"";"";"";"";"";"";"";"";"";"";""
"202424047,0";"2024-09-01";"05:50:00";"COM VÍTIMA";"CANCELADA";"JORDAO";"RUA ROSARIO D'OESTE";"541";"";"PROXIMO AO MERCADINHO DE GRAÇA E A PASSARELA";"JORDAO";"";"";"COLISÃO";"0,0";"1,0";"0,0";"0,0";"0,0";"0,0";"0,0";"0,0";"0,0";"1,0";"0,0";"";"";"";"";"";"";"";"";"";"";"";""
"202424050,0";"2024-09-01";"06:15:00";"COM VÍTIMA";"FINALIZADA";"JOANA BEZERRA";"VIADUTO CAPITAO TEMUDO";"";"";"ENCIMA DO VIADULTO DE JOANA BEZERRA";"JOANA BEZERRA";"";"";"COLISÃO";"0,0";"1,0";"0,0";"0,0";"0,0";"0,0";"0,0";"0,0";"0,0";"1,0";"0,0";"";"";"";"";"";"";"";"";"";"";"";""
"202424052,0";"2024-09-01";"06:41:00";"SEM VÍTIMA";"FINALIZADA";"AFOGADOS";"EST DOS REMEDIOS";"";"";"EM FRENTE  A TUPAN";"AFOGADOS";"";"";"COLISÃO LATERAL";"2,0";"0,0";"0,0";"0,0";"0,0";"0,0";"0,0";"0,0";"0,0";"0,0";"0,0";"";"";"";"";"";"";"";"";"";"";"";""
"202424053,0";"2024-09-01";"07:02:00";"COM VÍTIMA";"FINALIZADA";"PINA";"AV ANTONIO DE GOES";"";"";"E/F AO JCPM";"PINA";"";"";"QUEDA";"0,0";"1,0";"0,0";"0,0";"0,0";"0,0";"0,0";"0,0";"0,0";"1,0";"0,0";"";"";"";"";"";"";"";"";"";"";"";""
"202424058,0";"2024-09-01";"10:39:00";"COM VÍTIMA";"FINALIZADA";"IPUTINGA";"AV MAURICIO DE NASSAU";"500";"";"E/F  CORES PARA TODOS (ARMAZEM)";"IPUTINGA";"";"";"COLISÃO LATERAL";"1,0";"1,0";"0,0";"0,0";"0,0";"0,0";"0,0";"0,0";"0,0";"2,0";"0,0";"";"";"";"";"";"";"";"";"";"";"";""
"202424073,0";"2024-09-02";"06:50:00";"COM VÍTIMA";"FINALIZADA";"PRADO";"RUA GOMES TABORDA";"31";"RUA FELIX CAVALCANTE ALBUQUERQUE";"NA ENTRADA DO BONGI,  AO LADO DO MURO DO JOCKEY";"PRADO";"";"";"COLISÃO";"0,0";"1,0";"0,0";"0,0";"0,0";"0,0";"0,0";"0,0";"0,0";"1,0";"0,0";"";"";"";"";"";"";"";"";"";"";"";""
"202424087,0";"2024-09-02";"07:53:00";"COM VÍTIMA";"FINALIZADA";"ENCRUZILHADA";"AV BEBERIBE";"335";"";"EM FRENTE AO BANCO DO BRASIL";"ENCRUZILHADA";"";"";"COLISÃO LATERAL";"1,0";"1,0";"0,0";"0,0";"0,0";"0,0";"0,0";"0,0";"0,0";"1,0";"0,0";"";"";"";"";"";"";"";"";"";"";"";""
"202424089,0";"2024-09-02";"08:07:00";"COM VÍTIMA";"FINALIZADA";"IPUTINGA";"RUA LEAL DE BARROS";"";"";"NA RUA DA ESCOLA EXPORAMENTE";"IPUTINGA";"";"";"COLISÃO";"0,0";"1,0";"0,0";"0,0";"0,0";"0,0";"0,0";"0,0";"0,0";"1,0";"0,0";"";"";"";"";"";"";"";"";"";"";"";""
"202424090,0";"2024-09-02";"08:12:00";"COM VÍTIMA";"FINALIZADA";"JIQUIA";"AV DR JOSE RUFINO";"476";"";"PROX AO COLEGIO VISÃO";"JIQUIA";"";"";"COLISÃO FRONTAL";"1,0";"1,0";"0,0";"0,0";"0,0";"0,0";"0,0";"0,0";"0,0";"1,0";"0,0";"";"";"";"";"";"";"";"";"";"";"";""
"202424094,0";"2024-09-02";"09:11:00";"COM VÍTIMA";"FINALIZADA";"BOA VISTA";"AV JOAO DE BARROS";"1712";"";"EM FRENTE A NEO ENERGIA";"BOA VISTA";"";"";"COLISÃO";"0,0";"1,0";"0,0";"0,0";"0,0";"0,0";"0,0";"0,0";"0,0";"1,0";"0,0";"";"";"";"";"";"";"";"";"";"";"";""
"202424103,0";"2024-09-02";"09:33:00";"COM VÍTIMA";"FINALIZADA";"JORDAO";"RUA ANTONIO ROCHA";"";"";"EM FRENTE A EMPRESA FUNDIÇÃO NORDESTE";"JORDAO";"";"";"COLISÃO LATERAL";"1,0";"1,0";"0,0";"0,0";"0,0";"0,0";"0,0";"0,0";"0,0";"2,0";"0,0";"";"";"";"";"";"";"";"";"";"";"";""
"202424109,0";"2024-09-02";"09:57:00";"COM VÍTIMA";"FINALIZADA";"CORDEIRO";"AV INACIO MONTEIRO";"";"1 TRV DOUTOR SABINO PINHO";"EM FRENTE A AMENDOLANDIA";"CORDEIRO";"";"";"COLISÃO";"0,0";"1,0";"0,0";"0,0";"0,0";"0,0";"0,0";"0,0";"0,0";"1,0";"0,0";"";"";"";"";"";"";"";"";"";"";"";""
"202424115,0";"2024-09-02";"10:19:00";"COM VÍTIMA";"FINALIZADA";"AFOGADOS";"RUA SAO MIGUEL";"158";"";"PRÓX. A MATERNIDADE BANDEIRA FILHO //  PRÓX. AO  AUTO PREMIER OFICINA";"AFOGADOS";"";"";"COLISÃO";"0,0";"1,0";"0,0";"0,0";"0,0";"0,0";"0,0";"0,0";"0,0";"1,0";"0,0";"";"";"";"";"";"";"";"";"";"";"";""
"202424125,0";"2024-09-02";"11:43:00";"COM VÍTIMA";"FINALIZADA";"APIPUCOS";"PTE ENGENHEIRO JAIME GUSMAO";"";"";"NA PONTE NOVA JAIME GUSMAO SENT. IPUTINGA";"APIPUCOS";"";"";"COLISÃO";"0,0";"1,0";"0,0";"0,0";"0,0";"0,0";"0,0";"0,0";"0,0";"1,0";"0,0";"";"";"";"";"";"";"";"";"";"";"";""
"202424133,0";"2024-09-02";"01:21:00";"COM VÍTIMA";"FINALIZADA";"AFOGADOS";"RUA MOTOCOLOMBO";"";"";"PROX A PONTE MOTOCOLEMKBO PROX A IGREJA DA PRAÇA LDA PAZ PROX A ANTIGO BRADESCO";"AFOGADOS";"";"";"COLISÃO";"1,0";"0,0";"0,0";"0,0";"0,0";"0,0";"0,0";"0,0";"0,0";"1,0";"0,0";"";"";"";"";"";"";"";"";"";"";"";""
"202424137,0";"2024-09-02";"02:08:00";"COM VÍTIMA";"FINALIZADA";"DERBY";"PRC DO DERBY";"";"";"PRAÇA DO DERBY";"DERBY";"";"";"COLISÃO";"0,0";"1,0";"0,0";"0,0";"0,0";"0,0";"0,0";"0,0";"0,0";"1,0";"0,0";"";"";"";"";"";"";"";"";"";"";"";""
"202424145,0";"2024-09-02";"03:05:00";"COM VÍTIMA";"FINALIZADA";"CASA AMARELA";"RUA PADRE LEMOS";"827";"";"PROX A LOJA DA KINITOS E AO LADO DA FERREIRA PINTO";"CASA AMARELA";"";"";"COLISÃO LATERAL";"1,0";"1,0";"0,0";"0,0";"0,0";"0,0";"0,0";"0,0";"0,0";"1,0";"0,0";"";"";"";"";"";"";"";"";"";"";"";""
"202424146,0";"2024-09-02";"03:12:00";"COM VÍTIMA";"FINALIZADA";"BEBERIBE";"RUA COMPOSITOR VINICIUS DE MORAIS";"";"";"PROX A PONTE DE BEBERIBE / PROX A FARMACIA DO TRABALHADOR";"BEBERIBE";"";"";"COLISÃO";"0,0";"1,0";"0,0";"0,0";"0,0";"0,0";"0,0";"0,0";"0,0";"1,0";"0,0";"";"";"";"";"";"";"";"";"";"";"";""
"202424155,0";"2024-09-02";"05:03:00";"COM VÍTIMA";"FINALIZADA";"JORDAO";"AV MARIA IRENE";"66";"";"EM FRENTE AO ATACAREJO DE JORDAO/ PROX A DELEGACIA";"JORDAO";"";"";"COLISÃO";"0,0";"1,0";"0,0";"0,0";"0,0";"0,0";"0,0";"0,0";"0,0";"1,0";"0,0";"";"";"";"";"";"";"";"";"";"";"";""
"202424163,0";"2024-09-02";"05:41:00";"COM VÍTIMA";"FINALIZADA";"SAO JOSE";"AV ENGENHEIRO JOSE ESTELITA";"";"";"PX ANTIGA RODOVIARIA / VIADULTO JOSE ESTELITA";"SAO JOSE";"";"";"COLISÃO";"0,0";"1,0";"0,0";"0,0";"0,0";"0,0";"0,0";"0,0";"0,0";"1,0";"0,0";"";"";"";"";"";"";"";"";"";"";"";""
"202424165,0";"2024-09-02";"05:52:00";"COM VÍTIMA";"FINALIZADA";"APIPUCOS";"AV DEZESSETE DE AGOSTO";"";"";"PROX AO N 1031 /PROX AO AÇUDE";"APIPUCOS";"";"";"COLISÃO LATERAL";"1,0";"1,0";"0,0";"0,0";"0,0";"0,0";"0,0";"0,0";"0,0";"1,0";"0,0";"";"";"";"";"";"";"";"";"";"";"";""
"202424175,0";"2024-09-02";"07:15:00";"COM VÍTIMA";"FINALIZADA";"MADALENA";"AV BEIRA RIO";"1065";"";"EM FRENTE AO EDFÍCIO CONCORDI / PRÓX. A ACADEMIA DA CIDADE";"MADALENA";"";"";"COLISÃO";"1,0";"1,0";"0,0";"0,0";"0,0";"0,0";"0,0";"0,0";"0,0";"1,0";"0,0";"";"";"";"";"";"";"";"";"";"";"";""
"202424221,0";"2024-09-03";"07:34:00";"COM VÍTIMA";"FINALIZADA";"AFOGADOS";"RUA JOAO IVO DA SILVA";"";"";"AO LADO DA TUPAN  //  PROX A FIAT";"AFOGADOS";"";"";"COLISÃO";"1,0";"1,0";"0,0";"0,0";"0,0";"0,0";"0,0";"0,0";"0,0";"1,0";"0,0";"";"";"";"";"";"";"";"";"";"";"";""
"202424230,0";"2024-09-03";"08:42:00";"COM VÍTIMA";"CANCELADA";"CASA AMARELA";"AV NORTE MIGUEL ARRAES DE ALENCAR";"";"";"EM FRENTE AO HOSPITAL BARRO LIMA";"CASA AMARELA";"";"";"COLISÃO TRASEIRA";"0,0";"2,0";"0,0";"0,0";"0,0";"0,0";"0,0";"0,0";"0,0";"1,0";"0,0";"";"";"";"";"";"";"";"";"";"";"";""
"202424245,0";"2024-09-03";"10:43:00";"COM VÍTIMA";"FINALIZADA";"LINHA DO TIRO";"SUB DA MEDALHA MILAGROSA";"";"";"PROX AO MERCADO DA PONTE";"LINHA DO TIRO";"";"";"COLISÃO";"0,0";"1,0";"0,0";"0,0";"0,0";"0,0";"0,0";"0,0";"0,0";"1,0";"0,0";"";"";"";"";"";"";"";"";"";"";"";""
"202424247,0";"2024-09-03";"10:57:00";"COM VÍTIMA";"FINALIZADA";"AFOGADOS";"RUA VINTE E UM DE ABRIL";"";"";"EM FRENTE AO CLUBE FERROVIARIO  DE AFOGADOS";"AFOGADOS";"";"";"COLISÃO";"0,0";"1,0";"0,0";"0,0";"0,0";"0,0";"0,0";"0,0";"0,0";"1,0";"0,0";"";"";"";"";"";"";"";"";"";"";"";""
"202424249,0";"2024-09-03";"11:01:00";"COM VÍTIMA";"FINALIZADA";"BOA VISTA";"RUA DA SOLEDADE";"";"";"PROX. AO ALTINO VENTURA";"BOA VISTA";"";"";"COLISÃO";"0,0";"1,0";"0,0";"0,0";"0,0";"0,0";"0,0";"0,0";"0,0";"1,0";"0,0";"";"";"";"";"";"";"";"";"";"";"";""
"202424255,0";"2024-09-03";"12:19:00";"COM VÍTIMA";"FINALIZADA";"BEBERIBE";"AV BEBERIBE";"4575";"";"EM FRENTE A MAGAZINE LUIZA";"BEBERIBE";"";"";"COLISÃO LATERAL";"1,0";"1,0";"0,0";"0,0";"0,0";"0,0";"0,0";"0,0";"0,0";"1,0";"0,0";"";"";"";"";"";"";"";"";"";"";"";""
"202424269,0";"2024-09-03";"03:19:00";"COM VÍTIMA";"FINALIZADA";"COHAB";"AV SANTA FE";"709";"";"PRX AO POSTO DE SAUDE / PROX IGREJA CATOLICA";"COHAB";"";"";"COLISÃO";"0,0";"1,0";"0,0";"0,0";"0,0";"0,0";"0,0";"0,0";"0,0";"1,0";"0,0";"";"";"";"";"";"";"";"";"";"";"";""
"202424272,0";"2024-09-03";"03:27:00";"COM VÍTIMA";"FINALIZADA";"IBURA";"AV DOM HELDER CAMARA";"";"";"IBURA DE BAIXO PROX A AV RECIFE PROX A CAPELA";"IBURA";"";"";"COLISÃO";"0,0";"1,0";"0,0";"0,0";"0,0";"0,0";"0,0";"0,0";"0,0";"1,0";"0,0";"";"";"";"";"";"";"";"";"";"";"";""
"202424276,0";"2024-09-03";"03:56:00";"COM VÍTIMA";"FINALIZADA";"IMBIRIBEIRA";"AV MARECHAL MASCARENHAS DE MORAES";"";"";"EM FRENTE A INFINIT VEICULOS/ PROX A CHEVROLET TAMBAI";"IMBIRIBEIRA";"";"";"COLISÃO";"0,0";"1,0";"0,0";"0,0";"0,0";"0,0";"0,0";"0,0";"0,0";"1,0";"0,0";"";"";"";"";"";"";"";"";"";"";"";""
"202424280,0";"2024-09-03";"04:35:00";"COM VÍTIMA";"FINALIZADA";"CAMPO GRANDE";"RUA ODORICO MENDES";"";"";"PROX AO CLUBE DAS PAS  E/F A O RESTAURANTE COSTELA E GALETOS";"CAMPO GRANDE";"";"";"COLISÃO FRONTAL";"1,0";"1,0";"0,0";"0,0";"0,0";"0,0";"0,0";"0,0";"0,0";"1,0";"0,0";"";"";"";"";"";"";"";"";"";"";"";""
"202424281,0";"2024-09-03";"05:12:00";"COM VÍTIMA";"FINALIZADA";"SAO JOSE";"VDO DAS CINCO PONTAS";"74";"";"NO COMEÇO DO VIADUTO DO FORTE DAS CINCO PONTAS";"SAO JOSE";"";"";"COLISÃO";"0,0";"1,0";"0,0";"0,0";"0,0";"0,0";"0,0";"0,0";"0,0";"1,0";"0,0";"";"";"";"";"";"";"";"";"";"";"";""
"202424282,0";"2024-09-03";"05:26:00";"COM VÍTIMA";"FINALIZADA";"PRADO";"RUA CARLOS GOMES";"365";"";"PROXIMO AO JOCKEY CLUBE";"PRADO";"";"";"COLISÃO COM CICLISTA";"1,0";"0,0";"0,0";"1,0";"0,0";"0,0";"0,0";"0,0";"0,0";"1,0";"0,0";"";"";"";"";"";"";"";"";"";"";"";""
"202424283,0";"2024-09-03";"05:45:00";"COM VÍTIMA";"FINALIZADA";"IBURA";"AV DOIS RIOS";"1082";"";"EM FRENTE A IGREJA DOS MORMOS / IBURA DE BAIXO";"IBURA";"";"";"COLISÃO";"0,0";"1,0";"0,0";"0,0";"0,0";"0,0";"0,0";"0,0";"0,0";"1,0";"0,0";"";"";"";"";"";"";"";"";"";"";"";""
"202424287,0";"2024-09-03";"06:25:00";"COM VÍTIMA";"FINALIZADA";"BOA VIAGEM";"AV ENGENHEIRO DOMINGOS FERREIRA";"";"";"EM FRENTE A LOJA VITA BRASIL";"BOA VIAGEM";"";"";"COLISÃO TRASEIRA";"1,0";"1,0";"0,0";"0,0";"0,0";"0,0";"0,0";"0,0";"0,0";"2,0";"0,0";"";"";"";"";"";"";"";"";"";"";"";""
"202424318,0";"2024-09-04";"06:38:00";"SEM VÍTIMA";"FINALIZADA";"SANTO AMARO";"AV NORTE MIGUEL ARRAES DE ALENCAR";"";"AV CRUZ CABUGA";"";"SANTO AMARO";"";"";"COLISÃO";"0,0";"0,0";"0,0";"0,0";"0,0";"0,0";"0,0";"0,0";"0,0";"0,0";"0,0";"";"";"";"";"";"";"";"";"";"";"";""
"202424328,0";"2024-09-04";"08:00:00";"COM VÍTIMA";"FINALIZADA";"HIPODROMO";"RUA PRUDENTE DE MORAES";"366";"";"PROX A PRAÇA DO HIPODROMO // PROX A ESCOLA VILA INFANCIA";"HIPODROMO";"";"";"COLISÃO LATERAL";"1,0";"1,0";"0,0";"0,0";"0,0";"0,0";"0,0";"0,0";"0,0";"1,0";"0,0";"";"";"";"";"";"";"";"";"";"";"";""
"202424337,0";"2024-09-04";"09:45:00";"COM VÍTIMA";"FINALIZADA";"CAXANGA";"AV CAXANGA";"";"";"PROX AO POSTO SHELL // EM CIMA DA PONTE DA CAXANGA";"CAXANGA";"";"";"COLISÃO LATERAL";"1,0";"1,0";"0,0";"0,0";"0,0";"0,0";"0,0";"0,0";"0,0";"1,0";"0,0";"";"";"";"";"";"";"";"";"";"";"";""
"202424340,0";"2024-09-04";"10:04:00";"COM VÍTIMA";"FINALIZADA";"IMBIRIBEIRA";"AV MARECHAL MASCARENHAS DE MORAES";"7676";"";"EMBAIXO DA PASSARELA QUE FICA EM FRENTE AO AEROPORTO";"IMBIRIBEIRA";"";"";"COLISÃO";"0,0";"1,0";"0,0";"0,0";"0,0";"0,0";"0,0";"0,0";"0,0";"1,0";"0,0";"";"";"";"";"";"";"";"";"";"";"";""
"202424359,0";"2024-09-04";"12:00:00";"COM VÍTIMA";"FINALIZADA";"AFOGADOS";"RUA SAO MIGUEL";"";"";"EM FRENTE AO CHINA BOX  // DEPOIS DO QUARTEL DO EXERCITO";"AFOGADOS";"";"";"COLISÃO";"1,0";"1,0";"0,0";"0,0";"0,0";"0,0";"0,0";"0,0";"0,0";"1,0";"0,0";"";"";"";"";"";"";"";"";"";"";"";""
"202424360,0";"2024-09-04";"12:08:00";"COM VÍTIMA";"FINALIZADA";"PRADO";"RUA CARLOS GOMES";"";"";"PROX AO MIX MATHEUS";"PRADO";"";"";"COLISÃO LATERAL";"1,0";"1,0";"0,0";"0,0";"0,0";"0,0";"0,0";"0,0";"0,0";"1,0";"0,0";"";"";"";"";"";"";"";"";"";"";"";""
"202424372,0";"2024-09-04";"01:50:00";"COM VÍTIMA";"FINALIZADA";"SANTO AMARO";"RUA TREZE DE MAIO";"";"";"ENTRE O SER EDUCACIONAL E O SESC";"SANTO AMARO";"";"";"COLISÃO LATERAL";"1,0";"1,0";"0,0";"0,0";"0,0";"0,0";"0,0";"0,0";"0,0";"1,0";"0,0";"";"";"";"";"";"";"";"";"";"";"";""
"202424374,0";"2024-09-04";"01:54:00";"COM VÍTIMA";"FINALIZADA";"JARDIM SAO PAULO";"AV LIBERDADE";"2768";"";"EM FRENTE A DELEGACIA DRACO";"JARDIM SAO PAULO";"";"";"COLISÃO";"0,0";"1,0";"0,0";"0,0";"0,0";"0,0";"0,0";"0,0";"0,0";"1,0";"0,0";"";"";"";"";"";"";"";"";"";"";"";""
"202424375,0";"2024-09-04";"01:55:00";"COM VÍTIMA";"FINALIZADA";"AREIAS";"AV DR JOSE RUFINO";"2697";"";"EM FRENTE AO SENAI";"AREIAS";"";"";"COLISÃO FRONTAL";"1,0";"1,0";"0,0";"0,0";"0,0";"0,0";"0,0";"0,0";"0,0";"1,0";"0,0";"";"";"";"";"";"";"";"";"";"";"";""
"202424377,0";"2024-09-04";"02:13:00";"COM VÍTIMA";"FINALIZADA";"BOA VIAGEM";"AV ENGENHEIRO DOMINGOS FERREIRA";"2718";"";"EM FRENTE À FARMÁCIA DROGASIL E EM FRENTE AO BANCO SICRED.";"BOA VIAGEM";"";"";"COLISÃO";"0,0";"1,0";"0,0";"0,0";"0,0";"0,0";"0,0";"0,0";"0,0";"1,0";"0,0";"";"";"";"";"";"";"";"";"";"";"";""
"202424385,0";"2024-09-04";"04:29:00";"COM VÍTIMA";"FINALIZADA";"SANTO AMARO";"1TR FREI CASSIMIRO";"66";"";"PROX A DELEGACIA DE PLANTAO DA BOA VISTA// PROX A SO FIXACAO LOJA DE MATERIAL // AO LADO DO VIADUTO";"SANTO AMARO";"";"";"COLISÃO";"0,0";"1,0";"0,0";"0,0";"0,0";"0,0";"0,0";"0,0";"0,0";"1,0";"0,0";"";"";"";"";"";"";"";"";"";"";"";""
"202424410,0";"2024-09-04";"07:01:00";"COM VÍTIMA";"FINALIZADA";"TAMARINEIRA";"AV NORTE MIGUEL ARRAES DE ALENCAR";"";"RUA CONEGO BARATA";"PROXIMO AO RESTAURANTE PICANHA DO INDIO";"TAMARINEIRA";"";"SUBURBIO";"COLISÃO";"1,0";"0,0";"0,0";"1,0";"0,0";"0,0";"0,0";"0,0";"0,0";"1,0";"0,0";"";"";"";"";"";"";"";"";"";"";"";""
"202424412,0";"2024-09-04";"07:16:00";"COM VÍTIMA";"FINALIZADA";"IPUTINGA";"AV CAXANGA";"4038";"";"EM FRENTE A SUPRANOR";"IPUTINGA";"";"SUBURBIO";"COLISÃO";"0,0";"1,0";"0,0";"0,0";"0,0";"1,0";"0,0";"0,0";"0,0";"1,0";"0,0";"";"";"";"";"";"";"";"";"";"";"";""
"202424424,0";"2024-09-05";"02:38:00";"COM VÍTIMA";"FINALIZADA";"CAXANGA";"AV CAXANGA";"";"";"PERNANBUCO DA SORTE , ENFRENTE AO PONTILHÃO DO BRT";"CAXANGA";"";"SUBURBIO";"COLISÃO LATERAL";"0,0";"2,0";"0,0";"0,0";"0,0";"0,0";"0,0";"0,0";"0,0";"1,0";"0,0";"";"";"";"";"";"";"";"";"";"";"";""