"Protocolo";"data";"hora";"natureza";"situacao";"bairro";"endereco";"numero";"detalhe_endereco_acidente";"complemento";"bairro_cruzamento";"num_semaforo";"sentido_via";"tipo";"auto";"moto";"ciclom";"ciclista";"pedestre";"onibus";"caminhao";"viatura";"outros";"vitimas";"vitimasfatais";"acidente_verificado";"tempo_clima";"situacao_semaforo";"sinalizacao";"condicao_via";"conservacao_via";"ponto_controle";"situacao_placa";"velocidade_max_via";"mao_direcao";"divisao_via1";"divisao_via2"
"202424429,0";"2024-09-05";"06:43:00";"COM VÍTIMA";"FINALIZADA";"ARRUDA";"AV BEBERIBE";"487";"";"PROX.  A CASA DO CONSTRUTOR // PROX A FERREIRA  PINTO";"ARRUDA";"";"";"COLISÃO";"0,0";"1,0";"0,0";"0,0";"0,0";"0,0";"0,0";"0,0";"0,0";"1,0";"0,0";"";"";"";"";"";"";"";"";"";"";"";""
"202424430,0";"2024-09-05";"06:44:00";"COM VÍTIMA";"FINALIZADA";"COELHOS";"RUA DOS COELHOS";"";"";"PROX. AO IMIP E HOSPITAL DOM PEDRO II";"COELHOS";"";"";"COLISÃO";"0,0";"1,0";"0,0";"0,0";"0,0";"0,0";"0,0";"0,0";"0,0";"1,0";"0,0";"";"";"";"";"";"";"";"";"";"";"";""
"202424432,0";"2024-09-05";"06:54:00";"COM VÍTIMA";"FINALIZADA";"SAO JOSE";"AV MARTINS DE BARROS";"";"";"PRÓXIMO A PONTE GIRATÓRIA";"SAO JOSE";"";"";"COLISÃO";"1,0";"1,0";"0,0";"0,0";"0,0";"0,0";"0,0";"0,0";"0,0";"1,0";"0,0";"";"";"";"";"";"";"";"";"";"";"";""
"202424437,0";"2024-09-05";"07:32:00";"COM VÍTIMA";"FINALIZADA";"CORDEIRO";"AV MAURICIO DE NASSAU";"";"";"EM FRENTE AO GOE";"CORDEIRO";"";"";"ATROPELAMENTO DE PESSOA";"0,0";"1,0";"0,0";"0,0";"1,0";"0,0";"0,0";"0,0";"0,0";"1,0";"0,0";"";"";"";"";"";"";"";"";"";"";"";""
"202424442,0";"2024-09-05";"07:50:00";"COM VÍTIMA";"DUPLICIDADE";"SAO JOSE";"C SANTA RITA";"";"";"PROX. AO NOVO HOTEL E PONTE GIRATORIA";"SAO JOSE";"";"";"COLISÃO";"0,0";"1,0";"0,0";"0,0";"0,0";"0,0";"0,0";"0,0";"0,0";"1,0";"0,0";"";"";"";"";"";"";"";"";"";"";"";""
"202424443,0";"2024-09-05";"07:53:00";"COM VÍTIMA";"FINALIZADA";"ARRUDA";"RUA DO TRIUNFO";"273";"";"EM FRENTE A ESCOLA TRIUNFO";"ARRUDA";"";"";"COLISÃO";"0,0";"1,0";"0,0";"0,0";"0,0";"0,0";"0,0";"0,0";"0,0";"1,0";"0,0";"";"";"";"";"";"";"";"";"";"";"";""
"202424444,0";"2024-09-05";"07:54:00";"COM VÍTIMA";"FINALIZADA";"MADALENA";"AV BEIRA RIO";"";"";"LADO OPOSTO AO PARQUE DAS GRAÇAS,  PROX. AO COLEGIO EQUIPE";"MADALENA";"";"";"COLISÃO";"0,0";"1,0";"0,0";"0,0";"0,0";"0,0";"0,0";"0,0";"0,0";"1,0";"0,0";"";"";"";"";"";"";"";"";"";"";"";""
"202424449,0";"2024-09-05";"08:41:00";"COM VÍTIMA";"FINALIZADA";"VARZEA";"AV AFONSO OLINDENSE";"695";"";"PRÓX. AO SUPERMERCADO NOVO ATACAREJO";"VARZEA";"";"";"COLISÃO";"0,0";"1,0";"0,0";"0,0";"0,0";"0,0";"0,0";"0,0";"0,0";"1,0";"0,0";"";"";"";"";"";"";"";"";"";"";"";""
"202424450,0";"2024-09-05";"08:45:00";"COM VÍTIMA";"FINALIZADA";"BEBERIBE";"AV BEBERIBE";"";"";"PRÓX. AO NUMERO 4251 //  SENTIDO CENTRO // PRÓX.  AOPOSTO DE COMBUTÍVEL SHELL";"BEBERIBE";"";"";"COLISÃO";"0,0";"1,0";"0,0";"0,0";"0,0";"0,0";"0,0";"0,0";"0,0";"1,0";"0,0";"";"";"";"";"";"";"";"";"";"";"";""
"202424454,0";"2024-09-05";"09:03:00";"COM VÍTIMA";"FINALIZADA";"JOANA BEZERRA";"PTE JOSE DE BARROS LIMA";"";"";"";"JOANA BEZERRA";"";"";"CHOQUE";"1,0";"0,0";"0,0";"0,0";"0,0";"0,0";"1,0";"0,0";"0,0";"1,0";"0,0";"";"";"";"";"";"";"";"";"";"";"";""
"202424457,0";"2024-09-05";"09:30:00";"COM VÍTIMA";"DUPLICIDADE";"CABANGA";"VIADUTO CAPITAO TEMUDO";"";"";"NA SEGUNDA ALÇA DO VIADUTO CAPITÃO TEMUDO /  NA DESCIDO DO VIADUTO DA JOANA BEZERRA / EM FRENTE A ACADEMIA DA CIDADE E FORUM JOANA BEZERRA";"CABANGA";"";"";"COLISÃO";"1,0";"0,0";"0,0";"0,0";"0,0";"0,0";"0,0";"0,0";"0,0";"1,0";"0,0";"";"";"";"";"";"";"";"";"";"";"";""
"202424474,0";"2024-09-05";"11:14:00";"COM VÍTIMA";"FINALIZADA";"AREIAS";"AV DR JOSE RUFINO";"1099";"";"EM FRENTE AO SENAI DE AREIAS";"AREIAS";"";"";"COLISÃO";"2,0";"0,0";"0,0";"0,0";"0,0";"0,0";"0,0";"0,0";"0,0";"1,0";"0,0";"";"";"";"";"";"";"";"";"";"";"";""
"202424475,0";"2024-09-05";"11:16:00";"COM VÍTIMA";"FINALIZADA";"SANTO AMARO";"RUA TREZE DE MAIO";"";"";"PROX. A ESCOLA JOSE MARIA E SESC DE SANTO AMARO";"SANTO AMARO";"";"";"COLISÃO";"0,0";"1,0";"0,0";"0,0";"0,0";"0,0";"0,0";"0,0";"0,0";"1,0";"0,0";"";"";"";"";"";"";"";"";"";"";"";""
"202424476,0";"2024-09-05";"11:18:00";"COM VÍTIMA";"FINALIZADA";"IPUTINGA";"AV CAXANGA";"";"";"PROX AO MIX MATEUS";"IPUTINGA";"";"";"COLISÃO";"0,0";"1,0";"0,0";"0,0";"0,0";"0,0";"0,0";"0,0";"0,0";"1,0";"0,0";"";"";"";"";"";"";"";"";"";"";"";""
"202424481,0";"2024-09-05";"11:44:00";"COM VÍTIMA";"FINALIZADA";"PINA";"AV HERCULANO BANDEIRA";"SN";"";"EM FRENTE A IGREJA DO PINA";"PINA";"";"";"COLISÃO";"0,0";"1,0";"0,0";"0,0";"0,0";"0,0";"0,0";"0,0";"0,0";"1,0";"0,0";"";"";"";"";"";"";"";"";"";"";"";""
"202424488,0";"2024-09-05";"12:27:00";"COM VÍTIMA";"FINALIZADA";"AREIAS";"RUA IPOJUCA";"342";"";"RUA DO POSTO DO INSS";"AREIAS";"";"";"COLISÃO";"0,0";"1,0";"0,0";"0,0";"0,0";"0,0";"0,0";"0,0";"0,0";"1,0";"0,0";"";"";"";"";"";"";"";"";"";"";"";""
"202424522,0";"2024-09-05";"05:37:00";"COM VÍTIMA";"FINALIZADA";"ESTANCIA";"AV RECIFE";"";"";"PROX AO SUPERMERCADO ATACADÃO - PROX AO ARMAZEM CORAL";"ESTANCIA";"";"";"COLISÃO";"0,0";"1,0";"0,0";"0,0";"0,0";"0,0";"0,0";"0,0";"0,0";"1,0";"0,0";"";"";"";"";"";"";"";"";"";"";"";""
"202424525,0";"2024-09-05";"05:55:00";"COM VÍTIMA";"FINALIZADA";"SAN MARTIN";"AV GENERAL SAN MARTIN";"";"";"EM FRENTE AO IPA AO LADO DA CAVALARIA";"SAN MARTIN";"";"";"COLISÃO FRONTAL";"1,0";"1,0";"0,0";"0,0";"0,0";"0,0";"0,0";"0,0";"0,0";"1,0";"0,0";"";"";"";"";"";"";"";"";"";"";"";""
"202424528,0";"2024-09-05";"06:32:00";"COM VÍTIMA";"FINALIZADA";"ARRUDA";"RUA DAS MOCAS";"";"";"PROX AO RESTAURANTE CACOLE/ PROX AO MERCADINHO DE NIVALDO";"ARRUDA";"";"";"COLISÃO";"0,0";"1,0";"0,0";"0,0";"0,0";"0,0";"0,0";"0,0";"0,0";"1,0";"0,0";"";"";"";"";"";"";"";"";"";"";"";""
"202424533,0";"2024-09-05";"08:12:00";"COM VÍTIMA";"FINALIZADA";"BOA VIAGEM";"RUA BARAO DE SOUZA LEAO";"1341";"";"E/F A CLINICA CLIMENA";"BOA VIAGEM";"";"";"COLISÃO LATERAL";"1,0";"2,0";"0,0";"0,0";"0,0";"0,0";"0,0";"0,0";"0,0";"2,0";"0,0";"";"";"";"";"";"";"";"";"";"";"";""
"202424568,0";"2024-09-06";"07:11:00";"COM VÍTIMA";"FINALIZADA";"TORRE";"RUA DOM MANOEL DA COSTA";"570";"";"PRO. AO BAR DO AGENOR  // PRPX A ESCOLA PAROQUIAL CRISTO REI";"TORRE";"";"";"COLISÃO";"0,0";"1,0";"0,0";"0,0";"0,0";"0,0";"0,0";"0,0";"0,0";"1,0";"0,0";"";"";"";"";"";"";"";"";"";"";"";""
"202424569,0";"2024-09-06";"07:11:00";"COM VÍTIMA";"FINALIZADA";"JORDAO";"AV DONA CARENTINA";"";"";"JORDAO ALTO, PROX. AO COLEGIO  ENEDA RABELO";"JORDAO";"";"";"COLISÃO";"0,0";"1,0";"0,0";"0,0";"0,0";"0,0";"0,0";"0,0";"0,0";"1,0";"0,0";"";"";"";"";"";"";"";"";"";"";"";""
"202424570,0";"2024-09-06";"07:36:00";"COM VÍTIMA";"CANCELADA";"TORROES";"RUA SANFONEIRO LUIZ GONZAGA";"";"";"PROX. AO VAREJÃO IDEAL E MERCADINHO DO VAL RODA DE FOGO";"TORROES";"";"";"COLISÃO";"0,0";"1,0";"0,0";"0,0";"0,0";"0,0";"0,0";"0,0";"0,0";"1,0";"0,0";"";"";"";"";"";"";"";"";"";"";"";""
"202424571,0";"2024-09-06";"07:45:00";"SEM VÍTIMA";"FINALIZADA";"VARZEA";"RUA MARIA JABOATAO";"";"RUA POLONI";"AO LADO DA MERCEARIA K&M BRASIL";"VARZEA";"";"SUBURBIO";"";"0,0";"0,0";"0,0";"0,0";"0,0";"0,0";"1,0";"0,0";"0,0";"0,0";"0,0";"";"";"";"";"";"";"";"";"";"";"";""
"202424584,0";"2024-09-06";"09:10:00";"COM VÍTIMA";"FINALIZADA";"CORDEIRO";"RUA CLAUDIO BROTHERHOOD";"";"";"PROX. A GRAFICA CAMPEL";"CORDEIRO";"";"";"COLISÃO";"1,0";"1,0";"0,0";"0,0";"0,0";"0,0";"0,0";"0,0";"0,0";"2,0";"0,0";"";"";"";"";"";"";"";"";"";"";"";""
"202424610,0";"2024-09-06";"11:42:00";"COM VÍTIMA";"FINALIZADA";"CASA FORTE";"AV DEZESSETE DE AGOSTO";"1837";"";"PRÓX. AO COLÉGIO MOTIVO // PROX AO VERD FRUTT";"CASA FORTE";"";"";"COLISÃO";"0,0";"1,0";"0,0";"0,0";"0,0";"0,0";"0,0";"0,0";"0,0";"1,0";"0,0";"";"";"";"";"";"";"";"";"";"";"";""
"202424611,0";"2024-09-06";"11:45:00";"SEM VÍTIMA";"FINALIZADA";"AGUA FRIA";"RUA ARAMBORE";"";"";"ANTIGA RUA DA PITOMBEIRA";"AGUA FRIA";"";"";"TOMBAMENTO";"0,0";"0,0";"0,0";"0,0";"0,0";"0,0";"0,0";"0,0";"0,0";"0,0";"0,0";"";"";"";"";"";"";"";"";"";"";"";""
"202424615,0";"2024-09-06";"12:12:00";"SEM VÍTIMA";"FINALIZADA";"AGUA FRIA";"RUA ARAMBORE";"";"";"ANTIGA RUA DA PITOMBEIRA";"AGUA FRIA";"";"";"TOMBAMENTO";"0,0";"0,0";"0,0";"0,0";"0,0";"0,0";"0,0";"0,0";"0,0";"0,0";"0,0";"";"";"";"";"";"";"";"";"";"";"";""
"202424635,0";"2024-09-06";"01:54:00";"COM VÍTIMA";"FINALIZADA";"PINA";"AVENIDA CELSO FURTADO (VIA MANGUE)";"";"";"SENTIDO BOA VIAGEM / PROX AO SHOPPING RIO MAR";"PINA";"";"";"COLISÃO";"0,0";"1,0";"0,0";"0,0";"0,0";"0,0";"0,0";"0,0";"0,0";"1,0";"0,0";"";"";"";"";"";"";"";"";"";"";"";""
"202424639,0";"2024-09-06";"02:06:00";"COM VÍTIMA";"FINALIZADA";"IBURA";"AV DOIS RIOS";"720";"";"IBURA DE BAIXO /PROX AO COLEGIO SIMOES BARBOSA/ PROX RESE STYLOS";"IBURA";"";"";"COLISÃO LATERAL";"1,0";"1,0";"0,0";"0,0";"0,0";"0,0";"0,0";"0,0";"0,0";"1,0";"0,0";"";"";"";"";"";"";"";"";"";"";"";""
"202424640,0";"2024-09-06";"02:25:00";"COM VÍTIMA";"FINALIZADA";"COHAB";"AV RIO LARGO";"914";"";"N 160 PROX AO MERCADINHO PROAB";"COHAB";"";"";"COLISÃO";"0,0";"1,0";"0,0";"0,0";"0,0";"0,0";"0,0";"0,0";"0,0";"1,0";"0,0";"";"";"";"";"";"";"";"";"";"";"";""
"202424643,0";"2024-09-06";"02:28:00";"COM VÍTIMA";"FINALIZADA";"BOA VIAGEM";"VIADUTO CAPITAO TEMUDO";"";"";"ANTES DE CHEGAR NA VIA MANGUE PROX AO PLACA DO GGE";"BOA VIAGEM";"";"";"COLISÃO";"0,0";"1,0";"0,0";"0,0";"0,0";"0,0";"0,0";"0,0";"0,0";"1,0";"0,0";"";"";"";"";"";"";"";"";"";"";"";""
"202424648,0";"2024-09-06";"03:18:00";"COM VÍTIMA";"FINALIZADA";"AGUA FRIA";"RUA DO MACHADO";"410";"";"PROX DO CLUBE DOS IRRESPONSAVEIS // PROX A PADARIA SANTO ANTONIO";"AGUA FRIA";"";"";"COLISÃO";"1,0";"0,0";"0,0";"0,0";"0,0";"0,0";"0,0";"0,0";"0,0";"1,0";"0,0";"";"";"";"";"";"";"";"";"";"";"";""
"202424652,0";"2024-09-06";"03:50:00";"COM VÍTIMA";"FINALIZADA";"GRACAS";"RUA JOAQUIM NABUCO";"3713";"";"EM FRENTE A GALERIA DERBY CENTER";"GRACAS";"";"";"COLISÃO";"0,0";"1,0";"0,0";"0,0";"0,0";"0,0";"0,0";"0,0";"0,0";"1,0";"0,0";"";"";"";"";"";"";"";"";"";"";"";""
"202424656,0";"2024-09-06";"04:21:00";"COM VÍTIMA";"FINALIZADA";"GRACAS";"RUA CAPITAO SAMPAIO XAVIER";"290";"";"AO LADO DO BOMPREÇO DA AV ROSA E SILVA";"GRACAS";"";"";"COLISÃO LATERAL";"1,0";"1,0";"0,0";"0,0";"0,0";"0,0";"0,0";"0,0";"0,0";"1,0";"0,0";"";"";"";"";"";"";"";"";"";"";"";""
"202424657,0";"2024-09-06";"04:29:00";"COM VÍTIMA";"FINALIZADA";"IBURA";"RUA RIO XINGU";"485";"";"PROX A CENTRAL MOTOS";"IBURA";"";"";"COLISÃO";"0,0";"1,0";"0,0";"0,0";"0,0";"0,0";"0,0";"0,0";"0,0";"1,0";"0,0";"";"";"";"";"";"";"";"";"";"";"";""
"202424664,0";"2024-09-06";"05:16:00";"COM VÍTIMA";"FINALIZADA";"CORDEIRO";"AV MAURICIO DE NASSAU";"";"";"AO LADO DO GOI PROX A AUTO ESCOLA TREVO";"CORDEIRO";"";"";"COLISÃO";"0,0";"1,0";"0,0";"0,0";"0,0";"0,0";"0,0";"0,0";"0,0";"1,0";"0,0";"";"";"";"";"";"";"";"";"";"";"";""
"202424670,0";"2024-09-06";"05:57:00";"VÍTIMA FATAL";"FINALIZADA";"AFOGADOS";"EST DOS REMEDIOS";"1461";"";"EM FRENTE AO DEPOSITO DA TUPAN";"AFOGADOS";"";"";"ATROPELAMENTO DE PESSOA";"1,0";"0,0";"0,0";"0,0";"1,0";"0,0";"0,0";"0,0";"0,0";"0,0";"1,0";"";"";"";"";"";"";"";"";"";"";"";""
"202424672,0";"2024-09-06";"06:16:00";"COM VÍTIMA";"FINALIZADA";"CAMPO GRANDE";"EST DE BELEM";"1738";"";"EM FRENTE À DROGASIL E PRÓX À CLÍNICA VETERINÁRIA BICHO ALTO";"CAMPO GRANDE";"";"";"COLISÃO";"0,0";"1,0";"0,0";"0,0";"0,0";"0,0";"0,0";"0,0";"0,0";"1,0";"0,0";"";"";"";"";"";"";"";"";"";"";"";""
"202424675,0";"2024-09-06";"06:41:00";"COM VÍTIMA";"FINALIZADA";"CAJUEIRO";"AV CIDADE DE MONTEIRO";"82";"";"EM FRENTE AO ARMAZEM CORAL";"CAJUEIRO";"";"";"COLISÃO";"0,0";"1,0";"0,0";"0,0";"0,0";"0,0";"0,0";"0,0";"0,0";"1,0";"0,0";"";"";"";"";"";"";"";"";"";"";"";""
"202424690,0";"2024-09-06";"10:34:00";"COM VÍTIMA";"FINALIZADA";"IBURA";"RUA EXP FRANCISCO VITORIANO";"78";"";"SUPERMERCADO TREVO";"IBURA";"";"";"COLISÃO LATERAL";"1,0";"1,0";"0,0";"0,0";"0,0";"0,0";"0,0";"0,0";"0,0";"1,0";"0,0";"";"";"";"";"";"";"";"";"";"";"";""
"202424692,0";"2024-09-07";"12:22:00";"SEM VÍTIMA";"FINALIZADA";"BOA VIAGEM";"AVENIDA CELSO FURTADO (VIA MANGUE)";"";"";"APÓS A RUA PROF. EDUARDO WANDERLEY FILHO";"BOA VIAGEM";"";"CIDADE";"TOMBAMENTO";"1,0";"0,0";"0,0";"0,0";"0,0";"0,0";"0,0";"0,0";"0,0";"0,0";"0,0";"";"";"";"";"";"";"";"";"";"";"";""
"202424724,0";"2024-09-07";"07:44:00";"COM VÍTIMA";"FINALIZADA";"LINHA DO TIRO";"RUA SODRELANDIA";"";"";"PROX AO CAMPO DO CAFE DE LINHA DO TIRO";"LINHA DO TIRO";"";"";"COLISÃO";"0,0";"1,0";"0,0";"0,0";"0,0";"0,0";"0,0";"0,0";"0,0";"1,0";"0,0";"";"";"";"";"";"";"";"";"";"";"";""
"202424732,0";"2024-09-07";"10:05:00";"COM VÍTIMA";"FINALIZADA";"PINA";"AV ANTONIO DE GOES";"";"";"EM FRENTE AO EMPRESARIAL NEWTON MELO, PROX. A IMAGEM SOM";"PINA";"";"";"COLISÃO";"0,0";"1,0";"0,0";"0,0";"0,0";"0,0";"0,0";"0,0";"0,0";"1,0";"0,0";"";"";"";"";"";"";"";"";"";"";"";""
"202424740,0";"2024-09-07";"12:01:00";"SEM VÍTIMA";"FINALIZADA";"ESTANCIA";"AV DR JOSE RUFINO";"241";"";"EM FRENTE AO COLEGIO VISÃO";"ESTANCIA";"";"";"COLISÃO TRASEIRA";"2,0";"0,0";"0,0";"0,0";"0,0";"0,0";"0,0";"0,0";"0,0";"0,0";"0,0";"";"";"";"";"";"";"";"";"";"";"";""
"202424741,0";"2024-09-07";"12:35:00";"COM VÍTIMA";"FINALIZADA";"ALTO JOSE DO PINHO";"RUA MONTE HOREBE";"73";"";"EM FRENTE AO ANTIGO BARBEIRO / EM FRENTE ASSEMBLEIA DE DEUS MINISTERIO SEMEAR";"ALTO JOSE DO PINHO";"";"";"COLISÃO FRONTAL";"0,0";"2,0";"0,0";"0,0";"0,0";"0,0";"0,0";"0,0";"0,0";"2,0";"0,0";"";"";"";"";"";"";"";"";"";"";"";""
"202424757,0";"2024-09-07";"03:45:00";"COM VÍTIMA";"FINALIZADA";"CAMPO GRANDE";"RUA ODORICO MENDES";"727";"";"EM FRENTE AO CLUBE DAS PAES";"CAMPO GRANDE";"";"";"COLISÃO";"0,0";"1,0";"0,0";"0,0";"0,0";"0,0";"0,0";"0,0";"0,0";"1,0";"0,0";"";"";"";"";"";"";"";"";"";"";"";""
"202424769,0";"2024-09-07";"06:36:00";"SEM VÍTIMA";"FINALIZADA";"SITIO DOS PINTOS";"RUA DO SITIO SAO BRAZ";"";"";"EM FRENTE AO SUPETÃO";"SITIO DOS PINTOS";"";"";"COLISÃO FRONTAL";"2,0";"0,0";"0,0";"0,0";"0,0";"0,0";"0,0";"0,0";"0,0";"0,0";"0,0";"";"";"";"";"";"";"";"";"";"";"";""
"202424771,0";"2024-09-07";"07:37:00";"VÍTIMA FATAL";"FINALIZADA";"BOMBA DO HEMETERIO";"RUA BOMBA DO HEMETERIO";"596";"";"EM FRENTE AO EXTRA ATACAREJO";"BOMBA DO HEMETERIO";"";"";"ATROPELAMENTO DE PESSOA";"0,0";"0,0";"0,0";"0,0";"1,0";"0,0";"0,0";"0,0";"0,0";"1,0";"1,0";"";"";"";"";"";"";"";"";"";"";"";""
"202424772,0";"2024-09-07";"07:45:00";"COM VÍTIMA";"FINALIZADA";"SAN MARTIN";"AV GENERAL SAN MARTIN";"";"RUA GOMES TABORDA";"EM FRENTE À FARMÁCIA PAGUE MENOS E DROGASIL";"SAN MARTIN";"";"";"COLISÃO";"1,0";"1,0";"0,0";"0,0";"0,0";"0,0";"0,0";"0,0";"0,0";"2,0";"0,0";"";"";"";"";"";"";"";"";"";"";"";""
"202424778,0";"2024-09-08";"01:13:00";"COM VÍTIMA";"FINALIZADA";"MADALENA";"AV ENGENHEIRO ABDIAS DE CARVALHO";"";"";"COM A ESTRADA DOS REMÉDIOS";"MADALENA";"";"";"COLISÃO TRANSVERSAL";"3,0";"0,0";"0,0";"0,0";"0,0";"0,0";"0,0";"0,0";"0,0";"1,0";"0,0";"";"";"";"";"";"";"";"";"";"";"";""
"202424794,0";"2024-09-08";"05:41:00";"SEM VÍTIMA";"DUPLICIDADE";"BOA VIAGEM";"RUA JOAO CARDOSO AIRES";"";"RUA SA E SOUZA";"AO LADO DO EXTRA BOM";"BOA VIAGEM";"";"";"COLISÃO LATERAL";"2,0";"0,0";"0,0";"0,0";"0,0";"0,0";"0,0";"0,0";"0,0";"0,0";"0,0";"";"";"";"";"";"";"";"";"";"";"";""
"202424796,0";"2024-09-08";"06:04:00";"COM VÍTIMA";"FINALIZADA";"CAXANGA";"RUA EMILIANO BRAGA";"477";"";"EM FRENTE AO TERMINAL DA CDU/ POR TRAS DA CAXANGA VEICULOS // NA MESMA RUA COLEGIO DESAFIO";"CAXANGA";"";"";"COLISÃO";"1,0";"1,0";"0,0";"0,0";"0,0";"0,0";"0,0";"0,0";"0,0";"1,0";"0,0";"";"";"";"";"";"";"";"";"";"";"";""
"202424798,0";"2024-09-08";"06:23:00";"COM VÍTIMA";"DUPLICIDADE";"CAXANGA";"RUA PROFESSOR ANTONIO COELHO";"";"";"AO DA INTEGRAÇAO DA CAXANGA / PROX AO VIADUTO DA CAXANGA E PROX A BR 101";"CAXANGA";"";"";"COLISÃO";"0,0";"1,0";"0,0";"0,0";"0,0";"0,0";"0,0";"0,0";"0,0";"1,0";"0,0";"";"";"";"";"";"";"";"";"";"";"";""
"202424803,0";"2024-09-08";"08:58:00";"COM VÍTIMA";"FINALIZADA";"AREIAS";"AV RECIFE";"";"";"SOBRE O VIADULTO TRANCREDO NEVES";"AREIAS";"";"";"COLISÃO";"1,0";"1,0";"0,0";"0,0";"0,0";"0,0";"0,0";"0,0";"0,0";"1,0";"0,0";"";"";"";"";"";"";"";"";"";"";"";""
"202424809,0";"2024-09-08";"10:20:00";"COM VÍTIMA";"FINALIZADA";"APIPUCOS";"RUA ALIANCA";"1127";"";"EM FRENTE A LAGUNA RECEPÇÕES  //  PRÓX. AO AÇUDE";"APIPUCOS";"";"";"COLISÃO";"0,0";"1,0";"0,0";"0,0";"0,0";"0,0";"0,0";"0,0";"0,0";"1,0";"0,0";"";"";"";"";"";"";"";"";"";"";"";""
"202424811,0";"2024-09-08";"10:41:00";"COM VÍTIMA";"FINALIZADA";"MORRO DA CONCEICAO";"AV NORTE MIGUEL ARRAES DE ALENCAR";"";"";"EM FRENTE AO ANTIGO NUCLEO DA PREFEITURA  /// EM FRENTE A MADEIRA POLIDA";"MORRO DA CONCEICAO";"";"";"COLISÃO LATERAL";"0,0";"0,0";"0,0";"1,0";"0,0";"1,0";"0,0";"0,0";"0,0";"1,0";"0,0";"";"";"";"";"";"";"";"";"";"";"";""
"202424813,0";"2024-09-08";"10:47:00";"COM VÍTIMA";"FINALIZADA";"AFOGADOS";"RUA SAO MIGUEL";"3928";"";"RUA DO BANCO DO BRASIL";"AFOGADOS";"";"";"COLISÃO";"0,0";"1,0";"0,0";"0,0";"0,0";"0,0";"0,0";"0,0";"0,0";"1,0";"0,0";"";"";"";"";"";"";"";"";"";"";"";""
"202424815,0";"2024-09-08";"11:18:00";"COM VÍTIMA";"FINALIZADA";"BOA VISTA";"AV CONDE DA BOA VISTA";"";"";"PROXIMO A RUA DAS NINFAS";"BOA VISTA";"";"";"COLISÃO";"0,0";"1,0";"0,0";"0,0";"0,0";"0,0";"0,0";"0,0";"0,0";"1,0";"0,0";"";"";"";"";"";"";"";"";"";"";"";""
"202424857,0";"2024-09-08";"08:38:00";"COM VÍTIMA";"FINALIZADA";"CAMPO GRANDE";"RUA CARNEIRO VILELA";"";"AV PROFESSOR JOSE DOS ANJOS";"NO CRUZAMENTO";"CAMPO GRANDE";"642,0";"";"ATROPELAMENTO DE PESSOA";"0,0";"1,0";"0,0";"0,0";"1,0";"0,0";"0,0";"0,0";"0,0";"1,0";"0,0";"";"";"";"";"";"";"";"";"";"";"";""
"202424870,0";"2024-09-09";"06:19:00";"COM VÍTIMA";"FINALIZADA";"VARZEA";"AV AFONSO OLINDENSE";"";"";"PROX. AO NOVO ATACAREJO";"VARZEA";"";"";"COLISÃO";"0,0";"1,0";"0,0";"0,0";"0,0";"0,0";"0,0";"0,0";"0,0";"1,0";"0,0";"";"";"";"";"";"";"";"";"";"";"";""
"202424874,0";"2024-09-09";"06:40:00";"SEM VÍTIMA";"FINALIZADA";"BOA VIAGEM";"AV CONSELHEIRO AGUIAR";"540";"";"EM FRENTE AO POSTO BR, PROX. A LOJA MAISON";"BOA VIAGEM";"";"";"COLISÃO LATERAL";"1,0";"0,0";"0,0";"0,0";"0,0";"0,0";"1,0";"0,0";"0,0";"0,0";"0,0";"";"";"";"";"";"";"";"";"";"";"";""
"202424877,0";"2024-09-09";"06:55:00";"COM VÍTIMA";"FINALIZADA";"PINA";"AV ENGENHEIRO DOMINGOS FERREIRA";"257";"";"EM FRENTE AO CLINICAL CENTER //  FAIXA DIREITA";"PINA";"";"";"COLISÃO";"0,0";"1,0";"0,0";"0,0";"0,0";"0,0";"0,0";"0,0";"0,0";"1,0";"0,0";"";"";"";"";"";"";"";"";"";"";"";""
"202424879,0";"2024-09-09";"07:05:00";"SEM VÍTIMA";"FINALIZADA";"MONTEIRO";"AV DEZESSETE DE AGOSTO";"23";"";"DE FRENTE AO EDIFICIO WILSON MACEDO, PROX A PRAÇA DO MONTEIRO, ANTES DA SUBIDA DA PONTE / SENTIDO CASA FORTE";"MONTEIRO";"";"";"COLISÃO";"2,0";"0,0";"0,0";"0,0";"0,0";"0,0";"0,0";"0,0";"0,0";"0,0";"0,0";"";"";"";"";"";"";"";"";"";"";"";""
"202424890,0";"2024-09-09";"09:02:00";"COM VÍTIMA";"FINALIZADA";"TORREAO";"RUA DJALMA FARIAS";"216";"";"PERTO DA ASSEMBLEIA DE DEUS";"TORREAO";"";"";"COLISÃO LATERAL";"2,0";"0,0";"0,0";"0,0";"0,0";"0,0";"0,0";"0,0";"0,0";"1,0";"0,0";"";"";"";"";"";"";"";"";"";"";"";""
"202424893,0";"2024-09-09";"09:31:00";"SEM VÍTIMA";"FINALIZADA";"TEJIPIO";"RUA APRIGIO GUIMARAES";"881";"RUA CLOVIS AVILA";"PROXIMO AO HOSPITAL OTAVIO DE FREITAS";"TEJIPIO";"";"SUBURBIO";"COLISÃO TRASEIRA";"1,0";"0,0";"0,0";"0,0";"0,0";"0,0";"0,0";"1,0";"0,0";"0,0";"0,0";"";"";"";"";"";"";"";"";"";"";"";""