"Protocolo";"data";"hora";"natureza";"situacao";"bairro";"endereco";"numero";"detalhe_endereco_acidente";"complemento";"bairro_cruzamento";"num_semaforo";"sentido_via";"tipo";"auto";"moto";"ciclom";"ciclista";"pedestre";"onibus";"caminhao";"viatura";"outros";"vitimas";"vitimasfatais";"acidente_verificado";"tempo_clima";"situacao_semaforo";"sinalizacao";"condicao_via";"conservacao_via";"ponto_controle";"situacao_placa";"velocidade_max_via";"mao_direcao";"divisao_via1";"divisao_via2"
"202424896,0";"2024-09-09";"10:28:00";"COM VÍTIMA";"DUPLICIDADE";"ESTANCIA";"AV ENGENHEIRO ABDIAS DE CARVALHO";"1749";"";"EM FRENTE AO POSTO BR  //  PRÓX. A AUTO CAR";"ESTANCIA";"";"";"COLISÃO";"0,0";"1,0";"0,0";"0,0";"0,0";"0,0";"0,0";"0,0";"0,0";"1,0";"0,0";"";"";"";"";"";"";"";"";"";"";"";""
"202424900,0";"2024-09-09";"10:36:00";"COM VÍTIMA";"FINALIZADA";"BONGI";"AV ENGENHEIRO ABDIAS DE CARVALHO";"5445";"";"APÓS AO ESTÁCIO // PROX AO POSTO DE GASOLINA BR  //  SENTIDO CURADO";"BONGI";"";"";"COLISÃO";"0,0";"1,0";"0,0";"0,0";"0,0";"0,0";"0,0";"0,0";"0,0";"1,0";"0,0";"";"";"";"";"";"";"";"";"";"";"";""
"202424903,0";"2024-09-09";"10:42:00";"COM VÍTIMA";"FINALIZADA";"AFOGADOS";"RUA SAO MIGUEL";"";"";"EM FRENTE AO DEPATRI";"AFOGADOS";"";"";"COLISÃO";"0,0";"1,0";"0,0";"0,0";"0,0";"0,0";"0,0";"0,0";"0,0";"1,0";"0,0";"";"";"";"";"";"";"";"";"";"";"";""
"202424907,0";"2024-09-09";"11:16:00";"SEM VÍTIMA";"FINALIZADA";"SAO JOSE";"RUA IMPERIAL";"930";"TRV PADRE AZEVEDO";"LADO OPOSTO AO BAR DA BETÂNIA";"SAO JOSE";"511,0";"SUBURBIO";"COLISÃO TRASEIRA";"2,0";"0,0";"0,0";"0,0";"0,0";"0,0";"0,0";"0,0";"0,0";"0,0";"0,0";"";"";"";"";"";"";"";"";"";"";"";""
"202424911,0";"2024-09-09";"11:45:00";"COM VÍTIMA";"FINALIZADA";"ENCRUZILHADA";"RUA CARNEIRO VILELA";"";"";"PROX. AO RESTAURANTE SABOR DO RANCHO";"ENCRUZILHADA";"";"";"COLISÃO";"0,0";"1,0";"0,0";"0,0";"0,0";"0,0";"0,0";"0,0";"0,0";"1,0";"0,0";"";"";"";"";"";"";"";"";"";"";"";""
"202424912,0";"2024-09-09";"12:06:00";"COM VÍTIMA";"DUPLICIDADE";"ESPINHEIRO";"RUA QUARENTA E OITO";"";"";"EM FRENTE AO RESTAURANTE SABOR DO RANCHO";"ESPINHEIRO";"";"";"COLISÃO FRONTAL";"1,0";"1,0";"0,0";"0,0";"0,0";"0,0";"0,0";"0,0";"0,0";"2,0";"0,0";"";"";"";"";"";"";"";"";"";"";"";""
"202424916,0";"2024-09-09";"12:17:00";"SEM VÍTIMA";"FINALIZADA";"SAO JOSE";"AV MARTINS DE BARROS";"";"";"SÁIDA CAIS DE SANTA RITA";"SAO JOSE";"";"";"COLISÃO";"0,0";"1,0";"0,0";"0,0";"0,0";"0,0";"1,0";"0,0";"0,0";"0,0";"0,0";"";"";"";"";"";"";"";"";"";"";"";""
"202424922,0";"2024-09-09";"01:01:00";"COM VÍTIMA";"FINALIZADA";"IMBIRIBEIRA";"RUA JEAN EMILE FAVRE";"110";"RUA ITAJAI";"EM FRENTE A LIGPEÇA ATACADO";"IMBIRIBEIRA";"";"";"COLISÃO LATERAL";"0,0";"1,0";"0,0";"0,0";"0,0";"0,0";"1,0";"0,0";"0,0";"2,0";"0,0";"";"";"";"";"";"";"";"";"";"";"";""
"202424926,0";"2024-09-09";"02:51:00";"COM VÍTIMA";"FINALIZADA";"IBURA";"RUA BOM NOME";"";"";"IBURA DE BAIXO  E/F A AUTO ESCOLA PILOTO";"IBURA";"";"";"COLISÃO";"0,0";"0,0";"0,0";"0,0";"0,0";"0,0";"0,0";"0,0";"0,0";"1,0";"0,0";"";"";"";"";"";"";"";"";"";"";"";""
"202424930,0";"2024-09-09";"03:24:00";"COM VÍTIMA";"FINALIZADA";"TAMARINEIRA";"AV CONS ROSA E SILVA";"1930";"";"E/F A PADARIA JAQUEIRA";"TAMARINEIRA";"";"";"CHOQUE";"1,0";"1,0";"0,0";"0,0";"0,0";"0,0";"0,0";"0,0";"0,0";"1,0";"0,0";"";"";"";"";"";"";"";"";"";"";"";""
"202424939,0";"2024-09-09";"05:12:00";"COM VÍTIMA";"FINALIZADA";"PINA";"AV ANTONIO DE GOES";"1735";"";"E/F AO POSTO DE GASOLINA BR  E E/F AO DNIT";"PINA";"";"";"COLISÃO";"0,0";"0,0";"0,0";"0,0";"0,0";"0,0";"0,0";"0,0";"0,0";"1,0";"0,0";"";"";"";"";"";"";"";"";"";"";"";""
"202424942,0";"2024-09-09";"06:13:00";"COM VÍTIMA";"FINALIZADA";"BRASILIA TEIMOSA";"AV BRASILIA FORMOSA";"18";"";"NA ORLAR DE BRASILIA TEIMOSA  E EM FRENTE AO QUIOSQUE 06";"BRASILIA TEIMOSA";"";"";"ATROPELAMENTO DE PESSOA";"1,0";"0,0";"0,0";"0,0";"1,0";"0,0";"0,0";"0,0";"0,0";"1,0";"0,0";"";"";"";"";"";"";"";"";"";"";"";""
"202424948,0";"2024-09-09";"08:19:00";"COM VÍTIMA";"FINALIZADA";"MADALENA";"RUA BENFICA";"";"EST DOS REMEDIOS";"";"MADALENA";"";"";"QUEDA";"0,0";"0,0";"1,0";"0,0";"0,0";"0,0";"0,0";"0,0";"0,0";"1,0";"0,0";"";"";"";"";"";"";"";"";"";"";"";""
"202424974,0";"2024-09-10";"06:56:00";"COM VÍTIMA";"FINALIZADA";"BOA VISTA";"RUA DO HOSPICIO";"";"";"PROX. AO HMAR";"BOA VISTA";"";"";"COLISÃO";"1,0";"1,0";"0,0";"0,0";"0,0";"0,0";"0,0";"0,0";"0,0";"1,0";"0,0";"";"";"";"";"";"";"";"";"";"";"";""
"202424980,0";"2024-09-10";"07:07:00";"COM VÍTIMA";"FINALIZADA";"AREIAS";"AV RECIFE";"SN";"";"EM FRENTE AO CARREFOUR";"AREIAS";"";"";"COLISÃO";"0,0";"1,0";"0,0";"0,0";"0,0";"0,0";"0,0";"0,0";"0,0";"1,0";"0,0";"";"";"";"";"";"";"";"";"";"";"";""
"202424995,0";"2024-09-10";"09:18:00";"COM VÍTIMA";"FINALIZADA";"JARDIM SAO PAULO";"AV SAO PAULO";"868";"RUA ANIBAL PORTELA";"DEPOIS DO CAMPO EL SALVADOR ESQUINA COM ANIBAL PORTELA";"JARDIM SAO PAULO";"";"";"COLISÃO";"0,0";"1,0";"0,0";"0,0";"0,0";"0,0";"0,0";"0,0";"0,0";"1,0";"0,0";"";"";"";"";"";"";"";"";"";"";"";""
"202424999,0";"2024-09-10";"09:32:00";"COM VÍTIMA";"FINALIZADA";"PINA";"AV ANTONIO DE GOES";"306";"";"DEPOIS DO JCPM";"PINA";"";"";"COLISÃO";"1,0";"1,0";"0,0";"0,0";"0,0";"0,0";"0,0";"0,0";"0,0";"1,0";"0,0";"";"";"";"";"";"";"";"";"";"";"";""
"202425000,0";"2024-09-10";"09:56:00";"COM VÍTIMA";"FINALIZADA";"ENCRUZILHADA";"AV NORTE MIGUEL ARRAES DE ALENCAR";"";"";"JACAÚNA";"ENCRUZILHADA";"";"CIDADE";"ATROPELAMENTO DE PESSOA";"0,0";"1,0";"0,0";"0,0";"0,0";"0,0";"0,0";"0,0";"0,0";"1,0";"0,0";"";"";"";"";"";"";"";"";"";"";"";""
"202425009,0";"2024-09-10";"10:19:00";"COM VÍTIMA";"FINALIZADA";"BOA VIAGEM";"AV CONSELHEIRO AGUIAR";"146";"RUA TOME GIBSON";"PROX. AO HOTEL UZIMAR  / EM FRENTE AO GALETO DO PEQUIM";"BOA VIAGEM";"";"";"COLISÃO";"0,0";"1,0";"0,0";"0,0";"0,0";"0,0";"0,0";"0,0";"0,0";"1,0";"0,0";"";"";"";"";"";"";"";"";"";"";"";""
"202425024,0";"2024-09-10";"12:05:00";"COM VÍTIMA";"FINALIZADA";"IBURA";"AV DOIS RIOS";"84";"";"EM FRENTE AO AUTO ESCOLA TRANSITO SEGURO / AUTO ESCOLA ARCO IRIS";"IBURA";"";"";"COLISÃO LATERAL";"0,0";"1,0";"0,0";"0,0";"0,0";"0,0";"0,0";"0,0";"0,0";"1,0";"0,0";"";"";"";"";"";"";"";"";"";"";"";""
"202425025,0";"2024-09-10";"12:18:00";"COM VÍTIMA";"FINALIZADA";"BOA VIAGEM";"AV ENGENHEIRO DOMINGOS FERREIRA";"2332";"";"EM FRENTE A LOJA FEUMAR";"BOA VIAGEM";"";"";"COLISÃO";"0,0";"0,0";"0,0";"0,0";"0,0";"1,0";"0,0";"0,0";"0,0";"1,0";"0,0";"";"";"";"";"";"";"";"";"";"";"";""
"202425035,0";"2024-09-10";"02:24:00";"COM VÍTIMA";"FINALIZADA";"ESPINHEIRO";"RUA DR FERNANDO ALLAIN";"";"";"E/F A DOCERIA SIMONE BARROS";"ESPINHEIRO";"";"";"COLISÃO FRONTAL";"0,0";"1,0";"0,0";"0,0";"0,0";"1,0";"0,0";"0,0";"0,0";"1,0";"0,0";"";"";"";"";"";"";"";"";"";"";"";""
"202425038,0";"2024-09-10";"03:04:00";"COM VÍTIMA";"FINALIZADA";"JOANA BEZERRA";"VIADUTO CAPITAO TEMUDO";"";"";"BEM EM CIMA DO VIADUTO CAPITÃO TEMUDO";"JOANA BEZERRA";"";"";"QUEDA";"0,0";"1,0";"0,0";"0,0";"0,0";"0,0";"0,0";"0,0";"0,0";"2,0";"0,0";"";"";"";"";"";"";"";"";"";"";"";""
"202425039,0";"2024-09-10";"03:07:00";"SEM VÍTIMA";"FINALIZADA";"CASA AMARELA";"RUA PAULA BATISTA";"";"RUA MAJOR NEREU GUERRA";"NO SEMÁFORO 136";"CASA AMARELA";"136,0";"";"COLISÃO LATERAL";"2,0";"0,0";"0,0";"0,0";"0,0";"0,0";"0,0";"0,0";"0,0";"0,0";"0,0";"";"";"";"";"";"";"";"";"";"";"";""
"202425062,0";"2024-09-10";"05:17:00";"SEM VÍTIMA";"FINALIZADA";"CAMPO GRANDE";"AV. LUÍS CORRÊA DE BRITO";"333";"";"E/F  PLINIO CAVALCATE E CIA LTDA";"CAMPO GRANDE";"";"";"COLISÃO LATERAL";"1,0";"0,0";"0,0";"0,0";"0,0";"0,0";"0,0";"1,0";"0,0";"0,0";"0,0";"";"";"";"";"";"";"";"";"";"";"";""
"202425063,0";"2024-09-10";"05:35:00";"COM VÍTIMA";"FINALIZADA";"LINHA DO TIRO";"RUA URIEL DE HOLANDA";"1026";"";"E/F AO CALDINHO DO AMBROSIO";"LINHA DO TIRO";"";"";"COLISÃO";"0,0";"0,0";"0,0";"0,0";"0,0";"0,0";"0,0";"0,0";"0,0";"1,0";"0,0";"";"";"";"";"";"";"";"";"";"";"";""
"202425071,0";"2024-09-10";"06:45:00";"COM VÍTIMA";"FINALIZADA";"AGUA FRIA";"RUA JOAO UZEDA LUNA";"";"";"PX A GRANJA DO NEGO, PX A PADARIA SABOR DO BOLO";"AGUA FRIA";"";"";"COLISÃO";"0,0";"1,0";"0,0";"0,0";"0,0";"0,0";"0,0";"0,0";"0,0";"1,0";"0,0";"";"";"";"";"";"";"";"";"";"";"";""
"202425072,0";"2024-09-10";"07:19:00";"COM VÍTIMA";"FINALIZADA";"MADALENA";"RUA BENFICA";"";"";"EM FRENTE AO INTERNACIONAL";"MADALENA";"";"";"COLISÃO";"1,0";"1,0";"0,0";"0,0";"0,0";"0,0";"0,0";"0,0";"0,0";"1,0";"0,0";"";"";"";"";"";"";"";"";"";"";"";""
"202425076,0";"2024-09-10";"08:21:00";"COM VÍTIMA";"FINALIZADA";"BOA VIAGEM";"RUA MAJOR ARMANDO DE SOUZA MELLO";"";"";"EM FRENTE AO RECIBOM";"BOA VIAGEM";"";"";"COLISÃO";"1,0";"1,0";"0,0";"0,0";"0,0";"0,0";"0,0";"0,0";"0,0";"1,0";"0,0";"";"";"";"";"";"";"";"";"";"";"";""
"202425082,0";"2024-09-10";"10:16:00";"COM VÍTIMA";"FINALIZADA";"BRASILIA TEIMOSA";"RUA COMENDADOR MORAES";"";"";"PROX AO BAR DO CABO";"BRASILIA TEIMOSA";"";"";"COLISÃO";"0,0";"1,0";"0,0";"0,0";"0,0";"1,0";"0,0";"0,0";"0,0";"1,0";"0,0";"";"";"";"";"";"";"";"";"";"";"";""
"202425084,0";"2024-09-10";"11:39:00";"SEM VÍTIMA";"FINALIZADA";"SANTO ANTONIO";"AV DANTAS BARRETO";"";"";"EM FRENTE A PRAÇA DO DIARIO";"SANTO ANTONIO";"";"";"CHOQUE";"0,0";"0,0";"0,0";"0,0";"0,0";"0,0";"0,0";"1,0";"0,0";"0,0";"0,0";"";"";"";"";"";"";"";"";"";"";"";""
"202425108,0";"2024-09-11";"07:19:00";"COM VÍTIMA";"FINALIZADA";"AREIAS";"AV RECIFE";"11043";"";"EM FRENTE AO AMRAZÉM CORAL  ACHAQUI // NA SUBIDA  DO VIADUTA";"AREIAS";"";"";"COLISÃO";"0,0";"1,0";"0,0";"0,0";"0,0";"0,0";"0,0";"0,0";"0,0";"1,0";"0,0";"";"";"";"";"";"";"";"";"";"";"";""
"202425117,0";"2024-09-11";"08:40:00";"COM VÍTIMA";"FINALIZADA";"MADALENA";"EST DOS REMEDIOS";"2416";"AV JOSE GONCALVES DE MEDEIROS";"EM FRENTE A POLICLINICA LESSA DE ANDRADE";"MADALENA";"";"";"COLISÃO";"0,0";"1,0";"0,0";"0,0";"0,0";"0,0";"0,0";"0,0";"0,0";"1,0";"0,0";"";"";"";"";"";"";"";"";"";"";"";""
"202425134,0";"2024-09-11";"11:43:00";"COM VÍTIMA";"FINALIZADA";"DOIS UNIDOS";"AV HILDEBRANDO DE VASCONCELOS";"2067";"";"NO ANTIGO CENTRO DE TREINAMENTO DO SANTA CRUZ  //  PRÓX. A IGREJA ASSEMBLÉIA DE DEUS";"DOIS UNIDOS";"";"";"COLISÃO";"0,0";"2,0";"0,0";"0,0";"0,0";"0,0";"0,0";"0,0";"0,0";"1,0";"0,0";"";"";"";"";"";"";"";"";"";"";"";""
"202425135,0";"2024-09-11";"11:47:00";"COM VÍTIMA";"FINALIZADA";"APIPUCOS";"RUA CORONEL JOAO BATISTA DO REGO BARROS";"";"";"EM FRENTE A UNIDADE DE SAUDE APIPUCOS SAO JOAO";"APIPUCOS";"";"";"COLISÃO LATERAL";"1,0";"1,0";"0,0";"0,0";"0,0";"0,0";"0,0";"0,0";"0,0";"1,0";"0,0";"";"";"";"";"";"";"";"";"";"";"";""
"202425136,0";"2024-09-11";"12:03:00";"COM VÍTIMA";"FINALIZADA";"SANTO AMARO";"AV GOVERNADOR AGAMENON MAGALHAES";"6492";"";"PRÓX. AO SHOPPING TACARUNA // EM FRENTE A ESTAÇÃO  DE COLETA DE LIXO DA AGAMENON";"SANTO AMARO";"";"";"COLISÃO TRASEIRA";"3,0";"0,0";"0,0";"0,0";"0,0";"0,0";"0,0";"0,0";"0,0";"1,0";"0,0";"";"";"";"";"";"";"";"";"";"";"";""
"202425144,0";"2024-09-11";"01:06:00";"COM VÍTIMA";"FINALIZADA";"IPUTINGA";"RUA DEPUTADO CARLOS CARIBE";"";"";"PROX AO SUPERMERCADO ECONOMICO E PROX AO TAMARINDUS";"IPUTINGA";"";"";"COLISÃO";"0,0";"0,0";"0,0";"0,0";"0,0";"0,0";"0,0";"0,0";"0,0";"1,0";"0,0";"";"";"";"";"";"";"";"";"";"";"";""
"202425147,0";"2024-09-11";"01:34:00";"COM VÍTIMA";"FINALIZADA";"IMBIRIBEIRA";"AV MARECHAL MASCARENHAS DE MORAES";"";"";"E/F AO AEROPORTO EM BAIXO DO VIADUTO";"IMBIRIBEIRA";"";"";"COLISÃO";"0,0";"0,0";"0,0";"0,0";"0,0";"0,0";"0,0";"0,0";"0,0";"1,0";"0,0";"";"";"";"";"";"";"";"";"";"";"";""
"202425150,0";"2024-09-11";"02:02:00";"COM VÍTIMA";"FINALIZADA";"PARNAMIRIM";"RUA SEBASTIAO MALTA ARCOVERDE";"";"";"PROXIMO AO SERPRO";"PARNAMIRIM";"";"";"QUEDA";"0,0";"1,0";"0,0";"0,0";"0,0";"0,0";"0,0";"0,0";"0,0";"1,0";"0,0";"";"";"";"";"";"";"";"";"";"";"";""
"202425151,0";"2024-09-11";"02:04:00";"COM VÍTIMA";"DUPLICIDADE";"TORRE";"RUA SEBASTIAO ALVES";"157";"";"PROX AO REMAX E STUDIO  DEPILON";"TORRE";"";"";"COLISÃO";"0,0";"0,0";"0,0";"0,0";"0,0";"0,0";"0,0";"0,0";"0,0";"1,0";"0,0";"";"";"";"";"";"";"";"";"";"";"";""
"202425168,0";"2024-09-11";"04:03:00";"COM VÍTIMA";"FINALIZADA";"CASA AMARELA";"COR DO BARTOLOMEU";"";"";"PROX  PADARIA ANDREA";"CASA AMARELA";"";"";"COLISÃO";"0,0";"0,0";"0,0";"0,0";"0,0";"0,0";"0,0";"0,0";"0,0";"1,0";"0,0";"";"";"";"";"";"";"";"";"";"";"";""
"202425170,0";"2024-09-11";"04:12:00";"COM VÍTIMA";"FINALIZADA";"IPSEP";"AV RECIFE";"";"";"E/F AO HOSPITAL DO IDOSO AO LADO DO RESTAURANTE GALETOS";"IPSEP";"";"";"COLISÃO";"0,0";"1,0";"0,0";"0,0";"0,0";"0,0";"0,0";"0,0";"0,0";"2,0";"0,0";"";"";"";"";"";"";"";"";"";"";"";""
"202425172,0";"2024-09-11";"04:32:00";"COM VÍTIMA";"FINALIZADA";"IMBIRIBEIRA";"AVENIDA CELSO FURTADO (VIA MANGUE)";"";"";"PROX AO COLEGIO GGE";"IMBIRIBEIRA";"";"";"COLISÃO";"0,0";"0,0";"0,0";"0,0";"0,0";"0,0";"0,0";"0,0";"0,0";"1,0";"0,0";"";"";"";"";"";"";"";"";"";"";"";""
"202425179,0";"2024-09-11";"05:51:00";"COM VÍTIMA";"FINALIZADA";"IMBIRIBEIRA";"AV MARECHAL MASCARENHAS DE MORAES";"";"";"E/F A UPA S/T  SEST SENAT";"IMBIRIBEIRA";"";"";"COLISÃO";"0,0";"0,0";"0,0";"0,0";"0,0";"0,0";"0,0";"0,0";"0,0";"1,0";"0,0";"";"";"";"";"";"";"";"";"";"";"";""
"202425181,0";"2024-09-11";"06:36:00";"COM VÍTIMA";"FINALIZADA";"AFOGADOS";"RUA JOAO IVO DA SILVA";"178";"";"EM FRENTE A FIORI DE AFOGADOS";"AFOGADOS";"";"";"COLISÃO";"0,0";"1,0";"0,0";"0,0";"0,0";"0,0";"0,0";"0,0";"0,0";"1,0";"0,0";"";"";"";"";"";"";"";"";"";"";"";""
"202425183,0";"2024-09-11";"07:19:00";"COM VÍTIMA";"FINALIZADA";"PARNAMIRIM";"RUA VIRGINIA LORETO";"";"";"PROXIMO AO GUAIAMUM GIGANTE";"PARNAMIRIM";"";"";"COLISÃO FRONTAL";"1,0";"1,0";"0,0";"0,0";"0,0";"0,0";"0,0";"0,0";"0,0";"1,0";"0,0";"";"";"";"";"";"";"";"";"";"";"";""
"202425189,0";"2024-09-11";"09:57:00";"COM VÍTIMA";"FINALIZADA";"CABANGA";"PTE GOVERNADOR PAULO GUERRA";"";"";"";"CABANGA";"";"";"COLISÃO LATERAL";"1,0";"1,0";"0,0";"0,0";"0,0";"0,0";"0,0";"0,0";"0,0";"2,0";"0,0";"";"";"";"";"";"";"";"";"";"";"";""
"202425210,0";"2024-09-12";"06:27:00";"COM VÍTIMA";"FINALIZADA";"SAN MARTIN";"AV ENGENHEIRO ABDIAS DE CARVALHO";"";"";"PROX. A CHESF E HOSPITAL VETERINARIO";"SAN MARTIN";"";"";"COLISÃO";"0,0";"1,0";"0,0";"0,0";"0,0";"0,0";"0,0";"0,0";"0,0";"1,0";"0,0";"";"";"";"";"";"";"";"";"";"";"";""
"202425213,0";"2024-09-12";"06:52:00";"COM VÍTIMA";"FINALIZADA";"BOA VIAGEM";"AV CONSELHEIRO AGUIAR";"680";"RUA VICENCIA";"POR TRAS DO HOTEL IBIS";"BOA VIAGEM";"";"";"COLISÃO LATERAL";"2,0";"0,0";"0,0";"0,0";"0,0";"0,0";"0,0";"0,0";"0,0";"1,0";"0,0";"";"";"";"";"";"";"";"";"";"";"";""
"202425214,0";"2024-09-12";"06:52:00";"COM VÍTIMA";"FINALIZADA";"ARRUDA";"AV BEBERIBE";"848";"";"EM FRENTE AO LOJAO DO PETROLEO / PROX A BATERIA MOURA";"ARRUDA";"";"";"COLISÃO";"1,0";"1,0";"0,0";"0,0";"0,0";"0,0";"0,0";"0,0";"0,0";"1,0";"0,0";"";"";"";"";"";"";"";"";"";"";"";""
"202425218,0";"2024-09-12";"07:43:00";"COM VÍTIMA";"FINALIZADA";"ESTANCIA";"AV DR JOSE RUFINO";"1147";"";"PROX. A IGREJA DE SANTA LUZIA // PROX AO VIADUTO";"ESTANCIA";"";"";"COLISÃO LATERAL";"1,0";"1,0";"0,0";"0,0";"0,0";"0,0";"0,0";"0,0";"0,0";"1,0";"0,0";"";"";"";"";"";"";"";"";"";"";"";""
"202425223,0";"2024-09-12";"08:33:00";"COM VÍTIMA";"FINALIZADA";"SANTO AMARO";"RUA DO SOSSEGO";"480";"";"PRÓX. AO SENAI DA AV. NORTE";"SANTO AMARO";"";"";"COLISÃO";"0,0";"1,0";"0,0";"0,0";"0,0";"0,0";"0,0";"0,0";"0,0";"1,0";"0,0";"";"";"";"";"";"";"";"";"";"";"";""
"202425226,0";"2024-09-12";"08:53:00";"COM VÍTIMA";"FINALIZADA";"ROSARINHO";"RUA TELES JUNIOR";"378";"";"PRÓX. A FARMÁCIA PAGUE MENOS";"ROSARINHO";"";"";"COLISÃO";"0,0";"1,0";"0,0";"0,0";"0,0";"0,0";"0,0";"0,0";"0,0";"1,0";"0,0";"";"";"";"";"";"";"";"";"";"";"";""
"202425242,0";"2024-09-12";"11:12:00";"COM VÍTIMA";"FINALIZADA";"ENCRUZILHADA";"AV NORTE MIGUEL ARRAES DE ALENCAR";"";"";"EM FRENTE AO CENTER OLEO";"ENCRUZILHADA";"";"";"COLISÃO";"0,0";"1,0";"0,0";"0,0";"0,0";"0,0";"0,0";"0,0";"0,0";"1,0";"0,0";"";"";"";"";"";"";"";"";"";"";"";""
"202425244,0";"2024-09-12";"11:48:00";"COM VÍTIMA";"FINALIZADA";"SANTO AMARO";"AV NORTE MIGUEL ARRAES DE ALENCAR";"";"";"EM FRENTE A IGREJA";"SANTO AMARO";"";"";"COLISÃO";"0,0";"1,0";"0,0";"0,0";"0,0";"0,0";"0,0";"0,0";"0,0";"1,0";"0,0";"";"";"";"";"";"";"";"";"";"";"";""
"202425245,0";"2024-09-12";"11:55:00";"COM VÍTIMA";"FINALIZADA";"ILHA DO RETIRO";"RUA SPORT CLUBE DO RECIFE";"";"";"PROXIMO AO TUNEL CHICO SCHI";"ILHA DO RETIRO";"";"";"COLISÃO";"1,0";"1,0";"0,0";"0,0";"0,0";"0,0";"0,0";"0,0";"0,0";"1,0";"0,0";"";"";"";"";"";"";"";"";"";"";"";""
"202425246,0";"2024-09-12";"12:09:00";"COM VÍTIMA";"FINALIZADA";"IBURA";"RUA DR BENIGNO JORDAO DE VASCONCELOS";"";"";"EM FRENTE A LOJA MR MODA PRAIA / LADO OPOSTO DA PISTA LESTE NA LAGOA ENCANTADA";"IBURA";"";"";"COLISÃO";"0,0";"1,0";"0,0";"0,0";"0,0";"0,0";"0,0";"0,0";"0,0";"1,0";"0,0";"";"";"";"";"";"";"";"";"";"";"";""
"202425249,0";"2024-09-12";"12:50:00";"COM VÍTIMA";"FINALIZADA";"CAXANGA";"AV CAXANGA";"";"";"PROX AO SUPERMERCADO EXTRA DA CAXANGA SENTIDO CAMARAGIBE";"CAXANGA";"";"";"COLISÃO";"0,0";"1,0";"0,0";"0,0";"0,0";"0,0";"0,0";"0,0";"0,0";"1,0";"0,0";"";"";"";"";"";"";"";"";"";"";"";""
"202425255,0";"2024-09-12";"02:40:00";"COM VÍTIMA";"FINALIZADA";"DERBY";"AV GOVERNADOR AGAMENON MAGALHAES";"";"";"PROXIMO AO HOSPITAL MANDACARU";"DERBY";"";"SUBURBIO";"COLISÃO";"0,0";"1,0";"0,0";"0,0";"0,0";"0,0";"0,0";"0,0";"0,0";"1,0";"0,0";"";"";"";"";"";"";"";"";"";"";"";""
"202425256,0";"2024-09-12";"02:41:00";"COM VÍTIMA";"FINALIZADA";"SAN MARTIN";"AV ENGENHEIRO ABDIAS DE CARVALHO";"";"";"E/F A CLINICA VETERIANRIA ALFA / PROX A ESCOLA GERAÇAO PLANETA";"SAN MARTIN";"";"";"COLISÃO";"0,0";"0,0";"0,0";"0,0";"0,0";"0,0";"0,0";"0,0";"0,0";"1,0";"0,0";"";"";"";"";"";"";"";"";"";"";"";""
"202425257,0";"2024-09-12";"02:44:00";"COM VÍTIMA";"FINALIZADA";"SAO JOSE";"AV SUL";"";"";"PROX AO ANTIGO MERCADO DAS FLORES  E A CASA DAS PLACAS";"SAO JOSE";"";"";"COLISÃO";"0,0";"0,0";"0,0";"0,0";"0,0";"0,0";"0,0";"0,0";"0,0";"1,0";"0,0";"";"";"";"";"";"";"";"";"";"";"";""
"202425261,0";"2024-09-12";"03:18:00";"COM VÍTIMA";"FINALIZADA";"MACAXEIRA";"AV NORTE MIGUEL ARRAES DE ALENCAR";"";"";"ANTES DO BAR SABERE E PROX AO PARQUE DA MACAXEIRA";"MACAXEIRA";"";"";"COLISÃO";"0,0";"0,0";"0,0";"0,0";"0,0";"0,0";"0,0";"0,0";"0,0";"1,0";"0,0";"";"";"";"";"";"";"";"";"";"";"";""
"202425279,0";"2024-09-12";"05:59:00";"COM VÍTIMA";"FINALIZADA";"MADALENA";"RUA JOSE OSORIO";"603";"";"EM FRENTE A ALIANÇA AUTOMOVEIS";"MADALENA";"";"";"COLISÃO LATERAL";"1,0";"1,0";"0,0";"0,0";"0,0";"0,0";"0,0";"0,0";"0,0";"1,0";"0,0";"";"";"";"";"";"";"";"";"";"";"";""
"202425313,0";"2024-09-12";"10:34:00";"VÍTIMA FATAL";"FINALIZADA";"NOVA DESCOBERTA";"AV VEREADOR OTACILIO AZEVEDO";"";"RUA NOVA DESCOBERTA";"PROXIMO AO POSTO DE SAÚDE";"NOVA DESCOBERTA";"";"";"COLISÃO";"0,0";"1,0";"0,0";"0,0";"0,0";"1,0";"0,0";"0,0";"0,0";"1,0";"1,0";"";"";"";"";"";"";"";"";"";"";"";""
"202425314,0";"2024-09-12";"10:50:00";"COM VÍTIMA";"FINALIZADA";"JORDAO";"AV MARIA IRENE";"36";"";"APOS A BASE AREA";"JORDAO";"";"";"COLISÃO";"1,0";"1,0";"0,0";"0,0";"0,0";"0,0";"0,0";"0,0";"0,0";"1,0";"0,0";"";"";"";"";"";"";"";"";"";"";"";""
"202425317,0";"2024-09-12";"11:52:00";"VÍTIMA FATAL";"FINALIZADA";"DOIS IRMAOS";"RUA PROFESSOR JOAO MEDEIROS";"";"";"EM FRENTE A URFPE";"DOIS IRMAOS";"";"";"COLISÃO";"0,0";"1,0";"0,0";"0,0";"0,0";"0,0";"0,0";"0,0";"0,0";"1,0";"1,0";"";"";"";"";"";"";"";"";"";"";"";""