"Protocolo";"data";"hora";"natureza";"situacao";"bairro";"endereco";"numero";"detalhe_endereco_acidente";"complemento";"bairro_cruzamento";"num_semaforo";"sentido_via";"tipo";"auto";"moto";"ciclom";"ciclista";"pedestre";"onibus";"caminhao";"viatura";"outros";"vitimas";"vitimasfatais";"acidente_verificado";"tempo_clima";"situacao_semaforo";"sinalizacao";"condicao_via";"conservacao_via";"ponto_controle";"situacao_placa";"velocidade_max_via";"mao_direcao";"divisao_via1";"divisao_via2"
"202425318,0";"2024-09-12";"11:59:00";"VÍTIMA FATAL";"FINALIZADA";"JOANA BEZERRA";"VDO PAPA JOAO PAULO II";"";"";"LADO OPOSTO AO FORUM SENTIDO BOA VIAGEM";"JOANA BEZERRA";"";"SUBURBIO";"ATROPELAMENTO DE PESSOA";"0,0";"0,0";"0,0";"0,0";"1,0";"0,0";"0,0";"0,0";"0,0";"0,0";"1,0";"";"";"";"";"";"";"";"";"";"";"";""
"202425324,0";"2024-09-13";"05:17:00";"COM VÍTIMA";"FINALIZADA";"GUABIRABA";"EST DA LADEIRA DO SERENO";"";"";"PROX A EMPRESA AGUA MINERAL SANTA JOANA";"GUABIRABA";"";"";"COLISÃO";"0,0";"1,0";"0,0";"0,0";"0,0";"0,0";"0,0";"0,0";"0,0";"1,0";"0,0";"";"";"";"";"";"";"";"";"";"";"";""
"202425325,0";"2024-09-13";"05:46:00";"COM VÍTIMA";"FINALIZADA";"MADALENA";"AV VISCONDE DE ALBUQUERQUE";"";"RUA JOSE OSORIO";"";"MADALENA";"";"";"COLISÃO";"1,0";"1,0";"0,0";"0,0";"0,0";"0,0";"0,0";"0,0";"0,0";"2,0";"0,0";"";"";"";"";"";"";"";"";"";"";"";""
"202425334,0";"2024-09-13";"07:13:00";"SEM VÍTIMA";"FINALIZADA";"ESPINHEIRO";"AV GOVERNADOR AGAMENON MAGALHAES";"2656";"";"EM FRENTE AO EMPRESARIAL AGAMENON MAGALHAES";"ESPINHEIRO";"";"";"COLISÃO LATERAL";"1,0";"0,0";"0,0";"0,0";"0,0";"1,0";"0,0";"0,0";"0,0";"0,0";"0,0";"";"";"";"";"";"";"";"";"";"";"";""
"202425335,0";"2024-09-13";"07:15:00";"COM VÍTIMA";"FINALIZADA";"SAO JOSE";"RUA DO PEIXOTO";"";"";"PROX. A ANTIGA FEIRA DO TROCA (  AV. DANTAS BARRETO )";"SAO JOSE";"181,0";"";"COLISÃO LATERAL";"0,0";"0,0";"0,0";"1,0";"0,0";"1,0";"0,0";"0,0";"0,0";"1,0";"0,0";"";"";"";"";"";"";"";"";"";"";"";""
"202425338,0";"2024-09-13";"07:23:00";"COM VÍTIMA";"DUPLICIDADE";"DOIS IRMAOS";"RUA MANUEL DE MEDEIROS";"395";"";"";"DOIS IRMAOS";"";"";"COLISÃO";"1,0";"0,0";"0,0";"0,0";"0,0";"0,0";"0,0";"0,0";"0,0";"1,0";"0,0";"";"";"";"";"";"";"";"";"";"";"";""
"202425340,0";"2024-09-13";"07:30:00";"COM VÍTIMA";"FINALIZADA";"CASA AMARELA";"AV NORTE MIGUEL ARRAES DE ALENCAR";"4978";"";"PROXIMO AO REI DA PICANHA";"CASA AMARELA";"";"";"COLISÃO";"1,0";"0,0";"0,0";"0,0";"0,0";"0,0";"0,0";"0,0";"0,0";"1,0";"0,0";"";"";"";"";"";"";"";"";"";"";"";""
"202425343,0";"2024-09-13";"07:44:00";"COM VÍTIMA";"FINALIZADA";"BEBERIBE";"RUA URIEL DE HOLANDA";"";"";"EM FRENTE A IGREJA BATISTA  NACIONAL DE LINHA DO TIRO";"BEBERIBE";"";"";"COLISÃO";"0,0";"1,0";"0,0";"0,0";"0,0";"0,0";"0,0";"0,0";"0,0";"1,0";"0,0";"";"";"";"";"";"";"";"";"";"";"";""
"202425344,0";"2024-09-13";"07:44:00";"COM VÍTIMA";"FINALIZADA";"VARZEA";"AV PROFESSOR ARTUR DE SA";"809";"";"EM FRENTE AO CEMITÉRIO DA VÁRZEA";"VARZEA";"";"";"COLISÃO";"0,0";"1,0";"0,0";"0,0";"0,0";"0,0";"0,0";"0,0";"0,0";"1,0";"0,0";"";"";"";"";"";"";"";"";"";"";"";""
"202425346,0";"2024-09-13";"08:02:00";"COM VÍTIMA";"FINALIZADA";"MADALENA";"RUA BENFICA";"286";"";"EM FRENTE AO COLEGIO GGE,  PROX. AO BATALHAO DE CHOQUE";"MADALENA";"";"";"COLISÃO";"0,0";"1,0";"0,0";"0,0";"0,0";"0,0";"0,0";"0,0";"0,0";"1,0";"0,0";"";"";"";"";"";"";"";"";"";"";"";""
"202425349,0";"2024-09-13";"08:35:00";"COM VÍTIMA";"FINALIZADA";"JORDAO";"AV MARIA IRENE";"74";"";"PRÓX. A BASE AÉREA DO JORDÃO  //  OFICINA AUTO SERT  JORDÃO BAIXO";"JORDAO";"";"";"COLISÃO";"0,0";"1,0";"0,0";"0,0";"0,0";"0,0";"0,0";"0,0";"0,0";"1,0";"0,0";"";"";"";"";"";"";"";"";"";"";"";""
"202425350,0";"2024-09-13";"08:56:00";"COM VÍTIMA";"FINALIZADA";"IPSEP";"AV RECIFE";"";"";"EM FRENTE A BRINQUELANDIA";"IPSEP";"";"";"COLISÃO";"0,0";"1,0";"0,0";"0,0";"0,0";"0,0";"0,0";"0,0";"0,0";"1,0";"0,0";"";"";"";"";"";"";"";"";"";"";"";""
"202425366,0";"2024-09-13";"10:29:00";"COM VÍTIMA";"FINALIZADA";"BOA VIAGEM";"RUA JOAQUIM PINHEIRO";"121  R 4";"";"PRÓX. A BARRACA DA AMIZADE E PRÓX. A BARRACA DE MESSIAS";"BOA VIAGEM";"";"";"COLISÃO";"0,0";"1,0";"0,0";"0,0";"0,0";"0,0";"0,0";"0,0";"0,0";"1,0";"0,0";"";"";"";"";"";"";"";"";"";"";"";""
"202425372,0";"2024-09-13";"11:05:00";"COM VÍTIMA";"FINALIZADA";"VARZEA";"RUA CAXANGA AGAPE";"";"";"EM FRENTE A ITALIANA  NA RUA DA ACADEMIA DA TOP FIT";"VARZEA";"";"";"COLISÃO";"0,0";"1,0";"0,0";"0,0";"0,0";"0,0";"0,0";"0,0";"0,0";"1,0";"0,0";"";"";"";"";"";"";"";"";"";"";"";""
"202425374,0";"2024-09-13";"11:16:00";"COM VÍTIMA";"FINALIZADA";"CASA AMARELA";"AV NORTE MIGUEL ARRAES DE ALENCAR";"";"";"EM FRENTE A MADEIRA POLIDA, NA ENTRADA DO MORRO DA CONCEIÇÃO, PROX A ACEDEMIA DA CIDADE";"CASA AMARELA";"";"";"COLISÃO";"0,0";"1,0";"0,0";"0,0";"0,0";"0,0";"0,0";"0,0";"0,0";"1,0";"0,0";"";"";"";"";"";"";"";"";"";"";"";""
"202425377,0";"2024-09-13";"11:27:00";"COM VÍTIMA";"FINALIZADA";"CIDADE UNIVERSITARIA";"RUA PROFESSOR ANTONIO COELHO";"190";"RUA MARECHAL MANOEL LUIS OSORIO";"DE FRENTE AO COLEGIO PONTUAL";"CIDADE UNIVERSITARIA";"";"";"COLISÃO LATERAL";"1,0";"1,0";"0,0";"0,0";"0,0";"0,0";"0,0";"0,0";"0,0";"1,0";"0,0";"";"";"";"";"";"";"";"";"";"";"";""
"202425387,0";"2024-09-13";"12:24:00";"COM VÍTIMA";"FINALIZADA";"TORRE";"RUA JOSE BONIFACIO";"";"";"EM FRENTEA HONDA / PROX AO MERCADO DA TORRE / EM FRENTE A VETERINARIA A+";"TORRE";"";"";"COLISÃO";"0,0";"1,0";"0,0";"0,0";"0,0";"0,0";"0,0";"0,0";"0,0";"1,0";"0,0";"";"";"";"";"";"";"";"";"";"";"";""
"202425390,0";"2024-09-13";"12:44:00";"SEM VÍTIMA";"FINALIZADA";"SANTO ANTONIO";"PTE PRINCESA IZABEL";"";"";"COLISAO SOBRE A PONTE PROX  AO PALACIO DA JUSTIÇA";"SANTO ANTONIO";"";"SUBURBIO";"COLISÃO TRASEIRA";"2,0";"0,0";"0,0";"0,0";"0,0";"0,0";"0,0";"0,0";"0,0";"0,0";"0,0";"";"";"";"";"";"";"";"";"";"";"";""
"202425410,0";"2024-09-13";"04:00:00";"COM VÍTIMA";"FINALIZADA";"PINA";"AV ENGENHEIRO DOMINGOS FERREIRA";"";"";"E/F AO ATACADO DA CONSTRUÇAÕ";"PINA";"";"";"COLISÃO";"0,0";"0,0";"0,0";"0,0";"0,0";"0,0";"0,0";"0,0";"0,0";"1,0";"0,0";"";"";"";"";"";"";"";"";"";"";"";""
"202425415,0";"2024-09-13";"05:27:00";"COM VÍTIMA";"FINALIZADA";"GRACAS";"RUA DR BANDEIRA FILHO";"";"";"AO LADO DO CLUBE PORTUGUES";"GRACAS";"";"";"COLISÃO LATERAL";"1,0";"1,0";"0,0";"0,0";"0,0";"0,0";"0,0";"0,0";"0,0";"2,0";"0,0";"";"";"";"";"";"";"";"";"";"";"";""
"202425419,0";"2024-09-13";"06:36:00";"COM VÍTIMA";"FINALIZADA";"BOA VIAGEM";"RUA AGENOR LOPES";"156";"";"NA SAÍDA DO SHOPPING RECIFE EM FRENTE AO EMPRESARIAL N63";"BOA VIAGEM";"";"";"COLISÃO";"1,0";"0,0";"0,0";"0,0";"0,0";"0,0";"0,0";"0,0";"0,0";"1,0";"0,0";"";"";"";"";"";"";"";"";"";"";"";""
"202425421,0";"2024-09-13";"06:58:00";"COM VÍTIMA";"FINALIZADA";"BOA VIAGEM";"AV ENGENHEIRO DOMINGOS FERREIRA";"4811";"";"PRÓX AO ARMAZÉM CORAL E PRÓX AO MERCADO PÚBLICO DE BOA VIAGEM.";"BOA VIAGEM";"";"";"COLISÃO";"0,0";"1,0";"0,0";"0,0";"0,0";"0,0";"0,0";"0,0";"0,0";"1,0";"0,0";"";"";"";"";"";"";"";"";"";"";"";""
"202425442,0";"2024-09-14";"05:04:00";"COM VÍTIMA";"FINALIZADA";"BOA VIAGEM";"RUA RIBEIRO DE BRITO";"";"AV FERNANDO SIMOES BARBOSA";"";"BOA VIAGEM";"";"";"COLISÃO";"2,0";"0,0";"0,0";"0,0";"0,0";"0,0";"0,0";"0,0";"0,0";"1,0";"0,0";"";"";"";"";"";"";"";"";"";"";"";""
"202425452,0";"2024-09-14";"07:02:00";"COM VÍTIMA";"FINALIZADA";"BONGI";"AV ENGENHEIRO ABDIAS DE CARVALHO";"1762";"AV GENERAL SAN MARTIN";"PROX. AO COMPAZ E NOVO ATACAREJO";"BONGI";"";"";"ATROPELAMENTO DE PESSOA";"0,0";"1,0";"0,0";"0,0";"1,0";"0,0";"0,0";"0,0";"0,0";"2,0";"0,0";"";"";"";"";"";"";"";"";"";"";"";""
"202425454,0";"2024-09-14";"07:12:00";"COM VÍTIMA";"FINALIZADA";"LINHA DO TIRO";"RUA GUARAJA";"";"";"PROX. AO CALDINHO DO AMBROSIO";"LINHA DO TIRO";"";"";"COLISÃO";"1,0";"1,0";"0,0";"0,0";"0,0";"0,0";"0,0";"0,0";"0,0";"1,0";"0,0";"";"";"";"";"";"";"";"";"";"";"";""
"202425455,0";"2024-09-14";"07:13:00";"COM VÍTIMA";"FINALIZADA";"ENCRUZILHADA";"RUA DR JOSE MARIA";"";"";"EM FRENTE AO MERCADO DA ENCRUZILHADA";"ENCRUZILHADA";"";"";"COLISÃO";"0,0";"1,0";"0,0";"0,0";"0,0";"0,0";"0,0";"0,0";"0,0";"1,0";"0,0";"";"";"";"";"";"";"";"";"";"";"";""
"202425459,0";"2024-09-14";"07:49:00";"COM VÍTIMA";"FINALIZADA";"ENCRUZILHADA";"AV BEBERIBE";"";"";"EM FRENTE AO BANCO DO BRASIL";"ENCRUZILHADA";"";"";"COLISÃO";"0,0";"1,0";"0,0";"0,0";"0,0";"0,0";"0,0";"0,0";"0,0";"1,0";"0,0";"";"";"";"";"";"";"";"";"";"";"";""
"202425461,0";"2024-09-14";"08:04:00";"COM VÍTIMA";"FINALIZADA";"BOA VIAGEM";"AV BOA VIAGEM";"";"";"PROX A IGREJA DA FAMILIA 61 / QUIOSQUE 59 SENTIDO CANDEIAS";"BOA VIAGEM";"";"";"COLISÃO";"1,0";"1,0";"0,0";"0,0";"0,0";"0,0";"0,0";"0,0";"0,0";"2,0";"0,0";"";"";"";"";"";"";"";"";"";"";"";""
"202425463,0";"2024-09-14";"08:06:00";"COM VÍTIMA";"FINALIZADA";"SANTO ANTONIO";"RUA DA CONCORDIA";"";"RUA TOBIAS BARRETO";"EM FRENTE A VENEZA MUSIC";"SANTO ANTONIO";"";"";"COLISÃO LATERAL";"1,0";"1,0";"0,0";"0,0";"0,0";"0,0";"0,0";"0,0";"0,0";"1,0";"0,0";"";"";"";"";"";"";"";"";"";"";"";""
"202425474,0";"2024-09-14";"09:49:00";"COM VÍTIMA";"FINALIZADA";"AREIAS";"AV DR JOSE RUFINO";"";"";"SENTIDO JABOATÃO AO LADO DO MIX MATHEUS";"AREIAS";"";"";"COLISÃO";"0,0";"1,0";"0,0";"0,0";"0,0";"0,0";"0,0";"0,0";"0,0";"1,0";"0,0";"";"";"";"";"";"";"";"";"";"";"";""
"202425476,0";"2024-09-14";"10:00:00";"COM VÍTIMA";"FINALIZADA";"IBURA";"AV SANTOS";"";"";"AO LADO DA COMPESA UR-02";"IBURA";"";"";"COLISÃO";"0,0";"1,0";"0,0";"0,0";"0,0";"0,0";"0,0";"0,0";"0,0";"1,0";"0,0";"";"";"";"";"";"";"";"";"";"";"";""
"202425477,0";"2024-09-14";"10:01:00";"COM VÍTIMA";"FINALIZADA";"SAO JOSE";"C SANTA RITA";"";"";"PROX AO SESC";"SAO JOSE";"";"";"ATROPELAMENTO DE PESSOA";"1,0";"0,0";"0,0";"0,0";"1,0";"0,0";"0,0";"0,0";"0,0";"1,0";"0,0";"";"";"";"";"";"";"";"";"";"";"";""
"202425481,0";"2024-09-14";"10:10:00";"COM VÍTIMA";"FINALIZADA";"MADALENA";"RUA JOSE OSORIO";"580";"";"EM FRENTE A RECIFE MULTIMARCAS";"MADALENA";"";"";"COLISÃO TRASEIRA";"1,0";"1,0";"0,0";"0,0";"0,0";"0,0";"0,0";"0,0";"0,0";"1,0";"0,0";"";"";"";"";"";"";"";"";"";"";"";""
"202425487,0";"2024-09-14";"10:33:00";"COM VÍTIMA";"FINALIZADA";"MACAXEIRA";"AV NORTE MIGUEL ARRAES DE ALENCAR";"";"";"PROX AO PARQUE DA MACAXEIRA / EM FRENTE AO ETE";"MACAXEIRA";"";"";"COLISÃO";"0,0";"1,0";"0,0";"0,0";"0,0";"0,0";"0,0";"0,0";"0,0";"1,0";"0,0";"";"";"";"";"";"";"";"";"";"";"";""
"202425489,0";"2024-09-14";"10:47:00";"COM VÍTIMA";"FINALIZADA";"CAJUEIRO";"RUA RAUL CESARIO DE MELO";"";"";"EM FRENTE A FABRICA DE VELAS SANTA TEREZINHA, PRIMEIRA SUBIDA APOS A IGREJA ASSEMBLEIA DE DEUS";"CAJUEIRO";"";"";"COLISÃO";"0,0";"1,0";"0,0";"0,0";"0,0";"0,0";"0,0";"0,0";"0,0";"1,0";"0,0";"";"";"";"";"";"";"";"";"";"";"";""
"202425494,0";"2024-09-14";"11:00:00";"COM VÍTIMA";"FINALIZADA";"PARNAMIRIM";"RUA JOAO TUDE DE MELO";"";"";"EM FRENTE AO GUAIAMUM GIGANTE, NA DESCIDA DA PONTE";"PARNAMIRIM";"";"";"COLISÃO LATERAL";"1,0";"1,0";"0,0";"0,0";"0,0";"0,0";"0,0";"0,0";"0,0";"1,0";"0,0";"";"";"";"";"";"";"";"";"";"";"";""
"202425505,0";"2024-09-14";"12:09:00";"COM VÍTIMA";"FINALIZADA";"IBURA";"AV DOIS RIOS";"";"";"IBURA DE BAIXO / PROX AO NUCLEO DA POLICIA";"IBURA";"";"";"COLISÃO";"0,0";"1,0";"0,0";"0,0";"0,0";"0,0";"0,0";"0,0";"0,0";"1,0";"0,0";"";"";"";"";"";"";"";"";"";"";"";""
"202425506,0";"2024-09-14";"12:10:00";"COM VÍTIMA";"FINALIZADA";"SAN MARTIN";"AV ENGENHEIRO ABDIAS DE CARVALHO";"";"";"EM FRENTE AO COMPAZ DA ABDIAS";"SAN MARTIN";"";"";"QUEDA";"0,0";"1,0";"0,0";"0,0";"0,0";"0,0";"0,0";"0,0";"0,0";"1,0";"0,0";"";"";"";"";"";"";"";"";"";"";"";""
"202425516,0";"2024-09-14";"01:24:00";"COM VÍTIMA";"FINALIZADA";"NOVA DESCOBERTA";"AV CHAGAS FERREIRA";"2383";"";"NA SUBIDA DO ALTO SANTA TEREZA POR TRAS DA UPA DE NOVA DESCOBERTA";"NOVA DESCOBERTA";"";"";"COLISÃO";"0,0";"0,0";"0,0";"0,0";"0,0";"0,0";"0,0";"0,0";"0,0";"1,0";"0,0";"";"";"";"";"";"";"";"";"";"";"";""
"202425522,0";"2024-09-14";"03:15:00";"COM VÍTIMA";"FINALIZADA";"TAMARINEIRA";"AV CONS ROSA E SILVA";"";"RUA DR JOSE MARIA";"";"TAMARINEIRA";"253,0";"";"COLISÃO LATERAL";"0,0";"2,0";"0,0";"0,0";"0,0";"0,0";"0,0";"0,0";"0,0";"2,0";"0,0";"";"";"";"";"";"";"";"";"";"";"";""
"202425526,0";"2024-09-14";"03:41:00";"COM VÍTIMA";"DUPLICIDADE";"TAMARINEIRA";"AV CONS ROSA E SILVA";"1919";"";"PROX AO PARQUE NOVO DA  TAMARINEIRA  E O POSTO DE GASOLINA SHEL  E A FARMACIA PAGUE MENOS";"TAMARINEIRA";"";"";"COLISÃO";"0,0";"0,0";"0,0";"0,0";"0,0";"0,0";"0,0";"0,0";"0,0";"1,0";"0,0";"";"";"";"";"";"";"";"";"";"";"";""
"202425528,0";"2024-09-14";"03:50:00";"COM VÍTIMA";"FINALIZADA";"MADALENA";"RUA BENFICA";"";"";"E/F AO ASSAI DA BENFICA S/T CLUBE INTERNACIONAL";"MADALENA";"";"";"COLISÃO LATERAL";"1,0";"1,0";"0,0";"0,0";"0,0";"0,0";"0,0";"0,0";"0,0";"1,0";"0,0";"";"";"";"";"";"";"";"";"";"";"";""
"202425529,0";"2024-09-14";"03:54:00";"COM VÍTIMA";"FINALIZADA";"IMBIRIBEIRA";"AV MARECHAL MASCARENHAS DE MORAES";"";"";"EM FRENTE AO GERALDÃO";"IMBIRIBEIRA";"";"CIDADE";"COLISÃO TRASEIRA";"1,0";"1,0";"0,0";"0,0";"0,0";"0,0";"0,0";"0,0";"0,0";"1,0";"0,0";"";"";"";"";"";"";"";"";"";"";"";""
"202425537,0";"2024-09-14";"04:31:00";"COM VÍTIMA";"FINALIZADA";"CAXANGA";"AV CAXANGA";"";"";"PROX AO COMPAZ DO CORDEIRO";"CAXANGA";"";"";"COLISÃO";"0,0";"0,0";"0,0";"0,0";"0,0";"0,0";"0,0";"0,0";"0,0";"1,0";"0,0";"";"";"";"";"";"";"";"";"";"";"";""
"202425547,0";"2024-09-14";"05:47:00";"COM VÍTIMA";"FINALIZADA";"IMBIRIBEIRA";"RUA JAMAICA";"188";"";"PROX  ALARME CENTER";"IMBIRIBEIRA";"";"";"COLISÃO LATERAL";"2,0";"0,0";"0,0";"0,0";"0,0";"0,0";"0,0";"0,0";"0,0";"1,0";"0,0";"";"";"";"";"";"";"";"";"";"";"";""
"202425558,0";"2024-09-14";"08:14:00";"COM VÍTIMA";"FINALIZADA";"GRACAS";"RUA JOAO RAMOS";"";"";"";"GRACAS";"";"";"COLISÃO";"1,0";"1,0";"0,0";"0,0";"0,0";"0,0";"0,0";"0,0";"0,0";"1,0";"0,0";"";"";"";"";"";"";"";"";"";"";"";""
"202425567,0";"2024-09-14";"11:47:00";"SEM VÍTIMA";"FINALIZADA";"ILHA DO RETIRO";"RUA SPORT CLUBE DO RECIFE";"";"";"SPORT CLUBE DO RECIFE";"ILHA DO RETIRO";"";"CIDADE";"CHOQUE";"1,0";"0,0";"0,0";"0,0";"0,0";"0,0";"0,0";"0,0";"0,0";"0,0";"0,0";"";"";"";"";"";"";"";"";"";"";"";""
"202425587,0";"2024-09-15";"08:13:00";"COM VÍTIMA";"FINALIZADA";"BONGI";"RUA DONA MARIA AUGUSTA NOGUEIRA";"676";"";"EM FRENTE A SECRETARIA DE SAÚDE";"BONGI";"";"";"COLISÃO";"0,0";"1,0";"0,0";"0,0";"0,0";"0,0";"0,0";"0,0";"0,0";"1,0";"0,0";"";"";"";"";"";"";"";"";"";"";"";""
"202425592,0";"2024-09-15";"09:53:00";"COM VÍTIMA";"FINALIZADA";"IBURA";"AV PERNAMBUCO";"";"";"SUBIDA DA COHAB APOIS O COMPAZ /";"IBURA";"";"";"COLISÃO";"0,0";"1,0";"0,0";"0,0";"0,0";"0,0";"0,0";"0,0";"0,0";"1,0";"0,0";"";"";"";"";"";"";"";"";"";"";"";""
"202425618,0";"2024-09-15";"03:40:00";"COM VÍTIMA";"FINALIZADA";"AREIAS";"AV DR JOSE RUFINO";"2195";"";"EM FRENTE A HONDA";"AREIAS";"";"";"COLISÃO";"0,0";"1,0";"0,0";"0,0";"0,0";"0,0";"0,0";"0,0";"0,0";"1,0";"0,0";"";"";"";"";"";"";"";"";"";"";"";""
"202425619,0";"2024-09-15";"03:46:00";"COM VÍTIMA";"FINALIZADA";"CASA AMARELA";"RUA DA HARMONIA";"853";"";"EM FRENTE A ACADEMIA I9";"CASA AMARELA";"";"";"COLISÃO";"0,0";"1,0";"0,0";"0,0";"0,0";"0,0";"0,0";"0,0";"0,0";"1,0";"0,0";"";"";"";"";"";"";"";"";"";"";"";""
"202425620,0";"2024-09-15";"04:24:00";"COM VÍTIMA";"FINALIZADA";"DOIS UNIDOS";"AV HILDEBRANDO DE VASCONCELOS";"";"";"PRX AO CANIL DA PM";"DOIS UNIDOS";"";"";"COLISÃO";"0,0";"1,0";"0,0";"0,0";"0,0";"0,0";"0,0";"0,0";"0,0";"1,0";"0,0";"";"";"";"";"";"";"";"";"";"";"";""
"202425624,0";"2024-09-15";"05:08:00";"SEM VÍTIMA";"FINALIZADA";"AREIAS";"RUA GENERAL FRANCISCO FIGUEIROA";"89";"";"";"AREIAS";"";"SUBURBIO";"COLISÃO LATERAL";"2,0";"1,0";"0,0";"0,0";"0,0";"0,0";"0,0";"0,0";"0,0";"0,0";"0,0";"";"";"";"";"";"";"";"";"";"";"";""
"202425630,0";"2024-09-15";"08:21:00";"VÍTIMA FATAL";"FINALIZADA";"AREIAS";"AV DR JOSE RUFINO";"";"";"EM FRENTE AO COLÉGIO COGNITIVO. PRÓXIMO AO MIX MATEUS DE AREIAS";"AREIAS";"";"";"COLISÃO FRONTAL";"1,0";"1,0";"0,0";"0,0";"0,0";"0,0";"0,0";"0,0";"0,0";"1,0";"1,0";"";"";"";"";"";"";"";"";"";"";"";""
"202425634,0";"2024-09-15";"10:49:00";"COM VÍTIMA";"FINALIZADA";"SANTO AMARO";"AV NORTE MIGUEL ARRAES DE ALENCAR";"";"";"PRÓXIMO AO POSTO ALVORADA E ANTES DO VIADUTO SENTIDO   CID/SUB";"SANTO AMARO";"";"";"COLISÃO TRANSVERSAL";"1,0";"1,0";"0,0";"0,0";"0,0";"0,0";"0,0";"0,0";"0,0";"2,0";"0,0";"";"";"";"";"";"";"";"";"";"";"";""
"202425653,0";"2024-09-16";"06:55:00";"COM VÍTIMA";"FINALIZADA";"CAMPO GRANDE";"EST DE BELEM";"1335";"";"PROX. AO COLEGIO JESUS CRUCIFICADO";"CAMPO GRANDE";"";"";"COLISÃO LATERAL";"0,0";"1,0";"0,0";"0,0";"0,0";"1,0";"0,0";"0,0";"0,0";"1,0";"0,0";"";"";"";"";"";"";"";"";"";"";"";""
"202425656,0";"2024-09-16";"07:19:00";"COM VÍTIMA";"FINALIZADA";"AREIAS";"AV RECIFE";"";"";".EM FRENTE AO RESTAURANTE GALLETUS SENTIDO BOA VIAGEM";"AREIAS";"";"";"COLISÃO";"0,0";"1,0";"0,0";"0,0";"0,0";"0,0";"0,0";"0,0";"0,0";"1,0";"0,0";"";"";"";"";"";"";"";"";"";"";"";""
"202425657,0";"2024-09-16";"07:20:00";"COM VÍTIMA";"DUPLICIDADE";"CAMPO GRANDE";"RUA MARIO SETE";"";"";"NA ENTRADA DA CLINICA REMAX, PROX. A FARMACIA PAGUE MENOS";"CAMPO GRANDE";"";"";"COLISÃO";"0,0";"1,0";"0,0";"0,0";"0,0";"0,0";"0,0";"0,0";"0,0";"1,0";"0,0";"";"";"";"";"";"";"";"";"";"";"";""
"202425658,0";"2024-09-16";"07:20:00";"COM VÍTIMA";"FINALIZADA";"ARRUDA";"AV BEBERIBE";"";"";"AO LADO DO CAMPO DO ARRUDA / ESTADIO DO SANTA CRUZ";"ARRUDA";"";"";"COLISÃO LATERAL";"1,0";"1,0";"0,0";"0,0";"0,0";"0,0";"0,0";"0,0";"0,0";"1,0";"0,0";"";"";"";"";"";"";"";"";"";"";"";""
"202425659,0";"2024-09-16";"07:22:00";"COM VÍTIMA";"FINALIZADA";"SAN MARTIN";"RUA VINTE E UM DE ABRIL";"";"";"EM FRENTE A UNIDADE DE SAUDE DO VIETNA, PROX. AO TERMINAL DE ONIBUS DE SAN MARTIN";"SAN MARTIN";"";"";"COLISÃO";"1,0";"0,0";"0,0";"0,0";"0,0";"0,0";"0,0";"0,0";"0,0";"1,0";"0,0";"";"";"";"";"";"";"";"";"";"";"";""
"202425662,0";"2024-09-16";"07:41:00";"VÍTIMA FATAL";"FINALIZADA";"PARNAMIRIM";"RUA JOAO TUDE DE MELO";"";"";"EM FRENTE AO GUAIAMUM GIGANTE, E SHOPPING PLAZA";"PARNAMIRIM";"";"";"COLISÃO COM CICLISTA";"0,0";"0,0";"0,0";"1,0";"0,0";"1,0";"0,0";"0,0";"0,0";"0,0";"1,0";"";"";"";"";"";"";"";"";"";"";"";""
"202425663,0";"2024-09-16";"07:42:00";"COM VÍTIMA";"FINALIZADA";"IPUTINGA";"AV MAURICIO DE NASSAU";"62";"RUA REZENDE";"EM FRENTE A IGREJA DO VÉU / PROX AO SEMÁROFO 721";"IPUTINGA";"";"";"COLISÃO TRANSVERSAL";"1,0";"1,0";"0,0";"0,0";"0,0";"0,0";"0,0";"0,0";"0,0";"2,0";"0,0";"";"";"";"";"";"";"";"";"";"";"";""
"202425665,0";"2024-09-16";"08:21:00";"COM VÍTIMA";"FINALIZADA";"BONGI";"AV ENGENHEIRO ABDIAS DE CARVALHO";"";"RUA JOAO IVO DA SILVA";"EM FRENTE A CONCESSIONARIA VIA 1 SEMINOVOS, SENT. CIDADE";"BONGI";"";"";"COLISÃO LATERAL";"0,0";"1,0";"0,0";"0,0";"0,0";"0,0";"0,0";"0,0";"1,0";"2,0";"0,0";"";"";"";"";"";"";"";"";"";"";"";""
"202425667,0";"2024-09-16";"08:23:00";"COM VÍTIMA";"FINALIZADA";"TAMARINEIRA";"RUA CONEGO BARATA";"799";"";"EM FRENTE AO HOSPITAL HELENA MOURA , SENTIDO ÁGUIA FRIA";"TAMARINEIRA";"";"";"COLISÃO";"0,0";"1,0";"0,0";"0,0";"0,0";"0,0";"0,0";"0,0";"0,0";"1,0";"0,0";"";"";"";"";"";"";"";"";"";"";"";""
"202425668,0";"2024-09-16";"08:25:00";"VÍTIMA FATAL";"FINALIZADA";"BEBERIBE";"PRC DA CONVENCAO";"";"AV BEBERIBE";"NA PRAÇA";"BEBERIBE";"";"";"COLISÃO COM CICLISTA";"0,0";"0,0";"0,0";"1,0";"0,0";"1,0";"0,0";"0,0";"0,0";"1,0";"1,0";"";"";"";"";"";"";"";"";"";"";"";""