"Protocolo";"data";"hora";"natureza";"situacao";"bairro";"endereco";"numero";"detalhe_endereco_acidente";"complemento";"bairro_cruzamento";"num_semaforo";"sentido_via";"tipo";"auto";"moto";"ciclom";"ciclista";"pedestre";"onibus";"caminhao";"viatura";"outros";"vitimas";"vitimasfatais";"acidente_verificado";"tempo_clima";"situacao_semaforo";"sinalizacao";"condicao_via";"conservacao_via";"ponto_controle";"situacao_placa";"velocidade_max_via";"mao_direcao";"divisao_via1";"divisao_via2"
"202425669,0";"2024-09-16";"08:57:00";"COM VÍTIMA";"FINALIZADA";"BREJO DE BEBERIBE";"RUA DOURADINHA";"6";"";"PRÓX. A UPA DE NOVA DESCOBERTA  //  NA ENTRADA DO MERCADINHO LIMA";"BREJO DE BEBERIBE";"";"";"COLISÃO";"0,0";"1,0";"0,0";"0,0";"0,0";"0,0";"0,0";"0,0";"0,0";"1,0";"0,0";"";"";"";"";"";"";"";"";"";"";"";""
"202425670,0";"2024-09-16";"09:07:00";"COM VÍTIMA";"FINALIZADA";"ESPINHEIRO";"RUA DO ESPINHEIRO";"";"RUA AMELIA";"EM FRENTE AO HAP VIDA";"ESPINHEIRO";"";"";"COLISÃO";"0,0";"1,0";"0,0";"0,0";"0,0";"0,0";"0,0";"0,0";"0,0";"1,0";"0,0";"";"";"";"";"";"";"";"";"";"";"";""
"202425672,0";"2024-09-16";"09:27:00";"COM VÍTIMA";"FINALIZADA";"ILHA JOANA BEZERRA";"VDO PAPA JOAO PAULO II";"";"";"NA ALÇA DE ACESSO A RUA IMPERIAL";"ILHA JOANA BEZERRA";"";"";"COLISÃO";"0,0";"1,0";"0,0";"0,0";"0,0";"0,0";"0,0";"0,0";"0,0";"1,0";"0,0";"";"";"";"";"";"";"";"";"";"";"";""
"202425675,0";"2024-09-16";"09:53:00";"COM VÍTIMA";"FINALIZADA";"ARRUDA";"RUA JERONIMO VILELA";"803";"AV PROFESSOR JOSE DOS ANJOS";"NO INICIO DA JERONIMO VILELA";"ARRUDA";"462,0";"";"COLISÃO COM CICLISTA";"1,0";"0,0";"0,0";"1,0";"0,0";"0,0";"0,0";"0,0";"0,0";"1,0";"0,0";"";"";"";"";"";"";"";"";"";"";"";""
"202425685,0";"2024-09-16";"11:04:00";"COM VÍTIMA";"FINALIZADA";"JOANA BEZERRA";"PTE JOSE DE BARROS LIMA";"";"";"DECIDA DA PONTE";"JOANA BEZERRA";"";"";"COLISÃO";"1,0";"1,0";"0,0";"0,0";"0,0";"0,0";"0,0";"0,0";"0,0";"1,0";"0,0";"";"";"";"";"";"";"";"";"";"";"";""
"202425686,0";"2024-09-16";"11:27:00";"COM VÍTIMA";"FINALIZADA";"CAMPO GRANDE";"AV GOVERNADOR AGAMENON MAGALHAES";"";"";"PROX. A UPINHA DA CHIÉ, SENT. CIDADE";"CAMPO GRANDE";"";"";"COLISÃO";"0,0";"1,0";"0,0";"0,0";"0,0";"0,0";"0,0";"0,0";"0,0";"1,0";"0,0";"";"";"";"";"";"";"";"";"";"";"";""
"202425697,0";"2024-09-16";"01:47:00";"COM VÍTIMA";"FINALIZADA";"ILHA DO RETIRO";"AV ENGENHEIRO ABDIAS DE CARVALHO";"3497";"";"AO LADO DO ESTADIO DA ILHA DO RETIRO NA FRENTE DA BILHETERIA";"ILHA DO RETIRO";"";"";"COLISÃO TRASEIRA";"0,0";"1,0";"0,0";"0,0";"0,0";"0,0";"0,0";"1,0";"0,0";"1,0";"0,0";"";"";"";"";"";"";"";"";"";"";"";""
"202425698,0";"2024-09-16";"02:43:00";"COM VÍTIMA";"FINALIZADA";"SANTO AMARO";"AV CRUZ CABUGA";"64";"";"PROX AO MIX MATEUS";"SANTO AMARO";"";"";"COLISÃO TRASEIRA";"1,0";"1,0";"0,0";"0,0";"0,0";"0,0";"0,0";"0,0";"0,0";"1,0";"0,0";"";"";"";"";"";"";"";"";"";"";"";""
"202425711,0";"2024-09-16";"04:23:00";"COM VÍTIMA";"FINALIZADA";"PONTO DE PARADA";"RUA GERSON DE BARROS PINANGE";"144";"";"PRÓX AO BOMPREÇO DO ARRUDA E POR TRÁS DO POSTO DE GASOLINA BR.";"PONTO DE PARADA";"";"";"COLISÃO";"0,0";"1,0";"0,0";"0,0";"0,0";"0,0";"0,0";"0,0";"0,0";"1,0";"0,0";"";"";"";"";"";"";"";"";"";"";"";""
"202425712,0";"2024-09-16";"04:26:00";"COM VÍTIMA";"FINALIZADA";"MUSTARDINHA";"AV MANOEL GONCALVES DA LUZ";"";"";"NA FRENTE DA IGREJA BATISTA MISSIONARIA ,, EM FRENTE A CASA LOTERICA";"MUSTARDINHA";"";"";"COLISÃO";"0,0";"1,0";"0,0";"0,0";"0,0";"0,0";"0,0";"0,0";"0,0";"1,0";"0,0";"";"";"";"";"";"";"";"";"";"";"";""
"202425714,0";"2024-09-16";"04:34:00";"COM VÍTIMA";"FINALIZADA";"DERBY";"AV GOVERNADOR AGAMENON MAGALHAES";"";"";"E/F AO HOSPITAL DA RESTAURAÇAO E O BANCO DO BRASIL S/T OLINDA";"DERBY";"";"";"COLISÃO LATERAL";"1,0";"1,0";"0,0";"0,0";"0,0";"0,0";"0,0";"0,0";"0,0";"1,0";"0,0";"";"";"";"";"";"";"";"";"";"";"";""
"202425716,0";"2024-09-16";"04:43:00";"COM VÍTIMA";"FINALIZADA";"SAO JOSE";"PTE BOA VISTA";"";"";"PONTE DE FERRO";"SAO JOSE";"";"";"COLISÃO";"0,0";"1,0";"0,0";"0,0";"0,0";"0,0";"0,0";"0,0";"0,0";"1,0";"0,0";"";"";"";"";"";"";"";"";"";"";"";""
"202425721,0";"2024-09-16";"05:41:00";"COM VÍTIMA";"FINALIZADA";"IPSEP";"RUA SAO NICOLAU";"270";"";"EM FRENTE A LOJA NIGRO EQUIPAMENTOS";"IPSEP";"";"";"COLISÃO";"0,0";"1,0";"0,0";"0,0";"0,0";"0,0";"0,0";"0,0";"0,0";"1,0";"0,0";"";"";"";"";"";"";"";"";"";"";"";""
"202425723,0";"2024-09-16";"05:55:00";"COM VÍTIMA";"DUPLICIDADE";"DERBY";"AV GOVERNADOR AGAMENON MAGALHAES";"4696";"";"EM FRENTE A HR SENTIDO OLINDA - EM FRENTE AO BANCO DO BRASI";"DERBY";"";"";"COLISÃO";"0,0";"1,0";"0,0";"0,0";"0,0";"0,0";"0,0";"0,0";"0,0";"1,0";"0,0";"";"";"";"";"";"";"";"";"";"";"";""
"202425729,0";"2024-09-16";"06:29:00";"SEM VÍTIMA";"FINALIZADA";"JARDIM SAO PAULO";"AV RECIFE";"5705";"";"EM FRENTE AO BARATAO DAS EMBALAGENS";"JARDIM SAO PAULO";"705,0";"";"COLISÃO LATERAL";"0,0";"0,0";"0,0";"0,0";"0,0";"0,0";"1,0";"1,0";"0,0";"0,0";"0,0";"";"";"";"";"";"";"";"";"";"";"";""
"202425757,0";"2024-09-16";"10:06:00";"COM VÍTIMA";"FINALIZADA";"GRACAS";"AV RUI BARBOSA";"1087";"";"EM FRETE AO LABORATORIO JOSÉ ROCHA DE SÁ";"GRACAS";"";"";"COLISÃO";"1,0";"1,0";"0,0";"0,0";"0,0";"0,0";"0,0";"0,0";"0,0";"1,0";"0,0";"";"";"";"";"";"";"";"";"";"";"";""
"202425758,0";"2024-09-16";"10:43:00";"COM VÍTIMA";"FINALIZADA";"SAN MARTIN";"RUA COMENDADOR JOSE VITA";"299";"";"PROX. AO RESTAURANTE PASSIRA";"SAN MARTIN";"";"";"COLISÃO";"0,0";"1,0";"0,0";"0,0";"0,0";"0,0";"0,0";"0,0";"0,0";"1,0";"0,0";"";"";"";"";"";"";"";"";"";"";"";""
"202425764,0";"2024-09-17";"12:33:00";"COM VÍTIMA";"FINALIZADA";"BOA VIAGEM";"RUA ERNESTO DE PAULA SANTOS";"299";"";"EM FRENTE AO RESTAURANTE DOM FERREIRA";"BOA VIAGEM";"";"";"COLISÃO";"0,0";"1,0";"0,0";"0,0";"0,0";"0,0";"0,0";"0,0";"0,0";"1,0";"0,0";"";"";"";"";"";"";"";"";"";"";"";""
"202425765,0";"2024-09-17";"01:16:00";"SEM VÍTIMA";"FINALIZADA";"BOA VIAGEM";"RUA ERNESTO DE PAULA SANTOS";"";"RUA VISCONDE DE JEQUITINHONHA";"AO LADO DO SUPERMERCADO SOBERANO";"BOA VIAGEM";"304,0";"CIDADE";"COLISÃO";"1,0";"0,0";"0,0";"0,0";"0,0";"0,0";"0,0";"1,0";"0,0";"0,0";"0,0";"";"";"";"";"";"";"";"";"";"";"";""
"202425770,0";"2024-09-17";"06:28:00";"COM VÍTIMA";"FINALIZADA";"ENCRUZILHADA";"AV BEBERIBE";"167";"";"DE ESQUINA COM O POSTO SHELL E DROGASIL";"ENCRUZILHADA";"";"";"COLISÃO";"0,0";"1,0";"0,0";"0,0";"0,0";"0,0";"0,0";"0,0";"0,0";"1,0";"0,0";"";"";"";"";"";"";"";"";"";"";"";""
"202425775,0";"2024-09-17";"06:48:00";"COM VÍTIMA";"FINALIZADA";"IBURA";"LAD DA COHAB";"";"";"PROX A POLICLINICA DO IBURA";"IBURA";"";"";"COLISÃO";"0,0";"1,0";"0,0";"0,0";"0,0";"0,0";"0,0";"0,0";"0,0";"1,0";"0,0";"";"";"";"";"";"";"";"";"";"";"";""
"202425776,0";"2024-09-17";"06:55:00";"COM VÍTIMA";"FINALIZADA";"IBURA";"AV DOIS RIOS";"1392";"";"ACESSO AO VIADUTO BR-101 (  LOGO ABAIXO )";"IBURA";"";"";"COLISÃO";"1,0";"2,0";"0,0";"0,0";"0,0";"0,0";"0,0";"0,0";"0,0";"1,0";"0,0";"";"";"";"";"";"";"";"";"";"";"";""
"202425782,0";"2024-09-17";"07:43:00";"COM VÍTIMA";"FINALIZADA";"BOA VIAGEM";"AV BOA VIAGEM";"";"";"EM FRENTE AO EDF. RIO ARAGUAIA";"BOA VIAGEM";"";"";"COLISÃO";"0,0";"1,0";"0,0";"0,0";"0,0";"0,0";"0,0";"0,0";"0,0";"1,0";"0,0";"";"";"";"";"";"";"";"";"";"";"";""
"202425787,0";"2024-09-17";"08:17:00";"SEM VÍTIMA";"FINALIZADA";"CAXANGA";"AV CAXANGA";"";"";"EM FRENTE AO HOSPITAL BARÃO DE LUCENA";"CAXANGA";"";"";"COLISÃO LATERAL";"0,0";"0,0";"0,0";"0,0";"0,0";"1,0";"0,0";"1,0";"0,0";"0,0";"0,0";"";"";"";"";"";"";"";"";"";"";"";""
"202425799,0";"2024-09-17";"09:25:00";"COM VÍTIMA";"FINALIZADA";"CASA AMARELA";"AV NORTE MIGUEL ARRAES DE ALENCAR";"";"";"EM FRENTE A POLICLINICA BARROS LIMA";"CASA AMARELA";"";"";"COLISÃO";"0,0";"1,0";"0,0";"0,0";"0,0";"0,0";"0,0";"0,0";"0,0";"1,0";"0,0";"";"";"";"";"";"";"";"";"";"";"";""
"202425804,0";"2024-09-17";"09:45:00";"COM VÍTIMA";"FINALIZADA";"BOA VIAGEM";"RUA VISCONDE DE JEQUITINHONHA";"";"";"ATRAS DO DONA LINDU";"BOA VIAGEM";"";"";"COLISÃO TRASEIRA";"1,0";"0,0";"0,0";"0,0";"0,0";"0,0";"1,0";"0,0";"0,0";"1,0";"0,0";"";"";"";"";"";"";"";"";"";"";"";""
"202425810,0";"2024-09-17";"10:29:00";"SEM VÍTIMA";"FINALIZADA";"ENCRUZILHADA";"AV BEBERIBE";"";"RUA PROFESSOR MIRANDA CURIO";"EM FRENTE A AUTO ESCOLA BELEM";"ENCRUZILHADA";"";"";"COLISÃO LATERAL";"1,0";"0,0";"0,0";"0,0";"0,0";"0,0";"0,0";"0,0";"1,0";"0,0";"0,0";"";"";"";"";"";"";"";"";"";"";"";""
"202425816,0";"2024-09-17";"11:31:00";"COM VÍTIMA";"FINALIZADA";"CAXANGA";"AV PROFESSOR ESTEVAO FRANCISCO DA COSTA";"";"";"PROX. A FARMACIA INDEPENDENTE E TERMINAL INTEGRADO GETULIO VARGAS";"CAXANGA";"";"";"COLISÃO";"0,0";"1,0";"0,0";"0,0";"0,0";"0,0";"0,0";"0,0";"0,0";"1,0";"0,0";"";"";"";"";"";"";"";"";"";"";"";""
"202425817,0";"2024-09-17";"11:49:00";"COM VÍTIMA";"FINALIZADA";"JOANA BEZERRA";"PTE JOSE DE BARROS LIMA";"";"";"PROX AO FORUM , SENTIDO OLINDA";"JOANA BEZERRA";"";"";"ATROPELAMENTO DE PESSOA";"0,0";"1,0";"0,0";"0,0";"1,0";"0,0";"0,0";"0,0";"0,0";"2,0";"0,0";"";"";"";"";"";"";"";"";"";"";"";""
"202425832,0";"2024-09-17";"01:31:00";"COM VÍTIMA";"FINALIZADA";"TORRE";"RUA VERMELHA";"";"";"PROX AO ATACADO OS PRESENTES";"TORRE";"";"";"COLISÃO";"0,0";"1,0";"0,0";"0,0";"0,0";"0,0";"0,0";"0,0";"0,0";"1,0";"0,0";"";"";"";"";"";"";"";"";"";"";"";""
"202425836,0";"2024-09-17";"02:31:00";"SEM VÍTIMA";"FINALIZADA";"IPUTINGA";"AV CAXANGA";"3942";"";"EM FRENTE AO MIX MATEUS DA CAXANGÁ";"IPUTINGA";"";"SUBURBIO";"COLISÃO LATERAL";"0,0";"0,0";"0,0";"0,0";"0,0";"1,0";"0,0";"0,0";"1,0";"0,0";"0,0";"";"";"";"";"";"";"";"";"";"";"";""
"202425837,0";"2024-09-17";"02:33:00";"SEM VÍTIMA";"FINALIZADA";"ENCRUZILHADA";"AV BEBERIBE";"205";"RUA PROFESSOR MIRANDA CURIO";"AUTO ESCOLA BELÉM";"ENCRUZILHADA";"";"CIDADE";"COLISÃO TRANSVERSAL";"1,0";"0,0";"0,0";"0,0";"0,0";"0,0";"1,0";"0,0";"0,0";"0,0";"0,0";"";"";"";"";"";"";"";"";"";"";"";""
"202425838,0";"2024-09-17";"02:37:00";"COM VÍTIMA";"FINALIZADA";"CORDEIRO";"RUA CLAUDIO BROTHERHOOD";"";"";"PROX A EMPRESA CANTEL // UMA ENTRADA ANTES DA AV DO FORTE";"CORDEIRO";"";"";"COLISÃO";"0,0";"1,0";"0,0";"0,0";"0,0";"0,0";"0,0";"0,0";"0,0";"1,0";"0,0";"";"";"";"";"";"";"";"";"";"";"";""
"202425842,0";"2024-09-17";"03:05:00";"COM VÍTIMA";"FINALIZADA";"NOVA DESCOBERTA";"AV VEREADOR OTACILIO AZEVEDO";"1814";"";"PROX A UPA DE NOVA DESCOBERTA - PROX A GARAGEM DA GLOBO";"NOVA DESCOBERTA";"";"";"COLISÃO";"0,0";"1,0";"0,0";"0,0";"0,0";"0,0";"0,0";"0,0";"0,0";"1,0";"0,0";"";"";"";"";"";"";"";"";"";"";"";""
"202425853,0";"2024-09-17";"04:32:00";"COM VÍTIMA";"CANCELADA";"VARZEA";"RUA ESMERALDA";"";"";"EM FRENTE A CASA DO ESTUDANTE";"VARZEA";"";"";"COLISÃO";"0,0";"1,0";"0,0";"0,0";"0,0";"0,0";"0,0";"0,0";"0,0";"1,0";"0,0";"";"";"";"";"";"";"";"";"";"";"";""
"202425865,0";"2024-09-17";"06:56:00";"SEM VÍTIMA";"FINALIZADA";"AFOGADOS";"RUA VISCONDE DE PELOTAS";"17";"";"LADO OPOSTO A VALORIZA SERVIÇOS";"AFOGADOS";"";"SUBURBIO";"COLISÃO LATERAL";"0,0";"1,0";"0,0";"0,0";"0,0";"0,0";"0,0";"1,0";"0,0";"0,0";"0,0";"";"";"";"";"";"";"";"";"";"";"";""
"202425868,0";"2024-09-17";"09:35:00";"COM VÍTIMA";"FINALIZADA";"ILHA DO RETIRO";"RUA JOAO ELISIO RAMOS";"140";"";"AO LADO DO CAMPO DO SPORT";"ILHA DO RETIRO";"";"";"COLISÃO LATERAL";"1,0";"1,0";"0,0";"0,0";"0,0";"0,0";"0,0";"0,0";"0,0";"1,0";"0,0";"";"";"";"";"";"";"";"";"";"";"";""
"202425871,0";"2024-09-17";"11:49:00";"SEM VÍTIMA";"FINALIZADA";"IMBIRIBEIRA";"AV MARECHAL MASCARENHAS DE MORAES";"";"";"AO LADO DA VENEZA DIESEL";"IMBIRIBEIRA";"";"";"CHOQUE";"1,0";"0,0";"0,0";"0,0";"0,0";"0,0";"0,0";"0,0";"0,0";"0,0";"0,0";"";"";"";"";"";"";"";"";"";"";"";""
"202425885,0";"2024-09-18";"06:19:00";"COM VÍTIMA";"FINALIZADA";"JARDIM SAO PAULO";"AV RECIFE";"";"";"PROX. AO ASSAI ATACADISTA";"JARDIM SAO PAULO";"";"";"COLISÃO";"0,0";"1,0";"0,0";"0,0";"0,0";"0,0";"0,0";"0,0";"0,0";"1,0";"0,0";"";"";"";"";"";"";"";"";"";"";"";""
"202425892,0";"2024-09-18";"07:09:00";"COM VÍTIMA";"FINALIZADA";"APIPUCOS";"RUA DE APIPUCOS";"";"";"EM FRENTE AO HOTEL SENZALA";"APIPUCOS";"";"";"COLISÃO COM CICLISTA";"0,0";"0,0";"0,0";"1,0";"0,0";"1,0";"0,0";"0,0";"0,0";"1,0";"0,0";"";"";"";"";"";"";"";"";"";"";"";""
"202425896,0";"2024-09-18";"07:24:00";"COM VÍTIMA";"FINALIZADA";"TORROES";"AV ENGENHEIRO ABDIAS DE CARVALHO";"";"";"PROX. A UPA SENT. CIDADE";"TORROES";"";"";"COLISÃO";"0,0";"1,0";"0,0";"0,0";"0,0";"0,0";"0,0";"0,0";"0,0";"1,0";"0,0";"";"";"";"";"";"";"";"";"";"";"";""
"202425905,0";"2024-09-18";"08:15:00";"COM VÍTIMA";"FINALIZADA";"SANTO AMARO";"AV GOVERNADOR AGAMENON MAGALHAES";"";"";"AO LADO DO TACARUNA, EMBAIXO DO VIADUTO";"SANTO AMARO";"";"";"COLISÃO";"0,0";"1,0";"0,0";"0,0";"0,0";"0,0";"0,0";"0,0";"0,0";"1,0";"0,0";"";"";"";"";"";"";"";"";"";"";"";""
"202425909,0";"2024-09-18";"08:39:00";"COM VÍTIMA";"FINALIZADA";"CAMPO GRANDE";"RUA JERONIMO VILELA";"409";"RUA FRANKLIN TAVORA";"PROX A FISIO CLIN MAIS";"CAMPO GRANDE";"";"";"COLISÃO FRONTAL";"1,0";"1,0";"0,0";"0,0";"0,0";"0,0";"0,0";"0,0";"0,0";"1,0";"0,0";"";"";"";"";"";"";"";"";"";"";"";""
"202425915,0";"2024-09-18";"09:07:00";"COM VÍTIMA";"FINALIZADA";"BOA VIAGEM";"AV ENGENHEIRO DOMINGOS FERREIRA";"3746";"RUA BRUNO VELOSO";"PRÓX. AO LAÇA BURGUER   /";"BOA VIAGEM";"";"";"COLISÃO";"0,0";"1,0";"0,0";"0,0";"0,0";"0,0";"0,0";"0,0";"0,0";"1,0";"0,0";"";"";"";"";"";"";"";"";"";"";"";""
"202425916,0";"2024-09-18";"09:18:00";"COM VÍTIMA";"FINALIZADA";"BOA VISTA";"AV JOAO DE BARROS";"";"";"EMPRESARIAL BURLE MARX";"BOA VISTA";"406,0";"";"COLISÃO COM CICLISTA";"1,0";"0,0";"0,0";"1,0";"0,0";"0,0";"0,0";"0,0";"0,0";"1,0";"0,0";"";"";"";"";"";"";"";"";"";"";"";""
"202425930,0";"2024-09-18";"10:57:00";"COM VÍTIMA";"FINALIZADA";"ENCRUZILHADA";"AV BEBERIBE";"429";"";"PRÓX. AO BANCO DO BRASIL DA AV BEBERIBE";"ENCRUZILHADA";"";"";"COLISÃO";"0,0";"2,0";"0,0";"0,0";"0,0";"0,0";"0,0";"0,0";"0,0";"2,0";"0,0";"";"";"";"";"";"";"";"";"";"";"";""
"202425936,0";"2024-09-18";"12:11:00";"COM VÍTIMA";"FINALIZADA";"BOA VIAGEM";"AV BOA VIAGEM";"6666";"";"PROX. AO EDF. BARILOCHE";"BOA VIAGEM";"";"";"COLISÃO TRASEIRA";"1,0";"1,0";"0,0";"0,0";"0,0";"0,0";"0,0";"0,0";"0,0";"1,0";"0,0";"";"";"";"";"";"";"";"";"";"";"";""
"202425937,0";"2024-09-18";"12:12:00";"COM VÍTIMA";"FINALIZADA";"TORROES";"RUA ONZE DE FEVEREIRO";"";"EST DO FORTE DO ARRAIAL N. DO B. JESUS";"PROX AO YOK GALETOS";"TORROES";"";"";"COLISÃO";"0,0";"1,0";"0,0";"0,0";"0,0";"0,0";"0,0";"0,0";"0,0";"1,0";"0,0";"";"";"";"";"";"";"";"";"";"";"";""
"202425938,0";"2024-09-18";"12:12:00";"COM VÍTIMA";"FINALIZADA";"PINA";"AV ANTONIO DE GOES";"";"";"AO LADO DA PRF E EMPRESARIAL JOÃO PINTO";"PINA";"";"";"COLISÃO";"0,0";"1,0";"0,0";"1,0";"0,0";"0,0";"0,0";"0,0";"0,0";"2,0";"0,0";"";"";"";"";"";"";"";"";"";"";"";""
"202425940,0";"2024-09-18";"12:23:00";"COM VÍTIMA";"DUPLICIDADE";"TORROES";"AV ENGENHEIRO ABDIAS DE CARVALHO";"";"";"ANTES DA UPA DOS TORROES  AV DO FORTE";"TORROES";"";"";"COLISÃO";"0,0";"1,0";"0,0";"0,0";"0,0";"0,0";"0,0";"0,0";"0,0";"1,0";"0,0";"";"";"";"";"";"";"";"";"";"";"";""
"202425946,0";"2024-09-18";"12:56:00";"COM VÍTIMA";"FINALIZADA";"TORREAO";"AV GOVERNADOR AGAMENON MAGALHAES";"";"";"EM FRENTE QAO HOSPITAL MANDACARU / SENTIDO BOA VIAGEM";"TORREAO";"";"";"COLISÃO";"1,0";"1,0";"0,0";"0,0";"0,0";"0,0";"0,0";"0,0";"0,0";"2,0";"0,0";"";"";"";"";"";"";"";"";"";"";"";""
"202425950,0";"2024-09-18";"01:18:00";"COM VÍTIMA";"DUPLICIDADE";"IBURA";"AV DOIS RIOS";"830";"";"IBURA DE BAIXO. EM FRENTE AO CRÁS.";"IBURA";"";"";"COLISÃO";"0,0";"1,0";"0,0";"0,0";"0,0";"0,0";"0,0";"0,0";"0,0";"1,0";"0,0";"";"";"";"";"";"";"";"";"";"";"";""
"202425952,0";"2024-09-18";"01:40:00";"COM VÍTIMA";"CANCELADA";"IBURA";"AV DOIS RIOS";"";"";"NA ENTRADA DO SESI DO IBURA  NO SEMAFORO 561";"IBURA";"";"";"COLISÃO FRONTAL";"1,0";"1,0";"0,0";"0,0";"0,0";"0,0";"0,0";"0,0";"0,0";"1,0";"0,0";"";"";"";"";"";"";"";"";"";"";"";""
"202425955,0";"2024-09-18";"01:55:00";"COM VÍTIMA";"FINALIZADA";"COHAB";"RUA JOAO CORDEIRO DE SOUZA";"255";"";"LAGOA ENCANTADA. AO LADO DA QUADRA DA LAGOA ENCANTADA E PRÓX À ACADEMIA AEROFITNEES.";"COHAB";"";"";"COLISÃO";"0,0";"1,0";"0,0";"0,0";"0,0";"0,0";"0,0";"0,0";"0,0";"1,0";"0,0";"";"";"";"";"";"";"";"";"";"";"";""
"202425957,0";"2024-09-18";"02:00:00";"COM VÍTIMA";"FINALIZADA";"IBURA";"AV DOIS RIOS";"521";"";"E/F A IGREJA EVANGELICA EL  SHADDAI";"IBURA";"";"";"COLISÃO LATERAL";"1,0";"1,0";"0,0";"0,0";"0,0";"0,0";"0,0";"0,0";"0,0";"1,0";"0,0";"";"";"";"";"";"";"";"";"";"";"";""
"202425974,0";"2024-09-18";"02:56:00";"COM VÍTIMA";"FINALIZADA";"NOVA DESCOBERTA";"RUA ALTO DO EUCALIPTO";"473";"";"ALTO DO EUCALIPTO. EM FRENTE A CASA N473 PX AO BAR DANÇANTE / PROX AO MERCADINHO ECONOMICO";"NOVA DESCOBERTA";"";"";"COLISÃO";"0,0";"1,0";"0,0";"0,0";"0,0";"0,0";"0,0";"0,0";"0,0";"1,0";"0,0";"";"";"";"";"";"";"";"";"";"";"";""
"202425979,0";"2024-09-18";"03:35:00";"SEM VÍTIMA";"FINALIZADA";"COELHOS";"RUA MARQUES AMORIM";"576";"RUA ESPERANTO";"POR TRÁS DO UNIMED UNIDADE  3";"COELHOS";"";"CIDADE";"COLISÃO TRASEIRA";"1,0";"1,0";"0,0";"0,0";"0,0";"0,0";"0,0";"0,0";"0,0";"0,0";"0,0";"";"";"";"";"";"";"";"";"";"";"";""
"202425990,0";"2024-09-18";"04:57:00";"COM VÍTIMA";"FINALIZADA";"AFOGADOS";"RUA MOTOCOLOMBO";"103";"";"PX A PONTE MOTOCOLOMBO, PX PRAÇA LARGO DA PAZ";"AFOGADOS";"";"";"COLISÃO";"0,0";"1,0";"0,0";"0,0";"0,0";"0,0";"0,0";"0,0";"0,0";"1,0";"0,0";"";"";"";"";"";"";"";"";"";"";"";""
"202425995,0";"2024-09-18";"05:59:00";"COM VÍTIMA";"FINALIZADA";"JOANA BEZERRA";"VIADUTO CAPITAO TEMUDO";"";"";"PCT SOBRE O VIADUTO, SENTIDO PINA";"JOANA BEZERRA";"";"";"COLISÃO";"0,0";"1,0";"0,0";"0,0";"0,0";"0,0";"0,0";"0,0";"0,0";"1,0";"0,0";"";"";"";"";"";"";"";"";"";"";"";""
"202425996,0";"2024-09-18";"06:31:00";"COM VÍTIMA";"FINALIZADA";"AFOGADOS";"RUA VINTE E UM DE ABRIL";"";"";"EM FRENTE A CITROEN";"AFOGADOS";"";"";"COLISÃO TRASEIRA";"0,0";"3,0";"0,0";"0,0";"0,0";"0,0";"0,0";"0,0";"0,0";"1,0";"0,0";"";"";"";"";"";"";"";"";"";"";"";""
"202426004,0";"2024-09-18";"11:42:00";"COM VÍTIMA";"FINALIZADA";"BOA VIAGEM";"AV ENGENHEIRO DOMINGOS FERREIRA";"3746";"";"APÓS O LAÇA BURGUER";"BOA VIAGEM";"338,0";"";"COLISÃO";"2,0";"0,0";"0,0";"0,0";"0,0";"0,0";"0,0";"0,0";"0,0";"2,0";"0,0";"";"";"";"";"";"";"";"";"";"";"";""
"202426038,0";"2024-09-19";"08:21:00";"COM VÍTIMA";"FINALIZADA";"SANTO AMARO";"AV CRUZ CABUGA";"";"";"EM FRENTE AO HOSPITAL NAVAL";"SANTO AMARO";"";"";"COLISÃO LATERAL";"0,0";"0,0";"0,0";"0,0";"0,0";"0,0";"0,0";"0,0";"0,0";"1,0";"0,0";"";"";"";"";"";"";"";"";"";"";"";""
"202426044,0";"2024-09-19";"08:45:00";"COM VÍTIMA";"FINALIZADA";"ESTANCIA";"AV ESTANCIA";"476B";"";"PROX AO VIADUTO DA ESTANCIA / EM FRENTE AO CREMOSINHO / PROX A PANIFICA SITIENCE";"ESTANCIA";"";"";"COLISÃO FRONTAL";"1,0";"1,0";"0,0";"0,0";"0,0";"0,0";"0,0";"0,0";"0,0";"2,0";"0,0";"";"";"";"";"";"";"";"";"";"";"";""
"202426056,0";"2024-09-19";"10:06:00";"COM VÍTIMA";"FINALIZADA";"SANTO AMARO";"RUA ARNOBIO MARQUES";"";"";"Em frente ao Owvaldo Cruz";"SANTO AMARO";"";"";"QUEDA";"0,0";"1,0";"0,0";"0,0";"0,0";"0,0";"0,0";"0,0";"0,0";"1,0";"0,0";"";"";"";"";"";"";"";"";"";"";"";""
"202426058,0";"2024-09-19";"10:13:00";"COM VÍTIMA";"FINALIZADA";"AGUA FRIA";"RUA ARAMBORE";"191";"";"CASA C  //  NA ENTRADA DO CLUBE SETE DE SETEMBRO";"AGUA FRIA";"";"";"COLISÃO";"0,0";"1,0";"0,0";"0,0";"0,0";"0,0";"0,0";"0,0";"0,0";"1,0";"0,0";"";"";"";"";"";"";"";"";"";"";"";""