"Protocolo";"data";"hora";"natureza";"situacao";"bairro";"endereco";"numero";"detalhe_endereco_acidente";"complemento";"bairro_cruzamento";"num_semaforo";"sentido_via";"tipo";"auto";"moto";"ciclom";"ciclista";"pedestre";"onibus";"caminhao";"viatura";"outros";"vitimas";"vitimasfatais";"acidente_verificado";"tempo_clima";"situacao_semaforo";"sinalizacao";"condicao_via";"conservacao_via";"ponto_controle";"situacao_placa";"velocidade_max_via";"mao_direcao";"divisao_via1";"divisao_via2"
"202426069,0";"2024-09-19";"11:38:00";"COM VÍTIMA";"FINALIZADA";"IMBIRIBEIRA";"RUA DR VALDIR PESSOA";"";"";"ESTAÇÃO IMBIRIBEIRA (METRO)";"IMBIRIBEIRA";"";"";"COLISÃO COM CICLISTA";"1,0";"0,0";"0,0";"1,0";"0,0";"0,0";"0,0";"0,0";"0,0";"1,0";"0,0";"";"";"";"";"";"";"";"";"";"";"";""
"202426075,0";"2024-09-19";"12:35:00";"COM VÍTIMA";"FINALIZADA";"ILHA DO RETIRO";"AV ENGENHEIRO ABDIAS DE CARVALHO";"";"RUA JOAO IVO DA SILVA";"EM FRENTE AO POSTO  PETROBRÁS   //  SENTIDO CIDADE";"ILHA DO RETIRO";"";"";"COLISÃO LATERAL";"1,0";"1,0";"0,0";"0,0";"0,0";"0,0";"0,0";"0,0";"0,0";"2,0";"0,0";"";"";"";"";"";"";"";"";"";"";"";""
"202426087,0";"2024-09-19";"02:35:00";"COM VÍTIMA";"FINALIZADA";"IMBIRIBEIRA";"PRC MINISTRO SALGADO FILHO";"";"";"EM FRENTE AO AEROPORTO";"IMBIRIBEIRA";"";"";"COLISÃO LATERAL";"1,0";"1,0";"0,0";"0,0";"0,0";"0,0";"0,0";"0,0";"0,0";"1,0";"0,0";"";"";"";"";"";"";"";"";"";"";"";""
"202426093,0";"2024-09-19";"03:23:00";"COM VÍTIMA";"FINALIZADA";"SANTO AMARO";"AV CRUZ CABUGA";"";"RUA PEDRO AFONSO";"";"SANTO AMARO";"674,0";"";"ATROPELAMENTO DE PESSOA";"0,0";"0,0";"0,0";"0,0";"1,0";"0,0";"0,0";"0,0";"0,0";"1,0";"0,0";"";"";"";"";"";"";"";"";"";"";"";""
"202426094,0";"2024-09-19";"03:30:00";"COM VÍTIMA";"FINALIZADA";"PARNAMIRIM";"RUA JOAO TUDE DE MELO";"";"AV PARNAMIRIM";"SEMÁFORO 010";"PARNAMIRIM";"";"";"COLISÃO LATERAL";"1,0";"1,0";"0,0";"0,0";"0,0";"0,0";"0,0";"0,0";"0,0";"1,0";"0,0";"";"";"";"";"";"";"";"";"";"";"";""
"202426115,0";"2024-09-19";"07:37:00";"COM VÍTIMA";"FINALIZADA";"CAMPO GRANDE";"EST DE BELEM";"";"";"EM FRENTE A IGREJA DE BELEM";"CAMPO GRANDE";"";"";"COLISÃO FRONTAL";"1,0";"1,0";"0,0";"0,0";"0,0";"0,0";"0,0";"0,0";"0,0";"1,0";"0,0";"";"";"";"";"";"";"";"";"";"";"";""
"202426120,0";"2024-09-19";"08:50:00";"COM VÍTIMA";"FINALIZADA";"PAISSANDU";"RUA DR LEOPOLDO LINS";"";"AV GOVERNADOR AGAMENON MAGALHAES";"";"PAISSANDU";"78,0";"";"COLISÃO TRASEIRA";"1,0";"0,0";"0,0";"0,0";"0,0";"0,0";"0,0";"0,0";"0,0";"2,0";"0,0";"";"";"";"";"";"";"";"";"";"";"";""
"202426128,0";"2024-09-19";"11:36:00";"COM VÍTIMA";"FINALIZADA";"IMBIRIBEIRA";"";"";"";"PROX VIA UM SEMINOVOS. SENTIDO PRAZERES";"IMBIRIBEIRA";"";"";"COLISÃO";"0,0";"1,0";"0,0";"0,0";"0,0";"0,0";"1,0";"0,0";"0,0";"1,0";"0,0";"";"";"";"";"";"";"";"";"";"";"";""
"202426149,0";"2024-09-20";"07:28:00";"COM VÍTIMA";"FINALIZADA";"AREIAS";"AV RECIFE";"";"";"SUPERMERCADO ECONOMICO, APOS A EMLURB";"AREIAS";"";"";"COLISÃO TRASEIRA";"1,0";"1,0";"0,0";"0,0";"0,0";"0,0";"0,0";"0,0";"0,0";"1,0";"0,0";"";"";"";"";"";"";"";"";"";"";"";""
"202426154,0";"2024-09-20";"07:42:00";"COM VÍTIMA";"DUPLICIDADE";"AREIAS";"AV RECIFE";"";"";"PROX AO GALETUS  // PROX SAO PAULO VEICULOS";"AREIAS";"";"";"COLISÃO TRASEIRA";"1,0";"1,0";"0,0";"0,0";"0,0";"0,0";"0,0";"0,0";"0,0";"1,0";"0,0";"";"";"";"";"";"";"";"";"";"";"";""
"202426161,0";"2024-09-20";"08:14:00";"COM VÍTIMA";"FINALIZADA";"JORDAO";"RUA BAHIA";"";"";"EM FRENTE AO POSTO DE SAUDE DR. ARISTARCO DE AZEVEDO";"JORDAO";"";"";"COLISÃO";"0,0";"1,0";"0,0";"0,0";"0,0";"0,0";"0,0";"0,0";"0,0";"1,0";"0,0";"";"";"";"";"";"";"";"";"";"";"";""
"202426163,0";"2024-09-20";"08:16:00";"COM VÍTIMA";"FINALIZADA";"PINA";"AV ANTONIO DE GOES";"";"";"AO LADO DO JCPM";"PINA";"";"";"COLISÃO";"0,0";"1,0";"0,0";"0,0";"0,0";"0,0";"0,0";"0,0";"0,0";"1,0";"0,0";"";"";"";"";"";"";"";"";"";"";"";""
"202426170,0";"2024-09-20";"09:16:00";"COM VÍTIMA";"FINALIZADA";"SAO JOSE";"RUA DA AURORA";"";"";"ANTES DO CINEMA SAO LUIZ, NO SINAL DA RUA IMPERIAL TEREZA CRISTINA";"SAO JOSE";"210,0";"";"COLISÃO LATERAL";"1,0";"1,0";"0,0";"0,0";"0,0";"0,0";"0,0";"0,0";"0,0";"1,0";"0,0";"";"";"";"";"";"";"";"";"";"";"";""
"202426185,0";"2024-09-20";"10:52:00";"COM VÍTIMA";"FINALIZADA";"IPUTINGA";"AV CAXANGA";"";"";"EM FRENTE A PAGUE MENOS / BRT / SENTIDO CAMARAGIBE";"IPUTINGA";"";"";"COLISÃO";"1,0";"1,0";"0,0";"0,0";"0,0";"0,0";"0,0";"0,0";"0,0";"1,0";"0,0";"";"";"";"";"";"";"";"";"";"";"";""
"202426192,0";"2024-09-20";"11:35:00";"COM VÍTIMA";"FINALIZADA";"DERBY";"AV GOVERNADOR AGAMENON MAGALHAES";"";"";"PROX. AO HOSPITAL DA RESTAURAÇÃO  //  CRUZAMENTO  COM A AV JOAQUIM NABUCO";"DERBY";"";"";"COLISÃO";"0,0";"1,0";"0,0";"0,0";"0,0";"0,0";"0,0";"0,0";"0,0";"1,0";"0,0";"";"";"";"";"";"";"";"";"";"";"";""
"202426205,0";"2024-09-20";"02:04:00";"COM VÍTIMA";"FINALIZADA";"CAMPO GRANDE";"AV PROFESSOR JOSE DOS ANJOS";"788";"";"APOS O CAMPO DO ARRUDA EM FRENTE A MOTO STORE/ PROX AO CAMPO DO ARRUDA";"CAMPO GRANDE";"";"";"COLISÃO";"0,0";"1,0";"0,0";"0,0";"0,0";"0,0";"0,0";"0,0";"0,0";"1,0";"0,0";"";"";"";"";"";"";"";"";"";"";"";""
"202426206,0";"2024-09-20";"02:33:00";"COM VÍTIMA";"FINALIZADA";"IMBIRIBEIRA";"RUA ALVARO AMORIM";"203";"";"PROX A ESCOLA GERSINO DE PONTES";"IMBIRIBEIRA";"";"";"COLISÃO";"0,0";"1,0";"0,0";"0,0";"0,0";"0,0";"0,0";"0,0";"0,0";"1,0";"0,0";"";"";"";"";"";"";"";"";"";"";"";""
"202426208,0";"2024-09-20";"03:06:00";"SEM VÍTIMA";"FINALIZADA";"TORROES";"RUA ONZE DE FEVEREIRO";"460";"";"PROX AO ANTIGO TEMINAL DA VA DO FORTE";"TORROES";"";"";"COLISÃO TRASEIRA";"0,0";"2,0";"0,0";"0,0";"0,0";"0,0";"0,0";"0,0";"0,0";"0,0";"0,0";"";"";"";"";"";"";"";"";"";"";"";""
"202426211,0";"2024-09-20";"03:38:00";"COM VÍTIMA";"FINALIZADA";"PINA";"AVENIDA CELSO FURTADO (VIA MANGUE)";"";"";"NA SUBIDA DO VIADUTO // PROX AO SHOPPING RIO MAR";"PINA";"";"";"COLISÃO TRASEIRA";"1,0";"1,0";"0,0";"0,0";"0,0";"0,0";"0,0";"0,0";"0,0";"1,0";"0,0";"";"";"";"";"";"";"";"";"";"";"";""
"202426212,0";"2024-09-20";"03:45:00";"COM VÍTIMA";"FINALIZADA";"TORROES";"AV ENGENHEIRO ABDIAS DE CARVALHO";"7195";"";"EM FRENTE DEPOSITO DESTILADOS, DLP  PX AO POSTO SHEL S/T CURADO";"TORROES";"";"";"COLISÃO";"2,0";"1,0";"0,0";"0,0";"0,0";"0,0";"0,0";"0,0";"0,0";"1,0";"0,0";"";"";"";"";"";"";"";"";"";"";"";""
"202426213,0";"2024-09-20";"04:07:00";"COM VÍTIMA";"FINALIZADA";"TORRE";"RUA CONDE DE IRAJA";"711";"";"711EM FRENTE DO EDF ANTONIO ACAU, PX A BARBEARIA SAO VITORINO";"TORRE";"";"";"COLISÃO";"0,0";"1,0";"0,0";"0,0";"0,0";"0,0";"0,0";"0,0";"0,0";"1,0";"0,0";"";"";"";"";"";"";"";"";"";"";"";""
"202426215,0";"2024-09-20";"04:11:00";"COM VÍTIMA";"FINALIZADA";"AFOGADOS";"EST DOS REMEDIOS";"396";"";"EM FRENTE A ENTRADA DO NOVO ATACAREJO,";"AFOGADOS";"";"";"COLISÃO";"0,0";"1,0";"0,0";"0,0";"0,0";"0,0";"0,0";"0,0";"0,0";"1,0";"0,0";"";"";"";"";"";"";"";"";"";"";"";""
"202426216,0";"2024-09-20";"04:26:00";"COM VÍTIMA";"DUPLICIDADE";"CORDEIRO";"RUA ONZE DE FEVEREIRO";"460";"";"";"CORDEIRO";"";"";"COLISÃO";"0,0";"1,0";"0,0";"0,0";"0,0";"0,0";"0,0";"0,0";"0,0";"1,0";"0,0";"";"";"";"";"";"";"";"";"";"";"";""
"202426218,0";"2024-09-20";"04:29:00";"COM VÍTIMA";"FINALIZADA";"SANTO ANTONIO";"AV DANTAS BARRETO";"SN";"";"EM FRENTE A EMPRESA DE VIAGEM 1002, PX A LOJA SUBLIME MAIS";"SANTO ANTONIO";"";"";"COLISÃO";"0,0";"1,0";"0,0";"0,0";"0,0";"0,0";"0,0";"0,0";"0,0";"1,0";"0,0";"";"";"";"";"";"";"";"";"";"";"";""
"202426227,0";"2024-09-20";"06:47:00";"COM VÍTIMA";"FINALIZADA";"CASA FORTE";"RUA LEONARDO BEZERRA CAVALCANTE";"";"";"PROXIMO AO MUNDO PET / PROXIMO AO SHOPPING PLAZA";"CASA FORTE";"";"";"COLISÃO TRASEIRA";"1,0";"1,0";"0,0";"0,0";"0,0";"0,0";"0,0";"0,0";"0,0";"1,0";"0,0";"";"";"";"";"";"";"";"";"";"";"";""
"202426233,0";"2024-09-20";"08:55:00";"COM VÍTIMA";"FINALIZADA";"CASA FORTE";"RUA ENGENHEIRO LEONARDO ARCOVERDE";"11";"";"AO  LADO DO MUSEU MURILO LAGRECA";"CASA FORTE";"";"";"COLISÃO";"1,0";"1,0";"0,0";"0,0";"0,0";"0,0";"0,0";"0,0";"0,0";"1,0";"0,0";"";"";"";"";"";"";"";"";"";"";"";""
"202426275,0";"2024-09-21";"07:02:00";"COM VÍTIMA";"FINALIZADA";"SANTO ANTONIO";"RUA IMPERADOR PEDRO SEGUNDO";"";"RUA SIQUEIRA CAMPOS";"PROX AO TRIBUNAL  DE JUSTIÇA  //  EDF. PAULA BATISTA";"SANTO ANTONIO";"";"";"COLISÃO TRANSVERSAL";"1,0";"1,0";"0,0";"0,0";"0,0";"0,0";"0,0";"0,0";"0,0";"1,0";"0,0";"";"";"";"";"";"";"";"";"";"";"";""
"202426289,0";"2024-09-21";"08:17:00";"COM VÍTIMA";"FINALIZADA";"AFOGADOS";"RUA VINTE E UM DE ABRIL";"1570";"";"PROX. AO CAFÉ PETINHO";"AFOGADOS";"";"";"COLISÃO";"0,0";"1,0";"0,0";"0,0";"0,0";"0,0";"0,0";"0,0";"0,0";"1,0";"0,0";"";"";"";"";"";"";"";"";"";"";"";""
"202426290,0";"2024-09-21";"08:37:00";"COM VÍTIMA";"FINALIZADA";"MADALENA";"AV VISCONDE DE ALBUQUERQUE";"401";"";"";"MADALENA";"";"";"COLISÃO LATERAL";"1,0";"1,0";"0,0";"0,0";"0,0";"0,0";"0,0";"0,0";"0,0";"1,0";"0,0";"";"";"";"";"";"";"";"";"";"";"";""
"202426295,0";"2024-09-21";"09:38:00";"COM VÍTIMA";"FINALIZADA";"CASA AMARELA";"AV PROFESSOR JOSE DOS ANJOS";"4413";"";"CRUZAMENTO COM A AV. NORTE  //  EM FRENTE AO SESC DE CASA AMARELA";"CASA AMARELA";"";"";"COLISÃO";"0,0";"1,0";"0,0";"0,0";"0,0";"0,0";"0,0";"0,0";"0,0";"1,0";"0,0";"";"";"";"";"";"";"";"";"";"";"";""
"202426301,0";"2024-09-21";"10:19:00";"COM VÍTIMA";"FINALIZADA";"PINA";"AV ENCANTA MOCA";"618";"";"AO LADO DA CRECHE  VOVÓ MARIA";"PINA";"";"";"COLISÃO";"0,0";"1,0";"0,0";"0,0";"0,0";"0,0";"0,0";"0,0";"0,0";"1,0";"0,0";"";"";"";"";"";"";"";"";"";"";"";""
"202426304,0";"2024-09-21";"10:35:00";"COM VÍTIMA";"FINALIZADA";"AGUA FRIA";"AV BEBERIBE";"1744";"";"PROX. AO COLEGIO E HOTELZINHO  QI //  PROX. A PRIMEIRA  IGREJA BATISTA   DE AGUA FRIA";"AGUA FRIA";"";"";"COLISÃO";"0,0";"1,0";"0,0";"0,0";"0,0";"0,0";"0,0";"0,0";"0,0";"1,0";"0,0";"";"";"";"";"";"";"";"";"";"";"";""
"202426315,0";"2024-09-21";"12:38:00";"COM VÍTIMA";"FINALIZADA";"ENCRUZILHADA";"AV BEBERIBE";"335";"";"EM FRENTE AO BANCO DO BRASIL DA ENCRUZILHADA";"ENCRUZILHADA";"";"";"COLISÃO";"0,0";"1,0";"0,0";"0,0";"0,0";"0,0";"0,0";"0,0";"0,0";"1,0";"0,0";"";"";"";"";"";"";"";"";"";"";"";""
"202426333,0";"2024-09-21";"03:43:00";"COM VÍTIMA";"FINALIZADA";"IMBIRIBEIRA";"AV MARECHAL MASCARENHAS DE MORAES";"5250";"";"SENTIDO AEROPORTO. 300 METROS APÓS O VIADUTO TANCREDO NEVES. PRÓX À UPA BA IMBIRIBEIRA";"IMBIRIBEIRA";"";"";"COLISÃO";"0,0";"1,0";"0,0";"0,0";"0,0";"0,0";"0,0";"0,0";"0,0";"1,0";"0,0";"";"";"";"";"";"";"";"";"";"";"";""
"202426335,0";"2024-09-21";"04:14:00";"COM VÍTIMA";"FINALIZADA";"SAN MARTIN";"RUA OUREM";"111";"";"PROXIMO AO PORTAO DA CAVALARIA DA POLICIA";"SAN MARTIN";"";"";"COLISÃO FRONTAL";"1,0";"1,0";"0,0";"0,0";"0,0";"0,0";"0,0";"0,0";"0,0";"1,0";"0,0";"";"";"";"";"";"";"";"";"";"";"";""
"202426338,0";"2024-09-21";"04:30:00";"COM VÍTIMA";"FINALIZADA";"BOA VIAGEM";"RUA VISCONDE DE JEQUITINHONHA";"25";"";"EDIFICIO COSTA RICA";"BOA VIAGEM";"";"";"COLISÃO TRASEIRA";"1,0";"1,0";"0,0";"0,0";"0,0";"0,0";"0,0";"0,0";"0,0";"1,0";"0,0";"";"";"";"";"";"";"";"";"";"";"";""
"202426346,0";"2024-09-21";"06:19:00";"COM VÍTIMA";"FINALIZADA";"BOA VIAGEM";"PTE GOVERNADOR PAULO GUERRA";"";"";"SENTIDO BOA VIAGEM";"BOA VIAGEM";"";"";"COLISÃO";"0,0";"1,0";"0,0";"0,0";"0,0";"0,0";"0,0";"0,0";"0,0";"1,0";"0,0";"";"";"";"";"";"";"";"";"";"";"";""
"202426348,0";"2024-09-21";"06:53:00";"COM VÍTIMA";"FINALIZADA";"ENCRUZILHADA";"EST DE BELEM";"313";"";"EM FRENTE A QUITANDARIA";"ENCRUZILHADA";"";"";"COLISÃO LATERAL";"1,0";"1,0";"0,0";"0,0";"0,0";"0,0";"0,0";"0,0";"0,0";"1,0";"0,0";"";"";"";"";"";"";"";"";"";"";"";""
"202426351,0";"2024-09-21";"07:54:00";"VÍTIMA FATAL";"FINALIZADA";"TAMARINEIRA";"AV NORTE MIGUEL ARRAES DE ALENCAR";"";"EST VELHA DE AGUA FRIA";"EM FRENTE Á PADARIA BELA NORTE E PRÓXIMO À FERREIRA COSTA";"TAMARINEIRA";"";"";"ATROPELAMENTO DE PESSOA";"0,0";"1,0";"0,0";"0,0";"2,0";"0,0";"0,0";"0,0";"0,0";"2,0";"1,0";"";"";"";"";"";"";"";"";"";"";"";""
"202426359,0";"2024-09-22";"02:14:00";"COM VÍTIMA";"FINALIZADA";"NOVA DESCOBERTA";"RUA NOVA DESCOBERTA";"1282";"";"NA ENTRADA DO CORREGO DO EUCALIPTO";"NOVA DESCOBERTA";"";"";"ATROPELAMENTO DE PESSOA";"1,0";"0,0";"0,0";"0,0";"2,0";"0,0";"0,0";"0,0";"0,0";"2,0";"0,0";"";"";"";"";"";"";"";"";"";"";"";""
"202426368,0";"2024-09-22";"05:10:00";"SEM VÍTIMA";"FINALIZADA";"BOA VIAGEM";"RUA ERNESTO DE PAULA SANTOS";"";"RUA TENENTE DOMINGOS DE BRITO";"AO LADO DO POSTO SETTA";"BOA VIAGEM";"330,0";"CIDADE";"COLISÃO LATERAL";"2,0";"0,0";"0,0";"0,0";"0,0";"0,0";"0,0";"0,0";"0,0";"0,0";"0,0";"";"";"";"";"";"";"";"";"";"";"";""
"202426369,0";"2024-09-22";"06:14:00";"COM VÍTIMA";"FINALIZADA";"ALTO JOSE BONIFACIO";"RUA CORREGO DO EUCLIDES";"";"";"PROX. AO TERMINAL DO CORREGO DO EUCLIDES E BREGA DO CAFÉ";"ALTO JOSE BONIFACIO";"";"";"COLISÃO";"0,0";"1,0";"0,0";"0,0";"0,0";"0,0";"0,0";"0,0";"0,0";"1,0";"0,0";"";"";"";"";"";"";"";"";"";"";"";""
"202426373,0";"2024-09-22";"06:57:00";"COM VÍTIMA";"FINALIZADA";"BOA VIAGEM";"AVENIDA CELSO FURTADO (VIA MANGUE)";"";"";"APOS O VIADUTO  DOM JOAO VI, SENT. CIDADE";"BOA VIAGEM";"";"";"COLISÃO";"0,0";"1,0";"0,0";"0,0";"0,0";"0,0";"0,0";"0,0";"0,0";"1,0";"0,0";"";"";"";"";"";"";"";"";"";"";"";""
"202426389,0";"2024-09-22";"10:22:00";"COM VÍTIMA";"FINALIZADA";"ESPINHEIRO";"AV GOVERNADOR AGAMENON MAGALHAES";"";"RUA DR BANDEIRA FILHO";"NA ESQUINA DA MC´DONALD";"ESPINHEIRO";"";"";"COLISÃO";"1,0";"1,0";"0,0";"0,0";"0,0";"0,0";"0,0";"0,0";"0,0";"1,0";"0,0";"";"";"";"";"";"";"";"";"";"";"";""
"202426390,0";"2024-09-22";"10:26:00";"COM VÍTIMA";"FINALIZADA";"JORDAO";"AV JULIO CESAR";"776";"";"POR TRAS DA BASE AEREA";"JORDAO";"";"";"ATROPELAMENTO DE PESSOA";"0,0";"1,0";"0,0";"0,0";"1,0";"0,0";"0,0";"0,0";"0,0";"3,0";"0,0";"";"";"";"";"";"";"";"";"";"";"";""
"202426398,0";"2024-09-22";"12:27:00";"COM VÍTIMA";"FINALIZADA";"BOA VIAGEM";"AV BOA VIAGEM";"760";"";"PROX. AO RESTAURANTE ENTRE AMIGOS, EM FRENTE AO EDF. FRAGATA";"BOA VIAGEM";"";"";"COLISÃO";"1,0";"1,0";"0,0";"0,0";"0,0";"0,0";"0,0";"0,0";"0,0";"1,0";"0,0";"";"";"";"";"";"";"";"";"";"";"";""
"202426401,0";"2024-09-22";"01:52:00";"SEM VÍTIMA";"FINALIZADA";"AFOGADOS";"RUA DA PAZ";"125";"";"PRÓXIMO AO SEMÁFORO";"AFOGADOS";"73,0";"SUBURBIO";"COLISÃO";"1,0";"0,0";"0,0";"1,0";"0,0";"0,0";"0,0";"0,0";"0,0";"0,0";"0,0";"";"";"";"";"";"";"";"";"";"";"";""
"202426415,0";"2024-09-22";"04:21:00";"COM VÍTIMA";"FINALIZADA";"TAMARINEIRA";"EST VELHA DE AGUA FRIA";"";"RUA JOSE DE VASCONCELOS";"BEM NO CRUZAMENTO";"TAMARINEIRA";"";"";"COLISÃO LATERAL";"1,0";"1,0";"0,0";"0,0";"0,0";"0,0";"0,0";"0,0";"0,0";"1,0";"0,0";"";"";"";"";"";"";"";"";"";"";"";""
"202426424,0";"2024-09-22";"08:53:00";"COM VÍTIMA";"FINALIZADA";"IBURA";"AV DOIS RIOS";"";"RUA FERNANDO TOMAZ DA SILVA";"EM FRENTE A FARMÁCIA PAGUE MENOS";"IBURA";"";"";"COLISÃO";"1,0";"1,0";"0,0";"0,0";"0,0";"0,0";"0,0";"0,0";"0,0";"1,0";"0,0";"";"";"";"";"";"";"";"";"";"";"";""
"202426427,0";"2024-09-23";"12:06:00";"COM VÍTIMA";"FINALIZADA";"SAO JOSE";"RUA IMPERIAL";"";"RUA BOM SUCESSO";"SOB O VIADUTO DA JOANA BIZERRA";"SAO JOSE";"";"";"COLISÃO LATERAL";"1,0";"1,0";"0,0";"0,0";"0,0";"0,0";"0,0";"0,0";"0,0";"3,0";"0,0";"";"";"";"";"";"";"";"";"";"";"";""
"202426428,0";"2024-09-23";"01:02:00";"COM VÍTIMA";"FINALIZADA";"CAXANGA";"AV CAXANGA";"";"";"EM FRENTE AO N 5612";"CAXANGA";"232,0";"";"COLISÃO";"1,0";"1,0";"0,0";"0,0";"0,0";"0,0";"0,0";"0,0";"0,0";"1,0";"0,0";"";"";"";"";"";"";"";"";"";"";"";""
"202426430,0";"2024-09-23";"04:01:00";"COM VÍTIMA";"FINALIZADA";"PINA";"AV ANTONIO DE GOES";"";"AV BOA VIAGEM";"JCPM";"PINA";"";"";"CAPOTAMENTO";"1,0";"0,0";"0,0";"0,0";"0,0";"0,0";"0,0";"0,0";"0,0";"1,0";"0,0";"";"";"";"";"";"";"";"";"";"";"";""
"202426441,0";"2024-09-23";"06:52:00";"COM VÍTIMA";"FINALIZADA";"TEJIPIO";"AV DR JOSE RUFINO";"5000";"";"EM FRENTE A ESCOLA ALBERTO TORRE  // PROX AO CASTELO BRANCO";"TEJIPIO";"";"";"COLISÃO";"0,0";"1,0";"0,0";"0,0";"0,0";"0,0";"0,0";"0,0";"0,0";"1,0";"0,0";"";"";"";"";"";"";"";"";"";"";"";""
"202426442,0";"2024-09-23";"07:16:00";"VÍTIMA FATAL";"FINALIZADA";"TORRE";"AV MAURICIO DE NASSAU";"";"";"PROX. AO PARQUE DO CAIARA";"TORRE";"88,0";"";"COLISÃO LATERAL";"0,0";"1,0";"0,0";"0,0";"0,0";"0,0";"2,0";"0,0";"0,0";"0,0";"1,0";"";"";"";"";"";"";"";"";"";"";"";""
"202426443,0";"2024-09-23";"07:25:00";"COM VÍTIMA";"FINALIZADA";"TORREAO";"RUA MARECHAL DEODORO";"679";"";"EM FRENTE A UNIDADE DE SAUDE  ILHA DO JUANEIRO";"TORREAO";"";"";"COLISÃO";"0,0";"1,0";"0,0";"0,0";"0,0";"0,0";"0,0";"0,0";"0,0";"1,0";"0,0";"";"";"";"";"";"";"";"";"";"";"";""
"202426444,0";"2024-09-23";"07:27:00";"COM VÍTIMA";"FINALIZADA";"CAXANGA";"AV CAXANGA";"8901";"";"EM FENTE AO MIX MATHEUS  //  SENTIDO CAMARAGIBE";"CAXANGA";"";"";"COLISÃO";"0,0";"1,0";"0,0";"0,0";"0,0";"0,0";"0,0";"0,0";"0,0";"1,0";"0,0";"";"";"";"";"";"";"";"";"";"";"";""
"202426452,0";"2024-09-23";"07:59:00";"COM VÍTIMA";"FINALIZADA";"TOTO";"RUA ONZE DE AGOSTO";"363";"";"PRÓX. AO CENTRO URBANO BIDU KRAUSE";"TOTO";"";"";"COLISÃO";"0,0";"1,0";"0,0";"0,0";"0,0";"0,0";"0,0";"0,0";"0,0";"1,0";"0,0";"";"";"";"";"";"";"";"";"";"";"";""
"202426468,0";"2024-09-23";"10:05:00";"COM VÍTIMA";"FINALIZADA";"IPUTINGA";"AV CAXANGA";"";"";"EM FRENTE AO HOSPITAL BARAO DE LUCENA";"IPUTINGA";"";"";"COLISÃO";"0,0";"1,0";"0,0";"0,0";"0,0";"0,0";"0,0";"0,0";"0,0";"1,0";"0,0";"";"";"";"";"";"";"";"";"";"";"";""
"202426474,0";"2024-09-23";"11:13:00";"COM VÍTIMA";"FINALIZADA";"ARRUDA";"AV PROFESSOR JOSE DOS ANJOS";"";"";"PROX. AO CAMPO DO SANTA CRUZ";"ARRUDA";"";"";"COLISÃO";"0,0";"1,0";"0,0";"0,0";"0,0";"0,0";"0,0";"0,0";"0,0";"1,0";"0,0";"";"";"";"";"";"";"";"";"";"";"";""
"202426477,0";"2024-09-23";"11:31:00";"SEM VÍTIMA";"FINALIZADA";"ILHA DO LEITE";"AV GOVERNADOR AGAMENON MAGALHAES";"";"";"DE FRENTE AO HOSPITAL PORTUGUES";"ILHA DO LEITE";"";"";"CHOQUE";"0,0";"0,0";"0,0";"0,0";"0,0";"0,0";"0,0";"1,0";"0,0";"0,0";"0,0";"";"";"";"";"";"";"";"";"";"";"";""
"202426490,0";"2024-09-23";"02:34:00";"COM VÍTIMA";"FINALIZADA";"IMBIRIBEIRA";"AV MARECHAL MASCARENHAS DE MORAES";"291";"";"EM FRENTE AO SINDICATO DOS TAXISTAS //EM FRENTE A EMPRESA DE FUNILARIA E PINTURA";"IMBIRIBEIRA";"";"";"COLISÃO TRASEIRA";"1,0";"1,0";"0,0";"0,0";"0,0";"0,0";"0,0";"0,0";"0,0";"1,0";"0,0";"";"";"";"";"";"";"";"";"";"";"";""
"202426505,0";"2024-09-23";"05:00:00";"COM VÍTIMA";"FINALIZADA";"JORDAO";"RUA DR ALVARO FERRAZ";"240";"";"EM FRENTE AO NUMERO 13, APOS A GALERIA RENATA DIAS";"JORDAO";"";"";"COLISÃO";"0,0";"1,0";"0,0";"0,0";"0,0";"0,0";"0,0";"0,0";"0,0";"1,0";"0,0";"";"";"";"";"";"";"";"";"";"";"";""
"202426509,0";"2024-09-23";"05:25:00";"SEM VÍTIMA";"FINALIZADA";"CAXANGA";"AV CAXANGA";"";"";"TERMINAL INTEGRADO CAXANGÁ";"CAXANGA";"";"SUBURBIO";"COLISÃO LATERAL";"1,0";"0,0";"0,0";"0,0";"0,0";"0,0";"1,0";"0,0";"0,0";"0,0";"0,0";"";"";"";"";"";"";"";"";"";"";"";""
"202426527,0";"2024-09-23";"08:05:00";"COM VÍTIMA";"FINALIZADA";"CASA AMARELA";"EST DO ARRAIAL";"";"";"EM FRENTE A ESCOLA DOM VITAL";"CASA AMARELA";"";"";"COLISÃO LATERAL";"0,0";"2,0";"0,0";"0,0";"0,0";"0,0";"0,0";"0,0";"0,0";"2,0";"0,0";"";"";"";"";"";"";"";"";"";"";"";""
"202426530,0";"2024-09-23";"09:23:00";"COM VÍTIMA";"FINALIZADA";"SANTO AMARO";"AV GOVERNADOR AGAMENON MAGALHAES";"";"";"EM FRENTE AO MINISTÉRIO DO TRABALHO";"SANTO AMARO";"";"";"COLISÃO LATERAL";"1,0";"1,0";"0,0";"0,0";"0,0";"0,0";"0,0";"0,0";"0,0";"1,0";"0,0";"";"";"";"";"";"";"";"";"";"";"";""