"Protocolo";"data";"hora";"natureza";"situacao";"bairro";"endereco";"numero";"detalhe_endereco_acidente";"complemento";"bairro_cruzamento";"num_semaforo";"sentido_via";"tipo";"auto";"moto";"ciclom";"ciclista";"pedestre";"onibus";"caminhao";"viatura";"outros";"vitimas";"vitimasfatais";"acidente_verificado";"tempo_clima";"situacao_semaforo";"sinalizacao";"condicao_via";"conservacao_via";"ponto_controle";"situacao_placa";"velocidade_max_via";"mao_direcao";"divisao_via1";"divisao_via2"
"202426556,0";"2024-09-24";"07:10:00";"COM VÍTIMA";"FINALIZADA";"BONGI";"AV ENGENHEIRO ABDIAS DE CARVALHO";"2242";"";"EM FRENTE A DROGARIA BONGI  , PRÓX.A CHESF //  SENTIDO DERBY";"BONGI";"";"";"COLISÃO";"0,0";"1,0";"0,0";"0,0";"0,0";"0,0";"0,0";"0,0";"0,0";"1,0";"0,0";"";"";"";"";"";"";"";"";"";"";"";""
"202426560,0";"2024-09-24";"07:32:00";"COM VÍTIMA";"FINALIZADA";"DERBY";"AV GOVERNADOR AGAMENON MAGALHAES";"";"";"EM FRENTE A RESTAURAÇÃO SENT. BOA VIAGEM";"DERBY";"";"";"COLISÃO LATERAL";"1,0";"1,0";"0,0";"0,0";"0,0";"0,0";"0,0";"0,0";"0,0";"1,0";"0,0";"";"";"";"";"";"";"";"";"";"";"";""
"202426567,0";"2024-09-24";"08:09:00";"COM VÍTIMA";"FINALIZADA";"JOANA BEZERRA";"VDO PAPA JOAO PAULO II";"";"";"AO LADO DA ACADEMIA DA CIDADE";"JOANA BEZERRA";"";"";"COLISÃO";"1,0";"1,0";"0,0";"0,0";"0,0";"0,0";"0,0";"0,0";"0,0";"2,0";"0,0";"";"";"";"";"";"";"";"";"";"";"";""
"202426571,0";"2024-09-24";"09:11:00";"COM VÍTIMA";"FINALIZADA";"IBURA";"RUA EMILIO MONTEIRO FONSECA";"";"";"PROX A IGREJA BATISTA CENTRAL DO JORDÃO";"IBURA";"";"";"COLISÃO";"0,0";"1,0";"0,0";"0,0";"0,0";"0,0";"0,0";"0,0";"0,0";"1,0";"0,0";"";"";"";"";"";"";"";"";"";"";"";""
"202426573,0";"2024-09-24";"09:14:00";"COM VÍTIMA";"FINALIZADA";"MUSTARDINHA";"RUA VINTE E UM DE ABRIL";"";"";"EM FRENTE A IGREJA BATISTA NACIONAL DE AFOGADOS, PROX. A COMEDORIA DA PIZZA";"MUSTARDINHA";"";"";"COLISÃO";"0,0";"1,0";"0,0";"0,0";"0,0";"0,0";"0,0";"0,0";"0,0";"1,0";"0,0";"";"";"";"";"";"";"";"";"";"";"";""
"202426591,0";"2024-09-24";"10:49:00";"COM VÍTIMA";"FINALIZADA";"PINA";"AVENIDA CELSO FURTADO (VIA MANGUE)";"";"";"SENT. CIDADE APOS A PRIMEIRA LOMBADA ELETRONICA";"PINA";"";"";"COLISÃO TRASEIRA";"1,0";"1,0";"0,0";"0,0";"0,0";"0,0";"0,0";"0,0";"0,0";"1,0";"0,0";"";"";"";"";"";"";"";"";"";"";"";""
"202426595,0";"2024-09-24";"11:14:00";"COM VÍTIMA";"FINALIZADA";"SANTO AMARO";"AV GOVERNADOR AGAMENON MAGALHAES";"";"";"EM FRENTE A UPE SENT. OLINDA";"SANTO AMARO";"";"";"COLISÃO LATERAL";"1,0";"1,0";"0,0";"0,0";"0,0";"0,0";"0,0";"0,0";"0,0";"1,0";"0,0";"";"";"";"";"";"";"";"";"";"";"";""
"202426597,0";"2024-09-24";"11:19:00";"COM VÍTIMA";"DUPLICIDADE";"PINA";"AVENIDA CELSO FURTADO (VIA MANGUE)";"";"";"SENTIDO CIDADE , PROX. AO RETORNO";"PINA";"";"";"COLISÃO";"0,0";"1,0";"0,0";"0,0";"0,0";"0,0";"0,0";"0,0";"0,0";"1,0";"0,0";"";"";"";"";"";"";"";"";"";"";"";""
"202426601,0";"2024-09-24";"12:12:00";"COM VÍTIMA";"FINALIZADA";"BOA VIAGEM";"AV ENGENHEIRO DOMINGOS FERREIRA";"";"";"PROX AO SUPERMERCADO AÇAI E PROX AO RESTAURANTE SPETUS";"BOA VIAGEM";"";"";"COLISÃO";"0,0";"1,0";"0,0";"0,0";"0,0";"0,0";"0,0";"0,0";"0,0";"1,0";"0,0";"";"";"";"";"";"";"";"";"";"";"";""
"202426604,0";"2024-09-24";"12:26:00";"COM VÍTIMA";"FINALIZADA";"GRACAS";"PRC DO ENTRONCAMENTO";"66";"";"NA PRAÇA DO ENTROCAMENTO";"GRACAS";"";"";"COLISÃO";"1,0";"1,0";"0,0";"0,0";"0,0";"0,0";"0,0";"0,0";"0,0";"1,0";"0,0";"";"";"";"";"";"";"";"";"";"";"";""
"202426605,0";"2024-09-24";"12:30:00";"COM VÍTIMA";"FINALIZADA";"JORDAO";"AV DONA CARENTINA";"1075";"";"PROX A DROGARIA PHARMACYS / PRAÇA";"JORDAO";"";"";"COLISÃO";"0,0";"1,0";"0,0";"0,0";"0,0";"0,0";"0,0";"0,0";"0,0";"1,0";"0,0";"";"";"";"";"";"";"";"";"";"";"";""
"202426609,0";"2024-09-24";"01:33:00";"COM VÍTIMA";"FINALIZADA";"IBURA";"AV CHAPADA DO ARARIPE";"";"";"EM FRENTE A HAMBURGUERIA TITO BURGUER";"IBURA";"";"";"COLISÃO FRONTAL";"0,0";"1,0";"0,0";"0,0";"0,0";"1,0";"0,0";"0,0";"0,0";"1,0";"0,0";"";"";"";"";"";"";"";"";"";"";"";""
"202426610,0";"2024-09-24";"01:36:00";"COM VÍTIMA";"FINALIZADA";"MADALENA";"AV JOSE GONCALVES DE MEDEIROS";"185";"";"EM FRENTE À MC DONALDS E AO SUPERMERCADO ASSAÍ ATACADISTA.";"MADALENA";"";"";"COLISÃO LATERAL";"1,0";"1,0";"0,0";"0,0";"0,0";"0,0";"0,0";"0,0";"0,0";"1,0";"0,0";"";"";"";"";"";"";"";"";"";"";"";""
"202426611,0";"2024-09-24";"01:39:00";"COM VÍTIMA";"FINALIZADA";"IBURA";"AV DOM HELDER CAMARA";"1354";"";"PROX AO NÚCLEO DA POLÍCIA / EM FRENTE A OFICINA DE MURO AMARELO / IBURA BAIXO";"IBURA";"";"";"COLISÃO";"0,0";"1,0";"0,0";"0,0";"0,0";"0,0";"0,0";"0,0";"0,0";"1,0";"0,0";"";"";"";"";"";"";"";"";"";"";"";""
"202426612,0";"2024-09-24";"01:43:00";"COM VÍTIMA";"FINALIZADA";"PINA";"AV BOA VIAGEM";"100";"";"PROXIMO AO POSTO PETROBRAS / PROXIMO AO PREDIO JCPM";"PINA";"";"";"COLISÃO LATERAL";"1,0";"1,0";"0,0";"0,0";"0,0";"0,0";"0,0";"0,0";"0,0";"1,0";"0,0";"";"";"";"";"";"";"";"";"";"";"";""
"202426623,0";"2024-09-24";"03:01:00";"COM VÍTIMA";"FINALIZADA";"MADALENA";"AV BEIRA RIO";"591";"";"E/F AO SOBRADO CAPÍBARIBE PROX A PONTE DA CAPUNGA";"MADALENA";"";"";"COLISÃO COM CICLISTA";"1,0";"1,0";"0,0";"1,0";"0,0";"0,0";"0,0";"0,0";"0,0";"1,0";"0,0";"";"";"";"";"";"";"";"";"";"";"";""
"202426633,0";"2024-09-24";"05:01:00";"COM VÍTIMA";"FINALIZADA";"CORDEIRO";"RUA GOMES TABORDA";"889";"";"PROX A DROGASIL E AO SUPERMERCADO IDEAL MIX";"CORDEIRO";"";"";"COLISÃO";"0,0";"1,0";"0,0";"0,0";"0,0";"0,0";"0,0";"0,0";"0,0";"1,0";"0,0";"";"";"";"";"";"";"";"";"";"";"";""
"202426639,0";"2024-09-24";"05:45:00";"COM VÍTIMA";"FINALIZADA";"MADALENA";"RUA JOSE OSORIO";"540";"";"EM FRENTE AO SUPERMERCADO R.M EXPRESS";"MADALENA";"";"";"COLISÃO";"0,0";"1,0";"0,0";"0,0";"0,0";"0,0";"0,0";"0,0";"0,0";"1,0";"0,0";"";"";"";"";"";"";"";"";"";"";"";""
"202426641,0";"2024-09-24";"06:01:00";"COM VÍTIMA";"FINALIZADA";"AGUA FRIA";"RUA BELO JARDIM";"1816";"";"PROX DO MERCADO PUBLICO // FEIRA";"AGUA FRIA";"";"";"COLISÃO";"0,0";"1,0";"0,0";"0,0";"0,0";"0,0";"0,0";"0,0";"0,0";"1,0";"0,0";"";"";"";"";"";"";"";"";"";"";"";""
"202426647,0";"2024-09-24";"06:53:00";"COM VÍTIMA";"FINALIZADA";"SAO JOSE";"RUA IMPERIAL";"2462";"";"PROX AO VIADUTO DA AGAMENOM // ABTES DO POSTO BR";"SAO JOSE";"";"";"COLISÃO";"0,0";"1,0";"0,0";"0,0";"0,0";"0,0";"0,0";"0,0";"0,0";"1,0";"0,0";"";"";"";"";"";"";"";"";"";"";"";""
"202426667,0";"2024-09-24";"07:48:00";"COM VÍTIMA";"FINALIZADA";"BOMBA DO HEMETERIO";"RUA TAMBOARA";"";"";"PRÓXIMO  LARGO DA BOMBA DO HEMETÉRIO  ÔNIBUS E MOTO";"BOMBA DO HEMETERIO";"";"SUBURBIO";"COLISÃO";"0,0";"1,0";"0,0";"0,0";"0,0";"1,0";"0,0";"0,0";"0,0";"1,0";"0,0";"";"";"";"";"";"";"";"";"";"";"";""
"202426668,0";"2024-09-24";"08:08:00";"COM VÍTIMA";"FINALIZADA";"ESTANCIA";"AV DR JOSE RUFINO";"";"";"AUTO E  MOTO SAMU ACIONADO";"ESTANCIA";"";"SUBURBIO";"COLISÃO";"1,0";"1,0";"0,0";"0,0";"0,0";"0,0";"0,0";"0,0";"0,0";"1,0";"0,0";"";"";"";"";"";"";"";"";"";"";"";""
"202426682,0";"2024-09-24";"10:29:00";"COM VÍTIMA";"FINALIZADA";"IPUTINGA";"AV CAXANGA";"";"";"EM FRETE AO SUPERMERCADO MIX MATEUS";"IPUTINGA";"";"";"COLISÃO";"1,0";"1,0";"0,0";"0,0";"0,0";"0,0";"0,0";"0,0";"0,0";"1,0";"0,0";"";"";"";"";"";"";"";"";"";"";"";""
"202426683,0";"2024-09-24";"11:10:00";"COM VÍTIMA";"FINALIZADA";"BOA VIAGEM";"RUA WALDEMAR NERY CARNEIRO MONTEIRO";"";"RUA DEZ DE JULHO";"";"BOA VIAGEM";"";"";"COLISÃO";"1,0";"1,0";"0,0";"0,0";"0,0";"0,0";"0,0";"0,0";"0,0";"1,0";"0,0";"";"";"";"";"";"";"";"";"";"";"";""
"202426705,0";"2024-09-25";"08:12:00";"COM VÍTIMA";"FINALIZADA";"JOANA BEZERRA";"AV CENTRAL";"";"";"SAINDO DA ESTAÇÃO JOANA BEZERRA / ANTES DA ACD EMBAIXO DO VIADUTO SENT. FORUM JOANA BEZERRA";"JOANA BEZERRA";"";"";"COLISÃO";"0,0";"1,0";"0,0";"0,0";"0,0";"1,0";"0,0";"0,0";"0,0";"1,0";"0,0";"";"";"";"";"";"";"";"";"";"";"";""
"202426711,0";"2024-09-25";"08:50:00";"COM VÍTIMA";"FINALIZADA";"CAMPO GRANDE";"RUA JERONIMO VILELA";"77";"";"PROX A DROGASIL";"CAMPO GRANDE";"";"";"ATROPELAMENTO DE PESSOA";"0,0";"1,0";"0,0";"0,0";"1,0";"0,0";"0,0";"0,0";"0,0";"1,0";"0,0";"";"";"";"";"";"";"";"";"";"";"";""
"202426723,0";"2024-09-25";"09:14:00";"COM VÍTIMA";"FINALIZADA";"BOA VIAGEM";"RUA WALDEMAR NERY CARNEIRO MONTEIRO";"491";"RUA CRUZEIRO DO FORTE";"PADARIA SETUBAL";"BOA VIAGEM";"";"";"COLISÃO FRONTAL";"1,0";"1,0";"0,0";"0,0";"0,0";"0,0";"0,0";"0,0";"0,0";"1,0";"0,0";"";"";"";"";"";"";"";"";"";"";"";""
"202426729,0";"2024-09-25";"09:39:00";"SEM VÍTIMA";"FINALIZADA";"BOA VISTA";"AV CONDE DA BOA VISTA";"1016";"";"EM FRENTE AO EDIFICIO MODULO / E A FACULDADE FAFIRE";"BOA VISTA";"";"";"COLISÃO LATERAL";"0,0";"0,0";"0,0";"0,0";"0,0";"0,0";"1,0";"1,0";"0,0";"0,0";"0,0";"";"";"";"";"";"";"";"";"";"";"";""
"202426733,0";"2024-09-25";"10:02:00";"COM VÍTIMA";"FINALIZADA";"BOA VIAGEM";"AV ENGENHEIRO DOMINGOS FERREIRA";"4060";"";"EMPRESARIAL";"BOA VIAGEM";"155,0";"";"COLISÃO";"1,0";"1,0";"0,0";"0,0";"0,0";"0,0";"0,0";"0,0";"0,0";"1,0";"0,0";"";"";"";"";"";"";"";"";"";"";"";""
"202426734,0";"2024-09-25";"10:04:00";"COM VÍTIMA";"FINALIZADA";"BOA VIAGEM";"RUA DEZ DE JULHO";"";"RUA WALDEMAR NERY CARNEIRO MONTEIRO";"EM FRENTE AO EDF. STHELA";"BOA VIAGEM";"";"";"COLISÃO LATERAL";"2,0";"0,0";"0,0";"0,0";"0,0";"0,0";"0,0";"0,0";"0,0";"1,0";"0,0";"";"";"";"";"";"";"";"";"";"";"";""
"202426741,0";"2024-09-25";"11:23:00";"COM VÍTIMA";"FINALIZADA";"ENCRUZILHADA";"RUA QUARENTA E OITO";"";"";"EM FRENTE A QUITANDARIA, PROX. A PRAÇA E COND. ILHA DA ISCA";"ENCRUZILHADA";"";"";"COLISÃO";"0,0";"1,0";"0,0";"0,0";"0,0";"0,0";"0,0";"0,0";"0,0";"1,0";"0,0";"";"";"";"";"";"";"";"";"";"";"";""
"202426742,0";"2024-09-25";"11:32:00";"COM VÍTIMA";"FINALIZADA";"IBURA";"RUA DR BENIGNO JORDAO DE VASCONCELOS";"";"";"IBURA DE BAIXO PROX. A LAGOA ENCANTADA";"IBURA";"";"";"COLISÃO";"0,0";"1,0";"0,0";"0,0";"0,0";"0,0";"0,0";"0,0";"0,0";"1,0";"0,0";"";"";"";"";"";"";"";"";"";"";"";""
"202426759,0";"2024-09-25";"12:52:00";"SEM VÍTIMA";"FINALIZADA";"SANTO AMARO";"AV CRUZ CABUGA";"";"";"EM FRENTE A IGREJA ASSEMBLEIA DE DEUS // SENTIDO CIDADE";"SANTO AMARO";"";"";"COLISÃO TRASEIRA";"1,0";"0,0";"0,0";"0,0";"0,0";"0,0";"0,0";"1,0";"0,0";"0,0";"0,0";"";"";"";"";"";"";"";"";"";"";"";""
"202426772,0";"2024-09-25";"03:24:00";"COM VÍTIMA";"FINALIZADA";"PARNAMIRIM";"RUA PADRE ROMA";"403";"";"";"PARNAMIRIM";"";"";"QUEDA";"0,0";"1,0";"0,0";"0,0";"0,0";"0,0";"0,0";"0,0";"0,0";"2,0";"0,0";"";"";"";"";"";"";"";"";"";"";"";""
"202426793,0";"2024-09-25";"06:49:00";"COM VÍTIMA";"FINALIZADA";"BOA VIAGEM";"RUA SA E SOUZA";"892";"";"EM FRENTE AO COLÉGIO AMERICANAS E NA ESQUINA DO CERPE.";"BOA VIAGEM";"";"";"COLISÃO LATERAL";"1,0";"1,0";"0,0";"0,0";"0,0";"0,0";"0,0";"0,0";"0,0";"1,0";"0,0";"";"";"";"";"";"";"";"";"";"";"";""
"202426831,0";"2024-09-26";"07:52:00";"SEM VÍTIMA";"FINALIZADA";"VASCO DA GAMA";"AV VEREADOR OTACILIO AZEVEDO";"1113";"RUA GRIJALVA COSTA";"";"VASCO DA GAMA";"";"CIDADE";"COLISÃO TRASEIRA";"1,0";"0,0";"0,0";"0,0";"0,0";"0,0";"1,0";"0,0";"0,0";"0,0";"0,0";"";"";"";"";"";"";"";"";"";"";"";""
"202426833,0";"2024-09-26";"08:00:00";"COM VÍTIMA";"FINALIZADA";"ENCRUZILHADA";"AV NORTE MIGUEL ARRAES DE ALENCAR";"";"";"EM FRENTE A PRAÇA DA PICANHA / EM FRENTE A CHEVROLET SENTIDO SUBURBIO";"ENCRUZILHADA";"";"SUBURBIO";"COLISÃO";"1,0";"1,0";"0,0";"0,0";"0,0";"1,0";"0,0";"0,0";"0,0";"1,0";"0,0";"";"";"";"";"";"";"";"";"";"";"";""
"202426848,0";"2024-09-26";"08:52:00";"SEM VÍTIMA";"FINALIZADA";"MADALENA";"AV CAXANGA";"303";"RUA JOAO CRESCENCIO";"BANCO SANTANDER";"MADALENA";"";"CIDADE";"COLISÃO TRASEIRA";"0,0";"1,0";"0,0";"0,0";"0,0";"0,0";"0,0";"1,0";"0,0";"0,0";"0,0";"";"";"";"";"";"";"";"";"";"";"";""
"202426858,0";"2024-09-26";"10:16:00";"COM VÍTIMA";"FINALIZADA";"JORDAO";"RUA CONTINENTAL";"";"RUA EXP FRANCISCO VITORIANO";"NA ENTRADA DA RUA, PROX AO TREVO";"JORDAO";"";"";"COLISÃO";"1,0";"1,0";"0,0";"0,0";"0,0";"0,0";"0,0";"0,0";"0,0";"1,0";"0,0";"";"";"";"";"";"";"";"";"";"";"";""
"202426868,0";"2024-09-26";"11:02:00";"COM VÍTIMA";"FINALIZADA";"CASA AMARELA";"RUA FERREIRA LOPES";"";"";"NA RUA DO CONSULADO DA CHINA / NA RUA DO CLUBE AMARICA";"CASA AMARELA";"";"";"COLISÃO";"0,0";"1,0";"0,0";"0,0";"0,0";"0,0";"0,0";"0,0";"0,0";"1,0";"0,0";"";"";"";"";"";"";"";"";"";"";"";""
"202426876,0";"2024-09-26";"12:25:00";"COM VÍTIMA";"FINALIZADA";"AGUA FRIA";"AV BEBERIBE";"";"";"EM FRENTE AO SUPERMERCADO SOBERANO / PROX A FARMACIA DROGASIL DE AGUA FRIA";"AGUA FRIA";"";"";"COLISÃO LATERAL";"1,0";"1,0";"0,0";"0,0";"0,0";"0,0";"0,0";"0,0";"0,0";"1,0";"0,0";"";"";"";"";"";"";"";"";"";"";"";""
"202426882,0";"2024-09-26";"01:11:00";"COM VÍTIMA";"FINALIZADA";"ESTANCIA";"AV DR JOSE RUFINO";"566";"";"";"ESTANCIA";"";"";"ATROPELAMENTO DE PESSOA";"1,0";"0,0";"0,0";"0,0";"0,0";"0,0";"0,0";"0,0";"0,0";"1,0";"0,0";"";"";"";"";"";"";"";"";"";"";"";""
"202426902,0";"2024-09-26";"03:01:00";"COM VÍTIMA";"FINALIZADA";"JAQUEIRA";"RUA DO FUTURO";"";"";"APÓS O PARQUE DA JAQUEIRA / EM FRENTE A AABB";"JAQUEIRA";"";"";"ATROPELAMENTO DE PESSOA";"0,0";"0,0";"0,0";"0,0";"0,0";"0,0";"0,0";"0,0";"0,0";"1,0";"0,0";"";"";"";"";"";"";"";"";"";"";"";""
"202426905,0";"2024-09-26";"03:27:00";"COM VÍTIMA";"FINALIZADA";"SANTO AMARO";"AV ENGENHEIRO JOSE ESTELITA";"";"";"PROX AO PARQUE DO CAIS";"SANTO AMARO";"";"";"COLISÃO";"0,0";"1,0";"0,0";"0,0";"0,0";"0,0";"0,0";"0,0";"0,0";"1,0";"0,0";"";"";"";"";"";"";"";"";"";"";"";""
"202426916,0";"2024-09-26";"04:47:00";"COM VÍTIMA";"FINALIZADA";"SANTO AMARO";"PRC GENERAL ABREU E LIMA";"";"";"POR TRAS DO CEMITERIO DOS INGLESES";"SANTO AMARO";"";"";"ATROPELAMENTO DE PESSOA";"0,0";"0,0";"0,0";"0,0";"1,0";"0,0";"0,0";"0,0";"0,0";"1,0";"0,0";"";"";"";"";"";"";"";"";"";"";"";""
"202426917,0";"2024-09-26";"04:53:00";"COM VÍTIMA";"FINALIZADA";"DERBY";"AV GOVERNADOR AGAMENON MAGALHAES";"";"";"PROX AO CLUBE PORTUGUES/PROX AO BOMPREÇO";"DERBY";"";"";"COLISÃO";"0,0";"1,0";"0,0";"0,0";"0,0";"0,0";"0,0";"0,0";"0,0";"1,0";"0,0";"";"";"";"";"";"";"";"";"";"";"";""
"202426920,0";"2024-09-26";"06:10:00";"COM VÍTIMA";"FINALIZADA";"PINA";"VIADUTO CAPITAO TEMUDO";"37";"";"PROX AO CABANGA IATE CLUB / SOBRE O VIADUTO";"PINA";"";"";"ENGAVETAMENTO";"3,0";"0,0";"0,0";"0,0";"0,0";"0,0";"0,0";"0,0";"0,0";"2,0";"0,0";"";"";"";"";"";"";"";"";"";"";"";""
"202426924,0";"2024-09-26";"06:42:00";"COM VÍTIMA";"FINALIZADA";"CASA AMARELA";"EST DO ARRAIAL";"3720";"RUA ANTONIO DE CASTRO";"PROXIMO AO BRADESCO";"CASA AMARELA";"";"";"COLISÃO FRONTAL";"1,0";"1,0";"0,0";"0,0";"0,0";"0,0";"0,0";"0,0";"0,0";"1,0";"0,0";"";"";"";"";"";"";"";"";"";"";"";""
"202426931,0";"2024-09-26";"07:49:00";"COM VÍTIMA";"FINALIZADA";"CAMPO GRANDE";"AV GOVERNADOR AGAMENON MAGALHAES";"";"";"EM FRENTE AO POSTO DISLUB / SENTIDO OLINDA";"CAMPO GRANDE";"";"";"COLISÃO";"1,0";"1,0";"0,0";"0,0";"0,0";"0,0";"0,0";"0,0";"0,0";"1,0";"0,0";"";"";"";"";"";"";"";"";"";"";"";""
"202426948,0";"2024-09-27";"06:06:00";"COM VÍTIMA";"FINALIZADA";"DERBY";"RUA DA BAIXA VERDE";"";"";"PROX. A PRAÇA DO DERBY";"DERBY";"";"";"COLISÃO";"0,0";"1,0";"0,0";"0,0";"0,0";"0,0";"0,0";"0,0";"0,0";"1,0";"0,0";"";"";"";"";"";"";"";"";"";"";"";""
"202426965,0";"2024-09-27";"08:07:00";"COM VÍTIMA";"FINALIZADA";"VARZEA";"AV CAXANGA";"6976";"";"EM FRENTE A PARADA PAZ E VIDA  //  EM FRENTE AO GOLF CLUB ( SENTIDO RECIFE CENTRO )";"VARZEA";"";"";"COLISÃO";"0,0";"1,0";"0,0";"0,0";"0,0";"0,0";"0,0";"0,0";"0,0";"1,0";"0,0";"";"";"";"";"";"";"";"";"";"";"";""
"202426977,0";"2024-09-27";"09:53:00";"COM VÍTIMA";"FINALIZADA";"CASA AMARELA";"RUA DA HARMONIA";"377";"";"APÓS A IGREJA CATÓLICA DA HARMONIA";"CASA AMARELA";"";"";"COLISÃO";"1,0";"1,0";"0,0";"0,0";"0,0";"0,0";"0,0";"0,0";"0,0";"1,0";"0,0";"";"";"";"";"";"";"";"";"";"";"";""
"202426979,0";"2024-09-27";"09:58:00";"SEM VÍTIMA";"FINALIZADA";"SAO JOSE";"RUA SANTA RITA";"454";"";"EM FRENTE AO NÚMERO 454";"SAO JOSE";"";"";"COLISÃO TRASEIRA";"1,0";"0,0";"0,0";"0,0";"0,0";"0,0";"0,0";"1,0";"0,0";"0,0";"0,0";"";"";"";"";"";"";"";"";"";"";"";""
"202426983,0";"2024-09-27";"10:20:00";"SEM VÍTIMA";"FINALIZADA";"SANTO AMARO";"RUA DOS PALMARES";"";"";"EM FRENTE AO PROCAPE";"SANTO AMARO";"";"SUBURBIO";"COLISÃO LATERAL";"0,0";"0,0";"0,0";"0,0";"0,0";"1,0";"0,0";"1,0";"0,0";"0,0";"0,0";"";"";"";"";"";"";"";"";"";"";"";""
"202426993,0";"2024-09-27";"11:19:00";"COM VÍTIMA";"FINALIZADA";"BOA VISTA";"AV JOAO DE BARROS";"";"AV VISCONDE DE SUASSUNA";"PROX AO POSTO DE GASOLINA MONTE CASTELO";"BOA VISTA";"";"";"COLISÃO LATERAL";"1,0";"1,0";"0,0";"0,0";"0,0";"0,0";"0,0";"0,0";"0,0";"1,0";"0,0";"";"";"";"";"";"";"";"";"";"";"";""
"202427000,0";"2024-09-27";"11:42:00";"COM VÍTIMA";"DUPLICIDADE";"SANTO AMARO";"AV VISCONDE DE SUASSUNA";"1000";"";"EM FRENTE A FACULDADE SOTEC";"SANTO AMARO";"";"";"COLISÃO";"0,0";"1,0";"0,0";"0,0";"0,0";"0,0";"0,0";"0,0";"0,0";"1,0";"0,0";"";"";"";"";"";"";"";"";"";"";"";""
"202427010,0";"2024-09-27";"01:37:00";"COM VÍTIMA";"FINALIZADA";"JORDAO";"AV DONA CARENTINA";"1070";"";"PROXIMO A PADARIA ALIANÇA";"JORDAO";"";"";"COLISÃO FRONTAL";"1,0";"1,0";"0,0";"0,0";"0,0";"0,0";"0,0";"1,0";"0,0";"1,0";"0,0";"";"";"";"";"";"";"";"";"";"";"";""
"202427014,0";"2024-09-27";"02:20:00";"COM VÍTIMA";"FINALIZADA";"IBURA";"RUA RIO XINGU";"940";"";"PROX A PANIFICADORA ZILDA";"IBURA";"";"";"COLISÃO TRASEIRA";"0,0";"0,0";"0,0";"0,0";"0,0";"1,0";"0,0";"2,0";"0,0";"1,0";"0,0";"";"";"";"";"";"";"";"";"";"";"";""
"202427029,0";"2024-09-27";"03:04:00";"COM VÍTIMA";"FINALIZADA";"TEJIPIO";"RUA FALCAO DE LACERDA";"";"";"PROXIMO A DIVISA";"TEJIPIO";"";"";"COLISÃO FRONTAL";"0,0";"1,0";"0,0";"0,0";"0,0";"1,0";"0,0";"0,0";"0,0";"1,0";"0,0";"";"";"";"";"";"";"";"";"";"";"";""
"202427030,0";"2024-09-27";"03:07:00";"COM VÍTIMA";"FINALIZADA";"TAMARINEIRA";"RUA CONEGO BARATA";"263";"";"ANTES DA FERREIRA COSTA / PROX A OFICINA TRI AUTOS";"TAMARINEIRA";"";"";"COLISÃO";"0,0";"1,0";"0,0";"0,0";"0,0";"0,0";"0,0";"0,0";"0,0";"1,0";"0,0";"";"";"";"";"";"";"";"";"";"";"";""
"202427032,0";"2024-09-27";"03:10:00";"COM VÍTIMA";"FINALIZADA";"LINHA DO TIRO";"RUA MELANIO DE BARROS CORREIA";"";"";"CT DO SANTA CRUZ / UPINHA";"LINHA DO TIRO";"";"";"COLISÃO";"0,0";"1,0";"0,0";"0,0";"0,0";"0,0";"0,0";"0,0";"0,0";"1,0";"0,0";"";"";"";"";"";"";"";"";"";"";"";""
"202427040,0";"2024-09-27";"04:21:00";"SEM VÍTIMA";"FINALIZADA";"BOA VIAGEM";"AV CONSELHEIRO AGUIAR";"";"";"EM FRENTE AO PONTO DO AÇA[I";"BOA VIAGEM";"114,0";"CIDADE";"COLISÃO";"2,0";"0,0";"0,0";"0,0";"0,0";"0,0";"0,0";"0,0";"0,0";"0,0";"0,0";"";"";"";"";"";"";"";"";"";"";"";""
"202427042,0";"2024-09-27";"04:27:00";"SEM VÍTIMA";"FINALIZADA";"IPSEP";"RUA JEAN EMILE FAVRE";"";"";"DROGARIA SÃO PAULO";"IPSEP";"";"SUBURBIO";"COLISÃO FRONTAL";"0,0";"1,0";"0,0";"0,0";"0,0";"0,0";"0,0";"1,0";"0,0";"0,0";"0,0";"";"";"";"";"";"";"";"";"";"";"";""
"202427049,0";"2024-09-27";"06:04:00";"COM VÍTIMA";"FINALIZADA";"BOA VIAGEM";"AVENIDA CELSO FURTADO (VIA MANGUE)";"";"";"APOS A LOMBADA ELETRONICA/ SENTIDO BOA VIAGEM";"BOA VIAGEM";"";"";"COLISÃO";"0,0";"1,0";"0,0";"0,0";"0,0";"0,0";"0,0";"0,0";"0,0";"1,0";"0,0";"";"";"";"";"";"";"";"";"";"";"";""
"202427052,0";"2024-09-27";"06:18:00";"COM VÍTIMA";"FINALIZADA";"COELHOS";"RUA DOS COELHOS";"";"";"PROX AO IMIP";"COELHOS";"";"";"COLISÃO";"0,0";"1,0";"0,0";"0,0";"0,0";"0,0";"0,0";"0,0";"0,0";"1,0";"0,0";"";"";"";"";"";"";"";"";"";"";"";""