"Protocolo";"data";"hora";"natureza";"situacao";"bairro";"endereco";"numero";"detalhe_endereco_acidente";"complemento";"bairro_cruzamento";"num_semaforo";"sentido_via";"tipo";"auto";"moto";"ciclom";"ciclista";"pedestre";"onibus";"caminhao";"viatura";"outros";"vitimas";"vitimasfatais";"acidente_verificado";"tempo_clima";"situacao_semaforo";"sinalizacao";"condicao_via";"conservacao_via";"ponto_controle";"situacao_placa";"velocidade_max_via";"mao_direcao";"divisao_via1";"divisao_via2"
"202427512,0";"2024-10-02";"10:43:00";"COM VÍTIMA";"DUPLICIDADE";"BEBERIBE";"AV BEBERIBE";"";"";"MADE CUNHA BEBERIBE  //  PRÓX. A DISNOVE";"BEBERIBE";"";"";"COLISÃO";"0,0";"1,0";"0,0";"0,0";"0,0";"0,0";"0,0";"0,0";"0,0";"1,0";"0,0";"";"";"";"";"";"";"";"";"";"";"";""
"202427514,0";"2024-10-02";"10:53:00";"COM VÍTIMA";"FINALIZADA";"IMBIRIBEIRA";"AV MARECHAL MASCARENHAS DE MORAES";"6847";"";"PRÓX. A FIAT ITALIANA, SENTIDO AEROPORTO  ( PROX. A FACULDADE UNIVERSO )";"IMBIRIBEIRA";"";"";"COLISÃO";"0,0";"1,0";"0,0";"0,0";"0,0";"0,0";"0,0";"0,0";"0,0";"1,0";"0,0";"";"";"";"";"";"";"";"";"";"";"";""
"202427519,0";"2024-10-02";"11:06:00";"COM VÍTIMA";"FINALIZADA";"ENCRUZILHADA";"AV BEBERIBE";"740";"";"EM A FRENTE A MADCUNHA MADEIRAS";"ENCRUZILHADA";"";"";"COLISÃO FRONTAL";"1,0";"1,0";"0,0";"0,0";"0,0";"0,0";"0,0";"0,0";"0,0";"1,0";"0,0";"";"";"";"";"";"";"";"";"";"";"";""
"202427526,0";"2024-10-02";"01:08:00";"COM VÍTIMA";"FINALIZADA";"SANTO AMARO";"AV GOVERNADOR AGAMENON MAGALHAES";"1290";"";"SENTIDO OLINDA ANTES DO SHOPPING TACARUNA";"SANTO AMARO";"";"";"COLISÃO";"0,0";"1,0";"0,0";"0,0";"0,0";"0,0";"0,0";"0,0";"0,0";"1,0";"0,0";"";"";"";"";"";"";"";"";"";"";"";""
"202427528,0";"2024-10-02";"01:47:00";"COM VÍTIMA";"FINALIZADA";"SANTO AMARO";"AV VISCONDE DE SUASSUNA";"927";"RUA DO SOSSEGO";"EM FRENTE MULTE ORTO";"SANTO AMARO";"";"";"COLISÃO";"0,0";"1,0";"0,0";"0,0";"0,0";"0,0";"0,0";"0,0";"0,0";"1,0";"0,0";"";"";"";"";"";"";"";"";"";"";"";""
"202427533,0";"2024-10-02";"02:30:00";"COM VÍTIMA";"FINALIZADA";"BOA VIAGEM";"RUA BARAO DE AGUA BRANCA";"348";"";"PROX AO CONDOMINIO LE PARC E EM FRENTE A ANATEL";"BOA VIAGEM";"";"";"COLISÃO";"0,0";"1,0";"0,0";"0,0";"0,0";"0,0";"0,0";"0,0";"0,0";"1,0";"0,0";"";"";"";"";"";"";"";"";"";"";"";""
"202427534,0";"2024-10-02";"02:37:00";"SEM VÍTIMA";"FINALIZADA";"AFOGADOS";"EST DOS REMEDIOS";"1208";"";"CENTRO AUTOMOTIVO";"AFOGADOS";"";"CIDADE";"COLISÃO LATERAL";"0,0";"0,0";"0,0";"0,0";"0,0";"0,0";"0,0";"1,0";"1,0";"0,0";"0,0";"";"";"";"";"";"";"";"";"";"";"";""
"202427537,0";"2024-10-02";"02:56:00";"COM VÍTIMA";"FINALIZADA";"AFOGADOS";"RUA SAO MIGUEL";"";"";"EM FRENTE AO 14 BATALHAO DO EXERCITO/ EM FRENTE A CIA DO CORPO";"AFOGADOS";"";"";"COLISÃO";"1,0";"1,0";"0,0";"0,0";"0,0";"0,0";"0,0";"0,0";"0,0";"1,0";"0,0";"";"";"";"";"";"";"";"";"";"";"";""
"202427538,0";"2024-10-02";"03:08:00";"COM VÍTIMA";"FINALIZADA";"IPUTINGA";"RUA ENGENHEIRO MOACYR PARAHYBA";"";"";"POR TRAS DO HOSPITAL BARAO DE LUCENA";"IPUTINGA";"";"";"COLISÃO";"0,0";"1,0";"0,0";"0,0";"0,0";"0,0";"0,0";"0,0";"0,0";"1,0";"0,0";"";"";"";"";"";"";"";"";"";"";"";""
"202427548,0";"2024-10-02";"05:08:00";"COM VÍTIMA";"FINALIZADA";"VARZEA";"AV PROFESSOR ARTUR DE SA";"566";"";"EM FRENTE AO CEMITÉRIO DA VARZEA, PRÓXIMO A UFPE";"VARZEA";"";"";"COLISÃO";"0,0";"1,0";"0,0";"0,0";"0,0";"0,0";"0,0";"0,0";"0,0";"1,0";"0,0";"";"";"";"";"";"";"";"";"";"";"";""
"202427562,0";"2024-10-02";"09:13:00";"COM VÍTIMA";"FINALIZADA";"ENCRUZILHADA";"AV NORTE MIGUEL ARRAES DE ALENCAR";"";"AV JOAO DE BARROS";"PROXIMO AO SANTANDER";"ENCRUZILHADA";"43,0";"";"COLISÃO";"1,0";"1,0";"0,0";"0,0";"0,0";"0,0";"0,0";"0,0";"0,0";"1,0";"0,0";"";"";"";"";"";"";"";"";"";"";"";""
"202427564,0";"2024-10-02";"10:53:00";"COM VÍTIMA";"FINALIZADA";"AREIAS";"AV DR JOSE RUFINO";"1640";"";"EM FRENTE AO MIX MATHEUS";"AREIAS";"";"";"COLISÃO";"1,0";"1,0";"0,0";"0,0";"0,0";"0,0";"0,0";"0,0";"0,0";"1,0";"0,0";"";"";"";"";"";"";"";"";"";"";"";""
"202427587,0";"2024-10-03";"07:26:00";"COM VÍTIMA";"FINALIZADA";"CAXANGA";"AV CAXANGA";"";"";"EM FRENTE AO MERCADO SOBERANO /  PROX AO GETULIO VARGAS";"CAXANGA";"";"";"COLISÃO";"0,0";"1,0";"0,0";"0,0";"0,0";"0,0";"0,0";"0,0";"0,0";"1,0";"0,0";"";"";"";"";"";"";"";"";"";"";"";""
"202427589,0";"2024-10-03";"07:40:00";"COM VÍTIMA";"FINALIZADA";"NOVA DESCOBERTA";"AV VEREADOR OTACILIO AZEVEDO";"1973";"";"EM FRENTE AO MERCADO PUBLICO DE NOVA DESCOBERTA";"NOVA DESCOBERTA";"";"";"COLISÃO LATERAL";"0,0";"1,0";"0,0";"0,0";"0,0";"0,0";"0,0";"0,0";"0,0";"1,0";"0,0";"";"";"";"";"";"";"";"";"";"";"";""
"202427612,0";"2024-10-03";"10:41:00";"COM VÍTIMA";"FINALIZADA";"PINA";"";"130";"";"EM FRENTE DO EMPRESARIAL NEWTON MELO //  AO LADO  DO CAMPO ARENA SOCIETY  BRUXO  10 //  PROX. A CLÍNICA C&A DO SORRISO";"PINA";"";"";"COLISÃO";"0,0";"1,0";"0,0";"0,0";"0,0";"0,0";"0,0";"0,0";"0,0";"1,0";"0,0";"";"";"";"";"";"";"";"";"";"";"";""
"202427618,0";"2024-10-03";"11:54:00";"COM VÍTIMA";"FINALIZADA";"CAMPO GRANDE";"RUA DR MACHADO";"250";"";"PRÓX. AO COLÉGIO IMACULADO  // PRÓX. AO CENTRO ESPÍRITA";"CAMPO GRANDE";"";"";"COLISÃO FRONTAL";"1,0";"1,0";"0,0";"0,0";"0,0";"0,0";"0,0";"0,0";"0,0";"2,0";"0,0";"";"";"";"";"";"";"";"";"";"";"";""
"202427632,0";"2024-10-03";"12:31:00";"COM VÍTIMA";"FINALIZADA";"AREIAS";"AV RECIFE";"4282";"";"SENTIDO CARREFOUR // PROX. AO CONJ. RESIDENCIAL IGNÈS ANDREAZZA";"AREIAS";"";"";"COLISÃO";"0,0";"1,0";"0,0";"0,0";"0,0";"0,0";"0,0";"0,0";"0,0";"1,0";"0,0";"";"";"";"";"";"";"";"";"";"";"";""
"202427633,0";"2024-10-03";"12:35:00";"COM VÍTIMA";"FINALIZADA";"MADALENA";"AV VISCONDE DE ALBUQUERQUE";"401";"";"PRÓX. AO ASTRAL VEÍCULOS //  PRÓX. AO MADALENA CENTER";"MADALENA";"";"";"COLISÃO";"0,0";"1,0";"0,0";"0,0";"0,0";"0,0";"0,0";"0,0";"0,0";"1,0";"0,0";"";"";"";"";"";"";"";"";"";"";"";""
"202427640,0";"2024-10-03";"01:40:00";"COM VÍTIMA";"FINALIZADA";"CASA AMARELA";"EST DO ENCANAMENTO";"1355";"";"PX ESTRUPULIA FESTA";"CASA AMARELA";"";"";"COLISÃO";"0,0";"1,0";"0,0";"0,0";"0,0";"0,0";"0,0";"0,0";"0,0";"1,0";"0,0";"";"";"";"";"";"";"";"";"";"";"";""
"202427641,0";"2024-10-03";"01:58:00";"COM VÍTIMA";"FINALIZADA";"ENCRUZILHADA";"RUA DONA ELVIRA";"23";"";"PRÓX À QUITANDARIA. NO CRUZAMENTO COM A RUA FREDERICO";"ENCRUZILHADA";"";"";"COLISÃO";"1,0";"1,0";"0,0";"0,0";"0,0";"0,0";"0,0";"0,0";"0,0";"1,0";"0,0";"";"";"";"";"";"";"";"";"";"";"";""
"202427642,0";"2024-10-03";"02:13:00";"SEM VÍTIMA";"FINALIZADA";"IPUTINGA";"RUA PROFESSOR MUSSA HAZIN";"260";"";"NO MURO DA CRECHE  NOSSA  APARECIDA";"IPUTINGA";"";"CIDADE";"CHOQUE";"1,0";"0,0";"0,0";"0,0";"0,0";"0,0";"0,0";"0,0";"0,0";"0,0";"0,0";"";"";"";"";"";"";"";"";"";"";"";""
"202427650,0";"2024-10-03";"03:52:00";"COM VÍTIMA";"FINALIZADA";"TEJIPIO";"AV DR JOSE RUFINO";"4428";"";"PROX AO POSTO SHELL/ PROX AO DECON / EM FRENTE AO N 3188";"TEJIPIO";"";"";"COLISÃO";"0,0";"1,0";"0,0";"0,0";"0,0";"0,0";"0,0";"0,0";"0,0";"1,0";"0,0";"";"";"";"";"";"";"";"";"";"";"";""
"202427651,0";"2024-10-03";"03:53:00";"COM VÍTIMA";"CANCELADA";"SANTO AMARO";"RUA PRINCESA IZABEL";"1881";"";"PX PARQUE TRE DE MAIO//PX FACULDADE DE DIREITO";"SANTO AMARO";"";"";"COLISÃO";"0,0";"1,0";"0,0";"0,0";"0,0";"0,0";"0,0";"0,0";"0,0";"1,0";"0,0";"";"";"";"";"";"";"";"";"";"";"";""
"202427666,0";"2024-10-03";"06:11:00";"COM VÍTIMA";"FINALIZADA";"SANTO AMARO";"RUA DOS PALMARES";"";"";"E/F À AGIS - DEFRONTE AO COMANDO DA GCMR";"SANTO AMARO";"";"";"QUEDA";"0,0";"1,0";"0,0";"0,0";"0,0";"0,0";"0,0";"0,0";"0,0";"2,0";"0,0";"";"";"";"";"";"";"";"";"";"";"";""
"202427668,0";"2024-10-03";"06:21:00";"COM VÍTIMA";"FINALIZADA";"IMBIRIBEIRA";"AV MARECHAL MASCARENHAS DE MORAES";"";"";"EM FRENTE A FERREIRA COSTA";"IMBIRIBEIRA";"";"";"COLISÃO";"0,0";"1,0";"0,0";"0,0";"0,0";"0,0";"0,0";"0,0";"0,0";"1,0";"0,0";"";"";"";"";"";"";"";"";"";"";"";""
"202427670,0";"2024-10-03";"06:48:00";"COM VÍTIMA";"FINALIZADA";"DOIS UNIDOS";"AV HILDEBRANDO DE VASCONCELOS";"1913";"";"EM FRENTE AO CANIL DA POLÍCIA MILITAR";"DOIS UNIDOS";"";"";"COLISÃO";"0,0";"1,0";"0,0";"0,0";"0,0";"0,0";"0,0";"0,0";"0,0";"1,0";"0,0";"";"";"";"";"";"";"";"";"";"";"";""
"202427682,0";"2024-10-04";"12:42:00";"COM VÍTIMA";"FINALIZADA";"ILHA DO LEITE";"PTE JOSE DE BARROS LIMA";"";"";"SOBRE A PONTE";"ILHA DO LEITE";"";"";"COLISÃO TRANSVERSAL";"2,0";"0,0";"0,0";"0,0";"0,0";"0,0";"0,0";"0,0";"0,0";"1,0";"0,0";"";"";"";"";"";"";"";"";"";"";"";""
"202427694,0";"2024-10-04";"06:36:00";"COM VÍTIMA";"FINALIZADA";"IBURA";"AV SAO PAULO";"";"";"PROX. A COMPESA E O BAR DO CALUNGA";"IBURA";"";"";"COLISÃO";"0,0";"1,0";"0,0";"0,0";"0,0";"0,0";"0,0";"0,0";"0,0";"1,0";"0,0";"";"";"";"";"";"";"";"";"";"";"";""
"202427697,0";"2024-10-04";"06:55:00";"COM VÍTIMA";"FINALIZADA";"IBURA";"AV SANTA FE";"29";"";"PROX. AO TREVO DA CAIXA D'AGUA ( UR-2 )";"IBURA";"";"";"COLISÃO FRONTAL";"0,0";"1,0";"0,0";"0,0";"0,0";"1,0";"0,0";"0,0";"0,0";"1,0";"0,0";"";"";"";"";"";"";"";"";"";"";"";""
"202427701,0";"2024-10-04";"07:45:00";"COM VÍTIMA";"CANCELADA";"BOA VIAGEM";"AV ARMINDO MOURA";"";"";"PROX. AO POSTO BR, EM FRENTE A  PADARIA JULIANA";"BOA VIAGEM";"";"";"COLISÃO";"0,0";"1,0";"0,0";"0,0";"0,0";"0,0";"0,0";"0,0";"0,0";"1,0";"0,0";"";"";"";"";"";"";"";"";"";"";"";""
"202427706,0";"2024-10-04";"08:14:00";"COM VÍTIMA";"FINALIZADA";"FUNDAO";"AV BEBERIBE";"";"";"PRÓX. A IGREJA ASSEMBLÉIA DE DEUS  //  PRÓX. AO RESTAURANRE OISHI";"FUNDAO";"";"";"COLISÃO";"0,0";"1,0";"0,0";"0,0";"0,0";"0,0";"0,0";"0,0";"0,0";"1,0";"0,0";"";"";"";"";"";"";"";"";"";"";"";""
"202427734,0";"2024-10-04";"01:04:00";"COM VÍTIMA";"FINALIZADA";"IBURA";"AV DOM HELDER CAMARA";"";"";"";"IBURA";"";"CIDADE";"COLISÃO";"0,0";"0,0";"0,0";"0,0";"0,0";"0,0";"0,0";"0,0";"0,0";"1,0";"0,0";"";"";"";"";"";"";"";"";"";"";"";""
"202427736,0";"2024-10-04";"01:10:00";"COM VÍTIMA";"FINALIZADA";"APIPUCOS";"RUA DE APIPUCOS";"165";"";"E/F ASSOCIAÇAO  BRASILEIRA  DE ODONTOLOGIA";"APIPUCOS";"";"";"COLISÃO LATERAL";"1,0";"1,0";"0,0";"0,0";"0,0";"0,0";"0,0";"0,0";"0,0";"1,0";"0,0";"";"";"";"";"";"";"";"";"";"";"";""
"202427738,0";"2024-10-04";"01:13:00";"SEM VÍTIMA";"FINALIZADA";"IBURA";"RUA RIO BRIGIDA";"589";"";"PROXIMO A ASSEMBLEIA DE DEUS DA VILA DO SESI";"IBURA";"";"";"COLISÃO LATERAL";"2,0";"0,0";"0,0";"0,0";"0,0";"0,0";"0,0";"0,0";"0,0";"0,0";"0,0";"";"";"";"";"";"";"";"";"";"";"";""
"202427747,0";"2024-10-04";"02:23:00";"COM VÍTIMA";"FINALIZADA";"MADALENA";"RUA COSTA GOMES";"39";"";"EM FRENTE A ACADEMIA SELFIT";"MADALENA";"";"";"COLISÃO FRONTAL";"1,0";"1,0";"0,0";"0,0";"0,0";"0,0";"0,0";"0,0";"0,0";"1,0";"0,0";"";"";"";"";"";"";"";"";"";"";"";""
"202427750,0";"2024-10-04";"02:52:00";"COM VÍTIMA";"FINALIZADA";"VARZEA";"RUA BACATUBA";"";"";"NA ENTRADA DA UNIVERSIDADE FEDERAL DE PERNAMBUCO";"VARZEA";"";"";"COLISÃO";"0,0";"1,0";"0,0";"0,0";"0,0";"0,0";"0,0";"0,0";"0,0";"1,0";"0,0";"";"";"";"";"";"";"";"";"";"";"";""
"202427760,0";"2024-10-04";"04:12:00";"COM VÍTIMA";"FINALIZADA";"IPUTINGA";"RUA ENGENHEIRO MOACYR PARAHYBA";"400";"";"POR TRASDO MIX MATEUS DA CAXANGA //PROX AO ALTINO VENTURA";"IPUTINGA";"";"";"COLISÃO";"0,0";"1,0";"0,0";"0,0";"0,0";"0,0";"0,0";"0,0";"0,0";"1,0";"0,0";"";"";"";"";"";"";"";"";"";"";"";""
"202427763,0";"2024-10-04";"04:48:00";"COM VÍTIMA";"FINALIZADA";"JORDAO";"AV MARIA IRENE";"43";"";"POR TRAS DA FEIRA LIVRE / EM FRENTE AO ED JAIME RAMALHO";"JORDAO";"";"";"COLISÃO";"0,0";"1,0";"0,0";"0,0";"0,0";"0,0";"0,0";"0,0";"0,0";"1,0";"0,0";"";"";"";"";"";"";"";"";"";"";"";""
"202427764,0";"2024-10-04";"04:49:00";"COM VÍTIMA";"FINALIZADA";"DOIS IRMAOS";"RUA MANUEL DE MEDEIROS";"249";"";"EM FRENTE A FACULDADE RURAL PX AO BAR DA CURVA";"DOIS IRMAOS";"";"";"COLISÃO";"0,0";"1,0";"0,0";"0,0";"0,0";"0,0";"0,0";"0,0";"0,0";"1,0";"0,0";"";"";"";"";"";"";"";"";"";"";"";""
"202427774,0";"2024-10-04";"05:31:00";"COM VÍTIMA";"FINALIZADA";"BOA VIAGEM";"RUA VISCONDE DE JEQUITINHONHA";"1400";"";"ESQUINA COM RECIFE FLAT";"BOA VIAGEM";"";"";"COLISÃO";"0,0";"1,0";"0,0";"0,0";"0,0";"0,0";"0,0";"0,0";"0,0";"1,0";"0,0";"";"";"";"";"";"";"";"";"";"";"";""
"202427776,0";"2024-10-04";"05:32:00";"COM VÍTIMA";"CANCELADA";"BOA VIAGEM";"RUA PROFESSOR EDUARDO WANDERLEY FILHO";"472";"";"PX AO COLÉGIO BOA VIAGEM";"BOA VIAGEM";"";"";"COLISÃO";"1,0";"0,0";"0,0";"0,0";"0,0";"0,0";"0,0";"0,0";"0,0";"1,0";"0,0";"";"";"";"";"";"";"";"";"";"";"";""
"202427779,0";"2024-10-04";"06:00:00";"COM VÍTIMA";"FINALIZADA";"GRACAS";"AV RUI BARBOSA";"3723";"";"APOS O MUSEU DO ESTADO";"GRACAS";"";"";"COLISÃO";"0,0";"0,0";"0,0";"0,0";"0,0";"1,0";"0,0";"0,0";"0,0";"1,0";"0,0";"";"";"";"";"";"";"";"";"";"";"";""
"202427781,0";"2024-10-04";"06:17:00";"COM VÍTIMA";"FINALIZADA";"ESPINHEIRO";"RUA BARAO DE ITAMARACA";"253";"";"EM FRENTE A ACADEMIA HI";"ESPINHEIRO";"";"";"COLISÃO FRONTAL";"0,0";"2,0";"0,0";"0,0";"0,0";"0,0";"0,0";"0,0";"0,0";"1,0";"0,0";"";"";"";"";"";"";"";"";"";"";"";""
"202427800,0";"2024-10-04";"11:21:00";"COM VÍTIMA";"FINALIZADA";"BOA VIAGEM";"RUA PADRE CARAPUCEIRO";"";"AV ENGENHEIRO DOMINGOS FERREIRA";"EM FRENTE A IGREJA UNIVERSAL";"BOA VIAGEM";"";"";"COLISÃO";"1,0";"1,0";"0,0";"0,0";"0,0";"0,0";"0,0";"0,0";"0,0";"2,0";"0,0";"";"";"";"";"";"";"";"";"";"";"";""
"202427835,0";"2024-10-05";"08:54:00";"COM VÍTIMA";"FINALIZADA";"NOVA DESCOBERTA";"RUA ENGENHEIRO CELIO DE CARLI";"";"";"PROX A COMPESA E ARMAZEM TAVARES";"NOVA DESCOBERTA";"";"";"COLISÃO";"0,0";"1,0";"0,0";"0,0";"0,0";"0,0";"0,0";"0,0";"0,0";"1,0";"0,0";"";"";"";"";"";"";"";"";"";"";"";""
"202427855,0";"2024-10-05";"02:27:00";"COM VÍTIMA";"FINALIZADA";"BOA VIAGEM";"RUA ERNESTO DE PAULA SANTOS";"";"";"ESQUINA COM POSTO SHELL";"BOA VIAGEM";"";"";"COLISÃO FRONTAL";"1,0";"1,0";"0,0";"0,0";"0,0";"0,0";"0,0";"0,0";"0,0";"1,0";"0,0";"";"";"";"";"";"";"";"";"";"";"";""
"202427872,0";"2024-10-05";"05:48:00";"COM VÍTIMA";"FINALIZADA";"PINA";"AV ANTONIO DE GOES";"";"";"SEMÁFORO 277";"PINA";"277,0";"";"COLISÃO LATERAL";"1,0";"1,0";"0,0";"0,0";"0,0";"0,0";"0,0";"0,0";"0,0";"1,0";"0,0";"";"";"";"";"";"";"";"";"";"";"";""
"202427874,0";"2024-10-05";"06:07:00";"COM VÍTIMA";"CANCELADA";"CASA AMARELA";"AV NORTE MIGUEL ARRAES DE ALENCAR";"4807";"";"PX FARMACIA PAGUE MENOS";"CASA AMARELA";"";"";"COLISÃO COM CICLISTA";"0,0";"1,0";"0,0";"1,0";"0,0";"0,0";"0,0";"0,0";"0,0";"1,0";"0,0";"";"";"";"";"";"";"";"";"";"";"";""
"202427875,0";"2024-10-05";"06:09:00";"COM VÍTIMA";"DUPLICIDADE";"JORDAO";"AV MARIA IRENE";"1961";"";"PX CHURRASCARIA JORDANE//N 1672//";"JORDAO";"";"";"COLISÃO";"0,0";"1,0";"0,0";"0,0";"0,0";"0,0";"0,0";"0,0";"0,0";"1,0";"0,0";"";"";"";"";"";"";"";"";"";"";"";""
"202427876,0";"2024-10-05";"06:19:00";"COM VÍTIMA";"FINALIZADA";"ESPINHEIRO";"AV GOVERNADOR AGAMENON MAGALHAES";"";"";"EM FRENTE AO MINISTÉRIO PÚBLICO FEDERAL / REITORA DA UPR";"ESPINHEIRO";"";"";"COLISÃO";"0,0";"1,0";"0,0";"0,0";"0,0";"0,0";"0,0";"0,0";"0,0";"1,0";"0,0";"";"";"";"";"";"";"";"";"";"";"";""
"202427877,0";"2024-10-05";"06:26:00";"COM VÍTIMA";"FINALIZADA";"MUSTARDINHA";"RUA VINTE E UM DE ABRIL";"2707";"";"PX A PRAÇA DO ABC, PX A FARMACIA INDEPENDENTE";"MUSTARDINHA";"";"";"COLISÃO";"0,0";"1,0";"0,0";"0,0";"0,0";"0,0";"0,0";"0,0";"0,0";"1,0";"0,0";"";"";"";"";"";"";"";"";"";"";"";""
"202427880,0";"2024-10-05";"06:45:00";"COM VÍTIMA";"FINALIZADA";"JORDAO";"AV MARIA IRENE";"167";"";"PROXIMO AO EDIFICIO JAIME RAMALHO // PROXIMO AO POSTO DE GASOLINA";"JORDAO";"";"";"COLISÃO";"0,0";"1,0";"0,0";"0,0";"0,0";"0,0";"0,0";"0,0";"0,0";"1,0";"0,0";"";"";"";"";"";"";"";"";"";"";"";""
"202427903,0";"2024-10-06";"07:42:00";"SEM VÍTIMA";"FINALIZADA";"PRADO";"AV ENGENHEIRO ABDIAS DE CARVALHO";"";"RUA SANTA EDWIRGES";"SOB O SEMÁFORO 354";"PRADO";"354,0";"CIDADE";"COLISÃO LATERAL";"1,0";"0,0";"0,0";"0,0";"0,0";"0,0";"1,0";"0,0";"0,0";"0,0";"0,0";"";"";"";"";"";"";"";"";"";"";"";""
"202427918,0";"2024-10-06";"10:24:00";"COM VÍTIMA";"FINALIZADA";"PINA";"AV ENGENHEIRO DOMINGOS FERREIRA";"930";"";"NO COMEÇO DA DOMINGOS FERREIRA";"PINA";"";"";"COLISÃO";"0,0";"1,0";"0,0";"0,0";"0,0";"0,0";"0,0";"0,0";"0,0";"1,0";"0,0";"";"";"";"";"";"";"";"";"";"";"";""
"202427929,0";"2024-10-06";"11:48:00";"COM VÍTIMA";"FINALIZADA";"IBURA";"AV SANTOS";"";"";"UR-02 PROX. A ESCOLA CRISTIANO CORDEIRO";"IBURA";"";"";"COLISÃO FRONTAL";"1,0";"1,0";"0,0";"0,0";"0,0";"0,0";"0,0";"0,0";"0,0";"1,0";"0,0";"";"";"";"";"";"";"";"";"";"";"";""
"202427961,0";"2024-10-06";"06:56:00";"COM VÍTIMA";"FINALIZADA";"BOA VIAGEM";"RUA FRANCISCO DA CUNHA";"";"RUA ANTONIO FALCAO";"PROX AO CARREFOUR E NA ESQUINA DA DROGASIL";"BOA VIAGEM";"";"";"COLISÃO FRONTAL";"1,0";"1,0";"0,0";"0,0";"0,0";"0,0";"0,0";"0,0";"0,0";"1,0";"0,0";"";"";"";"";"";"";"";"";"";"";"";""
"202427980,0";"2024-10-07";"06:35:00";"COM VÍTIMA";"FINALIZADA";"PINA";"AVENIDA CELSO FURTADO (VIA MANGUE)";"";"";"SENT. BOA VIAGEM POR TRAS DO ASSAI";"PINA";"";"";"COLISÃO";"0,0";"1,0";"0,0";"0,0";"0,0";"0,0";"0,0";"0,0";"0,0";"1,0";"0,0";"";"";"";"";"";"";"";"";"";"";"";""
"202427987,0";"2024-10-07";"08:06:00";"COM VÍTIMA";"FINALIZADA";"PINA";"AV ENGENHEIRO DOMINGOS FERREIRA";"467";"";"EM FRENTE AO EMPRESARIAL MOURA DUBEAUX";"PINA";"";"";"COLISÃO";"0,0";"1,0";"0,0";"0,0";"0,0";"0,0";"0,0";"0,0";"0,0";"1,0";"0,0";"";"";"";"";"";"";"";"";"";"";"";""
"202427992,0";"2024-10-07";"08:58:00";"COM VÍTIMA";"FINALIZADA";"ILHA DO RETIRO";"AV ENGENHEIRO ABDIAS DE CARVALHO";"";"";"E/F AO ESTADIO DO SPORT CLUB DO RECIFE - SENTIDO CIDADE";"ILHA DO RETIRO";"";"";"COLISÃO";"0,0";"1,0";"0,0";"0,0";"0,0";"0,0";"0,0";"0,0";"0,0";"1,0";"0,0";"";"";"";"";"";"";"";"";"";"";"";""
"202427998,0";"2024-10-07";"10:03:00";"COM VÍTIMA";"FINALIZADA";"AFOGADOS";"RUA SAO MIGUEL";"";"";"PRÓX. AO RESTAURANTE BODE DO NÔ , EM FRENTE A CESAR MOTOS";"AFOGADOS";"";"";"COLISÃO LATERAL";"1,0";"1,0";"0,0";"0,0";"0,0";"0,0";"0,0";"0,0";"0,0";"2,0";"0,0";"";"";"";"";"";"";"";"";"";"";"";""
"202428003,0";"2024-10-07";"10:51:00";"COM VÍTIMA";"FINALIZADA";"BOA VIAGEM";"RUA RIBEIRO DE BRITO";"839";"";"EM FRENTE AO EMPRESARIAL BLUE TORRE";"BOA VIAGEM";"";"";"COLISÃO";"0,0";"1,0";"0,0";"0,0";"0,0";"0,0";"0,0";"0,0";"0,0";"1,0";"0,0";"";"";"";"";"";"";"";"";"";"";"";""
"202428016,0";"2024-10-07";"12:45:00";"COM VÍTIMA";"FINALIZADA";"GRACAS";"RUA PAULINO GOMES DE SOUZA";"S/N";"";"AO LADO DO COLÉGIO MARISTA  // PRÓX. AO PORTÃO C";"GRACAS";"";"";"COLISÃO";"0,0";"1,0";"0,0";"0,0";"0,0";"0,0";"0,0";"0,0";"0,0";"1,0";"0,0";"";"";"";"";"";"";"";"";"";"";"";""
"202428022,0";"2024-10-07";"01:17:00";"COM VÍTIMA";"FINALIZADA";"BOA VIAGEM";"AV DOM JOAO VI";"872";"";"ATRAS DO SHOPPING RECIFE / SENTIDO PIEDADE";"BOA VIAGEM";"";"";"COLISÃO";"0,0";"1,0";"0,0";"0,0";"0,0";"0,0";"0,0";"0,0";"0,0";"1,0";"0,0";"";"";"";"";"";"";"";"";"";"";"";""
"202428026,0";"2024-10-07";"01:34:00";"SEM VÍTIMA";"FINALIZADA";"MADALENA";"RUA BENFICA";"";"AV VISCONDE DE ALBUQUERQUE";"EM FRENTE AO SUPER BOMPREÇO";"MADALENA";"51,0";"CIDADE";"COLISÃO LATERAL";"1,0";"0,0";"0,0";"0,0";"0,0";"0,0";"0,0";"1,0";"0,0";"0,0";"0,0";"";"";"";"";"";"";"";"";"";"";"";""
"202428028,0";"2024-10-07";"01:43:00";"COM VÍTIMA";"FINALIZADA";"SANTO AMARO";"AV GOVERNADOR AGAMENON MAGALHAES";"5160";"";"E/F AO POSTO PETROBRAS PROX AO HOSPITAL INFANTIL MANDACARU";"SANTO AMARO";"";"";"COLISÃO";"0,0";"0,0";"0,0";"0,0";"0,0";"0,0";"0,0";"0,0";"0,0";"1,0";"0,0";"";"";"";"";"";"";"";"";"";"";"";""