"Protocolo";"data";"hora";"natureza";"situacao";"bairro";"endereco";"numero";"detalhe_endereco_acidente";"complemento";"bairro_cruzamento";"num_semaforo";"sentido_via";"tipo";"auto";"moto";"ciclom";"ciclista";"pedestre";"onibus";"caminhao";"viatura";"outros";"vitimas";"vitimasfatais";"acidente_verificado";"tempo_clima";"situacao_semaforo";"sinalizacao";"condicao_via";"conservacao_via";"ponto_controle";"situacao_placa";"velocidade_max_via";"mao_direcao";"divisao_via1";"divisao_via2"
"202428035,0";"2024-10-07";"02:48:00";"SEM VÍTIMA";"FINALIZADA";"BOA VISTA";"RUA MARQUES AMORIM";"297";"";"";"BOA VISTA";"";"";"CHOQUE";"0,0";"0,0";"0,0";"0,0";"0,0";"0,0";"0,0";"1,0";"0,0";"0,0";"0,0";"";"";"";"";"";"";"";"";"";"";"";""
"202428040,0";"2024-10-07";"03:24:00";"COM VÍTIMA";"FINALIZADA";"SANTO AMARO";"RUA DO POMBAL";"734";"";"PROX AO IML";"SANTO AMARO";"";"";"COLISÃO";"0,0";"0,0";"0,0";"0,0";"0,0";"0,0";"0,0";"0,0";"0,0";"1,0";"0,0";"";"";"";"";"";"";"";"";"";"";"";""
"202428056,0";"2024-10-07";"06:15:00";"COM VÍTIMA";"FINALIZADA";"CASA FORTE";"AV DEZESSETE DE AGOSTO";"";"";"AO LADO DO POSTO DISLUB";"CASA FORTE";"";"";"COLISÃO COM CICLISTA";"1,0";"0,0";"0,0";"1,0";"0,0";"0,0";"0,0";"0,0";"0,0";"1,0";"0,0";"";"";"";"";"";"";"";"";"";"";"";""
"202428086,0";"2024-10-08";"06:43:00";"COM VÍTIMA";"FINALIZADA";"ILHA DO LEITE";"AV GOVERNADOR AGAMENON MAGALHAES";"";"";"EM FRENTE AO HOSPITAL PORTUGUÊS";"ILHA DO LEITE";"";"";"COLISÃO";"0,0";"1,0";"0,0";"0,0";"0,0";"0,0";"0,0";"0,0";"0,0";"1,0";"0,0";"";"";"";"";"";"";"";"";"";"";"";""
"202428093,0";"2024-10-08";"07:19:00";"COM VÍTIMA";"FINALIZADA";"PARNAMIRIM";"EST DO ENCANAMENTO";"277";"RUA FERREIRA LOPES";"EM FRENTE A ESCOLA ESTADUAL JOSE VILELA";"PARNAMIRIM";"";"";"COLISÃO";"0,0";"0,0";"0,0";"1,0";"0,0";"1,0";"0,0";"0,0";"0,0";"1,0";"0,0";"";"";"";"";"";"";"";"";"";"";"";""
"202428097,0";"2024-10-08";"08:04:00";"COM VÍTIMA";"FINALIZADA";"VARZEA";"RUA EMILIANO BRAGA";"";"";"AO LADO TERMINAL DE ONIBUS CDU CAXANGA /  PROX A ESCOLA DESAFIO";"VARZEA";"";"";"COLISÃO LATERAL";"2,0";"0,0";"0,0";"0,0";"0,0";"0,0";"0,0";"0,0";"0,0";"1,0";"0,0";"";"";"";"";"";"";"";"";"";"";"";""
"202428099,0";"2024-10-08";"08:09:00";"COM VÍTIMA";"FINALIZADA";"CORDEIRO";"AV CAXANGA";"1832";"";"LADO OPOSTO  AO SUPERMERCADO SOBERANO / SENTIDO CAMARAGIBE";"CORDEIRO";"";"";"COLISÃO LATERAL";"1,0";"1,0";"0,0";"0,0";"0,0";"0,0";"0,0";"0,0";"0,0";"1,0";"0,0";"";"";"";"";"";"";"";"";"";"";"";""
"202428101,0";"2024-10-08";"08:15:00";"COM VÍTIMA";"FINALIZADA";"AREIAS";"RUA JOSE NATARIO";"52";"";"AO LADO DA DROGASIL // PROX. AO POSTO DE GASOLINA  ( SEM NOME )";"AREIAS";"";"";"COLISÃO";"0,0";"1,0";"0,0";"0,0";"0,0";"0,0";"0,0";"0,0";"0,0";"1,0";"0,0";"";"";"";"";"";"";"";"";"";"";"";""
"202428113,0";"2024-10-08";"09:19:00";"COM VÍTIMA";"FINALIZADA";"BOA VISTA";"AV MANOEL BORBA";"";"";"";"BOA VISTA";"";"";"COLISÃO";"0,0";"0,0";"0,0";"0,0";"0,0";"0,0";"0,0";"0,0";"0,0";"1,0";"0,0";"";"";"";"";"";"";"";"";"";"";"";""
"202428125,0";"2024-10-08";"10:30:00";"COM VÍTIMA";"FINALIZADA";"CORDEIRO";"AV ENGENHEIRO ABDIAS DE CARVALHO";"6262";"";"EM FRENTE AO COMPAZ //  SENTIDO BR 232";"CORDEIRO";"";"";"COLISÃO";"0,0";"2,0";"0,0";"0,0";"0,0";"0,0";"0,0";"0,0";"0,0";"1,0";"0,0";"";"";"";"";"";"";"";"";"";"";"";""
"202428137,0";"2024-10-08";"11:04:00";"COM VÍTIMA";"FINALIZADA";"CASA AMARELA";"EST DO ENCANAMENTO";"";"";"PROX ACADEMIA ESPAÇO 10 / CASA ESTRIPULIA";"CASA AMARELA";"";"";"COLISÃO";"0,0";"1,0";"0,0";"0,0";"0,0";"0,0";"0,0";"0,0";"0,0";"1,0";"0,0";"";"";"";"";"";"";"";"";"";"";"";""
"202428142,0";"2024-10-08";"11:40:00";"COM VÍTIMA";"FINALIZADA";"CABANGA";"RUA NOVA DA CABANGA";"";"";"EMBAIXO DO VIADUTO CAPITÃO TEMUDO";"CABANGA";"";"";"COLISÃO";"0,0";"1,0";"0,0";"0,0";"0,0";"0,0";"0,0";"0,0";"0,0";"1,0";"0,0";"";"";"";"";"";"";"";"";"";"";"";""
"202428144,0";"2024-10-08";"11:59:00";"COM VÍTIMA";"FINALIZADA";"IMBIRIBEIRA";"AV GENERAL MAC ARTHUR";"100";"";"EM FRENTE AO CONDOMINIO LE PARC";"IMBIRIBEIRA";"";"";"COLISÃO";"1,0";"1,0";"0,0";"0,0";"0,0";"0,0";"0,0";"0,0";"0,0";"1,0";"0,0";"";"";"";"";"";"";"";"";"";"";"";""
"202428166,0";"2024-10-08";"03:32:00";"COM VÍTIMA";"FINALIZADA";"BOA VIAGEM";"RUA VISCONDE DE JEQUITINHONHA";"7477";"";"PROX AO POSTO DE GASILONA SHELL E  PROX A SAL DE ESTUDO CLASROOM";"BOA VIAGEM";"";"";"COLISÃO";"0,0";"0,0";"0,0";"0,0";"0,0";"0,0";"0,0";"0,0";"0,0";"1,0";"0,0";"";"";"";"";"";"";"";"";"";"";"";""
"202428167,0";"2024-10-08";"03:36:00";"COM VÍTIMA";"FINALIZADA";"IPSEP";"AV RECIFE";"";"";"NA ENTRADA DO IBURA E PROX AO POSTO SHELL";"IPSEP";"";"";"COLISÃO";"0,0";"0,0";"0,0";"0,0";"0,0";"0,0";"0,0";"0,0";"0,0";"1,0";"0,0";"";"";"";"";"";"";"";"";"";"";"";""
"202428168,0";"2024-10-08";"03:39:00";"COM VÍTIMA";"FINALIZADA";"CAXANGA";"AV CAXANGA";"";"";"E/F AO PARQUE DE EXPOSIÇÃO DE ANIMAIS";"CAXANGA";"";"";"COLISÃO";"0,0";"0,0";"0,0";"0,0";"0,0";"0,0";"0,0";"0,0";"0,0";"1,0";"0,0";"";"";"";"";"";"";"";"";"";"";"";""
"202428177,0";"2024-10-08";"04:44:00";"COM VÍTIMA";"FINALIZADA";"IPUTINGA";"RUA CAXANGA AGAPE";"4553";"";"EM FRENTE A FIAT ITALIANA";"IPUTINGA";"";"";"COLISÃO TRASEIRA";"1,0";"1,0";"0,0";"0,0";"0,0";"0,0";"0,0";"0,0";"0,0";"2,0";"0,0";"";"";"";"";"";"";"";"";"";"";"";""
"202428178,0";"2024-10-08";"04:44:00";"COM VÍTIMA";"FINALIZADA";"AGUA FRIA";"AV BEBERIBE";"2329";"";"E/F A COXINHA DE BATATA ARTESANAL";"AGUA FRIA";"";"";"COLISÃO COM CICLISTA";"1,0";"0,0";"0,0";"1,0";"0,0";"0,0";"0,0";"0,0";"0,0";"1,0";"0,0";"";"";"";"";"";"";"";"";"";"";"";""
"202428180,0";"2024-10-08";"04:51:00";"COM VÍTIMA";"FINALIZADA";"BOA VIAGEM";"RUA VISCONDE DE JEQUITINHONHA";"7550";"";"PROX AO FLAT HOTEL";"BOA VIAGEM";"";"";"COLISÃO";"0,0";"0,0";"0,0";"0,0";"0,0";"0,0";"0,0";"0,0";"0,0";"1,0";"0,0";"";"";"";"";"";"";"";"";"";"";"";""
"202428186,0";"2024-10-08";"05:08:00";"COM VÍTIMA";"FINALIZADA";"CAXANGA";"AV CAXANGA";"";"";"E/F AO TERMINAL ENTREGADO DA CAXANGA  PROX A UPA DA CAXANGA  S/T CAMARAGIBE";"CAXANGA";"";"";"COLISÃO COM CICLISTA";"0,0";"0,0";"0,0";"1,0";"0,0";"0,0";"0,0";"0,0";"0,0";"1,0";"0,0";"";"";"";"";"";"";"";"";"";"";"";""
"202428187,0";"2024-10-08";"05:13:00";"SEM VÍTIMA";"FINALIZADA";"ARRUDA";"RUA SETE PECADOS";"100";"";"EM FRENTE AO LOCAPE";"ARRUDA";"";"";"CHOQUE";"2,0";"0,0";"0,0";"0,0";"0,0";"0,0";"0,0";"0,0";"0,0";"0,0";"0,0";"";"";"";"";"";"";"";"";"";"";"";""
"202428188,0";"2024-10-08";"05:18:00";"COM VÍTIMA";"FINALIZADA";"CABANGA";"AV ENGENHEIRO JOSE ESTELITA";"";"";"PROX AO EDF NOVO DA MOURA DUBEUX S/T CID";"CABANGA";"";"";"COLISÃO";"0,0";"0,0";"0,0";"0,0";"0,0";"0,0";"0,0";"0,0";"0,0";"1,0";"0,0";"";"";"";"";"";"";"";"";"";"";"";""
"202428195,0";"2024-10-08";"08:23:00";"COM VÍTIMA";"FINALIZADA";"IMBIRIBEIRA";"AV MARECHAL MASCARENHAS DE MORAES";"";"";"APOS AEROPORTO. SENTIDO SUBURBIO. LADO OPOSTO AO MOVIDA";"IMBIRIBEIRA";"";"";"COLISÃO";"0,0";"0,0";"0,0";"0,0";"0,0";"0,0";"0,0";"0,0";"0,0";"1,0";"0,0";"";"";"";"";"";"";"";"";"";"";"";""
"202428197,0";"2024-10-08";"10:31:00";"COM VÍTIMA";"FINALIZADA";"PINA";"AV ENGENHEIRO DOMINGOS FERREIRA";"";"";"EM FRENTE AO CLINICAL CENTER";"PINA";"";"";"COLISÃO";"1,0";"1,0";"0,0";"0,0";"0,0";"0,0";"0,0";"0,0";"0,0";"1,0";"0,0";"";"";"";"";"";"";"";"";"";"";"";""
"202428219,0";"2024-10-09";"07:39:00";"COM VÍTIMA";"FINALIZADA";"VARZEA";"AV AFONSO OLINDENSE";"1356";"";"EM FRENTE A PAGUE MESNOS";"VARZEA";"";"";"COLISÃO LATERAL";"1,0";"1,0";"0,0";"0,0";"0,0";"0,0";"0,0";"0,0";"0,0";"2,0";"0,0";"";"";"";"";"";"";"";"";"";"";"";""
"202428221,0";"2024-10-09";"07:43:00";"COM VÍTIMA";"FINALIZADA";"IMBIRIBEIRA";"AV RECIFE";"";"";"PACIENTE EM CIMA DO VIADUTO TANCREDO NEVES";"IMBIRIBEIRA";"";"";"COLISÃO";"0,0";"1,0";"0,0";"0,0";"0,0";"0,0";"0,0";"0,0";"0,0";"1,0";"0,0";"";"";"";"";"";"";"";"";"";"";"";""
"202428223,0";"2024-10-09";"07:56:00";"COM VÍTIMA";"FINALIZADA";"AGUA FRIA";"AV BEBERIBE";"2431";"";"EM FRENTE A ULTRA GÁS //  PRÓX. AO PAGODE DA PRESSÃO";"AGUA FRIA";"";"";"COLISÃO";"0,0";"1,0";"0,0";"0,0";"0,0";"0,0";"0,0";"0,0";"0,0";"1,0";"0,0";"";"";"";"";"";"";"";"";"";"";"";""
"202428227,0";"2024-10-09";"08:09:00";"COM VÍTIMA";"FINALIZADA";"BOA VIAGEM";"RUA CRUZEIRO DO FORTE";"574";"RUA CAMBUI";"ESQUINA DO ESPINHO NO PRATO";"BOA VIAGEM";"";"";"COLISÃO LATERAL";"1,0";"1,0";"0,0";"0,0";"0,0";"0,0";"0,0";"0,0";"0,0";"1,0";"0,0";"";"";"";"";"";"";"";"";"";"";"";""
"202428230,0";"2024-10-09";"08:22:00";"VÍTIMA FATAL";"FINALIZADA";"AREIAS";"RUA SAO MIGUEL";"1719";"";"EM FRENTE AO CHARQUE NA BRASA / ATACAREJO SHOPPING";"AREIAS";"";"";"COLISÃO LATERAL";"0,0";"0,0";"0,0";"1,0";"0,0";"0,0";"0,0";"0,0";"0,0";"1,0";"1,0";"";"";"";"";"";"";"";"";"";"";"";""
"202428233,0";"2024-10-09";"08:45:00";"COM VÍTIMA";"FINALIZADA";"BOA VIAGEM";"RUA TENENTE JOAO CICERO";"186";"";"PROX. A FARMACIA DROGASIL";"BOA VIAGEM";"";"";"COLISÃO";"0,0";"1,0";"0,0";"0,0";"0,0";"0,0";"0,0";"0,0";"0,0";"1,0";"0,0";"";"";"";"";"";"";"";"";"";"";"";""
"202428239,0";"2024-10-09";"09:45:00";"COM VÍTIMA";"DUPLICIDADE";"BOA VIAGEM";"RUA CAMBOIM";"515";"";"PRÓX. AO ESPETINHO NO PRATO";"BOA VIAGEM";"";"";"COLISÃO";"0,0";"1,0";"0,0";"0,0";"0,0";"0,0";"0,0";"0,0";"0,0";"1,0";"0,0";"";"";"";"";"";"";"";"";"";"";"";""
"202428259,0";"2024-10-09";"03:29:00";"COM VÍTIMA";"FINALIZADA";"SAN MARTIN";"AV JOAO CABRAL DE MELO NETO";"400";"";"NO SEMAFORO 250";"SAN MARTIN";"";"";"COLISÃO LATERAL";"1,0";"1,0";"0,0";"0,0";"0,0";"0,0";"0,0";"0,0";"0,0";"1,0";"0,0";"";"";"";"";"";"";"";"";"";"";"";""
"202428263,0";"2024-10-09";"04:42:00";"COM VÍTIMA";"FINALIZADA";"IBURA";"AV DOIS RIOS";"1168";"";"AO LADO DA ACADEMIA MOTIVE";"IBURA";"";"";"COLISÃO";"0,0";"0,0";"0,0";"0,0";"0,0";"0,0";"0,0";"0,0";"0,0";"1,0";"0,0";"";"";"";"";"";"";"";"";"";"";"";""
"202428268,0";"2024-10-09";"06:25:00";"COM VÍTIMA";"FINALIZADA";"SAN MARTIN";"AV GENERAL SAN MARTIN";"";"";"HOSPITAL GETULIO VARGAS";"SAN MARTIN";"";"";"COLISÃO COM CICLISTA";"0,0";"1,0";"0,0";"1,0";"0,0";"0,0";"0,0";"0,0";"0,0";"1,0";"0,0";"";"";"";"";"";"";"";"";"";"";"";""
"202428270,0";"2024-10-09";"06:30:00";"COM VÍTIMA";"FINALIZADA";"GRACAS";"AV CONS ROSA E SILVA";"707";"RUA AMELIA";"PROX A LOJA QUARTO CRESCENTE";"GRACAS";"";"";"COLISÃO COM CICLISTA";"1,0";"0,0";"0,0";"1,0";"0,0";"0,0";"0,0";"0,0";"0,0";"1,0";"0,0";"";"";"";"";"";"";"";"";"";"";"";""
"202428272,0";"2024-10-09";"06:50:00";"COM VÍTIMA";"FINALIZADA";"SAO JOSE";"AV SUL";"";"";"PROX AO CAIS DAS CINCOS PONTAS PROX A PONTE CAIS JOSE ESTELITA SENTIDO RECIFE ANTIGO";"SAO JOSE";"";"";"COLISÃO";"0,0";"1,0";"0,0";"0,0";"0,0";"0,0";"0,0";"0,0";"0,0";"1,0";"0,0";"";"";"";"";"";"";"";"";"";"";"";""
"202428273,0";"2024-10-09";"06:51:00";"COM VÍTIMA";"FINALIZADA";"TORRE";"RUA SOUZA BANDEIRA";"107";"RUA TOMAZ GONZAGA";"PROX AO COLEGIO LUBIESKA";"TORRE";"";"";"COLISÃO";"0,0";"1,0";"0,0";"0,0";"0,0";"0,0";"0,0";"0,0";"0,0";"3,0";"0,0";"";"";"";"";"";"";"";"";"";"";"";""
"202428279,0";"2024-10-09";"07:56:00";"COM VÍTIMA";"FINALIZADA";"PINA";"AVENIDA CELSO FURTADO (VIA MANGUE)";"";"";"PRÓXIMO  AO 19 BATALHÃO";"PINA";"";"";"COLISÃO LATERAL";"1,0";"1,0";"0,0";"0,0";"0,0";"0,0";"0,0";"0,0";"0,0";"2,0";"0,0";"";"";"";"";"";"";"";"";"";"";"";""
"202428281,0";"2024-10-09";"08:08:00";"COM VÍTIMA";"FINALIZADA";"BEBERIBE";"AV BEBERIBE";"";"";"EM FRENTE AO SEST SENAT";"BEBERIBE";"";"";"COLISÃO LATERAL";"1,0";"1,0";"0,0";"0,0";"0,0";"0,0";"0,0";"0,0";"0,0";"1,0";"0,0";"";"";"";"";"";"";"";"";"";"";"";""
"202428289,0";"2024-10-09";"10:15:00";"COM VÍTIMA";"FINALIZADA";"SANTO AMARO";"AV CRUZ CABUGA";"";"";"LADO OPOSTO À SECRETARIA DA FAZENDA E À COMPESA";"SANTO AMARO";"";"OLINDA";"COLISÃO";"1,0";"1,0";"0,0";"0,0";"0,0";"0,0";"0,0";"0,0";"0,0";"1,0";"0,0";"";"";"";"";"";"";"";"";"";"";"";""
"202428307,0";"2024-10-10";"06:42:00";"COM VÍTIMA";"FINALIZADA";"MACAXEIRA";"";"";"";"NA FRENTE DA INTEGRAÇÃO MACAXEIRA - SENTIDO VINDO DE PAULISTA, ENTRANDO NA BR AO LADO DA INTEGRAÇÃO";"MACAXEIRA";"";"";"COLISÃO";"0,0";"1,0";"0,0";"0,0";"0,0";"0,0";"0,0";"0,0";"0,0";"1,0";"0,0";"";"";"";"";"";"";"";"";"";"";"";""
"202428308,0";"2024-10-10";"06:43:00";"COM VÍTIMA";"FINALIZADA";"ILHA DO RETIRO";"RUA JOAO ELISIO RAMOS";"";"";"AO LADO DA ILHA DO RETIRO CAMPO DO SPORT / AO LADO DA PISCINA";"ILHA DO RETIRO";"";"";"COLISÃO";"0,0";"1,0";"0,0";"0,0";"0,0";"0,0";"0,0";"0,0";"0,0";"1,0";"0,0";"";"";"";"";"";"";"";"";"";"";"";""
"202428316,0";"2024-10-10";"07:42:00";"COM VÍTIMA";"FINALIZADA";"GUABIRABA";"EST DA MUMBECA";"5981";"";"BOLA NA REDE  //  EM FRENTE A FABRICA DE BOLO";"GUABIRABA";"";"";"COLISÃO";"0,0";"1,0";"0,0";"0,0";"0,0";"0,0";"0,0";"0,0";"0,0";"1,0";"0,0";"";"";"";"";"";"";"";"";"";"";"";""
"202428319,0";"2024-10-10";"08:10:00";"SEM VÍTIMA";"FINALIZADA";"BOA VIAGEM";"AV BOA VIAGEM";"6916";"";"EM FRENTE AO 6916";"BOA VIAGEM";"";"CIDADE";"COLISÃO";"2,0";"0,0";"0,0";"0,0";"0,0";"0,0";"0,0";"0,0";"0,0";"0,0";"0,0";"";"";"";"";"";"";"";"";"";"";"";""
"202428320,0";"2024-10-10";"08:17:00";"COM VÍTIMA";"FINALIZADA";"JOANA BEZERRA";"PTE JOSE DE BARROS LIMA";"";"";"";"JOANA BEZERRA";"";"";"QUEDA";"0,0";"1,0";"0,0";"0,0";"0,0";"0,0";"0,0";"0,0";"0,0";"1,0";"0,0";"";"";"";"";"";"";"";"";"";"";"";""
"202428324,0";"2024-10-10";"08:40:00";"COM VÍTIMA";"FINALIZADA";"CAMPO GRANDE";"RUA MARQUES DE BAIPENDI";"254";"";"SENACULO ESPIRITA CASA DE MARIA";"CAMPO GRANDE";"";"";"COLISÃO";"1,0";"1,0";"0,0";"0,0";"0,0";"0,0";"0,0";"0,0";"0,0";"1,0";"0,0";"";"";"";"";"";"";"";"";"";"";"";""
"202428325,0";"2024-10-10";"08:42:00";"COM VÍTIMA";"FINALIZADA";"AFOGADOS";"RUA COSME VIANA";"";"";"PROX.  A BLUE CAR AUTO SERVICE E IMBIRIBEIRA VEICULOS";"AFOGADOS";"";"";"COLISÃO";"0,0";"1,0";"0,0";"0,0";"0,0";"0,0";"0,0";"0,0";"0,0";"1,0";"0,0";"";"";"";"";"";"";"";"";"";"";"";""
"202428326,0";"2024-10-10";"08:43:00";"COM VÍTIMA";"DUPLICIDADE";"JOANA BEZERRA";"AV GOVERNADOR AGAMENON MAGALHAES";"";"";"NA PONTE APOS O HOSPITAL PORTUUES SENTIDO BOA VIAGEM";"JOANA BEZERRA";"";"";"COLISÃO";"0,0";"1,0";"0,0";"0,0";"0,0";"0,0";"0,0";"0,0";"0,0";"1,0";"0,0";"";"";"";"";"";"";"";"";"";"";"";""
"202428328,0";"2024-10-10";"08:59:00";"COM VÍTIMA";"FINALIZADA";"AGUA FRIA";"RUA ALEGRE";"277";"";"PROX AO COLEGIO ALFREDO FREIRE  //  PROX A MAGO  MOTOS";"AGUA FRIA";"";"";"COLISÃO";"0,0";"1,0";"0,0";"0,0";"0,0";"0,0";"0,0";"0,0";"0,0";"1,0";"0,0";"";"";"";"";"";"";"";"";"";"";"";""
"202428333,0";"2024-10-10";"09:20:00";"SEM VÍTIMA";"FINALIZADA";"AFOGADOS";"AV SUL";"";"";"TERMINAL INTEGRADO  LARGO  DA PAZ";"AFOGADOS";"";"CIDADE";"COLISÃO LATERAL";"0,0";"1,0";"0,0";"0,0";"0,0";"0,0";"0,0";"1,0";"0,0";"0,0";"0,0";"";"";"";"";"";"";"";"";"";"";"";""
"202428334,0";"2024-10-10";"09:57:00";"COM VÍTIMA";"FINALIZADA";"CAXANGA";"AV VISCONDE DE ALBUQUERQUE";"";"";"PROX. AO BOMPREÇO DA BENFICA";"CAXANGA";"";"";"COLISÃO";"1,0";"0,0";"0,0";"0,0";"0,0";"0,0";"0,0";"0,0";"0,0";"1,0";"0,0";"";"";"";"";"";"";"";"";"";"";"";""
"202428343,0";"2024-10-10";"11:04:00";"COM VÍTIMA";"FINALIZADA";"BARRO";"AV DR JOSE RUFINO";"";"";"GALERIA MARGARIDA";"BARRO";"";"";"COLISÃO";"1,0";"1,0";"0,0";"0,0";"0,0";"0,0";"0,0";"0,0";"0,0";"1,0";"0,0";"";"";"";"";"";"";"";"";"";"";"";""
"202428355,0";"2024-10-10";"12:11:00";"COM VÍTIMA";"FINALIZADA";"SANTO AMARO";"AV GOVERNADOR AGAMENON MAGALHAES";"5737";"";"PROX. AO MINISTERIO PUBLICO  // SENTIDO DERBY";"SANTO AMARO";"";"";"COLISÃO";"0,0";"1,0";"0,0";"0,0";"0,0";"0,0";"0,0";"0,0";"0,0";"1,0";"0,0";"";"";"";"";"";"";"";"";"";"";"";""
"202428357,0";"2024-10-10";"12:36:00";"COM VÍTIMA";"FINALIZADA";"IMBIRIBEIRA";"RUA ANTONIO FALCAO";"555";"";"APÓS A ESTAÇÃO DE METRÔ ANTÔNIO FALCÃO //  SENTIDO IMBIRIBEIRA ( LADO DIREITO )";"IMBIRIBEIRA";"";"";"COLISÃO";"1,0";"1,0";"0,0";"0,0";"0,0";"0,0";"0,0";"0,0";"0,0";"1,0";"0,0";"";"";"";"";"";"";"";"";"";"";"";""
"202428367,0";"2024-10-10";"02:19:00";"COM VÍTIMA";"FINALIZADA";"JORDAO";"AV MARIA IRENE";"70";"";"E/F AO N 1672 CRUZAMENTO DA RUA SGT  QUINTAS  PORTO";"JORDAO";"";"";"COLISÃO LATERAL";"0,0";"0,0";"0,0";"0,0";"0,0";"0,0";"0,0";"0,0";"0,0";"1,0";"0,0";"";"";"";"";"";"";"";"";"";"";"";""
"202428368,0";"2024-10-10";"02:27:00";"COM VÍTIMA";"FINALIZADA";"IMBIRIBEIRA";"VIADUTO TANCREDO NEVES";"";"";"EM BAIXO DO VIADUTO TANCREDO NEVES";"IMBIRIBEIRA";"";"CIDADE";"COLISÃO LATERAL";"1,0";"1,0";"0,0";"0,0";"0,0";"0,0";"0,0";"0,0";"0,0";"1,0";"0,0";"";"";"";"";"";"";"";"";"";"";"";""
"202428369,0";"2024-10-10";"02:28:00";"COM VÍTIMA";"FINALIZADA";"PORTO DA MADEIRA";"AV CIDADE DE MONTEIRO";"504";"";"E/F AO ARMAZEM CORAL PROX A PRAÇA DA CIDADE DE BEBERIBE";"PORTO DA MADEIRA";"";"";"COLISÃO";"0,0";"1,0";"0,0";"0,0";"0,0";"0,0";"0,0";"0,0";"0,0";"1,0";"0,0";"";"";"";"";"";"";"";"";"";"";"";""
"202428377,0";"2024-10-10";"04:31:00";"COM VÍTIMA";"FINALIZADA";"MADALENA";"RUA JOAO IVO DA SILVA";"";"";"SAIDA DO TÚNEL DA ABOLIÇÃO";"MADALENA";"";"";"COLISÃO";"1,0";"1,0";"0,0";"0,0";"0,0";"0,0";"0,0";"0,0";"0,0";"1,0";"0,0";"";"";"";"";"";"";"";"";"";"";"";""
"202428379,0";"2024-10-10";"04:53:00";"COM VÍTIMA";"FINALIZADA";"BAIRRO DO RECIFE";"RUA VIGARIO TENORIO";"";"RUA MARIZ E BARROS";"PERTO DO CAFE LIBERAR O DE ESQUINA COM EXCELSIO SEGUROS";"BAIRRO DO RECIFE";"";"";"COLISÃO LATERAL";"1,0";"1,0";"0,0";"0,0";"0,0";"0,0";"0,0";"0,0";"0,0";"1,0";"0,0";"";"";"";"";"";"";"";"";"";"";"";""
"202428380,0";"2024-10-10";"06:59:00";"COM VÍTIMA";"FINALIZADA";"CAXANGA";"AV CAXANGA";"8581";"";"EM FRENTE A PARADA DO BRT, AO LADO DO GETULIO VARGAS";"CAXANGA";"";"";"COLISÃO";"1,0";"0,0";"0,0";"0,0";"0,0";"0,0";"0,0";"0,0";"0,0";"1,0";"0,0";"";"";"";"";"";"";"";"";"";"";"";""
"202428390,0";"2024-10-11";"03:47:00";"SEM VÍTIMA";"FINALIZADA";"PRADO";"AV ENGENHEIRO ABDIAS DE CARVALHO";"758";"";"POSTO DE COMBUSTÍVEIS DISLUB E OFICINA BIGCAR";"PRADO";"";"SUBURBIO";"CHOQUE";"0,0";"0,0";"0,0";"0,0";"0,0";"0,0";"1,0";"0,0";"0,0";"0,0";"0,0";"";"";"";"";"";"";"";"";"";"";"";""
"202428391,0";"2024-10-11";"05:25:00";"COM VÍTIMA";"DUPLICIDADE";"CASA FORTE";"AV DEZESSETE DE AGOSTO";"";"";"EM FRENTE AO JARDIM DO POÇO";"CASA FORTE";"";"SUBURBIO";"COLISÃO";"0,0";"1,0";"0,0";"0,0";"0,0";"0,0";"0,0";"1,0";"0,0";"1,0";"0,0";"";"";"";"";"";"";"";"";"";"";"";""
"202428392,0";"2024-10-11";"06:02:00";"SEM VÍTIMA";"FINALIZADA";"APIPUCOS";"AV DEZESSETE DE AGOSTO";"";"";"EM FRENTE AO PARQUE JARDIM DO POÇO";"APIPUCOS";"";"";"COLISÃO";"0,0";"1,0";"0,0";"0,0";"0,0";"0,0";"0,0";"0,0";"1,0";"0,0";"0,0";"";"";"";"";"";"";"";"";"";"";"";""
"202428395,0";"2024-10-11";"06:43:00";"COM VÍTIMA";"CANCELADA";"JORDAO";"AV CENTENARIO ALBERTO SANTOS DUMONT";"S/N";"";"AO LADO DO AEROPORTO  //  APÓS O TUNEL FELIPE CAMARÃO (  SENTIDO JORDÃO )";"JORDAO";"";"";"QUEDA";"0,0";"1,0";"0,0";"0,0";"0,0";"0,0";"0,0";"0,0";"0,0";"1,0";"0,0";"";"";"";"";"";"";"";"";"";"";"";""
"202428407,0";"2024-10-11";"07:26:00";"COM VÍTIMA";"FINALIZADA";"COELHOS";"RUA DR JOSE MARIANO";"";"";"VAREJÃO DA MADEIRA";"COELHOS";"";"";"COLISÃO";"1,0";"1,0";"0,0";"0,0";"0,0";"0,0";"0,0";"0,0";"0,0";"1,0";"0,0";"";"";"";"";"";"";"";"";"";"";"";""
"202428408,0";"2024-10-11";"07:32:00";"COM VÍTIMA";"FINALIZADA";"BOA VISTA";"RUA GERVASIO PIRES";"218 R 1";"";"PROX. A OFICINA DOS ÓCULOS  // PRÓX. A FARMACIA ROVAL";"BOA VISTA";"";"";"COLISÃO";"0,0";"1,0";"0,0";"0,0";"0,0";"0,0";"0,0";"0,0";"0,0";"1,0";"0,0";"";"";"";"";"";"";"";"";"";"";"";""