"Protocolo";"data";"hora";"natureza";"situacao";"bairro";"endereco";"numero";"detalhe_endereco_acidente";"complemento";"bairro_cruzamento";"num_semaforo";"sentido_via";"tipo";"auto";"moto";"ciclom";"ciclista";"pedestre";"onibus";"caminhao";"viatura";"outros";"vitimas";"vitimasfatais";"acidente_verificado";"tempo_clima";"situacao_semaforo";"sinalizacao";"condicao_via";"conservacao_via";"ponto_controle";"situacao_placa";"velocidade_max_via";"mao_direcao";"divisao_via1";"divisao_via2"
"202428412,0";"2024-10-11";"07:50:00";"COM VÍTIMA";"FINALIZADA";"BOA VISTA";"RUA HENRIQUE DIAS";"219";"";"EM FRENTE AO CONVENTO // PRÓX. AO RESTAURANTE  TIA TETE";"BOA VISTA";"";"";"COLISÃO";"0,0";"1,0";"0,0";"0,0";"0,0";"0,0";"0,0";"0,0";"0,0";"1,0";"0,0";"";"";"";"";"";"";"";"";"";"";"";""
"202428413,0";"2024-10-11";"07:54:00";"COM VÍTIMA";"FINALIZADA";"ARRUDA";"RUA CLARA";"110";"";"PROX. AO ARMAZÉM FONSECA  // CANAL CHACAREZINHO";"ARRUDA";"";"";"COLISÃO";"0,0";"1,0";"0,0";"0,0";"0,0";"0,0";"0,0";"0,0";"0,0";"1,0";"0,0";"";"";"";"";"";"";"";"";"";"";"";""
"202428415,0";"2024-10-11";"08:14:00";"COM VÍTIMA";"FINALIZADA";"TEJIPIO";"AV DR JOSE RUFINO";"4892";"";"EM FRENTE AO  COLÉGIO IMACULADA";"TEJIPIO";"";"";"COLISÃO";"0,0";"1,0";"0,0";"0,0";"0,0";"0,0";"0,0";"0,0";"0,0";"1,0";"0,0";"";"";"";"";"";"";"";"";"";"";"";""
"202428422,0";"2024-10-11";"08:29:00";"COM VÍTIMA";"CANCELADA";"DOIS IRMAOS";"RUA DOIS IRMAOS";"";"";"APOS O LAFEPE SENT. CAMARAGIBE";"DOIS IRMAOS";"";"";"COLISÃO COM CICLISTA";"0,0";"0,0";"0,0";"1,0";"0,0";"1,0";"0,0";"0,0";"0,0";"1,0";"0,0";"";"";"";"";"";"";"";"";"";"";"";""
"202428425,0";"2024-10-11";"08:45:00";"SEM VÍTIMA";"FINALIZADA";"BOA VISTA";"RUA HENRIQUE DIAS";"";"";"PRÓXIMO AO COLÉGIO DA POLÍCIA MILITAR";"BOA VISTA";"";"";"COLISÃO LATERAL";"2,0";"0,0";"0,0";"0,0";"0,0";"0,0";"1,0";"0,0";"0,0";"0,0";"0,0";"";"";"";"";"";"";"";"";"";"";"";""
"202428431,0";"2024-10-11";"09:51:00";"COM VÍTIMA";"FINALIZADA";"BOA VIAGEM";"AV ENGENHEIRO DOMINGOS FERREIRA";"467";"";"EM FRENTE AO EMPRESARIAL MOURA DUBEUX";"BOA VIAGEM";"";"";"COLISÃO";"1,0";"1,0";"0,0";"0,0";"0,0";"0,0";"0,0";"0,0";"0,0";"1,0";"0,0";"";"";"";"";"";"";"";"";"";"";"";""
"202428438,0";"2024-10-11";"10:38:00";"COM VÍTIMA";"FINALIZADA";"CASA FORTE";"EST DAS UBAIAS";"540";"";"EM FRENTE AO  IOF";"CASA FORTE";"";"";"COLISÃO LATERAL";"3,0";"0,0";"0,0";"0,0";"0,0";"0,0";"0,0";"0,0";"0,0";"1,0";"0,0";"";"";"";"";"";"";"";"";"";"";"";""
"202428444,0";"2024-10-11";"11:16:00";"COM VÍTIMA";"CANCELADA";"JOANA BEZERRA";"VIADUTO CAPITAO TEMUDO";"";"";"EM FRENTE AO FORUM SENT. OLINDA";"JOANA BEZERRA";"";"";"COLISÃO";"1,0";"1,0";"0,0";"0,0";"0,0";"0,0";"0,0";"0,0";"0,0";"1,0";"0,0";"";"";"";"";"";"";"";"";"";"";"";""
"202428471,0";"2024-10-11";"02:34:00";"COM VÍTIMA";"FINALIZADA";"VARZEA";"RUA ANTONIO CURADO";"106";"";"PROX A COLONIA PENAL BOM PASTOR";"VARZEA";"";"";"COLISÃO";"0,0";"0,0";"0,0";"0,0";"0,0";"0,0";"0,0";"0,0";"0,0";"1,0";"0,0";"";"";"";"";"";"";"";"";"";"";"";""
"202428472,0";"2024-10-11";"02:38:00";"COM VÍTIMA";"FINALIZADA";"JORDAO";"AV DONA CARENTINA";"677";"";"NA ROTATORIA DA PRAÇA DO JORDÃO  PROX AO NUCLEO DE POLICIA";"JORDAO";"";"";"COLISÃO";"0,0";"0,0";"0,0";"0,0";"0,0";"0,0";"0,0";"0,0";"0,0";"1,0";"0,0";"";"";"";"";"";"";"";"";"";"";"";""
"202428473,0";"2024-10-11";"02:41:00";"COM VÍTIMA";"FINALIZADA";"ARRUDA";"AV PROFESSOR JOSE DOS ANJOS";"";"";"PROX ACADEMIA DA CIDADE E O CANAL DO ARRUDA";"ARRUDA";"";"";"COLISÃO";"0,0";"0,0";"0,0";"0,0";"0,0";"0,0";"0,0";"0,0";"0,0";"1,0";"0,0";"";"";"";"";"";"";"";"";"";"";"";""
"202428477,0";"2024-10-11";"02:56:00";"SEM VÍTIMA";"FINALIZADA";"IPUTINGA";"AV CAXANGA";"3942";"EST DO BARBALHO";"HIPERMERCADO MIX MATEUS";"IPUTINGA";"533,0";"CIDADE";"COLISÃO LATERAL";"0,0";"1,0";"0,0";"0,0";"0,0";"0,0";"0,0";"1,0";"0,0";"0,0";"0,0";"";"";"";"";"";"";"";"";"";"";"";""
"202428480,0";"2024-10-11";"03:13:00";"COM VÍTIMA";"FINALIZADA";"IBURA";"RUA EXP FRANCISCO VITORIANO";"";"";"IBURA DE CIMA NA UR-10  E/F AO SUPERMERCADO KI ECONOMIA";"IBURA";"";"";"COLISÃO";"0,0";"0,0";"0,0";"0,0";"0,0";"0,0";"0,0";"0,0";"0,0";"1,0";"0,0";"";"";"";"";"";"";"";"";"";"";"";""
"202428482,0";"2024-10-11";"03:56:00";"COM VÍTIMA";"FINALIZADA";"SAO JOSE";"RUA FLORIANO PEIXOTO";"2657";"";"AO LADO DA CASA DA CULTURA";"SAO JOSE";"";"";"COLISÃO";"1,0";"1,0";"0,0";"0,0";"0,0";"0,0";"0,0";"0,0";"0,0";"1,0";"0,0";"";"";"";"";"";"";"";"";"";"";"";""
"202428484,0";"2024-10-11";"04:27:00";"COM VÍTIMA";"FINALIZADA";"JORDAO";"AV MARIA IRENE";"71";"";"E/F A CHURRASCARIA FAMILIA  JORDANES  NO JORDAO BAIXO";"JORDAO";"";"";"COLISÃO";"0,0";"0,0";"0,0";"0,0";"0,0";"0,0";"0,0";"0,0";"0,0";"1,0";"0,0";"";"";"";"";"";"";"";"";"";"";"";""
"202428485,0";"2024-10-11";"04:34:00";"COM VÍTIMA";"FINALIZADA";"VARZEA";"RUA TENENTE ROLAND RITTMISTER";"498";"";"PROX ASSOCIAÇAO DE MORADORES DE JD TEREZOPOLIS";"VARZEA";"";"";"COLISÃO";"0,0";"0,0";"0,0";"0,0";"0,0";"0,0";"0,0";"0,0";"0,0";"1,0";"0,0";"";"";"";"";"";"";"";"";"";"";"";""
"202428488,0";"2024-10-11";"05:40:00";"COM VÍTIMA";"FINALIZADA";"FUNDAO";"RUA CORONEL URBANO RIBEIRO DE SENA";"179";"";"PROX A PIZZARIA VICIU´S   E O RESTURANTE SUSHI";"FUNDAO";"";"";"COLISÃO";"0,0";"0,0";"0,0";"0,0";"0,0";"0,0";"0,0";"0,0";"0,0";"1,0";"0,0";"";"";"";"";"";"";"";"";"";"";"";""
"202428490,0";"2024-10-11";"06:31:00";"COM VÍTIMA";"FINALIZADA";"SANTO AMARO";"AV GOVERNADOR AGAMENON MAGALHAES";"";"";"ANTES DO SHOPPING TACARUNA SENTIDO OLINDA / EM FRENTE AO POSTO BR";"SANTO AMARO";"";"";"COLISÃO";"0,0";"1,0";"0,0";"0,0";"0,0";"0,0";"0,0";"0,0";"0,0";"1,0";"0,0";"";"";"";"";"";"";"";"";"";"";"";""
"202428491,0";"2024-10-11";"06:52:00";"COM VÍTIMA";"FINALIZADA";"IMBIRIBEIRA";"RUA PAMPULHA";"128";"";"PROX A PADARIA CARBELLE";"IMBIRIBEIRA";"";"";"COLISÃO";"0,0";"1,0";"0,0";"0,0";"0,0";"0,0";"0,0";"0,0";"0,0";"1,0";"0,0";"";"";"";"";"";"";"";"";"";"";"";""
"202428498,0";"2024-10-11";"09:35:00";"COM VÍTIMA";"FINALIZADA";"GRACAS";"AV CONS ROSA E SILVA";"172";"";"E/F AO CLUBE PORTUGUÊS";"GRACAS";"";"";"CHOQUE";"2,0";"0,0";"0,0";"0,0";"0,0";"0,0";"0,0";"0,0";"0,0";"1,0";"0,0";"";"";"";"";"";"";"";"";"";"";"";""
"202428499,0";"2024-10-11";"09:40:00";"SEM VÍTIMA";"CANCELADA";"SAO JOSE";"VIADUTO CAPITAO TEMUDO";"";"";"PROXIMO A ALÇA QUE DESCE PARA AV. SUL";"SAO JOSE";"";"SUBURBIO";"COLISÃO";"0,0";"2,0";"0,0";"0,0";"0,0";"0,0";"0,0";"0,0";"0,0";"0,0";"0,0";"";"";"";"";"";"";"";"";"";"";"";""
"202428500,0";"2024-10-11";"10:33:00";"COM VÍTIMA";"FINALIZADA";"BOA VIAGEM";"AV CONSELHEIRO AGUIAR";"2216";"";"LOJA DE REVESTIMENTO PORTO BELO SHOP";"BOA VIAGEM";"";"";"ATROPELAMENTO DE PESSOA";"1,0";"0,0";"0,0";"0,0";"1,0";"0,0";"0,0";"0,0";"0,0";"1,0";"0,0";"";"";"";"";"";"";"";"";"";"";"";""
"202428508,0";"2024-10-12";"06:36:00";"COM VÍTIMA";"FINALIZADA";"BOA VIAGEM";"AV ENGENHEIRO DOMINGOS FERREIRA";"S/N";"RUA PADRE CARAPUCEIRO";"EM FRENTE A IGREJA UNIVERSAL";"BOA VIAGEM";"";"";"COLISÃO";"0,0";"1,0";"0,0";"0,0";"0,0";"0,0";"0,0";"0,0";"0,0";"1,0";"0,0";"";"";"";"";"";"";"";"";"";"";"";""
"202428519,0";"2024-10-12";"09:16:00";"COM VÍTIMA";"FINALIZADA";"AFOGADOS";"EST DO BONGI";"";"";"PROX. AO MIX MATEUS, NA RUA DA EMPRESA FORTE";"AFOGADOS";"";"";"COLISÃO";"0,0";"1,0";"0,0";"0,0";"0,0";"0,0";"0,0";"0,0";"0,0";"1,0";"0,0";"";"";"";"";"";"";"";"";"";"";"";""
"202428522,0";"2024-10-12";"11:17:00";"COM VÍTIMA";"FINALIZADA";"CASA AMARELA";"RUA BELA VISTA";"1495";"";"EM FRENTE AO SÍTIO TRINDADE";"CASA AMARELA";"";"";"COLISÃO";"0,0";"1,0";"0,0";"0,0";"0,0";"0,0";"0,0";"0,0";"0,0";"1,0";"0,0";"";"";"";"";"";"";"";"";"";"";"";""
"202428525,0";"2024-10-12";"12:39:00";"COM VÍTIMA";"FINALIZADA";"BOA VIAGEM";"AV ENGENHEIRO DOMINGOS FERREIRA";"2267";"";"E/F AO SUPERMERCADO ASSAI";"BOA VIAGEM";"";"";"COLISÃO";"0,0";"0,0";"0,0";"0,0";"0,0";"0,0";"0,0";"0,0";"0,0";"1,0";"0,0";"";"";"";"";"";"";"";"";"";"";"";""
"202428528,0";"2024-10-12";"01:41:00";"COM VÍTIMA";"FINALIZADA";"IBURA";"AV DOIS RIOS";"1573";"";"NA LADEIRA DA COHAB  PROX A POLICLINICA";"IBURA";"";"";"COLISÃO";"0,0";"0,0";"0,0";"0,0";"0,0";"0,0";"0,0";"0,0";"0,0";"1,0";"0,0";"";"";"";"";"";"";"";"";"";"";"";""
"202428529,0";"2024-10-12";"01:43:00";"COM VÍTIMA";"FINALIZADA";"AFOGADOS";"RUA SAO MIGUEL";"";"";"PROX A OFICINA CESAR MOTOS E O RESTAURANTE BODE DO NÔ";"AFOGADOS";"";"";"COLISÃO";"0,0";"0,0";"0,0";"0,0";"0,0";"0,0";"0,0";"0,0";"0,0";"1,0";"0,0";"";"";"";"";"";"";"";"";"";"";"";""
"202428545,0";"2024-10-12";"06:17:00";"COM VÍTIMA";"FINALIZADA";"BOA VIAGEM";"RUA DOS NAVEGANTES";"2412";"";"EM FRENTE AO EDF MARIA NORMA";"BOA VIAGEM";"";"";"COLISÃO";"0,0";"1,0";"0,0";"0,0";"0,0";"0,0";"0,0";"0,0";"0,0";"1,0";"0,0";"";"";"";"";"";"";"";"";"";"";"";""
"202428546,0";"2024-10-12";"06:26:00";"COM VÍTIMA";"FINALIZADA";"SANTANA";"RUA IGARASSU";"104";"";"ENFRENTE AO BAR DE SR TITO";"SANTANA";"";"";"COLISÃO";"0,0";"1,0";"0,0";"0,0";"0,0";"0,0";"0,0";"0,0";"0,0";"1,0";"0,0";"";"";"";"";"";"";"";"";"";"";"";""
"202428547,0";"2024-10-12";"06:29:00";"COM VÍTIMA";"FINALIZADA";"IMBIRIBEIRA";"AV MARECHAL MASCARENHAS DE MORAES";"61";"";"EM FRENTE A GRILO";"IMBIRIBEIRA";"";"";"COLISÃO";"0,0";"1,0";"0,0";"0,0";"0,0";"0,0";"0,0";"0,0";"0,0";"1,0";"0,0";"";"";"";"";"";"";"";"";"";"";"";""
"202428566,0";"2024-10-13";"07:02:00";"COM VÍTIMA";"FINALIZADA";"DERBY";"AV GOVERNADOR AGAMENON MAGALHAES";"";"";"EM FRENTE AO HR";"DERBY";"";"";"COLISÃO TRASEIRA";"1,0";"1,0";"0,0";"0,0";"0,0";"0,0";"0,0";"0,0";"0,0";"1,0";"0,0";"";"";"";"";"";"";"";"";"";"";"";""
"202428582,0";"2024-10-13";"12:51:00";"COM VÍTIMA";"FINALIZADA";"CAMPO GRANDE";"RUA JERONIMO VILELA";"574";"";"EM FRENTE A IGREJA QUADRANGULAR";"CAMPO GRANDE";"";"";"COLISÃO";"0,0";"1,0";"0,0";"0,0";"0,0";"0,0";"1,0";"0,0";"0,0";"1,0";"0,0";"";"";"";"";"";"";"";"";"";"";"";""
"202428596,0";"2024-10-13";"05:35:00";"COM VÍTIMA";"FINALIZADA";"CABANGA";"VIADUTO CAPITAO TEMUDO";"";"";"";"CABANGA";"";"";"COLISÃO";"1,0";"1,0";"0,0";"0,0";"0,0";"0,0";"0,0";"0,0";"0,0";"2,0";"0,0";"";"";"";"";"";"";"";"";"";"";"";""
"202428598,0";"2024-10-13";"07:41:00";"COM VÍTIMA";"FINALIZADA";"JORDAO";"AV MARIA IRENE";"1662";"";"EM FRENTE AO PROVEDOR LAGE";"JORDAO";"";"";"COLISÃO";"1,0";"1,0";"0,0";"0,0";"0,0";"0,0";"0,0";"1,0";"0,0";"1,0";"0,0";"";"";"";"";"";"";"";"";"";"";"";""
"202428599,0";"2024-10-13";"08:54:00";"COM VÍTIMA";"FINALIZADA";"SANTO AMARO";"AV JOAO DE BARROS";"";"";"COM A RUA DRº CARLOS";"SANTO AMARO";"";"";"COLISÃO";"1,0";"1,0";"0,0";"0,0";"0,0";"0,0";"0,0";"0,0";"0,0";"1,0";"0,0";"";"";"";"";"";"";"";"";"";"";"";""
"202428601,0";"2024-10-13";"10:40:00";"COM VÍTIMA";"FINALIZADA";"MACAXEIRA";"AV NORTE MIGUEL ARRAES DE ALENCAR";"";"RUA MARIA CANDIDA";"";"MACAXEIRA";"296,0";"";"COLISÃO LATERAL";"0,0";"2,0";"0,0";"0,0";"0,0";"0,0";"0,0";"0,0";"0,0";"3,0";"0,0";"";"";"";"";"";"";"";"";"";"";"";""
"202428644,0";"2024-10-14";"12:25:00";"COM VÍTIMA";"FINALIZADA";"PINA";"AV REPUBLICA DO LIBANO";"1001";"";"";"PINA";"";"";"COLISÃO LATERAL";"2,0";"0,0";"0,0";"0,0";"0,0";"0,0";"0,0";"0,0";"0,0";"1,0";"0,0";"";"";"";"";"";"";"";"";"";"";"";""
"202428646,0";"2024-10-14";"02:44:00";"COM VÍTIMA";"FINALIZADA";"IBURA";"RUA RIO XINGU";"";"AV DOIS RIOS";"";"IBURA";"";"";"COLISÃO";"1,0";"1,0";"0,0";"0,0";"0,0";"0,0";"0,0";"0,0";"0,0";"1,0";"0,0";"";"";"";"";"";"";"";"";"";"";"";""
"202428650,0";"2024-10-14";"05:28:00";"COM VÍTIMA";"CANCELADA";"NOVA DESCOBERTA";"AV VEREADOR OTACILIO AZEVEDO";"2545";"";"REF: EM FRENTE A FÁBRICA DE PIPOCAS KINITOS";"NOVA DESCOBERTA";"";"";"COLISÃO LATERAL";"1,0";"1,0";"0,0";"0,0";"0,0";"0,0";"0,0";"0,0";"0,0";"1,0";"0,0";"";"";"";"";"";"";"";"";"";"";"";""
"202428668,0";"2024-10-15";"06:24:00";"COM VÍTIMA";"FINALIZADA";"BOA VIAGEM";"RUA ARTUR MUNIZ";"";"";"EM FRENTE AO ASSAI ATACADISTA, PROX. AO POSTO DESATIVADO";"BOA VIAGEM";"";"";"COLISÃO";"0,0";"1,0";"0,0";"0,0";"0,0";"0,0";"0,0";"0,0";"0,0";"1,0";"0,0";"";"";"";"";"";"";"";"";"";"";"";""
"202428670,0";"2024-10-15";"06:51:00";"COM VÍTIMA";"FINALIZADA";"MADALENA";"AV BEIRA RIO";"";"";"NO CRUZAMENTO DA PONTE DA CAPUNGA";"MADALENA";"";"";"COLISÃO";"1,0";"0,0";"0,0";"0,0";"0,0";"0,0";"0,0";"0,0";"0,0";"1,0";"0,0";"";"";"";"";"";"";"";"";"";"";"";""
"202428672,0";"2024-10-15";"07:00:00";"COM VÍTIMA";"FINALIZADA";"BEBERIBE";"AV BEBERIBE";"";"";"PROX. AO CAMPO DO ARRUDA E BOMPREÇO";"BEBERIBE";"";"";"COLISÃO";"0,0";"1,0";"0,0";"0,0";"0,0";"0,0";"0,0";"0,0";"0,0";"1,0";"0,0";"";"";"";"";"";"";"";"";"";"";"";""
"202428680,0";"2024-10-15";"08:02:00";"COM VÍTIMA";"FINALIZADA";"DERBY";"AV GOVERNADOR AGAMENON MAGALHAES";"";"RUA HENRIQUE DIAS";"RESTAURANTE COCO BAMBU";"DERBY";"";"";"COLISÃO";"2,0";"0,0";"0,0";"0,0";"0,0";"0,0";"0,0";"0,0";"0,0";"1,0";"0,0";"";"";"";"";"";"";"";"";"";"";"";""
"202428681,0";"2024-10-15";"08:10:00";"SEM VÍTIMA";"FINALIZADA";"SAN MARTIN";"AV ENGENHEIRO ABDIAS DE CARVALHO";"";"AV GENERAL SAN MARTIN";"";"SAN MARTIN";"";"";"COLISÃO";"0,0";"0,0";"0,0";"0,0";"0,0";"0,0";"0,0";"0,0";"0,0";"0,0";"0,0";"";"";"";"";"";"";"";"";"";"";"";""
"202428687,0";"2024-10-15";"08:39:00";"COM VÍTIMA";"FINALIZADA";"ARRUDA";"AV PROFESSOR JOSE DOS ANJOS";"";"";"CHÃO DE ESTRELAS, COMUNIDADE PALHA DE ARROZ, TRANSVERSAL COM ANTONIO COSTA AZEVEDO PROX. A ESTAÇÃO ARRUDA";"ARRUDA";"";"";"COLISÃO";"0,0";"1,0";"0,0";"0,0";"0,0";"0,0";"0,0";"0,0";"0,0";"1,0";"0,0";"";"";"";"";"";"";"";"";"";"";"";""
"202428691,0";"2024-10-15";"09:22:00";"COM VÍTIMA";"FINALIZADA";"BOMBA DO HEMETERIO";"RUA SAO SEBASTIAO";"";"";"POR TRAS DO GIGANTE DO SAMBA NO INICIO DA BOMBA DO HEMETERIO";"BOMBA DO HEMETERIO";"";"";"COLISÃO";"0,0";"1,0";"0,0";"0,0";"0,0";"0,0";"0,0";"0,0";"0,0";"1,0";"0,0";"";"";"";"";"";"";"";"";"";"";"";""
"202428693,0";"2024-10-15";"09:39:00";"COM VÍTIMA";"FINALIZADA";"CAMPO GRANDE";"AV PROFESSOR JOSE DOS ANJOS";"5393";"";"EM CHA DE ESTRELAS  // PRÓX. A PONTE NOVA  ( EM CONSTRUÇÃO )  // PROX A ECO ESTAÇÃO DO ARRUDA";"CAMPO GRANDE";"";"";"COLISÃO";"0,0";"1,0";"0,0";"0,0";"0,0";"0,0";"0,0";"0,0";"0,0";"1,0";"0,0";"";"";"";"";"";"";"";"";"";"";"";""
"202428696,0";"2024-10-15";"10:23:00";"COM VÍTIMA";"FINALIZADA";"SAO JOSE";"RUA IMPERIAL";"1502";"";"PROX. AO NUMERO  1260 // PROX. AO VIADUTO JOÃO PAULO II";"SAO JOSE";"";"";"COLISÃO";"0,0";"1,0";"0,0";"0,0";"0,0";"0,0";"0,0";"0,0";"0,0";"1,0";"0,0";"";"";"";"";"";"";"";"";"";"";"";""
"202428697,0";"2024-10-15";"10:33:00";"COM VÍTIMA";"FINALIZADA";"MADALENA";"RUA ERNANI BRAGA";"";"RUA ANTONIO VIEIRA";"EM FRENTE AO BASR QUINTAL NORDESTINO";"MADALENA";"";"";"COLISÃO";"0,0";"1,0";"0,0";"0,0";"0,0";"0,0";"0,0";"0,0";"0,0";"1,0";"0,0";"";"";"";"";"";"";"";"";"";"";"";""
"202428699,0";"2024-10-15";"10:34:00";"COM VÍTIMA";"FINALIZADA";"BOA VIAGEM";"RUA DOS NAVEGANTES";"1617";"RUA FELIX DE BRITO E MELO";"";"BOA VIAGEM";"";"";"COLISÃO";"1,0";"1,0";"0,0";"0,0";"0,0";"0,0";"0,0";"0,0";"0,0";"1,0";"0,0";"";"";"";"";"";"";"";"";"";"";"";""
"202428703,0";"2024-10-15";"11:06:00";"COM VÍTIMA";"FINALIZADA";"AGUA FRIA";"RUA BOM CONSELHO";"733";"";"COLÉGIO FUNDAÇÃO";"AGUA FRIA";"";"";"COLISÃO";"0,0";"1,0";"0,0";"0,0";"0,0";"0,0";"0,0";"0,0";"0,0";"1,0";"0,0";"";"";"";"";"";"";"";"";"";"";"";""
"202428708,0";"2024-10-15";"11:39:00";"COM VÍTIMA";"FINALIZADA";"CAMPO GRANDE";"RUA VISCONDE DE CAIRU";"";"";"POR TRÁS DA PIZZARIA PASSIRA / PROX AO MERCADINHO  CENTRAL  // POR TRAS DO SUBWAY";"CAMPO GRANDE";"";"";"COLISÃO";"1,0";"1,0";"0,0";"0,0";"0,0";"0,0";"0,0";"0,0";"0,0";"1,0";"0,0";"";"";"";"";"";"";"";"";"";"";"";""
"202428710,0";"2024-10-15";"12:02:00";"COM VÍTIMA";"FINALIZADA";"PINA";"AV HERCULANO BANDEIRA";"1014";"";"EM FRENTE AO MARTELINHO DE OURO  // PROX. A  LOJA CARE MEDIC";"PINA";"";"";"COLISÃO";"0,0";"1,0";"0,0";"0,0";"0,0";"0,0";"0,0";"0,0";"0,0";"1,0";"0,0";"";"";"";"";"";"";"";"";"";"";"";""
"202428729,0";"2024-10-15";"02:01:00";"COM VÍTIMA";"FINALIZADA";"IPSEP";"AV RECIFE";"2874";"";"EM FRENTE A PERNAMBUCO GÁS";"IPSEP";"";"";"COLISÃO";"0,0";"1,0";"0,0";"0,0";"0,0";"0,0";"0,0";"0,0";"0,0";"1,0";"0,0";"";"";"";"";"";"";"";"";"";"";"";""
"202428731,0";"2024-10-15";"02:44:00";"COM VÍTIMA";"FINALIZADA";"TOTO";"RUA DO NASCENTE";"200";"";"PROXIMO A ESCOLA MAIS ENSINO";"TOTO";"";"";"COLISÃO";"0,0";"1,0";"0,0";"0,0";"0,0";"0,0";"0,0";"0,0";"0,0";"1,0";"0,0";"";"";"";"";"";"";"";"";"";"";"";""
"202428733,0";"2024-10-15";"03:01:00";"COM VÍTIMA";"FINALIZADA";"BOA VIAGEM";"AVENIDA CELSO FURTADO (VIA MANGUE)";"";"";"POS O SUPERMERCADO ASSAI ATACADISTA  NA SAIDA QUE VAI PARA  IMBIRIBEIRA";"BOA VIAGEM";"";"";"COLISÃO";"0,0";"0,0";"0,0";"0,0";"0,0";"0,0";"0,0";"0,0";"0,0";"1,0";"0,0";"";"";"";"";"";"";"";"";"";"";"";""
"202428734,0";"2024-10-15";"03:11:00";"COM VÍTIMA";"CANCELADA";"ILHA DO LEITE";"AV GOVERNADOR AGAMENON MAGALHAES";"8663";"";"HOSPITAL PORTUGUES";"ILHA DO LEITE";"";"";"COLISÃO";"0,0";"1,0";"0,0";"0,0";"0,0";"0,0";"0,0";"0,0";"0,0";"1,0";"0,0";"";"";"";"";"";"";"";"";"";"";"";""
"202428736,0";"2024-10-15";"03:20:00";"COM VÍTIMA";"FINALIZADA";"BOA VIAGEM";"RUA BARAO DE SOUZA LEAO";"358";"";"APO MERCADO ARCO IRES / LAVANDEIRA NAPOLITANO/ ENFRENTE AO EDF BAROA DE SOUZA LEAO";"BOA VIAGEM";"";"";"COLISÃO";"0,0";"1,0";"0,0";"0,0";"0,0";"0,0";"0,0";"0,0";"0,0";"1,0";"0,0";"";"";"";"";"";"";"";"";"";"";"";""
"202428745,0";"2024-10-15";"05:27:00";"COM VÍTIMA";"FINALIZADA";"DOIS IRMAOS";"RUA MANUEL DE MEDEIROS";"232";"";"ANTES DA ESCOLA LIONS";"DOIS IRMAOS";"";"";"COLISÃO";"0,0";"1,0";"0,0";"0,0";"0,0";"0,0";"0,0";"0,0";"0,0";"1,0";"0,0";"";"";"";"";"";"";"";"";"";"";"";""
"202428749,0";"2024-10-15";"06:32:00";"COM VÍTIMA";"FINALIZADA";"NOVA DESCOBERTA";"RUA ALTO DO REFUGIO";"267";"";"EM FRENTE A CASA DE JAIRO MOTORISTA DA PEDROSA / PROX A BARRACA DE OTAVIO";"NOVA DESCOBERTA";"";"";"COLISÃO";"0,0";"1,0";"0,0";"0,0";"0,0";"0,0";"0,0";"0,0";"0,0";"1,0";"0,0";"";"";"";"";"";"";"";"";"";"";"";""
"202428759,0";"2024-10-15";"09:35:00";"COM VÍTIMA";"FINALIZADA";"AREIAS";"AV RECIFE";"";"";"FARMACIA PAGUE MENOS";"AREIAS";"";"";"COLISÃO TRANSVERSAL";"1,0";"1,0";"0,0";"0,0";"0,0";"0,0";"0,0";"0,0";"0,0";"1,0";"0,0";"";"";"";"";"";"";"";"";"";"";"";""
"202428763,0";"2024-10-15";"10:37:00";"COM VÍTIMA";"FINALIZADA";"MADALENA";"AV BEIRA RIO";"651";"RUA JOSE OSORIO";"";"MADALENA";"";"";"COLISÃO TRANSVERSAL";"1,0";"1,0";"0,0";"0,0";"0,0";"0,0";"0,0";"0,0";"0,0";"1,0";"0,0";"";"";"";"";"";"";"";"";"";"";"";""
"202428764,0";"2024-10-15";"11:24:00";"COM VÍTIMA";"FINALIZADA";"IPSEP";"AV RECIFE";"";"AV RAIMUNDO DINIZ";"";"IPSEP";"";"";"COLISÃO TRASEIRA";"1,0";"1,0";"0,0";"0,0";"0,0";"0,0";"0,0";"0,0";"0,0";"1,0";"0,0";"";"";"";"";"";"";"";"";"";"";"";""
"202428766,0";"2024-10-16";"01:06:00";"COM VÍTIMA";"FINALIZADA";"PINA";"AV REPUBLICA ARABE UNIDA";"";"";"ANTES DA ENTRADA PRINCIPAL DO RIO MAR";"PINA";"";"";"COLISÃO";"0,0";"1,0";"0,0";"0,0";"0,0";"0,0";"0,0";"0,0";"0,0";"2,0";"0,0";"";"";"";"";"";"";"";"";"";"";"";""
"202428776,0";"2024-10-16";"05:48:00";"COM VÍTIMA";"FINALIZADA";"BARRO";"AV DR JOSE RUFINO";"3131";"";"EM FRENTE 4º BECON";"BARRO";"";"";"COLISÃO FRONTAL";"1,0";"1,0";"0,0";"0,0";"0,0";"0,0";"0,0";"0,0";"0,0";"2,0";"0,0";"";"";"";"";"";"";"";"";"";"";"";""
"202428779,0";"2024-10-16";"06:02:00";"COM VÍTIMA";"FINALIZADA";"CAMPO GRANDE";"EST DE BELEM";"";"RUA ODORICO MENDES";"SEMAFORO 026, DE ESQUINA COM A FARMACIA DROGASIL";"CAMPO GRANDE";"";"";"COLISÃO";"0,0";"1,0";"0,0";"0,0";"0,0";"0,0";"0,0";"0,0";"0,0";"1,0";"0,0";"";"";"";"";"";"";"";"";"";"";"";""