"Protocolo";"data";"hora";"natureza";"situacao";"bairro";"endereco";"numero";"detalhe_endereco_acidente";"complemento";"bairro_cruzamento";"num_semaforo";"sentido_via";"tipo";"auto";"moto";"ciclom";"ciclista";"pedestre";"onibus";"caminhao";"viatura";"outros";"vitimas";"vitimasfatais";"acidente_verificado";"tempo_clima";"situacao_semaforo";"sinalizacao";"condicao_via";"conservacao_via";"ponto_controle";"situacao_placa";"velocidade_max_via";"mao_direcao";"divisao_via1";"divisao_via2"
"202428794,0";"2024-10-16";"08:03:00";"SEM VÍTIMA";"CANCELADA";"BOA VISTA";"RUA PRINCESA IZABEL";"5";"";"PROX A SECRETARIA DE DEFESA SOCIAL DE PERNAMBUCO";"BOA VISTA";"";"";"COLISÃO TRASEIRA";"0,0";"1,0";"0,0";"0,0";"0,0";"0,0";"0,0";"1,0";"0,0";"0,0";"0,0";"";"";"";"";"";"";"";"";"";"";"";""
"202428798,0";"2024-10-16";"09:05:00";"COM VÍTIMA";"FINALIZADA";"IBURA";"AV DOIS RIOS";"";"";"PCT NO ESTACIONAMENTO DA POLICLINICA ARNALD MARQUES";"IBURA";"";"";"COLISÃO";"0,0";"1,0";"0,0";"0,0";"0,0";"0,0";"0,0";"0,0";"0,0";"1,0";"0,0";"";"";"";"";"";"";"";"";"";"";"";""
"202428802,0";"2024-10-16";"09:33:00";"COM VÍTIMA";"FINALIZADA";"GRACAS";"AV RUI BARBOSA";"";"";"EM FRENTE AO COLEGIO MARISTA";"GRACAS";"";"";"COLISÃO";"0,0";"1,0";"0,0";"0,0";"0,0";"0,0";"0,0";"0,0";"0,0";"1,0";"0,0";"";"";"";"";"";"";"";"";"";"";"";""
"202428813,0";"2024-10-16";"10:26:00";"COM VÍTIMA";"CANCELADA";"LINHA DO TIRO";"RUA URIEL DE HOLANDA";"1090";"";"PRÓX. A LOJA DE SALGADOS  PATRÍCIA REFEIÇÃO";"LINHA DO TIRO";"";"";"COLISÃO";"0,0";"1,0";"0,0";"0,0";"0,0";"0,0";"0,0";"0,0";"0,0";"1,0";"0,0";"";"";"";"";"";"";"";"";"";"";"";""
"202428820,0";"2024-10-16";"11:40:00";"COM VÍTIMA";"FINALIZADA";"MADALENA";"RUA BENFICA";"1245";"";"APÓS O CLUBE  INTERNACIONAL // EM FRENTE AO COLÉGIO GGE";"MADALENA";"";"";"COLISÃO";"1,0";"1,0";"0,0";"0,0";"0,0";"0,0";"0,0";"0,0";"0,0";"1,0";"0,0";"";"";"";"";"";"";"";"";"";"";"";""
"202428828,0";"2024-10-16";"01:10:00";"COM VÍTIMA";"FINALIZADA";"VARZEA";"RUA FELICIO DOS SANTOS";"164";"";"PACIENTE ESTÁ NO CAMPO DO BEIRA RIO / PROX AO ATACAREJO";"VARZEA";"";"";"COLISÃO";"0,0";"1,0";"0,0";"0,0";"0,0";"0,0";"0,0";"0,0";"0,0";"1,0";"0,0";"";"";"";"";"";"";"";"";"";"";"";""
"202428835,0";"2024-10-16";"02:49:00";"COM VÍTIMA";"FINALIZADA";"BONGI";"RUA PADRE TEOFILO TWORZ";"31";"";"PROXIMO AO MIX MATEUS";"BONGI";"";"";"COLISÃO LATERAL";"1,0";"2,0";"0,0";"0,0";"0,0";"0,0";"0,0";"0,0";"0,0";"1,0";"0,0";"";"";"";"";"";"";"";"";"";"";"";""
"202428836,0";"2024-10-16";"02:50:00";"COM VÍTIMA";"FINALIZADA";"CAMPINA DO BARRETO";"RUA CONSOLACAO";"";"";"EM FRENTE AO POSTO DE SAÚDE IRMÃ TEREZINHA";"CAMPINA DO BARRETO";"";"";"COLISÃO";"0,0";"1,0";"0,0";"0,0";"0,0";"0,0";"0,0";"0,0";"0,0";"1,0";"0,0";"";"";"";"";"";"";"";"";"";"";"";""
"202428854,0";"2024-10-16";"04:04:00";"COM VÍTIMA";"FINALIZADA";"CAXANGA";"AV CAXANGA";"487";"";"EM FRENTE A CLINICA NÚCLEO SAUDE";"CAXANGA";"";"";"ATROPELAMENTO DE PESSOA";"0,0";"1,0";"0,0";"0,0";"1,0";"0,0";"0,0";"0,0";"0,0";"1,0";"0,0";"";"";"";"";"";"";"";"";"";"";"";""
"202428861,0";"2024-10-16";"04:35:00";"COM VÍTIMA";"FINALIZADA";"ARRUDA";"AV BEBERIBE";"";"";"PX AO ESTADIO DO ARRUDA, PX AO ARMAZEM CORAL";"ARRUDA";"";"";"COLISÃO";"0,0";"1,0";"0,0";"0,0";"0,0";"0,0";"0,0";"0,0";"0,0";"1,0";"0,0";"";"";"";"";"";"";"";"";"";"";"";""
"202428867,0";"2024-10-16";"05:50:00";"COM VÍTIMA";"FINALIZADA";"DOIS IRMAOS";"AV JOAQUIM RIBEIRO";"339";"";"EM FRENTE A FABRICA PINTO FORMOSO";"DOIS IRMAOS";"";"";"COLISÃO";"0,0";"1,0";"0,0";"0,0";"0,0";"0,0";"0,0";"0,0";"0,0";"1,0";"0,0";"";"";"";"";"";"";"";"";"";"";"";""
"202428884,0";"2024-10-16";"11:53:00";"COM VÍTIMA";"FINALIZADA";"BOA VIAGEM";"AV FERNANDO SIMOES BARBOSA";"830";"";"AO LADO DO POSTO SHELL";"BOA VIAGEM";"";"SUBURBIO";"COLISÃO";"2,0";"0,0";"0,0";"0,0";"0,0";"0,0";"0,0";"0,0";"0,0";"1,0";"0,0";"";"";"";"";"";"";"";"";"";"";"";""
"202428886,0";"2024-10-17";"12:34:00";"SEM VÍTIMA";"FINALIZADA";"BOA VIAGEM";"RUA RAUL AZEDO";"";"RUA FREI LEANDRO";"EM FRENTE AO EDIFÍCIO CLARISSE ROMA";"BOA VIAGEM";"";"SUBURBIO";"CHOQUE";"0,0";"0,0";"0,0";"0,0";"0,0";"1,0";"0,0";"1,0";"0,0";"0,0";"0,0";"";"";"";"";"";"";"";"";"";"";"";""
"202428903,0";"2024-10-17";"06:52:00";"COM VÍTIMA";"FINALIZADA";"IBURA";"AV DOIS RIOS";"";"";"PROX. AO SESI DO IBURA";"IBURA";"";"";"COLISÃO";"0,0";"1,0";"0,0";"0,0";"0,0";"0,0";"0,0";"0,0";"0,0";"1,0";"0,0";"";"";"";"";"";"";"";"";"";"";"";""
"202428907,0";"2024-10-17";"07:56:00";"SEM VÍTIMA";"FINALIZADA";"CASA AMARELA";"AV NORTE MIGUEL ARRAES DE ALENCAR";"";"RUA CABO EPITACIO LUCENA";"SOB O SEMÁFORO 677";"CASA AMARELA";"";"SUBURBIO";"COLISÃO LATERAL";"1,0";"0,0";"0,0";"0,0";"0,0";"1,0";"0,0";"0,0";"0,0";"0,0";"0,0";"";"";"";"";"";"";"";"";"";"";"";""
"202428909,0";"2024-10-17";"08:16:00";"COM VÍTIMA";"FINALIZADA";"MADALENA";"AV VISCONDE DE ALBUQUERQUE";"543";"";"EM FRENTE AO HOSPITAL D'AVILA";"MADALENA";"";"";"COLISÃO";"0,0";"1,0";"0,0";"0,0";"0,0";"0,0";"0,0";"0,0";"0,0";"1,0";"0,0";"";"";"";"";"";"";"";"";"";"";"";""
"202428910,0";"2024-10-17";"08:17:00";"COM VÍTIMA";"FINALIZADA";"ARRUDA";"AV PROFESSOR JOSE DOS ANJOS";"1371";"";"ANTES DA SEDE DA TROPA DE MC SHEVER E CHENCO //  LANCHONETE AÇAÍ DA LINA";"ARRUDA";"";"";"COLISÃO";"0,0";"1,0";"0,0";"0,0";"0,0";"0,0";"0,0";"0,0";"0,0";"1,0";"0,0";"";"";"";"";"";"";"";"";"";"";"";""
"202428914,0";"2024-10-17";"08:58:00";"SEM VÍTIMA";"FINALIZADA";"BONGI";"RUA PADRE TEOFILO TWORZ";"";"RUA SANTA EDWIRGES";"PRÓXIMO AO MIX MATEUS E ARQUIVO DO TRIBUNAL DE JUSTIÇA DE PERNAMBUCO";"BONGI";"";"";"COLISÃO";"2,0";"0,0";"0,0";"0,0";"0,0";"0,0";"0,0";"0,0";"0,0";"0,0";"0,0";"";"";"";"";"";"";"";"";"";"";"";""
"202428924,0";"2024-10-17";"10:20:00";"COM VÍTIMA";"FINALIZADA";"TORROES";"AV ENGENHEIRO ABDIAS DE CARVALHO";"7546";"";"PRÓX. A UPA DOS TORRÕES  //  SENTIDO RECIFE";"TORROES";"";"";"COLISÃO";"0,0";"1,0";"0,0";"0,0";"0,0";"0,0";"0,0";"0,0";"0,0";"1,0";"0,0";"";"";"";"";"";"";"";"";"";"";"";""
"202428930,0";"2024-10-17";"11:08:00";"COM VÍTIMA";"FINALIZADA";"BOA VIAGEM";"AV BOA VIAGEM";"4862";"";"EM FRENTE A PRAÇA DE BOA VIAGEM";"BOA VIAGEM";"";"";"COLISÃO LATERAL";"1,0";"1,0";"0,0";"0,0";"0,0";"0,0";"0,0";"0,0";"0,0";"1,0";"0,0";"";"";"";"";"";"";"";"";"";"";"";""
"202428937,0";"2024-10-17";"12:27:00";"COM VÍTIMA";"FINALIZADA";"MACAXEIRA";"AV NORTE MIGUEL ARRAES DE ALENCAR";"7163";"";"EM FRENTE A ESCOLA  NADIR COLAÇO ( E.M.T.I. )";"MACAXEIRA";"";"";"COLISÃO";"0,0";"1,0";"0,0";"1,0";"0,0";"0,0";"0,0";"0,0";"0,0";"2,0";"0,0";"";"";"";"";"";"";"";"";"";"";"";""
"202428942,0";"2024-10-17";"01:21:00";"COM VÍTIMA";"FINALIZADA";"ILHA DO RETIRO";"RUA SENADOR FABIO DE BARROS";"319";"";"PX CLUBE DO SPORTE";"ILHA DO RETIRO";"";"";"COLISÃO";"0,0";"1,0";"0,0";"0,0";"0,0";"0,0";"0,0";"0,0";"0,0";"1,0";"0,0";"";"";"";"";"";"";"";"";"";"";"";""
"202428943,0";"2024-10-17";"01:21:00";"COM VÍTIMA";"FINALIZADA";"APIPUCOS";"RUA DE APIPUCOS";"685";"";"PROX AO N 685/ PROX AO RESIDENCIAL APIPUCOS/ PROX AO ACUDE";"APIPUCOS";"";"";"COLISÃO LATERAL";"1,0";"1,0";"0,0";"0,0";"0,0";"0,0";"0,0";"0,0";"0,0";"1,0";"0,0";"";"";"";"";"";"";"";"";"";"";"";""
"202428949,0";"2024-10-17";"03:11:00";"COM VÍTIMA";"FINALIZADA";"ILHA DO RETIRO";"AV ENGENHEIRO ABDIAS DE CARVALHO";"4401";"";"EM FRENTE CAMPO DO SPORT";"ILHA DO RETIRO";"";"";"COLISÃO";"0,0";"1,0";"0,0";"0,0";"0,0";"0,0";"0,0";"0,0";"0,0";"1,0";"0,0";"";"";"";"";"";"";"";"";"";"";"";""
"202428954,0";"2024-10-17";"04:11:00";"COM VÍTIMA";"FINALIZADA";"BOA VIAGEM";"AVENIDA CELSO FURTADO (VIA MANGUE)";"";"";"DEPOIS DO CARREGOU, ANTES DA ENTRADA DO HOSPITAL BOA VIAGEM";"BOA VIAGEM";"";"";"COLISÃO LATERAL";"1,0";"1,0";"0,0";"0,0";"0,0";"0,0";"0,0";"0,0";"0,0";"1,0";"0,0";"";"";"";"";"";"";"";"";"";"";"";""
"202428959,0";"2024-10-17";"05:42:00";"COM VÍTIMA";"FINALIZADA";"IMBIRIBEIRA";"AV MARECHAL MASCARENHAS DE MORAES";"7763";"";"EM FRENTE A LOJA TRIUNTH";"IMBIRIBEIRA";"";"";"COLISÃO";"0,0";"1,0";"0,0";"0,0";"0,0";"0,0";"0,0";"0,0";"0,0";"1,0";"0,0";"";"";"";"";"";"";"";"";"";"";"";""
"202428962,0";"2024-10-17";"06:20:00";"SEM VÍTIMA";"FINALIZADA";"AREIAS";"AV RECIFE";"";"";"EM FRENTE AO ATACADÃO, AO LADO DO SEMÁFORO Nº 461";"AREIAS";"";"CIDADE";"COLISÃO";"0,0";"0,0";"0,0";"0,0";"0,0";"0,0";"0,0";"1,0";"1,0";"0,0";"0,0";"";"";"";"";"";"";"";"";"";"";"";""
"202428964,0";"2024-10-17";"06:54:00";"COM VÍTIMA";"FINALIZADA";"JOANA BEZERRA";"VIADUTO CAPITAO TEMUDO";"";"";"ENCIMA DO VIADUTO";"JOANA BEZERRA";"";"";"COLISÃO TRASEIRA";"0,0";"2,0";"0,0";"0,0";"0,0";"0,0";"0,0";"0,0";"0,0";"1,0";"0,0";"";"";"";"";"";"";"";"";"";"";"";""
"202428998,0";"2024-10-18";"08:32:00";"COM VÍTIMA";"FINALIZADA";"ILHA DO LEITE";"AV GOVERNADOR AGAMENON MAGALHAES";"";"";"SENT. OLINDA PROX. AO BANCO ITAU";"ILHA DO LEITE";"";"";"COLISÃO";"0,0";"1,0";"0,0";"0,0";"0,0";"0,0";"0,0";"0,0";"0,0";"1,0";"0,0";"";"";"";"";"";"";"";"";"";"";"";""
"202429000,0";"2024-10-18";"09:55:00";"COM VÍTIMA";"FINALIZADA";"IBURA";"AV DOIS RIOS";"";"";"REF: EM FRENTE A UPA E";"IBURA";"";"";"COLISÃO FRONTAL";"1,0";"1,0";"0,0";"0,0";"0,0";"0,0";"0,0";"0,0";"0,0";"1,0";"0,0";"";"";"";"";"";"";"";"";"";"";"";""
"202429001,0";"2024-10-18";"10:05:00";"SEM VÍTIMA";"FINALIZADA";"DERBY";"AV GOVERNADOR AGAMENON MAGALHAES";"";"RUA DOM BOSCO";"LADO OPOSTO AO HOSPITAL DA RESTAURAÇÃO";"DERBY";"174,0";"";"COLISÃO TRASEIRA";"2,0";"0,0";"0,0";"0,0";"0,0";"0,0";"0,0";"0,0";"0,0";"0,0";"0,0";"";"";"";"";"";"";"";"";"";"";"";""
"202429002,0";"2024-10-18";"10:16:00";"VÍTIMA FATAL";"FINALIZADA";"GRACAS";"AV RUI BARBOSA";"";"RUA SENADOR ALBERTO PAIVA";"";"GRACAS";"";"";"ATROPELAMENTO DE PESSOA";"1,0";"0,0";"0,0";"0,0";"1,0";"0,0";"0,0";"0,0";"0,0";"0,0";"1,0";"";"";"";"";"";"";"";"";"";"";"";""
"202429003,0";"2024-10-18";"10:19:00";"COM VÍTIMA";"FINALIZADA";"PRADO";"AV ENGENHEIRO ABDIAS DE CARVALHO";"";"";"PROX. AO POSTO DE GASOLINA DISLUB E BIG CAR";"PRADO";"";"";"COLISÃO";"0,0";"1,0";"0,0";"0,0";"0,0";"0,0";"0,0";"0,0";"0,0";"1,0";"0,0";"";"";"";"";"";"";"";"";"";"";"";""
"202429005,0";"2024-10-18";"10:47:00";"SEM VÍTIMA";"FINALIZADA";"ILHA DO LEITE";"RUA ANTONIO GOMES DE FREITAS";"265";"";"EM FRENTE A EMERGENCIA DO HOSPITAL ESPERANÇA";"ILHA DO LEITE";"";"";"COLISÃO";"1,0";"0,0";"0,0";"0,0";"0,0";"0,0";"0,0";"0,0";"1,0";"0,0";"0,0";"";"";"";"";"";"";"";"";"";"";"";""
"202429009,0";"2024-10-18";"11:31:00";"COM VÍTIMA";"FINALIZADA";"SAO JOSE";"RUA VELHA";"5";"";"EM FRENTE A COMPESA  //  PRÓ. AO  CAIS JOSÉ MARIANO  ( NA PONTE SEIS DE MARÇO )";"SAO JOSE";"";"";"COLISÃO";"0,0";"1,0";"0,0";"0,0";"0,0";"0,0";"0,0";"0,0";"0,0";"1,0";"0,0";"";"";"";"";"";"";"";"";"";"";"";""
"202429014,0";"2024-10-18";"12:42:00";"COM VÍTIMA";"FINALIZADA";"JARDIM SAO PAULO";"AV RECIFE";"5536";"";"E/F AO POSTO DE GASOLINA BR  EO DISTRIBUIDORA SN";"JARDIM SAO PAULO";"";"";"COLISÃO";"0,0";"0,0";"0,0";"0,0";"0,0";"0,0";"0,0";"0,0";"0,0";"1,0";"0,0";"";"";"";"";"";"";"";"";"";"";"";""
"202429015,0";"2024-10-18";"02:40:00";"COM VÍTIMA";"FINALIZADA";"CORDEIRO";"RUA DR MIGUEL VIEIRA FERREIRA";"";"";"PROX AO DEPOSITO DE BEBIDAS DO BETO";"CORDEIRO";"";"";"COLISÃO";"0,0";"0,0";"0,0";"0,0";"0,0";"0,0";"0,0";"0,0";"0,0";"1,0";"0,0";"";"";"";"";"";"";"";"";"";"";"";""
"202429024,0";"2024-10-18";"03:32:00";"COM VÍTIMA";"FINALIZADA";"AFOGADOS";"LGO VILA SAO MIGUEL";"1336";"";"EM FRENTE A CESAR MOTOS / APROX AO BODE DO NO";"AFOGADOS";"";"";"COLISÃO LATERAL";"1,0";"1,0";"0,0";"0,0";"0,0";"0,0";"0,0";"0,0";"0,0";"2,0";"0,0";"";"";"";"";"";"";"";"";"";"";"";""
"202429036,0";"2024-10-18";"04:39:00";"COM VÍTIMA";"FINALIZADA";"AFOGADOS";"RUA SAO MIGUEL";"1758";"";"EM FRENTE AO ATACAREJO";"AFOGADOS";"";"";"COLISÃO";"0,0";"1,0";"0,0";"0,0";"0,0";"0,0";"0,0";"0,0";"0,0";"1,0";"0,0";"";"";"";"";"";"";"";"";"";"";"";""
"202429051,0";"2024-10-18";"07:43:00";"COM VÍTIMA";"FINALIZADA";"CASA FORTE";"AV DEZESSETE DE AGOSTO";"";"";"EM FRENTE AO CENTRO MÉDICO SENADOR JOSÉ HERMIRIO DE MORAES";"CASA FORTE";"";"";"";"1,0";"1,0";"0,0";"0,0";"0,0";"0,0";"0,0";"0,0";"0,0";"1,0";"0,0";"";"";"";"";"";"";"";"";"";"";"";""
"202429054,0";"2024-10-18";"08:57:00";"COM VÍTIMA";"FINALIZADA";"BOA VISTA";"";"";"RUA DOM BOSCO";"EM FRENTE AO POSTO DE COMBUSTIVEL BR";"BOA VISTA";"";"";"COLISÃO";"1,0";"1,0";"0,0";"0,0";"0,0";"0,0";"0,0";"0,0";"0,0";"1,0";"0,0";"";"";"";"";"";"";"";"";"";"";"";""
"202429057,0";"2024-10-19";"06:14:00";"COM VÍTIMA";"CANCELADA";"JAQUEIRA";"RUA DO FUTURO";"";"";".EM FRENTE AO EDF VILA MARIANA 375";"JAQUEIRA";"";"";"COLISÃO";"0,0";"1,0";"0,0";"0,0";"0,0";"0,0";"0,0";"0,0";"0,0";"1,0";"0,0";"";"";"";"";"";"";"";"";"";"";"";""
"202429071,0";"2024-10-19";"07:48:00";"SEM VÍTIMA";"FINALIZADA";"SANTO AMARO";"RUA JOAO LIRA";"143";"RUA DA SAUDADE";"PARQUE TREZE DE MAIO";"SANTO AMARO";"308,0";"SUBURBIO";"COLISÃO LATERAL";"0,0";"1,0";"0,0";"0,0";"0,0";"0,0";"0,0";"1,0";"0,0";"0,0";"0,0";"";"";"";"";"";"";"";"";"";"";"";""
"202429079,0";"2024-10-19";"08:41:00";"COM VÍTIMA";"FINALIZADA";"CASA AMARELA";"AV NORTE MIGUEL ARRAES DE ALENCAR";"";"";"PROX A HONDA PRIOX A IGREJA DO AMOR";"CASA AMARELA";"";"";"COLISÃO";"0,0";"1,0";"0,0";"0,0";"0,0";"0,0";"0,0";"0,0";"0,0";"1,0";"0,0";"";"";"";"";"";"";"";"";"";"";"";""
"202429093,0";"2024-10-19";"09:59:00";"COM VÍTIMA";"FINALIZADA";"VARZEA";"AV AFONSO OLINDENSE";"";"";"EM FRENTE A FARMACIA PAGUE MENOS,  PROX. A SECRETARIA DE EDUCAÇÃO";"VARZEA";"";"";"COLISÃO";"0,0";"1,0";"0,0";"0,0";"0,0";"0,0";"0,0";"0,0";"0,0";"1,0";"0,0";"";"";"";"";"";"";"";"";"";"";"";""
"202429105,0";"2024-10-19";"11:04:00";"SEM VÍTIMA";"FINALIZADA";"CORDEIRO";"AV CAXANGA";"1214";"RUA GREGORIO JUNIOR";"AO LADO DA FUNERÁRIA SANTA PAULA";"CORDEIRO";"236,0";"CIDADE";"COLISÃO LATERAL";"1,0";"0,0";"0,0";"0,0";"0,0";"1,0";"0,0";"0,0";"0,0";"0,0";"0,0";"";"";"";"";"";"";"";"";"";"";"";""
"202429107,0";"2024-10-19";"11:20:00";"SEM VÍTIMA";"FINALIZADA";"AFOGADOS";"AV ENGENHEIRO ABDIAS DE CARVALHO";"2056";"EST DOS REMEDIOS";"";"AFOGADOS";"52,0";"CIDADE";"COLISÃO LATERAL";"1,0";"0,0";"0,0";"0,0";"0,0";"0,0";"0,0";"1,0";"0,0";"0,0";"0,0";"";"";"";"";"";"";"";"";"";"";"";""
"202429112,0";"2024-10-19";"11:54:00";"COM VÍTIMA";"FINALIZADA";"IBURA";"AV CHAPADA DO ARARIPE";"";"";"MONTE VERDE, PROX. A SORVETERIA CIA DO SORVETE";"IBURA";"";"";"COLISÃO";"0,0";"1,0";"0,0";"0,0";"0,0";"0,0";"0,0";"0,0";"0,0";"1,0";"0,0";"";"";"";"";"";"";"";"";"";"";"";""
"202429123,0";"2024-10-19";"12:44:00";"COM VÍTIMA";"FINALIZADA";"BOA VIAGEM";"RUA DOS NAVEGANTES";"";"";"PROX. AO PAO DE AÇUCAR";"BOA VIAGEM";"";"";"COLISÃO";"0,0";"1,0";"0,0";"0,0";"0,0";"0,0";"0,0";"0,0";"0,0";"1,0";"0,0";"";"";"";"";"";"";"";"";"";"";"";""
"202429127,0";"2024-10-19";"01:51:00";"COM VÍTIMA";"CANCELADA";"NOVA DESCOBERTA";"";"";"AV CHAGAS FERREIRA";"RUA FREI DAMIÃO/ PROXIMO AO CAMPO SANTA TERESA";"NOVA DESCOBERTA";"";"";"COLISÃO";"0,0";"1,0";"0,0";"0,0";"0,0";"0,0";"0,0";"0,0";"0,0";"1,0";"0,0";"";"";"";"";"";"";"";"";"";"";"";""
"202429131,0";"2024-10-19";"02:18:00";"COM VÍTIMA";"FINALIZADA";"VARZEA";"RUA GASTAO VIDIGAL";"1305";"";"PROXIMO A UPA DA CAXANGA E AO PADRE CICERO";"VARZEA";"";"";"COLISÃO TRASEIRA";"0,0";"2,0";"0,0";"0,0";"0,0";"0,0";"0,0";"0,0";"0,0";"1,0";"0,0";"";"";"";"";"";"";"";"";"";"";"";""
"202429141,0";"2024-10-19";"04:23:00";"COM VÍTIMA";"FINALIZADA";"ILHA DO RETIRO";"PRC DA BANDEIRA";"";"";"NA SAIDA DO TUNEL CHICO SCIENCE";"ILHA DO RETIRO";"";"";"COLISÃO";"0,0";"1,0";"0,0";"0,0";"0,0";"0,0";"0,0";"0,0";"0,0";"1,0";"0,0";"";"";"";"";"";"";"";"";"";"";"";""
"202429143,0";"2024-10-19";"04:36:00";"COM VÍTIMA";"FINALIZADA";"IPUTINGA";"RUA SAO MATEUS";"1230";"";"FARMACIA DROGASIL E PROXIMO A IGREJA BATISTA CENTRAL";"IPUTINGA";"";"";"COLISÃO";"0,0";"1,0";"0,0";"0,0";"0,0";"0,0";"0,0";"0,0";"0,0";"1,0";"0,0";"";"";"";"";"";"";"";"";"";"";"";""
"202429144,0";"2024-10-19";"05:00:00";"COM VÍTIMA";"FINALIZADA";"SAO JOSE";"RUA DA CONCORDIA";"";"RUA TOBIAS BARRETO";"";"SAO JOSE";"";"";"COLISÃO TRANSVERSAL";"1,0";"1,0";"0,0";"0,0";"0,0";"0,0";"0,0";"0,0";"0,0";"1,0";"0,0";"";"";"";"";"";"";"";"";"";"";"";""
"202429149,0";"2024-10-19";"08:05:00";"SEM VÍTIMA";"FINALIZADA";"VARZEA";"RUA GASTAO VIDIGAL";"720";"";"MRR COMÉRCIO DE PEÇAS AUTOMOTIVAS";"VARZEA";"";"SUBURBIO";"COLISÃO TRASEIRA";"2,0";"0,0";"0,0";"0,0";"0,0";"0,0";"0,0";"0,0";"0,0";"0,0";"0,0";"";"";"";"";"";"";"";"";"";"";"";""
"202429159,0";"2024-10-20";"12:35:00";"COM VÍTIMA";"FINALIZADA";"BOA VIAGEM";"AV ENGENHEIRO DOMINGOS FERREIRA";"2600";"RUA PROFESSOR JOSE BRANDAO";"SEMAFORO 550";"BOA VIAGEM";"550,0";"";"COLISÃO TRANSVERSAL";"1,0";"1,0";"0,0";"0,0";"0,0";"0,0";"0,0";"0,0";"0,0";"1,0";"0,0";"";"";"";"";"";"";"";"";"";"";"";""
"202429161,0";"2024-10-20";"02:04:00";"COM VÍTIMA";"FINALIZADA";"BOA VIAGEM";"AV BOA VIAGEM";"634";"";"EDIFICIO JOSE ESTALCIO VIEIRA";"BOA VIAGEM";"";"";"CHOQUE";"3,0";"0,0";"0,0";"0,0";"0,0";"0,0";"0,0";"1,0";"0,0";"1,0";"0,0";"";"";"";"";"";"";"";"";"";"";"";""
"202429165,0";"2024-10-20";"06:03:00";"COM VÍTIMA";"FINALIZADA";"DOIS IRMAOS";"EST DOS PINTOS";"";"";"NA ENTRADA DO SITIO DOS PINTOS";"DOIS IRMAOS";"";"";"COLISÃO";"0,0";"1,0";"0,0";"0,0";"0,0";"0,0";"0,0";"0,0";"0,0";"1,0";"0,0";"";"";"";"";"";"";"";"";"";"";"";""
"202429190,0";"2024-10-20";"11:57:00";"COM VÍTIMA";"FINALIZADA";"CORDEIRO";"RUA EDUARDO FONSECA";"286";"";"PRÓX. AO HOSPITAL VETERANO DO RECIFE";"CORDEIRO";"";"";"COLISÃO";"0,0";"1,0";"0,0";"0,0";"0,0";"0,0";"0,0";"0,0";"0,0";"1,0";"0,0";"";"";"";"";"";"";"";"";"";"";"";""
"202429208,0";"2024-10-20";"05:25:00";"COM VÍTIMA";"FINALIZADA";"AGUA FRIA";"RUA AQUINOPOLIS";"285";"";"POR TRAS DA PADARIA DO SIGISMUNDO LUIZ";"AGUA FRIA";"";"";"CAPOTAMENTO";"1,0";"0,0";"0,0";"0,0";"0,0";"0,0";"0,0";"0,0";"0,0";"1,0";"0,0";"";"";"";"";"";"";"";"";"";"";"";""
"202429214,0";"2024-10-20";"07:09:00";"COM VÍTIMA";"FINALIZADA";"MADALENA";"AV CAXANGA";"";"";"EM FRENTE AO BANCO SANTANDER";"MADALENA";"";"";"COLISÃO";"2,0";"1,0";"0,0";"0,0";"0,0";"0,0";"0,0";"0,0";"0,0";"2,0";"0,0";"";"";"";"";"";"";"";"";"";"";"";""
"202429219,0";"2024-10-20";"07:57:00";"COM VÍTIMA";"FINALIZADA";"CASA AMARELA";"EST DO ENCANAMENTO";"";"";"APÓS RESTAURANTE BERCY";"CASA AMARELA";"";"CIDADE";"COLISÃO";"1,0";"1,0";"0,0";"0,0";"0,0";"0,0";"0,0";"0,0";"0,0";"1,0";"0,0";"";"";"";"";"";"";"";"";"";"";"";""
"202429220,0";"2024-10-20";"08:15:00";"COM VÍTIMA";"FINALIZADA";"COHAB";"AV DOZE DE JUNHO";"365";"";"PRÓXIMO AO TREVO";"COHAB";"";"";"COLISÃO";"1,0";"1,0";"0,0";"0,0";"0,0";"0,0";"0,0";"0,0";"0,0";"1,0";"0,0";"";"";"";"";"";"";"";"";"";"";"";""
"202429224,0";"2024-10-20";"08:48:00";"COM VÍTIMA";"FINALIZADA";"BOA VIAGEM";"AV CONSELHEIRO AGUIAR";"1212";"";"EM FRENTE À CASA DESIGN";"BOA VIAGEM";"";"CIDADE";"COLISÃO";"0,0";"2,0";"0,0";"0,0";"0,0";"0,0";"0,0";"0,0";"0,0";"2,0";"0,0";"";"";"";"";"";"";"";"";"";"";"";""
"202429238,0";"2024-10-21";"07:53:00";"COM VÍTIMA";"FINALIZADA";"IPSEP";"RUA RIO AMAZONAS";"";"";".PROX A ANTIGA PADARIA AMAZONAS , COLEGIO AVANÇO";"IPSEP";"";"";"COLISÃO";"0,0";"1,0";"0,0";"0,0";"0,0";"0,0";"0,0";"0,0";"0,0";"1,0";"0,0";"";"";"";"";"";"";"";"";"";"";"";""