"Protocolo";"data";"hora";"natureza";"situacao";"bairro";"endereco";"numero";"detalhe_endereco_acidente";"complemento";"bairro_cruzamento";"num_semaforo";"sentido_via";"tipo";"auto";"moto";"ciclom";"ciclista";"pedestre";"onibus";"caminhao";"viatura";"outros";"vitimas";"vitimasfatais";"acidente_verificado";"tempo_clima";"situacao_semaforo";"sinalizacao";"condicao_via";"conservacao_via";"ponto_controle";"situacao_placa";"velocidade_max_via";"mao_direcao";"divisao_via1";"divisao_via2"
"202429240,0";"2024-10-21";"08:50:00";"COM VÍTIMA";"FINALIZADA";"SAO JOSE";"RUA IMPERIAL";"1639";"";"PROX. AO JUCEP  // PROX A REDE BRASIL DE COMUNICAÇÃO";"SAO JOSE";"";"";"COLISÃO";"0,0";"1,0";"0,0";"0,0";"0,0";"0,0";"0,0";"0,0";"0,0";"1,0";"0,0";"";"";"";"";"";"";"";"";"";"";"";""
"202429245,0";"2024-10-21";"01:15:00";"COM VÍTIMA";"FINALIZADA";"BEBERIBE";"AV BEBERIBE";"";"RUA MEM DE SA";"PROXIMO COLCHÕES EXPRESS";"BEBERIBE";"";"";"COLISÃO";"0,0";"0,0";"0,0";"0,0";"0,0";"0,0";"0,0";"0,0";"0,0";"1,0";"0,0";"";"";"";"";"";"";"";"";"";"";"";""
"202429265,0";"2024-10-21";"04:41:00";"COM VÍTIMA";"FINALIZADA";"DOIS IRMAOS";"RUA DOIS IRMAOS";"1031";"";"EMBAIXO DO VIADUTO DE DOIS IRMÃOS";"DOIS IRMAOS";"";"";"COLISÃO";"0,0";"1,0";"0,0";"0,0";"0,0";"0,0";"0,0";"0,0";"0,0";"1,0";"0,0";"";"";"";"";"";"";"";"";"";"";"";""
"202429267,0";"2024-10-21";"04:44:00";"COM VÍTIMA";"FINALIZADA";"CAMPO GRANDE";"EST DE BELEM";"443";"RUA VICENTE PIZZON";"EM FRENTE A SETIMA ARTE/ PROX AO PINDOBA";"CAMPO GRANDE";"";"";"COLISÃO LATERAL";"1,0";"1,0";"0,0";"0,0";"0,0";"0,0";"0,0";"0,0";"0,0";"1,0";"0,0";"";"";"";"";"";"";"";"";"";"";"";""
"202429270,0";"2024-10-21";"05:04:00";"COM VÍTIMA";"FINALIZADA";"BOA VIAGEM";"RUA RIBEIRO DE BRITO";"";"RUA AGENOR LOPES";"POSTO BR";"BOA VIAGEM";"";"";"COLISÃO FRONTAL";"1,0";"1,0";"0,0";"0,0";"0,0";"0,0";"0,0";"0,0";"0,0";"1,0";"0,0";"";"";"";"";"";"";"";"";"";"";"";""
"202429273,0";"2024-10-21";"05:32:00";"COM VÍTIMA";"FINALIZADA";"FUNDAO";"AV BEBERIBE";"";"";"PX A IGREJA BATISTA, EM FRENTE A PRAÇA DO FUNDAO";"FUNDAO";"";"";"COLISÃO";"0,0";"1,0";"0,0";"0,0";"0,0";"0,0";"0,0";"0,0";"0,0";"1,0";"0,0";"";"";"";"";"";"";"";"";"";"";"";""
"202429275,0";"2024-10-21";"05:39:00";"COM VÍTIMA";"FINALIZADA";"CAXANGA";"AV CAXANGA";"11247";"";"PROX A DROGARIA BONGI - PROX A MOTO CRUZ";"CAXANGA";"";"";"COLISÃO";"0,0";"1,0";"0,0";"0,0";"0,0";"0,0";"0,0";"0,0";"0,0";"1,0";"0,0";"";"";"";"";"";"";"";"";"";"";"";""
"202429278,0";"2024-10-21";"06:44:00";"COM VÍTIMA";"FINALIZADA";"TORROES";"AV ENGENHEIRO ABDIAS DE CARVALHO";"467";"";"EM FRENTE AO PLANETA SHOW";"TORROES";"";"";"COLISÃO";"0,0";"1,0";"0,0";"0,0";"0,0";"0,0";"0,0";"0,0";"0,0";"1,0";"0,0";"";"";"";"";"";"";"";"";"";"";"";""
"202429279,0";"2024-10-21";"06:56:00";"COM VÍTIMA";"DUPLICIDADE";"DOIS IRMAOS";"RUA DOIS IRMAOS";"1031";"";"EMBAIXO DO VIADUTO DE DOIS IRMÃOS";"DOIS IRMAOS";"";"";"COLISÃO";"0,0";"1,0";"0,0";"0,0";"0,0";"0,0";"0,0";"0,0";"0,0";"1,0";"0,0";"";"";"";"";"";"";"";"";"";"";"";""
"202429282,0";"2024-10-21";"07:32:00";"COM VÍTIMA";"FINALIZADA";"SAO JOSE";"RUA FLORIANO PEIXOTO";"";"";"CASA DA CULTURA";"SAO JOSE";"668,0";"";"CHOQUE";"0,0";"0,0";"0,0";"0,0";"1,0";"0,0";"0,0";"0,0";"0,0";"1,0";"0,0";"";"";"";"";"";"";"";"";"";"";"";""
"202429311,0";"2024-10-22";"06:57:00";"COM VÍTIMA";"FINALIZADA";"COHAB";"AV ENGENHO SERRA VERDE";"";"";"UR-03 PROX. AO MIX MATEUS E BANCA MONTE CARLOS";"COHAB";"";"";"COLISÃO";"0,0";"1,0";"0,0";"0,0";"0,0";"0,0";"0,0";"0,0";"0,0";"1,0";"0,0";"";"";"";"";"";"";"";"";"";"";"";""
"202429312,0";"2024-10-22";"06:58:00";"VÍTIMA FATAL";"FINALIZADA";"BOMBA DO HEMETERIO";"RUA BOMBA DO HEMETERIO";"";"";"PROXIMO AO MERCADINHO PAULISTA";"BOMBA DO HEMETERIO";"";"";"COLISÃO";"1,0";"1,0";"0,0";"0,0";"0,0";"0,0";"0,0";"0,0";"0,0";"0,0";"1,0";"";"";"";"";"";"";"";"";"";"";"";""
"202429322,0";"2024-10-22";"08:20:00";"COM VÍTIMA";"FINALIZADA";"IMBIRIBEIRA";"RUA SUELI LUNA MENELAU";"353";"";"EM FRENTE AO COLÉGIO PINHEIROS  //   PRÓX A ELICAR  MOTOS";"IMBIRIBEIRA";"";"";"COLISÃO";"0,0";"1,0";"0,0";"0,0";"0,0";"0,0";"0,0";"0,0";"0,0";"1,0";"0,0";"";"";"";"";"";"";"";"";"";"";"";""
"202429330,0";"2024-10-22";"09:27:00";"COM VÍTIMA";"FINALIZADA";"SANTO ANTONIO";"RUA DA PRAIA";"1603";"";"EM FRENTE A NARCISO ENXOVAIS";"SANTO ANTONIO";"";"";"COLISÃO";"0,0";"1,0";"0,0";"0,0";"0,0";"0,0";"0,0";"0,0";"0,0";"1,0";"0,0";"";"";"";"";"";"";"";"";"";"";"";""
"202429332,0";"2024-10-22";"09:59:00";"COM VÍTIMA";"FINALIZADA";"IPSEP";"RUA ITANAGE";"12";"";"PRÓX. A OFICINA ALMEIDA  MOTOS //  PRÓX A R 13  REPARAÇÃO  AUTOMOTIVA";"IPSEP";"";"";"COLISÃO";"0,0";"1,0";"0,0";"0,0";"0,0";"0,0";"0,0";"0,0";"0,0";"1,0";"0,0";"";"";"";"";"";"";"";"";"";"";"";""
"202429335,0";"2024-10-22";"10:16:00";"COM VÍTIMA";"FINALIZADA";"IMBIRIBEIRA";"AV MARECHAL MASCARENHAS DE MORAES";"";"";"EM FRENTE A TOYOLEX SENTIDO CIDADE";"IMBIRIBEIRA";"";"";"COLISÃO";"0,0";"1,0";"0,0";"0,0";"0,0";"0,0";"0,0";"0,0";"0,0";"1,0";"0,0";"";"";"";"";"";"";"";"";"";"";"";""
"202429354,0";"2024-10-22";"12:25:00";"COM VÍTIMA";"FINALIZADA";"ARRUDA";"AV BEBERIBE";"";"";"EM FRENTE A CASA DE SHOW BATE PAPO";"ARRUDA";"";"";"COLISÃO";"0,0";"1,0";"0,0";"0,0";"0,0";"0,0";"0,0";"0,0";"0,0";"1,0";"0,0";"";"";"";"";"";"";"";"";"";"";"";""
"202429366,0";"2024-10-22";"02:08:00";"COM VÍTIMA";"FINALIZADA";"SANTO AMARO";"AV VISCONDE DE SUASSUNA";"875";"AV CRUZ CABUGA";"ESQUINA DO MINISTERIO PUBLICO";"SANTO AMARO";"";"";"COLISÃO LATERAL";"1,0";"1,0";"0,0";"0,0";"0,0";"0,0";"0,0";"0,0";"0,0";"1,0";"0,0";"";"";"";"";"";"";"";"";"";"";"";""
"202429367,0";"2024-10-22";"02:09:00";"COM VÍTIMA";"FINALIZADA";"IBURA";"RUA CASSIANO LEITE";"369";"";"PROXIMO A PANIFICADORA ALTO DA BELA VISTA/ IBURA DE BAIXO";"IBURA";"";"";"COLISÃO";"0,0";"1,0";"0,0";"0,0";"0,0";"0,0";"0,0";"0,0";"0,0";"1,0";"0,0";"";"";"";"";"";"";"";"";"";"";"";""
"202429368,0";"2024-10-22";"02:11:00";"COM VÍTIMA";"FINALIZADA";"BOA VIAGEM";"AVENIDA CELSO FURTADO (VIA MANGUE)";"";"";"BEM NA BIFURCAÇÃO ENTRE A ENTRADA DE BOA VIAGEM E A DESCIDA PARA IMBIRIBEIRA";"BOA VIAGEM";"";"SUBURBIO";"COLISÃO LATERAL";"1,0";"1,0";"0,0";"0,0";"0,0";"0,0";"0,0";"0,0";"0,0";"1,0";"0,0";"";"";"";"";"";"";"";"";"";"";"";""
"202429377,0";"2024-10-22";"04:16:00";"SEM VÍTIMA";"FINALIZADA";"ILHA DO LEITE";"AV GOVERNADOR AGAMENON MAGALHAES";"";"";"EM FRENTE AO HOSPITAL PORTUGUÊS";"ILHA DO LEITE";"";"SUBURBIO";"COLISÃO LATERAL";"1,0";"0,0";"0,0";"0,0";"0,0";"0,0";"0,0";"1,0";"0,0";"0,0";"0,0";"";"";"";"";"";"";"";"";"";"";"";""
"202429389,0";"2024-10-22";"06:42:00";"COM VÍTIMA";"FINALIZADA";"IBURA";"AV RIO SAO FRANCISCO";"181";"AV PERNAMBUCO";"PROX A GALERIA  AMARELA";"IBURA";"";"CIDADE";"COLISÃO LATERAL";"1,0";"1,0";"0,0";"0,0";"0,0";"0,0";"0,0";"0,0";"0,0";"2,0";"0,0";"";"";"";"";"";"";"";"";"";"";"";""
"202429391,0";"2024-10-22";"07:35:00";"COM VÍTIMA";"FINALIZADA";"PINA";"AVENIDA CELSO FURTADO (VIA MANGUE)";"";"";"SENTIDO TUNEL DO PINA";"PINA";"";"SUBURBIO";"COLISÃO";"1,0";"1,0";"0,0";"0,0";"0,0";"0,0";"0,0";"0,0";"0,0";"1,0";"0,0";"";"";"";"";"";"";"";"";"";"";"";""
"202429392,0";"2024-10-22";"08:00:00";"COM VÍTIMA";"FINALIZADA";"ROSARINHO";"RUA AMARO COUTINHO";"";"RUA PROFESSOR OTAVIO DE FREITAS";"";"ROSARINHO";"";"CIDADE";"COLISÃO";"1,0";"1,0";"0,0";"0,0";"0,0";"0,0";"0,0";"0,0";"0,0";"1,0";"0,0";"";"";"";"";"";"";"";"";"";"";"";""
"202429402,0";"2024-10-23";"06:34:00";"SEM VÍTIMA";"FINALIZADA";"AREIAS";"AV DR JOSE RUFINO";"1580";"";"EM FRENTE A SERVCAR - REVISÃO AUTOMOTIVA";"AREIAS";"";"";"COLISÃO LATERAL";"1,0";"0,0";"0,0";"0,0";"0,0";"1,0";"0,0";"0,0";"0,0";"0,0";"0,0";"";"";"";"";"";"";"";"";"";"";"";""
"202429404,0";"2024-10-23";"06:50:00";"COM VÍTIMA";"FINALIZADA";"TORRE";"AV BEIRA RIO";"";"";"NA SUBIDA DA PONTE DA TORRE";"TORRE";"";"";"COLISÃO";"0,0";"2,0";"0,0";"0,0";"0,0";"0,0";"0,0";"0,0";"0,0";"1,0";"0,0";"";"";"";"";"";"";"";"";"";"";"";""
"202429413,0";"2024-10-23";"07:22:00";"COM VÍTIMA";"FINALIZADA";"ARRUDA";"RUA DA REGENERACAO";"";"";"PROX. AO COLEGIO TRIUNFO";"ARRUDA";"";"";"COLISÃO";"0,0";"1,0";"0,0";"0,0";"0,0";"0,0";"0,0";"0,0";"0,0";"1,0";"0,0";"";"";"";"";"";"";"";"";"";"";"";""
"202429416,0";"2024-10-23";"07:55:00";"SEM VÍTIMA";"FINALIZADA";"JOANA BEZERRA";"AV ADVOGADO JOSE PAULO CAVALCANTI";"";"";"DEPOIS DA ESTAÇÃO DE METRO EM FRENTE A AACD";"JOANA BEZERRA";"";"";"COLISÃO";"0,0";"0,0";"0,0";"0,0";"0,0";"1,0";"0,0";"1,0";"0,0";"0,0";"0,0";"";"";"";"";"";"";"";"";"";"";"";""
"202429417,0";"2024-10-23";"08:15:00";"COM VÍTIMA";"FINALIZADA";"ALTO DO MANDU";"RUA MANDACARU";"554";"";"NA DESCIDA DO ALTO DO MANDU, EM FRENTE AO COLEGIO EVOLUÇÃO, AO LADO DO MERCADINHO ECONOMICO";"ALTO DO MANDU";"";"";"COLISÃO";"0,0";"1,0";"0,0";"0,0";"0,0";"0,0";"0,0";"0,0";"0,0";"1,0";"0,0";"";"";"";"";"";"";"";"";"";"";"";""
"202429423,0";"2024-10-23";"08:47:00";"COM VÍTIMA";"FINALIZADA";"BOA VIAGEM";"RUA BALTAZAR PASSOS";"";"RUA SETUBAL";"";"BOA VIAGEM";"";"";"ATROPELAMENTO DE PESSOA";"1,0";"0,0";"0,0";"0,0";"1,0";"0,0";"0,0";"0,0";"0,0";"1,0";"0,0";"";"";"";"";"";"";"";"";"";"";"";""
"202429424,0";"2024-10-23";"08:50:00";"COM VÍTIMA";"FINALIZADA";"BOA VIAGEM";"RUA PETROLINA";"1446";"";"PRÓX. A PRACINHA DE BOA VIAGEM , NA RUA DO RESTAURANTE CHICA  PITANGA";"BOA VIAGEM";"";"";"COLISÃO";"0,0";"1,0";"0,0";"0,0";"0,0";"0,0";"0,0";"0,0";"0,0";"1,0";"0,0";"";"";"";"";"";"";"";"";"";"";"";""
"202429435,0";"2024-10-23";"09:32:00";"COM VÍTIMA";"FINALIZADA";"ARRUDA";"AV BEBERIBE";"692";"";"EM FRENTE A HN VEÍCULOS  //  PROX. A DISNOVE VEÍCULOS";"ARRUDA";"";"";"COLISÃO";"1,0";"1,0";"0,0";"0,0";"0,0";"0,0";"0,0";"0,0";"0,0";"1,0";"0,0";"";"";"";"";"";"";"";"";"";"";"";""
"202429437,0";"2024-10-23";"09:44:00";"COM VÍTIMA";"FINALIZADA";"PINA";"RUA BARAO DE SANTO ANGELO";"";"";"PROX. AO CALDINHO DO NENÉM  //  PROX. AO HOTEL LUZEIROS";"PINA";"";"";"COLISÃO";"0,0";"1,0";"0,0";"0,0";"0,0";"0,0";"0,0";"0,0";"0,0";"1,0";"0,0";"";"";"";"";"";"";"";"";"";"";"";""
"202429454,0";"2024-10-23";"11:57:00";"COM VÍTIMA";"FINALIZADA";"FUNDAO";"AV BEBERIBE";"";"";"EM FRENTE A AUTO ESCOLA PILOTO";"FUNDAO";"";"";"COLISÃO";"0,0";"1,0";"0,0";"0,0";"0,0";"0,0";"0,0";"0,0";"0,0";"1,0";"0,0";"";"";"";"";"";"";"";"";"";"";"";""
"202429456,0";"2024-10-23";"12:09:00";"COM VÍTIMA";"FINALIZADA";"SANTO AMARO";"AV VISCONDE DE SUASSUNA";"265";"";"PROX. AO PREDIO C COMERCIO  // EM FRENTE A PADARIA MORIÁ";"SANTO AMARO";"";"";"CAPOTAMENTO";"1,0";"0,0";"0,0";"0,0";"0,0";"0,0";"0,0";"0,0";"0,0";"1,0";"0,0";"";"";"";"";"";"";"";"";"";"";"";""
"202429464,0";"2024-10-23";"12:51:00";"COM VÍTIMA";"FINALIZADA";"IBURA";"RUA EXP FRANCISCO VITORIANO";"1161";"";"EM FRENTE A IBURA GESSO UR-05 // PROX A JM PISOS";"IBURA";"";"";"COLISÃO";"1,0";"0,0";"0,0";"0,0";"0,0";"0,0";"0,0";"0,0";"0,0";"1,0";"0,0";"";"";"";"";"";"";"";"";"";"";"";""
"202429468,0";"2024-10-23";"01:17:00";"COM VÍTIMA";"FINALIZADA";"IMBIRIBEIRA";"AV MARECHAL MASCARENHAS DE MORAES";"";"";"EM FRENTE A VIA 1 SEMINOVOS";"IMBIRIBEIRA";"";"";"COLISÃO";"0,0";"1,0";"0,0";"0,0";"0,0";"0,0";"0,0";"0,0";"0,0";"1,0";"0,0";"";"";"";"";"";"";"";"";"";"";"";""
"202429469,0";"2024-10-23";"01:29:00";"COM VÍTIMA";"FINALIZADA";"MADALENA";"RUA BENFICA";"17";"";"EM FRENTE A CASA DA BATERIA E PROXIMO AO SUPER BOMPREÇO";"MADALENA";"";"";"COLISÃO";"0,0";"1,0";"0,0";"0,0";"0,0";"0,0";"0,0";"0,0";"0,0";"1,0";"0,0";"";"";"";"";"";"";"";"";"";"";"";""
"202429479,0";"2024-10-23";"03:48:00";"COM VÍTIMA";"FINALIZADA";"SANTO AMARO";"AV DR JAYME DA FONTE";"988";"";"EM FRENTE AO HOSPITAL DAVITA";"SANTO AMARO";"";"";"COLISÃO";"0,0";"1,0";"0,0";"0,0";"0,0";"0,0";"0,0";"0,0";"0,0";"1,0";"0,0";"";"";"";"";"";"";"";"";"";"";"";""
"202429484,0";"2024-10-23";"05:13:00";"COM VÍTIMA";"FINALIZADA";"BOA VIAGEM";"AV DOM JOAO VI";"";"";"POR TRÁS DO SHOPPING RECIFE";"BOA VIAGEM";"";"";"ATROPELAMENTO DE PESSOA";"1,0";"0,0";"0,0";"0,0";"1,0";"0,0";"0,0";"0,0";"0,0";"1,0";"0,0";"";"";"";"";"";"";"";"";"";"";"";""
"202429487,0";"2024-10-23";"05:42:00";"COM VÍTIMA";"FINALIZADA";"NOVA DESCOBERTA";"AV VEREADOR OTACILIO AZEVEDO";"941";"";"";"NOVA DESCOBERTA";"";"";"ATROPELAMENTO DE PESSOA";"0,0";"1,0";"0,0";"0,0";"1,0";"0,0";"0,0";"0,0";"0,0";"1,0";"0,0";"";"";"";"";"";"";"";"";"";"";"";""
"202429491,0";"2024-10-23";"06:43:00";"COM VÍTIMA";"FINALIZADA";"NOVA DESCOBERTA";"AV VEREADOR OTACILIO AZEVEDO";"955";"RUA JOSE REBOUCAS";"";"NOVA DESCOBERTA";"";"";"COLISÃO";"1,0";"1,0";"0,0";"0,0";"0,0";"0,0";"0,0";"0,0";"0,0";"1,0";"0,0";"";"";"";"";"";"";"";"";"";"";"";""
"202429494,0";"2024-10-23";"11:46:00";"COM VÍTIMA";"FINALIZADA";"CABANGA";"RUA IMPERIAL";"";"RUA CABO EUTROPIO";"";"CABANGA";"352,0";"";"COLISÃO";"1,0";"1,0";"0,0";"0,0";"0,0";"0,0";"0,0";"0,0";"0,0";"1,0";"0,0";"";"";"";"";"";"";"";"";"";"";"";""
"202429514,0";"2024-10-24";"07:10:00";"COM VÍTIMA";"FINALIZADA";"IBURA";"AV DOIS RIOS";"530";"";"PROX. AO POSTO DE GASOLINA SHELL";"IBURA";"";"";"COLISÃO TRASEIRA";"1,0";"2,0";"0,0";"0,0";"0,0";"0,0";"0,0";"0,0";"0,0";"2,0";"0,0";"";"";"";"";"";"";"";"";"";"";"";""
"202429524,0";"2024-10-24";"08:21:00";"COM VÍTIMA";"FINALIZADA";"IBURA";"RUA RIO PARANAIBA";"";"";"PROX. A LOJA CATTAN DA AV. DOIS RIOS IBURA DE BAIXO";"IBURA";"";"";"COLISÃO";"0,0";"1,0";"0,0";"0,0";"0,0";"0,0";"0,0";"0,0";"0,0";"1,0";"0,0";"";"";"";"";"";"";"";"";"";"";"";""
"202429531,0";"2024-10-24";"09:26:00";"COM VÍTIMA";"FINALIZADA";"CORDEIRO";"AV CAXANGA";"1291";"";"PRÓX A INTEGRAÇÃO GETULIO  VARGAS  /  SENTIDO RECIFE";"CORDEIRO";"";"";"COLISÃO";"0,0";"1,0";"0,0";"0,0";"0,0";"0,0";"0,0";"0,0";"0,0";"1,0";"0,0";"";"";"";"";"";"";"";"";"";"";"";""
"202429536,0";"2024-10-24";"09:44:00";"COM VÍTIMA";"FINALIZADA";"IBURA";"AV DOIS RIOS";"1272";"";"EM FRENTE A MICELANIA PRESENTES  ( IBURA DE BAIXO )";"IBURA";"";"";"COLISÃO";"0,0";"1,0";"0,0";"0,0";"0,0";"0,0";"0,0";"0,0";"0,0";"1,0";"0,0";"";"";"";"";"";"";"";"";"";"";"";""
"202429549,0";"2024-10-24";"11:07:00";"COM VÍTIMA";"FINALIZADA";"VARZEA";"RUA AMERICO VIRGILIO";"28";"";"PROX A PRAÇA DOS PM";"VARZEA";"";"";"ATROPELAMENTO DE PESSOA";"0,0";"0,0";"0,0";"0,0";"1,0";"0,0";"1,0";"0,0";"0,0";"1,0";"0,0";"";"";"";"";"";"";"";"";"";"";"";""
"202429563,0";"2024-10-24";"12:50:00";"COM VÍTIMA";"FINALIZADA";"IMBIRIBEIRA";"RUA OLIVIA MENELAU";"104";"";"PRÓX. A LK // ANTES DA CASA DA POLTRONA";"IMBIRIBEIRA";"";"";"COLISÃO";"0,0";"1,0";"0,0";"0,0";"0,0";"0,0";"0,0";"0,0";"0,0";"1,0";"0,0";"";"";"";"";"";"";"";"";"";"";"";""
"202429567,0";"2024-10-24";"01:55:00";"COM VÍTIMA";"FINALIZADA";"ESPINHEIRO";"AV CONS ROSA E SILVA";"";"";"EM FRENTE DROGASIL";"ESPINHEIRO";"";"";"COLISÃO LATERAL";"0,0";"2,0";"0,0";"0,0";"0,0";"0,0";"0,0";"0,0";"0,0";"1,0";"0,0";"";"";"";"";"";"";"";"";"";"";"";""
"202429568,0";"2024-10-24";"02:06:00";"COM VÍTIMA";"CANCELADA";"SAO JOSE";"AV DANTAS BARRETO";"679";"";"PROXIMO AO PALACIO DA JUSTIÇA";"SAO JOSE";"";"";"COLISÃO";"0,0";"1,0";"0,0";"0,0";"0,0";"0,0";"0,0";"0,0";"0,0";"1,0";"0,0";"";"";"";"";"";"";"";"";"";"";"";""
"202429572,0";"2024-10-24";"02:45:00";"COM VÍTIMA";"FINALIZADA";"IBURA";"RUA INDAIA DO SUL";"";"";"ESQUINA DO BAR DE VERA";"IBURA";"";"";"COLISÃO";"0,0";"1,0";"0,0";"0,0";"0,0";"0,0";"0,0";"0,0";"0,0";"1,0";"0,0";"";"";"";"";"";"";"";"";"";"";"";""
"202429573,0";"2024-10-24";"02:53:00";"COM VÍTIMA";"FINALIZADA";"SANCHO";"RUA DRACENA";"36";"";"PROXIMO AO HOSPITAL OTAVIO DE FREITAS";"SANCHO";"";"";"COLISÃO";"0,0";"1,0";"0,0";"0,0";"0,0";"0,0";"0,0";"0,0";"0,0";"1,0";"0,0";"";"";"";"";"";"";"";"";"";"";"";""
"202429595,0";"2024-10-24";"07:16:00";"COM VÍTIMA";"FINALIZADA";"AFOGADOS";"LARGO DA PAZ";"";"";"EM FRENTE AO BANCO ITAÚ";"AFOGADOS";"";"";"COLISÃO";"1,0";"0,0";"0,0";"1,0";"0,0";"0,0";"0,0";"0,0";"0,0";"1,0";"0,0";"";"";"";"";"";"";"";"";"";"";"";""
"202429601,0";"2024-10-24";"08:56:00";"COM VÍTIMA";"FINALIZADA";"IMBIRIBEIRA";"RUA ITACARE";"";"";"EM FRENTE AO ESPAÇO ABERTO";"IMBIRIBEIRA";"";"";"COLISÃO";"1,0";"1,0";"0,0";"0,0";"0,0";"0,0";"0,0";"0,0";"0,0";"1,0";"0,0";"";"";"";"";"";"";"";"";"";"";"";""
"202429603,0";"2024-10-24";"09:39:00";"COM VÍTIMA";"FINALIZADA";"MADALENA";"AV ENGENHEIRO ABDIAS DE CARVALHO";"";"EST DOS REMEDIOS";"";"MADALENA";"";"";"COLISÃO";"0,0";"1,0";"0,0";"0,0";"0,0";"1,0";"0,0";"0,0";"0,0";"1,0";"0,0";"";"";"";"";"";"";"";"";"";"";"";""
"202429605,0";"2024-10-24";"10:07:00";"COM VÍTIMA";"FINALIZADA";"DERBY";"AV GOVERNADOR AGAMENON MAGALHAES";"";"PRC DO DERBY";"";"DERBY";"";"";"COLISÃO";"0,0";"1,0";"0,0";"0,0";"0,0";"0,0";"0,0";"1,0";"0,0";"2,0";"0,0";"";"";"";"";"";"";"";"";"";"";"";""
"202429611,0";"2024-10-25";"06:27:00";"COM VÍTIMA";"FINALIZADA";"IPUTINGA";"RUA SAO MATEUS";"";"";"EM FRENTE A FARMACIA DROGASIL, PROX. A IGREJA BATISTA CENTRAL";"IPUTINGA";"";"";"COLISÃO";"0,0";"1,0";"0,0";"0,0";"0,0";"0,0";"0,0";"0,0";"0,0";"1,0";"0,0";"";"";"";"";"";"";"";"";"";"";"";""
"202429623,0";"2024-10-25";"07:28:00";"COM VÍTIMA";"FINALIZADA";"AFOGADOS";"RUA VINTE E UM DE ABRIL";"";"RUA ALBATROZ";"PROX A ESTAÇÃO IPIRANGA";"AFOGADOS";"";"";"ATROPELAMENTO DE PESSOA";"1,0";"0,0";"0,0";"0,0";"1,0";"0,0";"0,0";"0,0";"0,0";"1,0";"0,0";"";"";"";"";"";"";"";"";"";"";"";""
"202429624,0";"2024-10-25";"07:34:00";"COM VÍTIMA";"FINALIZADA";"PASSARINHO";"EST DE PASSARINHO";"S/N";"";"EM FRENTE AO MAR FRIO  //  PRÓX.  A TRANSPORTADORA FRUTA PLUS";"PASSARINHO";"";"";"COLISÃO";"0,0";"1,0";"0,0";"0,0";"0,0";"0,0";"0,0";"0,0";"0,0";"1,0";"0,0";"";"";"";"";"";"";"";"";"";"";"";""
"202429627,0";"2024-10-25";"08:00:00";"COM VÍTIMA";"FINALIZADA";"ARRUDA";"AV BEBERIBE";"";"";"EM FRENTE AO DISTRITO REGIONAL DE SAUDE E POSTO DE GASOLINA BR";"ARRUDA";"";"";"COLISÃO";"0,0";"1,0";"0,0";"0,0";"0,0";"0,0";"0,0";"0,0";"0,0";"1,0";"0,0";"";"";"";"";"";"";"";"";"";"";"";""
"202429628,0";"2024-10-25";"08:01:00";"COM VÍTIMA";"FINALIZADA";"SANTO AMARO";"AV GOVERNADOR AGAMENON MAGALHAES";"";"";"PROX. AO MINISTERIO PUBLICO E VIADUTO DA JOAO DE BARROS";"SANTO AMARO";"";"";"COLISÃO";"0,0";"1,0";"0,0";"0,0";"0,0";"0,0";"0,0";"0,0";"0,0";"1,0";"0,0";"";"";"";"";"";"";"";"";"";"";"";""
"202429639,0";"2024-10-25";"10:06:00";"COM VÍTIMA";"FINALIZADA";"BONGI";"AV ENGENHEIRO ABDIAS DE CARVALHO";"2043";"";"PROX. A LOJA DE PISCINA SPLASH SENT. CIDADE";"BONGI";"";"";"COLISÃO";"0,0";"1,0";"0,0";"0,0";"0,0";"0,0";"0,0";"0,0";"0,0";"1,0";"0,0";"";"";"";"";"";"";"";"";"";"";"";""
"202429646,0";"2024-10-25";"10:48:00";"COM VÍTIMA";"FINALIZADA";"VARZEA";"AV BARAO DE BONITO";"1069";"";"PROX AO ATACAREJO HIPER BEM // PROX A FARMACIA DISTRIBUIDORA  DROGAFORTE";"VARZEA";"";"";"COLISÃO";"0,0";"1,0";"0,0";"0,0";"0,0";"0,0";"0,0";"0,0";"0,0";"1,0";"0,0";"";"";"";"";"";"";"";"";"";"";"";""
"202429662,0";"2024-10-25";"01:14:00";"SEM VÍTIMA";"FINALIZADA";"SANTO ANTONIO";"AV MARTINS DE BARROS";"";"";"PONTE MAURICIO DE NASSAU";"SANTO ANTONIO";"194,0";"SUBURBIO";"COLISÃO";"2,0";"0,0";"0,0";"0,0";"0,0";"0,0";"0,0";"0,0";"0,0";"0,0";"0,0";"";"";"";"";"";"";"";"";"";"";"";""
"202429664,0";"2024-10-25";"02:10:00";"COM VÍTIMA";"FINALIZADA";"CAXANGA";"AV CAXANGA";"";"";"EM FRENTE A DELICIA DA PAZERES E PROXIMO A CAIXA ECONOMICA";"CAXANGA";"";"";"COLISÃO";"0,0";"1,0";"0,0";"0,0";"0,0";"0,0";"0,0";"0,0";"0,0";"1,0";"0,0";"";"";"";"";"";"";"";"";"";"";"";""
"202429666,0";"2024-10-25";"02:50:00";"COM VÍTIMA";"FINALIZADA";"GRACAS";"RUA DO FUTURO";"1970";"";"PROXIMO A LIVRARIA JAQUEIRA";"GRACAS";"";"";"COLISÃO";"0,0";"1,0";"0,0";"0,0";"0,0";"0,0";"0,0";"0,0";"0,0";"1,0";"0,0";"";"";"";"";"";"";"";"";"";"";"";""