"Protocolo";"data";"hora";"natureza";"situacao";"bairro";"endereco";"numero";"detalhe_endereco_acidente";"complemento";"bairro_cruzamento";"num_semaforo";"sentido_via";"tipo";"auto";"moto";"ciclom";"ciclista";"pedestre";"onibus";"caminhao";"viatura";"outros";"vitimas";"vitimasfatais";"acidente_verificado";"tempo_clima";"situacao_semaforo";"sinalizacao";"condicao_via";"conservacao_via";"ponto_controle";"situacao_placa";"velocidade_max_via";"mao_direcao";"divisao_via1";"divisao_via2"
"202429674,0";"2024-10-25";"03:28:00";"SEM VÍTIMA";"FINALIZADA";"SANTO AMARO";"AV CRUZ CABUGA";"";"";"EM FRENTE A IGREJA INTERNACIONAL DA GRAÇA DE DEUS";"SANTO AMARO";"";"";"COLISÃO LATERAL";"1,0";"0,0";"0,0";"0,0";"0,0";"0,0";"0,0";"1,0";"0,0";"0,0";"0,0";"";"";"";"";"";"";"";"";"";"";"";""
"202429689,0";"2024-10-25";"05:26:00";"COM VÍTIMA";"FINALIZADA";"IPSEP";"AV RECIFE";"3108";"";"EM FRENTE A SERGIO MULTMARCAS E A SÃO PAULO VEÍCULOS";"IPSEP";"";"";"COLISÃO";"0,0";"1,0";"0,0";"0,0";"0,0";"0,0";"0,0";"0,0";"0,0";"1,0";"0,0";"";"";"";"";"";"";"";"";"";"";"";""
"202429692,0";"2024-10-25";"05:44:00";"SEM VÍTIMA";"FINALIZADA";"AGUA FRIA";"EST VELHA DE AGUA FRIA";"1225";"";"PRÓXIMO DA ROTATÓRIA";"AGUA FRIA";"";"SUBURBIO";"COLISÃO TRASEIRA";"0,0";"1,0";"0,0";"0,0";"0,0";"0,0";"0,0";"1,0";"0,0";"0,0";"0,0";"";"";"";"";"";"";"";"";"";"";"";""
"202429696,0";"2024-10-25";"06:29:00";"COM VÍTIMA";"CANCELADA";"IMBIRIBEIRA";"RUA MONSENHOR TABOSA";"";"";"EM FRENTE A LOJA DE CARROS IGOR CASA SEMINOVOS APÓS O VIADUTO DO METRÔ";"IMBIRIBEIRA";"";"";"COLISÃO";"0,0";"1,0";"0,0";"0,0";"0,0";"0,0";"0,0";"0,0";"0,0";"1,0";"0,0";"";"";"";"";"";"";"";"";"";"";"";""
"202429697,0";"2024-10-25";"06:29:00";"COM VÍTIMA";"FINALIZADA";"SANTO AMARO";"AV CRUZ CABUGA";"";"";"EM FRENTE AO SHOPPING TACARUNA/ SENTIDO OLINDA";"SANTO AMARO";"";"";"COLISÃO TRASEIRA";"0,0";"1,0";"0,0";"0,0";"0,0";"1,0";"0,0";"0,0";"0,0";"1,0";"0,0";"";"";"";"";"";"";"";"";"";"";"";""
"202429708,0";"2024-10-26";"12:10:00";"COM VÍTIMA";"FINALIZADA";"MADALENA";"RUA REAL DA TORRE";"1069";"RUA PADRE ANCHIETA";"";"MADALENA";"";"SUBURBIO";"COLISÃO LATERAL";"0,0";"3,0";"0,0";"0,0";"0,0";"0,0";"0,0";"0,0";"0,0";"1,0";"0,0";"";"";"";"";"";"";"";"";"";"";"";""
"202429743,0";"2024-10-26";"07:07:00";"COM VÍTIMA";"FINALIZADA";"CAXANGA";"RUA RIBEIRO PESSOA";"";"";"EM FRENTE A UPA";"CAXANGA";"";"";"COLISÃO LATERAL";"1,0";"1,0";"0,0";"0,0";"0,0";"0,0";"0,0";"0,0";"0,0";"1,0";"0,0";"";"";"";"";"";"";"";"";"";"";"";""
"202429744,0";"2024-10-26";"07:42:00";"COM VÍTIMA";"FINALIZADA";"IPUTINGA";"RUA PEREIRA COUTINHO FILHO";"255";"";"NA RUA DO COLÉGIO EXPORMENTE";"IPUTINGA";"";"";"COLISÃO";"0,0";"1,0";"0,0";"0,0";"0,0";"0,0";"0,0";"0,0";"0,0";"1,0";"0,0";"";"";"";"";"";"";"";"";"";"";"";""
"202429748,0";"2024-10-26";"08:40:00";"COM VÍTIMA";"FINALIZADA";"ESPINHEIRO";"AV NORTE MIGUEL ARRAES DE ALENCAR";"";"";"APOS O VIADUTO, EM FRENTE A PEDRAGON";"ESPINHEIRO";"";"";"COLISÃO";"0,0";"1,0";"0,0";"0,0";"0,0";"0,0";"0,0";"0,0";"0,0";"1,0";"0,0";"";"";"";"";"";"";"";"";"";"";"";""
"202429750,0";"2024-10-26";"08:47:00";"COM VÍTIMA";"FINALIZADA";"PAISSANDU";"AV GOVERNADOR AGAMENON MAGALHAES";"";"";"ANTES DO HOSPITAL PORTUGUES, SENT. BOA VIAGEM";"PAISSANDU";"";"";"COLISÃO TRASEIRA";"2,0";"2,0";"0,0";"0,0";"0,0";"0,0";"0,0";"0,0";"0,0";"1,0";"0,0";"";"";"";"";"";"";"";"";"";"";"";""
"202429751,0";"2024-10-26";"08:55:00";"COM VÍTIMA";"FINALIZADA";"IMBIRIBEIRA";"AV MARECHAL MASCARENHAS DE MORAES";"12315";"";"PRÓX. AO VIADUTO TANCREDO NEVES  //  SENTIDO RECIFE";"IMBIRIBEIRA";"";"";"COLISÃO";"0,0";"1,0";"0,0";"0,0";"0,0";"0,0";"0,0";"0,0";"0,0";"1,0";"0,0";"";"";"";"";"";"";"";"";"";"";"";""
"202429759,0";"2024-10-26";"10:10:00";"COM VÍTIMA";"FINALIZADA";"ENGENHO DO MEIO";"RUA GASPAR PEREZ";"389";"";"PROX. AO EDF. LUCIA CRISTINA // PROX AO LAVA JATO W9 // PROX. A DISTRIBUIDORA   DE ÁGUA  LUCENA";"ENGENHO DO MEIO";"";"";"COLISÃO";"1,0";"1,0";"0,0";"0,0";"0,0";"0,0";"0,0";"0,0";"0,0";"1,0";"0,0";"";"";"";"";"";"";"";"";"";"";"";""
"202429762,0";"2024-10-26";"11:12:00";"COM VÍTIMA";"FINALIZADA";"SAO JOSE";"RUA DA CONCORDIA";"";"";"PROX. A YAMAHA";"SAO JOSE";"";"";"COLISÃO";"0,0";"1,0";"0,0";"0,0";"0,0";"0,0";"0,0";"0,0";"0,0";"1,0";"0,0";"";"";"";"";"";"";"";"";"";"";"";""
"202429766,0";"2024-10-26";"11:33:00";"COM VÍTIMA";"FINALIZADA";"TORREAO";"AV GOVERNADOR AGAMENON MAGALHAES";"1302";"";"EM FRENTE AO POSTO DE GASOLINA BR, SENT. BOA VIAGEM";"TORREAO";"";"";"COLISÃO TRASEIRA";"1,0";"1,0";"0,0";"0,0";"0,0";"0,0";"0,0";"0,0";"0,0";"1,0";"0,0";"";"";"";"";"";"";"";"";"";"";"";""
"202429778,0";"2024-10-26";"02:20:00";"SEM VÍTIMA";"FINALIZADA";"ENCRUZILHADA";"AV NORTE MIGUEL ARRAES DE ALENCAR";"2483";"";"POSTO DISLUB";"ENCRUZILHADA";"";"SUBURBIO";"COLISÃO TRASEIRA";"2,0";"0,0";"0,0";"0,0";"0,0";"0,0";"0,0";"0,0";"0,0";"0,0";"0,0";"";"";"";"";"";"";"";"";"";"";"";""
"202429779,0";"2024-10-26";"02:40:00";"COM VÍTIMA";"FINALIZADA";"TORROES";"AV ENGENHEIRO ABDIAS DE CARVALHO";"";"";"E/F A DLP DISTRIBUIDORA DE BEBIDAS  S/T CURADO";"TORROES";"";"";"COLISÃO LATERAL";"1,0";"1,0";"0,0";"0,0";"0,0";"0,0";"0,0";"0,0";"0,0";"1,0";"0,0";"";"";"";"";"";"";"";"";"";"";"";""
"202429782,0";"2024-10-26";"03:07:00";"COM VÍTIMA";"FINALIZADA";"CASA FORTE";"AV DEZESSETE DE AGOSTO";"1228";"";"E/F AO BAR CHEF  PROX AO COLEGIO MOTIVO";"CASA FORTE";"";"";"COLISÃO";"0,0";"0,0";"0,0";"0,0";"0,0";"0,0";"0,0";"0,0";"0,0";"1,0";"0,0";"";"";"";"";"";"";"";"";"";"";"";""
"202429783,0";"2024-10-26";"03:26:00";"COM VÍTIMA";"FINALIZADA";"TORRE";"RUA LAGOA DO RANCHO";"69";"";"PROX AO CARREFOUR DA TORRE  E A QUINTANDARIA";"TORRE";"";"";"COLISÃO";"0,0";"0,0";"0,0";"0,0";"0,0";"0,0";"0,0";"0,0";"0,0";"1,0";"0,0";"";"";"";"";"";"";"";"";"";"";"";""
"202429784,0";"2024-10-26";"03:35:00";"COM VÍTIMA";"FINALIZADA";"IPSEP";"AV RECIFE";"";"";"PROX A RECICLAGEM A E  TOYOTA";"IPSEP";"";"";"COLISÃO";"0,0";"0,0";"0,0";"0,0";"0,0";"0,0";"0,0";"0,0";"0,0";"1,0";"0,0";"";"";"";"";"";"";"";"";"";"";"";""
"202429785,0";"2024-10-26";"03:42:00";"COM VÍTIMA";"FINALIZADA";"IMBIRIBEIRA";"RUA JAMAICA";"350";"RUA ITAJAI";"PROX A FACULDADE BOA VIAGEM";"IMBIRIBEIRA";"";"";"COLISÃO LATERAL";"1,0";"1,0";"0,0";"0,0";"0,0";"0,0";"0,0";"0,0";"0,0";"1,0";"0,0";"";"";"";"";"";"";"";"";"";"";"";""
"202429787,0";"2024-10-26";"03:58:00";"COM VÍTIMA";"FINALIZADA";"BOA VISTA";"RUA MARQUES AMORIM";"";"RUA ESPERANTO";"POR TRAS DA UNIMED";"BOA VISTA";"";"";"COLISÃO LATERAL";"1,0";"1,0";"0,0";"0,0";"0,0";"0,0";"0,0";"0,0";"0,0";"1,0";"0,0";"";"";"";"";"";"";"";"";"";"";"";""
"202429791,0";"2024-10-26";"05:38:00";"COM VÍTIMA";"FINALIZADA";"BONGI";"RUA RANDOLFO PINTO FERREIRA";"360";"";"E/F A CELPE";"BONGI";"";"";"COLISÃO";"1,0";"1,0";"0,0";"0,0";"0,0";"0,0";"0,0";"0,0";"0,0";"1,0";"0,0";"";"";"";"";"";"";"";"";"";"";"";""
"202429798,0";"2024-10-26";"07:51:00";"COM VÍTIMA";"FINALIZADA";"CAXANGA";"AV CAXANGA";"";"";"REF: EM FRENTE A ITALIANA, SENTIDO SUBÚRBIO";"CAXANGA";"";"";"ATROPELAMENTO DE PESSOA";"1,0";"0,0";"0,0";"0,0";"1,0";"0,0";"1,0";"0,0";"0,0";"1,0";"0,0";"";"";"";"";"";"";"";"";"";"";"";""
"202429803,0";"2024-10-26";"08:30:00";"COM VÍTIMA";"FINALIZADA";"JOANA BEZERRA";"AV GOVERNADOR AGAMENON MAGALHAES";"";"VDO PAPA JOAO PAULO II";"APOS A PASSARELA SENTIDO BOA VIAGEM";"JOANA BEZERRA";"";"";"COLISÃO";"1,0";"1,0";"0,0";"0,0";"0,0";"0,0";"0,0";"0,0";"0,0";"1,0";"0,0";"";"";"";"";"";"";"";"";"";"";"";""
"202429814,0";"2024-10-27";"12:25:00";"COM VÍTIMA";"FINALIZADA";"MANGABEIRA";"AV NORTE MIGUEL ARRAES DE ALENCAR";"";"AV PROFESSOR JOSE DOS ANJOS";"";"MANGABEIRA";"";"";"COLISÃO";"1,0";"1,0";"0,0";"0,0";"0,0";"0,0";"0,0";"0,0";"0,0";"1,0";"0,0";"";"";"";"";"";"";"";"";"";"";"";""
"202429816,0";"2024-10-27";"06:14:00";"COM VÍTIMA";"FINALIZADA";"ALTO JOSE BONIFACIO";"RUA ALTO JOSE BONIFACIO";"";"";"PROX A AQUADRA FDOS SPORTS";"ALTO JOSE BONIFACIO";"";"";"COLISÃO";"0,0";"1,0";"0,0";"0,0";"0,0";"0,0";"0,0";"0,0";"0,0";"1,0";"0,0";"";"";"";"";"";"";"";"";"";"";"";""
"202429820,0";"2024-10-27";"06:57:00";"COM VÍTIMA";"FINALIZADA";"AFOGADOS";"RUA IMPERIAL";"";"";"AO LADO DA EMPRESA ASA // PROX AO MERCADO DE AFOGADOS";"AFOGADOS";"";"";"COLISÃO";"0,0";"1,0";"0,0";"0,0";"0,0";"0,0";"0,0";"0,0";"0,0";"1,0";"0,0";"";"";"";"";"";"";"";"";"";"";"";""
"202429821,0";"2024-10-27";"07:40:00";"COM VÍTIMA";"FINALIZADA";"IBURA";"RUA VALE DO ITAJAI";"";"";"UR 05- PROX A UPA DO IBURA";"IBURA";"";"";"COLISÃO";"0,0";"0,0";"0,0";"0,0";"0,0";"0,0";"0,0";"0,0";"0,0";"1,0";"0,0";"";"";"";"";"";"";"";"";"";"";"";""
"202429822,0";"2024-10-27";"07:40:00";"COM VÍTIMA";"FINALIZADA";"ARRUDA";"AV BEBERIBE";"1581";"RUA SAO BENTO";"ESQUINA COM RUA SAO BENTO";"ARRUDA";"64,0";"";"COLISÃO LATERAL";"0,0";"1,0";"0,0";"0,0";"0,0";"1,0";"0,0";"0,0";"0,0";"1,0";"0,0";"";"";"";"";"";"";"";"";"";"";"";""
"202429824,0";"2024-10-27";"08:58:00";"SEM VÍTIMA";"FINALIZADA";"DERBY";"AV GOVERNADOR AGAMENON MAGALHAES";"2132";"";"EM FRENTE RESTAURANTE COCO BAMBU";"DERBY";"";"";"COLISÃO";"1,0";"0,0";"0,0";"0,0";"0,0";"0,0";"0,0";"1,0";"0,0";"0,0";"0,0";"";"";"";"";"";"";"";"";"";"";"";""
"202429825,0";"2024-10-27";"09:20:00";"COM VÍTIMA";"FINALIZADA";"BARRO";"AV DR JOSE RUFINO";"";"";"APOS A ESTAÇAO DE METRO TEJIPIO E OS COLEGIOS ALBERTO TORRES E CASTELO BRANCO / SENTIDO RECIFE NA ENTRADA DA BR 101";"BARRO";"";"";"COLISÃO";"0,0";"1,0";"0,0";"0,0";"0,0";"0,0";"0,0";"0,0";"0,0";"1,0";"0,0";"";"";"";"";"";"";"";"";"";"";"";""
"202429833,0";"2024-10-27";"11:10:00";"COM VÍTIMA";"FINALIZADA";"TORRE";"RUA CONDE DE IRAJA";"";"";"PONTE DA TORRE, PX AO PARQUE DAS GRAÇAS";"TORRE";"";"";"COLISÃO";"0,0";"1,0";"0,0";"0,0";"0,0";"0,0";"0,0";"0,0";"0,0";"1,0";"0,0";"";"";"";"";"";"";"";"";"";"";"";""
"202429834,0";"2024-10-27";"11:10:00";"COM VÍTIMA";"FINALIZADA";"TAMARINEIRA";"AV NORTE MIGUEL ARRAES DE ALENCAR";"";"";"PROX AO SESC EO POSTO DE GASILINA";"TAMARINEIRA";"";"";"COLISÃO";"0,0";"1,0";"0,0";"0,0";"0,0";"0,0";"0,0";"0,0";"0,0";"1,0";"0,0";"";"";"";"";"";"";"";"";"";"";"";""
"202429835,0";"2024-10-27";"11:28:00";"COM VÍTIMA";"FINALIZADA";"BOA VIAGEM";"RUA ANTONIO FALCAO";"";"";"ESQUINA COM APADARIA PARQUE DO TRIGO";"BOA VIAGEM";"";"";"COLISÃO";"0,0";"1,0";"0,0";"0,0";"0,0";"0,0";"0,0";"0,0";"0,0";"1,0";"0,0";"";"";"";"";"";"";"";"";"";"";"";""
"202429840,0";"2024-10-27";"01:23:00";"COM VÍTIMA";"FINALIZADA";"CORDEIRO";"RUA GOMES TABORDA";"1553";"";"";"CORDEIRO";"";"";"COLISÃO";"0,0";"0,0";"1,0";"0,0";"0,0";"1,0";"0,0";"0,0";"0,0";"1,0";"0,0";"";"";"";"";"";"";"";"";"";"";"";""
"202429845,0";"2024-10-27";"02:51:00";"COM VÍTIMA";"FINALIZADA";"BOA VIAGEM";"AV ENGENHEIRO DOMINGOS FERREIRA";"";"";"CONJUNTO PERNAMBUCANO";"BOA VIAGEM";"";"";"COLISÃO TRASEIRA";"2,0";"0,0";"0,0";"0,0";"0,0";"0,0";"0,0";"0,0";"0,0";"1,0";"0,0";"";"";"";"";"";"";"";"";"";"";"";""
"202429855,0";"2024-10-27";"04:49:00";"COM VÍTIMA";"FINALIZADA";"BOMBA DO HEMETERIO";"RUA BOMBA DO HEMETERIO";"";"";"PROXIMO A NB SOCIETY  E AO ABANADORES DO ARRUDA";"BOMBA DO HEMETERIO";"";"";"COLISÃO";"0,0";"1,0";"0,0";"0,0";"0,0";"0,0";"0,0";"0,0";"0,0";"1,0";"0,0";"";"";"";"";"";"";"";"";"";"";"";""
"202429858,0";"2024-10-27";"06:40:00";"COM VÍTIMA";"FINALIZADA";"IPUTINGA";"EST DO BARBALHO";"651";"";"PRÓX AO CASARÃO DO BARBALHO E PRÓX AO SUPERMERCADO MIX MATEUS";"IPUTINGA";"";"";"COLISÃO";"0,0";"1,0";"0,0";"0,0";"0,0";"0,0";"0,0";"0,0";"0,0";"1,0";"0,0";"";"";"";"";"";"";"";"";"";"";"";""
"202429860,0";"2024-10-27";"07:25:00";"COM VÍTIMA";"FINALIZADA";"IBURA";"LAD DA COHAB";"";"AV DOIS RIOS";"";"IBURA";"";"";"COLISÃO LATERAL";"1,0";"1,0";"0,0";"0,0";"0,0";"0,0";"0,0";"0,0";"0,0";"1,0";"0,0";"";"";"";"";"";"";"";"";"";"";"";""
"202429864,0";"2024-10-27";"09:48:00";"COM VÍTIMA";"FINALIZADA";"SITIO DOS PINTOS";"EST DOS PINTOS";"143";"";"";"SITIO DOS PINTOS";"";"";"COLISÃO FRONTAL";"1,0";"1,0";"0,0";"0,0";"0,0";"0,0";"0,0";"0,0";"0,0";"1,0";"0,0";"";"";"";"";"";"";"";"";"";"";"";""
"202429870,0";"2024-10-28";"01:35:00";"COM VÍTIMA";"FINALIZADA";"CAXANGA";"AV CAXANGA";"";"";"E/F GOLF CLUBE";"CAXANGA";"";"";"CHOQUE";"1,0";"0,0";"0,0";"0,0";"0,0";"0,0";"0,0";"0,0";"0,0";"1,0";"0,0";"";"";"";"";"";"";"";"";"";"";"";""
"202429894,0";"2024-10-28";"10:01:00";"COM VÍTIMA";"FINALIZADA";"BOA VIAGEM";"RUA BRUNO VELOSO";"1148";"";"NA RUA DO SHOPPING RECIFE";"BOA VIAGEM";"";"";"COLISÃO LATERAL";"1,0";"1,0";"0,0";"0,0";"0,0";"0,0";"0,0";"0,0";"0,0";"1,0";"0,0";"";"";"";"";"";"";"";"";"";"";"";""
"202429896,0";"2024-10-28";"10:23:00";"COM VÍTIMA";"FINALIZADA";"MADALENA";"RUA PROFESSOR JOSE TORRES PIRES";"26";"";"NA ESQUINA DA AV. BEIRA RIO";"MADALENA";"";"";"COLISÃO";"0,0";"1,0";"0,0";"0,0";"0,0";"0,0";"0,0";"0,0";"0,0";"1,0";"0,0";"";"";"";"";"";"";"";"";"";"";"";""
"202429898,0";"2024-10-28";"10:46:00";"COM VÍTIMA";"FINALIZADA";"BOA VIAGEM";"RUA FRANCISCO DA CUNHA";"1406";"";"PRÓX. AO CARREFOUR";"BOA VIAGEM";"";"";"COLISÃO";"0,0";"1,0";"0,0";"0,0";"0,0";"0,0";"0,0";"0,0";"0,0";"1,0";"0,0";"";"";"";"";"";"";"";"";"";"";"";""
"202429899,0";"2024-10-28";"10:55:00";"COM VÍTIMA";"DUPLICIDADE";"BOA VIAGEM";"AV DOM JOAO VI";"";"RUA BRUNO VELOSO";"PROX. AO SHOPPING RECIFE";"BOA VIAGEM";"";"";"COLISÃO";"0,0";"1,0";"0,0";"0,0";"0,0";"0,0";"0,0";"0,0";"0,0";"1,0";"0,0";"";"";"";"";"";"";"";"";"";"";"";""
"202429901,0";"2024-10-28";"11:23:00";"COM VÍTIMA";"FINALIZADA";"NOVA DESCOBERTA";"AV VEREADOR OTACILIO AZEVEDO";"1915";"";"PRÓX. A FÁBRICA DA KINITOS";"NOVA DESCOBERTA";"";"";"COLISÃO";"0,0";"1,0";"0,0";"0,0";"0,0";"0,0";"0,0";"0,0";"0,0";"1,0";"0,0";"";"";"";"";"";"";"";"";"";"";"";""
"202429902,0";"2024-10-28";"11:31:00";"COM VÍTIMA";"FINALIZADA";"SANTO AMARO";"AV CRUZ CABUGA";"";"";"AO LADO DO SHOPPING TACARUNA, SENTIDO DERBY";"SANTO AMARO";"";"";"COLISÃO";"0,0";"1,0";"0,0";"0,0";"0,0";"0,0";"0,0";"0,0";"0,0";"1,0";"0,0";"";"";"";"";"";"";"";"";"";"";"";""
"202429909,0";"2024-10-28";"01:57:00";"COM VÍTIMA";"FINALIZADA";"BOA VISTA";"RUA VELHA";"253";"";"VINDO DA CASA DA CULTURA  NO INICIO DA PONTE  QUE DA ACESSO DA RUA VELHA";"BOA VISTA";"";"";"COLISÃO";"0,0";"0,0";"0,0";"0,0";"0,0";"0,0";"0,0";"0,0";"0,0";"1,0";"0,0";"";"";"";"";"";"";"";"";"";"";"";""
"202429917,0";"2024-10-28";"03:46:00";"COM VÍTIMA";"CANCELADA";"CASA AMARELA";"RUA REVERENDO ANTONIO GUEIROS";"47";"";"PRÓX AO POSTO DE SAÚDE BEM ESTAR E PRÓX À PRAÇA DO TRABALHO";"CASA AMARELA";"";"";"ATROPELAMENTO DE PESSOA";"0,0";"1,0";"0,0";"0,0";"1,0";"0,0";"0,0";"0,0";"0,0";"1,0";"0,0";"";"";"";"";"";"";"";"";"";"";"";""
"202429928,0";"2024-10-28";"08:05:00";"COM VÍTIMA";"FINALIZADA";"CAMPO GRANDE";"EST DE BELEM";"";"RUA ODORICO MENDES";"APÓS O CRUZAMENTO";"CAMPO GRANDE";"";"SUBURBIO";"COLISÃO";"1,0";"1,0";"0,0";"0,0";"0,0";"0,0";"0,0";"0,0";"0,0";"1,0";"0,0";"";"";"";"";"";"";"";"";"";"";"";""
"202429930,0";"2024-10-28";"08:37:00";"COM VÍTIMA";"FINALIZADA";"BOA VISTA";"RUA DOM BOSCO";"632";"";"EDFICIO RITA DE CÁSSIA / AO LADO DA BASE DO SAMU";"BOA VISTA";"";"";"COLISÃO";"1,0";"1,0";"0,0";"0,0";"0,0";"0,0";"0,0";"0,0";"0,0";"1,0";"0,0";"";"";"";"";"";"";"";"";"";"";"";""
"202429937,0";"2024-10-29";"12:01:00";"COM VÍTIMA";"FINALIZADA";"BOA VIAGEM";"AV ANTONIO DE GOES";"";"";"";"BOA VIAGEM";"";"";"COLISÃO";"0,0";"0,0";"0,0";"0,0";"0,0";"0,0";"0,0";"0,0";"0,0";"1,0";"0,0";"";"";"";"";"";"";"";"";"";"";"";""
"202429952,0";"2024-10-29";"06:30:00";"COM VÍTIMA";"FINALIZADA";"IPSEP";"RUA PINTOR ANTONIO ALBUQUERQUE";"";"";"EM FRENTE AO SINDICATO DOS MOTORISTAS";"IPSEP";"";"";"COLISÃO";"0,0";"1,0";"0,0";"0,0";"0,0";"0,0";"0,0";"0,0";"0,0";"1,0";"0,0";"";"";"";"";"";"";"";"";"";"";"";""
"202429959,0";"2024-10-29";"08:01:00";"COM VÍTIMA";"CANCELADA";"DERBY";"RUA DA BAIXA VERDE";"449";"";"AO LADO DO CAMPO DA POLICIA";"DERBY";"";"";"COLISÃO FRONTAL";"1,0";"1,0";"0,0";"0,0";"0,0";"0,0";"0,0";"0,0";"0,0";"1,0";"0,0";"";"";"";"";"";"";"";"";"";"";"";""
"202429960,0";"2024-10-29";"08:04:00";"COM VÍTIMA";"FINALIZADA";"AGUA FRIA";"RUA LADEIRA DE PEDRA";"S/N";"";"PROX. A ESCOLA GABRIELA MAISTRAL";"AGUA FRIA";"";"";"COLISÃO";"0,0";"1,0";"0,0";"0,0";"0,0";"0,0";"0,0";"0,0";"0,0";"1,0";"0,0";"";"";"";"";"";"";"";"";"";"";"";""
"202429965,0";"2024-10-29";"09:01:00";"COM VÍTIMA";"FINALIZADA";"DOIS IRMAOS";"RUA MANUEL DE MEDEIROS";"";"";"EM FRENTE AO BAR DA CURVA";"DOIS IRMAOS";"";"";"COLISÃO COM CICLISTA";"0,0";"0,0";"0,0";"1,0";"0,0";"1,0";"0,0";"0,0";"0,0";"1,0";"0,0";"";"";"";"";"";"";"";"";"";"";"";""
"202429969,0";"2024-10-29";"09:41:00";"SEM VÍTIMA";"CANCELADA";"BOA VISTA";"RUA DO HOSPICIO";"";"";"EM FRENTE A ESCOLA JOAO BARBALHO";"BOA VISTA";"";"";"COLISÃO";"1,0";"0,0";"0,0";"0,0";"0,0";"0,0";"0,0";"1,0";"0,0";"0,0";"0,0";"";"";"";"";"";"";"";"";"";"";"";""
"202429984,0";"2024-10-29";"11:12:00";"SEM VÍTIMA";"FINALIZADA";"SAO JOSE";"RUA SAO JOAO";"504";"";"EM FRENTE AO IMÓVEL DA GUARDA PATRIMONIAL DA PMPE";"SAO JOSE";"";"";"CHOQUE";"1,0";"0,0";"0,0";"0,0";"0,0";"0,0";"1,0";"0,0";"0,0";"0,0";"0,0";"";"";"";"";"";"";"";"";"";"";"";""
"202429993,0";"2024-10-29";"11:51:00";"SEM VÍTIMA";"FINALIZADA";"SOLEDADE";"AV VISCONDE DE SUASSUNA";"926";"";"EM FRENTE AO CENTRO CULTURAL ROSSINI ALVES COUTO";"SOLEDADE";"";"";"COLISÃO LATERAL";"1,0";"0,0";"0,0";"0,0";"0,0";"1,0";"0,0";"0,0";"0,0";"0,0";"0,0";"";"";"";"";"";"";"";"";"";"";"";""
"202429999,0";"2024-10-29";"01:14:00";"COM VÍTIMA";"FINALIZADA";"SAO JOSE";"RUA DA PRAIA";"";"TRV DO ARSENAL DE GUERRA";"";"SAO JOSE";"";"";"COLISÃO";"0,0";"0,0";"0,0";"0,0";"0,0";"0,0";"0,0";"0,0";"0,0";"1,0";"0,0";"";"";"";"";"";"";"";"";"";"";"";""
"202430000,0";"2024-10-29";"01:15:00";"COM VÍTIMA";"FINALIZADA";"JORDAO";"AV CENTENARIO ALBERTO SANTOS DUMONT";"";"";"PCT NO TUNEL DO JORDÃO // PROXIMOA PEC POSOS";"JORDAO";"";"";"COLISÃO";"0,0";"1,0";"0,0";"0,0";"0,0";"0,0";"0,0";"0,0";"0,0";"1,0";"0,0";"";"";"";"";"";"";"";"";"";"";"";""
"202430006,0";"2024-10-29";"02:31:00";"COM VÍTIMA";"FINALIZADA";"BOA VIAGEM";"RUA BRUNO VELOSO";"";"";"NA SAIDA DO SHOPPING RECIFE  E/F ACADEMIA  SELFIT";"BOA VIAGEM";"";"";"COLISÃO LATERAL";"1,0";"1,0";"0,0";"0,0";"0,0";"0,0";"0,0";"0,0";"0,0";"1,0";"0,0";"";"";"";"";"";"";"";"";"";"";"";""
"202430007,0";"2024-10-29";"02:39:00";"COM VÍTIMA";"FINALIZADA";"CAXANGA";"AV CAXANGA";"8433";"";"EMBAIXO DO VIADUTO";"CAXANGA";"";"";"COLISÃO";"0,0";"1,0";"0,0";"0,0";"0,0";"0,0";"0,0";"0,0";"0,0";"1,0";"0,0";"";"";"";"";"";"";"";"";"";"";"";""
"202430011,0";"2024-10-29";"02:57:00";"COM VÍTIMA";"FINALIZADA";"SANTO ANTONIO";"PRC DA REPUBLICA";"";"RUA DO SOL";"ATRAS DO TEATRO PRINCESA ISABEL";"SANTO ANTONIO";"";"";"COLISÃO COM CICLISTA";"1,0";"0,0";"0,0";"1,0";"0,0";"0,0";"0,0";"0,0";"0,0";"1,0";"0,0";"";"";"";"";"";"";"";"";"";"";"";""
"202430012,0";"2024-10-29";"03:00:00";"COM VÍTIMA";"FINALIZADA";"TAMARINEIRA";"RUA GOMES COUTINHO";"415";"";"PROX A CAPELA SAGRADA FACE";"TAMARINEIRA";"";"";"COLISÃO";"0,0";"1,0";"0,0";"0,0";"0,0";"0,0";"0,0";"0,0";"0,0";"1,0";"0,0";"";"";"";"";"";"";"";"";"";"";"";""
"202430014,0";"2024-10-29";"03:06:00";"SEM VÍTIMA";"FINALIZADA";"BOA VISTA";"AV GOVERNADOR AGAMENON MAGALHAES";"";"";"LADO OPOSTO A FARMÁCIA DROGASIL";"BOA VISTA";"174,0";"";"COLISÃO TRASEIRA";"2,0";"0,0";"0,0";"0,0";"0,0";"0,0";"0,0";"0,0";"0,0";"0,0";"0,0";"";"";"";"";"";"";"";"";"";"";"";""