"Protocolo";"data";"hora";"natureza";"situacao";"bairro";"endereco";"numero";"detalhe_endereco_acidente";"complemento";"bairro_cruzamento";"num_semaforo";"sentido_via";"tipo";"auto";"moto";"ciclom";"ciclista";"pedestre";"onibus";"caminhao";"viatura";"outros";"vitimas";"vitimasfatais";"acidente_verificado";"tempo_clima";"situacao_semaforo";"sinalizacao";"condicao_via";"conservacao_via";"ponto_controle";"situacao_placa";"velocidade_max_via";"mao_direcao";"divisao_via1";"divisao_via2"
"202430020,0";"2024-10-29";"03:47:00";"COM VÍTIMA";"FINALIZADA";"ILHA DO RETIRO";"AV ENGENHEIRO ABDIAS DE CARVALHO";"4013";"";"EM FRENTE AO ESTADIO DO SPORT";"ILHA DO RETIRO";"";"";"COLISÃO";"0,0";"1,0";"0,0";"0,0";"0,0";"0,0";"0,0";"0,0";"0,0";"1,0";"0,0";"";"";"";"";"";"";"";"";"";"";"";""
"202430023,0";"2024-10-29";"04:39:00";"COM VÍTIMA";"FINALIZADA";"COQUEIRAL";"RUA QUINZE DE NOVEMBRO";"548";"";"PROXIMO A ESTAÇÃO DE COQUEIRAL";"COQUEIRAL";"";"";"COLISÃO LATERAL";"1,0";"1,0";"0,0";"0,0";"0,0";"0,0";"0,0";"0,0";"0,0";"2,0";"0,0";"";"";"";"";"";"";"";"";"";"";"";""
"202430027,0";"2024-10-29";"05:03:00";"COM VÍTIMA";"FINALIZADA";"MANGABEIRA";"RUA DES HERACLITO CAVALCANTI";"87";"";"PROX A ESCOLA MUNICIPAL DA MANGABEIRA";"MANGABEIRA";"";"";"COLISÃO";"0,0";"1,0";"0,0";"0,0";"0,0";"0,0";"0,0";"0,0";"0,0";"1,0";"0,0";"";"";"";"";"";"";"";"";"";"";"";""
"202430046,0";"2024-10-30";"12:02:00";"COM VÍTIMA";"FINALIZADA";"AFLITOS";"AV CONS ROSA E SILVA";"";"";"EM FRENTE AO CLUBE NÁUTICO CAPIBARIBE";"AFLITOS";"";"";"COLISÃO";"1,0";"1,0";"0,0";"0,0";"0,0";"0,0";"0,0";"0,0";"0,0";"2,0";"0,0";"";"";"";"";"";"";"";"";"";"";"";""
"202430048,0";"2024-10-30";"04:36:00";"COM VÍTIMA";"FINALIZADA";"CASA FORTE";"AV DEZESSETE DE AGOSTO";"357";"AV FLOR DE SANTANA";"EM FRENTE AO BURGUER KING";"CASA FORTE";"614,0";"";"COLISÃO LATERAL";"1,0";"1,0";"0,0";"0,0";"0,0";"0,0";"0,0";"0,0";"0,0";"1,0";"0,0";"";"";"";"";"";"";"";"";"";"";"";""
"202430073,0";"2024-10-30";"07:59:00";"COM VÍTIMA";"FINALIZADA";"IMBIRIBEIRA";"AV MARECHAL MASCARENHAS DE MORAES";"32";"";"EM FRENTE AO PREDIO DA JUSTIÇA FEDERAL ( SENTIDO AEROPORTO )  //  PRÓX AO SUPERMERCADO ASSAÍ";"IMBIRIBEIRA";"";"";"COLISÃO";"1,0";"1,0";"0,0";"0,0";"0,0";"0,0";"0,0";"0,0";"0,0";"1,0";"0,0";"";"";"";"";"";"";"";"";"";"";"";""
"202430086,0";"2024-10-30";"09:36:00";"COM VÍTIMA";"FINALIZADA";"MADALENA";"AV BEIRA RIO";"4173";"";"APÓS O INTERNACIANAL ( SENTIDO PONTE DA CAPUNGA )  //  EDF. TOLIZE";"MADALENA";"";"";"COLISÃO LATERAL";"1,0";"1,0";"0,0";"0,0";"0,0";"0,0";"0,0";"0,0";"0,0";"1,0";"0,0";"";"";"";"";"";"";"";"";"";"";"";""
"202430097,0";"2024-10-30";"11:25:00";"COM VÍTIMA";"DUPLICIDADE";"MACAXEIRA";"AV NORTE MIGUEL ARRAES DE ALENCAR";"7730";"";"EM FRENTE A FABRICA DA MACAXEIRA //  PROX A ESCOLA BELGUEIROS  /  PROX A MARIA MALIA";"MACAXEIRA";"";"";"COLISÃO";"0,0";"1,0";"0,0";"0,0";"0,0";"0,0";"0,0";"0,0";"0,0";"1,0";"0,0";"";"";"";"";"";"";"";"";"";"";"";""
"202430098,0";"2024-10-30";"11:29:00";"COM VÍTIMA";"FINALIZADA";"MACAXEIRA";"AV NORTE MIGUEL ARRAES DE ALENCAR";"2971";"";"PROX. A ACADEMIA DA CIDADE  //  PROX AO ETE";"MACAXEIRA";"";"";"COLISÃO";"0,0";"1,0";"0,0";"0,0";"0,0";"0,0";"0,0";"0,0";"0,0";"1,0";"0,0";"";"";"";"";"";"";"";"";"";"";"";""
"202430105,0";"2024-10-30";"01:22:00";"COM VÍTIMA";"FINALIZADA";"SAO JOSE";"PTE JOAQUIM CARDOSO";"24";"";"SENTIDO IMIP. NA SUBIDA DO VIADUTO";"SAO JOSE";"";"";"COLISÃO";"0,0";"1,0";"0,0";"0,0";"0,0";"0,0";"0,0";"0,0";"0,0";"1,0";"0,0";"";"";"";"";"";"";"";"";"";"";"";""
"202430119,0";"2024-10-30";"03:31:00";"COM VÍTIMA";"FINALIZADA";"ENGENHO DO MEIO";"RUA GENERAL VARGAS";"";"";"POR TRAS DO ANTIGO PREDIO DA SUDENE PROX AO BANCO SANTANDER";"ENGENHO DO MEIO";"";"";"COLISÃO";"1,0";"0,0";"0,0";"0,0";"0,0";"0,0";"0,0";"0,0";"0,0";"1,0";"0,0";"";"";"";"";"";"";"";"";"";"";"";""
"202430120,0";"2024-10-30";"03:34:00";"SEM VÍTIMA";"FINALIZADA";"MADALENA";"RUA ALTINHO";"44";"";"EM FRENTE AO EDIFICIO VILA VERDI E RECIFE PORTAS";"MADALENA";"";"";"COLISÃO TRASEIRA";"1,0";"1,0";"0,0";"0,0";"0,0";"0,0";"0,0";"0,0";"0,0";"0,0";"0,0";"";"";"";"";"";"";"";"";"";"";"";""
"202430124,0";"2024-10-30";"04:31:00";"COM VÍTIMA";"FINALIZADA";"SANTO AMARO";"AV CRUZ CABUGA";"";"";"ANTIGA FABRICA TACARUNA // POR TRAS DO SHOPPING TACARUNA";"SANTO AMARO";"";"";"COLISÃO";"0,0";"1,0";"0,0";"0,0";"0,0";"0,0";"0,0";"0,0";"0,0";"1,0";"0,0";"";"";"";"";"";"";"";"";"";"";"";""
"202430127,0";"2024-10-30";"05:30:00";"COM VÍTIMA";"FINALIZADA";"SANTO AMARO";"AV GOVERNADOR AGAMENON MAGALHAES";"";"";"EM FRENTE AO POSTO DISLUB/ SENTIDO OLINDA";"SANTO AMARO";"";"";"COLISÃO LATERAL";"1,0";"1,0";"0,0";"0,0";"0,0";"0,0";"0,0";"0,0";"0,0";"1,0";"0,0";"";"";"";"";"";"";"";"";"";"";"";""
"202430128,0";"2024-10-30";"06:03:00";"COM VÍTIMA";"FINALIZADA";"PARNAMIRIM";"AV DEZESSETE DE AGOSTO";"2333";"";"EM FRENTE À MC DONALD'S DE CASA FORTE E PRÓX AO PLAZA SHOPPING CASA FORTE";"PARNAMIRIM";"";"";"COLISÃO";"0,0";"1,0";"0,0";"0,0";"0,0";"0,0";"0,0";"0,0";"0,0";"1,0";"0,0";"";"";"";"";"";"";"";"";"";"";"";""
"202430133,0";"2024-10-30";"06:20:00";"COM VÍTIMA";"FINALIZADA";"IPUTINGA";"AV PROFESSOR JOAQUIM CAVALCANTI";"2508";"";"PRX A OFICINA FATOR PREMIUM";"IPUTINGA";"";"";"COLISÃO";"0,0";"1,0";"0,0";"0,0";"0,0";"0,0";"0,0";"0,0";"0,0";"1,0";"0,0";"";"";"";"";"";"";"";"";"";"";"";""
"202430158,0";"2024-10-31";"06:38:00";"COM VÍTIMA";"FINALIZADA";"CASA AMARELA";"RUA PAULA BATISTA";"";"";"EM FRENTE AO NOVO ATACADAO E DELEGACIA DE CASA AMARELA";"CASA AMARELA";"";"";"COLISÃO";"0,0";"1,0";"0,0";"0,0";"0,0";"0,0";"0,0";"0,0";"0,0";"1,0";"0,0";"";"";"";"";"";"";"";"";"";"";"";""
"202430164,0";"2024-10-31";"06:58:00";"SEM VÍTIMA";"FINALIZADA";"SANTO AMARO";"AV NORTE MIGUEL ARRAES DE ALENCAR";"";"PTE DO LIMOEIRO";"RUA DA AURORA";"SANTO AMARO";"";"";"CHOQUE";"1,0";"0,0";"0,0";"0,0";"0,0";"0,0";"0,0";"0,0";"0,0";"0,0";"0,0";"";"";"";"";"";"";"";"";"";"";"";""
"202430184,0";"2024-10-31";"10:26:00";"COM VÍTIMA";"FINALIZADA";"GUABIRABA";"AV EMBAIXADOR ASSIS CHATEAUBRIAND";"";"";"PROX AO PONTILHÃO ( EMBAIXO )";"GUABIRABA";"";"";"COLISÃO LATERAL";"1,0";"1,0";"0,0";"0,0";"0,0";"0,0";"0,0";"0,0";"0,0";"1,0";"0,0";"";"";"";"";"";"";"";"";"";"";"";""
"202430206,0";"2024-10-31";"01:33:00";"COM VÍTIMA";"FINALIZADA";"SAO JOSE";"AV DANTAS BARRETO";"2513";"";"PROX A PRAÇA SERGIO LORETO";"SAO JOSE";"";"";"COLISÃO";"0,0";"1,0";"0,0";"0,0";"0,0";"0,0";"0,0";"0,0";"0,0";"1,0";"0,0";"";"";"";"";"";"";"";"";"";"";"";""
"202430207,0";"2024-10-31";"01:58:00";"COM VÍTIMA";"DUPLICIDADE";"FUNDAO";"AV BEBERIBE";"";"";"SENTIDO BEBERIBE CRUZAMENTO COM A RUA DALVA DE OLIVEIRA EM FRENTE AO RESTAURANTE DALVA DE OLIVEIRA";"FUNDAO";"";"";"COLISÃO";"0,0";"1,0";"0,0";"0,0";"0,0";"0,0";"0,0";"0,0";"0,0";"1,0";"0,0";"";"";"";"";"";"";"";"";"";"";"";""
"202430208,0";"2024-10-31";"01:59:00";"COM VÍTIMA";"FINALIZADA";"BEBERIBE";"RUA DALVA DE OLIVEIRA";"229";"";"PX A AMBEV, PX PADARIA PAN RAINHA";"BEBERIBE";"";"";"COLISÃO";"0,0";"1,0";"0,0";"0,0";"0,0";"0,0";"0,0";"0,0";"0,0";"1,0";"0,0";"";"";"";"";"";"";"";"";"";"";"";""
"202430211,0";"2024-10-31";"02:42:00";"COM VÍTIMA";"FINALIZADA";"AREIAS";"RUA DONA ANA AURORA";"820";"";"EM FRENTE AO BOI QUENTE";"AREIAS";"";"";"COLISÃO";"0,0";"1,0";"0,0";"0,0";"0,0";"0,0";"0,0";"0,0";"0,0";"1,0";"0,0";"";"";"";"";"";"";"";"";"";"";"";""
"202430224,0";"2024-10-31";"04:29:00";"COM VÍTIMA";"FINALIZADA";"VARZEA";"RUA JOSE ANTONIO DA COSTA FILHO";"564";"";"PROX A ONG / NA RUA DO BAR DE BIRA";"VARZEA";"";"";"QUEDA";"0,0";"1,0";"0,0";"0,0";"0,0";"0,0";"0,0";"0,0";"0,0";"1,0";"0,0";"";"";"";"";"";"";"";"";"";"";"";""
"202430232,0";"2024-10-31";"05:46:00";"COM VÍTIMA";"FINALIZADA";"BOA VIAGEM";"RUA DES JOAO PAES";"815";"";"E/F A FARMACIA DROGASIL";"BOA VIAGEM";"";"";"COLISÃO FRONTAL";"1,0";"1,0";"0,0";"0,0";"0,0";"0,0";"0,0";"0,0";"0,0";"1,0";"0,0";"";"";"";"";"";"";"";"";"";"";"";""
"202430234,0";"2024-10-31";"06:28:00";"COM VÍTIMA";"FINALIZADA";"DERBY";"AV GOVERNADOR AGAMENON MAGALHAES";"1959";"";"PX A ESTAÇAO DE BR, PX A PRAÇA DO DERBY";"DERBY";"";"";"COLISÃO FRONTAL";"0,0";"1,0";"0,0";"0,0";"0,0";"1,0";"0,0";"0,0";"0,0";"1,0";"0,0";"";"";"";"";"";"";"";"";"";"";"";""
"202430241,0";"2024-10-31";"09:11:00";"COM VÍTIMA";"FINALIZADA";"ILHA DO LEITE";"AV FREI MATIAS TEVES";"";"";"COM  A RUA SENADOR JOSE HENRIQUE";"ILHA DO LEITE";"";"";"COLISÃO LATERAL";"1,0";"1,0";"0,0";"0,0";"0,0";"0,0";"0,0";"0,0";"0,0";"1,0";"0,0";"";"";"";"";"";"";"";"";"";"";"";""
"202430248,0";"2024-11-01";"06:03:00";"COM VÍTIMA";"FINALIZADA";"AREIAS";"AV DR JOSE RUFINO";"";"";"PROX AO VIADUTO DE AREAS // EM FRENTE A RR SERVICE";"AREIAS";"";"";"COLISÃO";"0,0";"1,0";"0,0";"0,0";"0,0";"0,0";"0,0";"0,0";"0,0";"1,0";"0,0";"";"";"";"";"";"";"";"";"";"";"";""
"202430278,0";"2024-11-01";"10:14:00";"COM VÍTIMA";"FINALIZADA";"IPSEP";"AV RECIFE";"1620";"";"SUPERMERCADO ECONOMICO";"IPSEP";"";"";"COLISÃO TRASEIRA";"1,0";"1,0";"0,0";"0,0";"0,0";"0,0";"0,0";"0,0";"0,0";"1,0";"0,0";"";"";"";"";"";"";"";"";"";"";"";""
"202430293,0";"2024-11-01";"01:12:00";"COM VÍTIMA";"FINALIZADA";"JORDAO";"AV MARIA IRENE";"";"";"PROX AO POSTO JORDAO";"JORDAO";"";"";"COLISÃO TRASEIRA";"0,0";"1,0";"0,0";"0,0";"0,0";"1,0";"0,0";"0,0";"0,0";"1,0";"0,0";"";"";"";"";"";"";"";"";"";"";"";""
"202430294,0";"2024-11-01";"01:13:00";"SEM VÍTIMA";"FINALIZADA";"SAO JOSE";"C SANTA RITA";"";"";"TERMINAL DE ONIBUS";"SAO JOSE";"";"";"COLISÃO TRASEIRA";"1,0";"0,0";"0,0";"0,0";"0,0";"0,0";"0,0";"1,0";"0,0";"0,0";"0,0";"";"";"";"";"";"";"";"";"";"";"";""
"202430295,0";"2024-11-01";"01:25:00";"COM VÍTIMA";"FINALIZADA";"CASA AMARELA";"RUA DA HARMONIA";"765";"";"PROX AO PLANETA AR";"CASA AMARELA";"";"";"COLISÃO TRASEIRA";"1,0";"1,0";"0,0";"0,0";"0,0";"0,0";"0,0";"0,0";"0,0";"1,0";"0,0";"";"";"";"";"";"";"";"";"";"";"";""
"202430305,0";"2024-11-01";"03:05:00";"COM VÍTIMA";"FINALIZADA";"CORDEIRO";"AV CAXANGA";"1414";"";"EM FRENTE AO MUSEU DOS AZULEJOS";"CORDEIRO";"";"SUBURBIO";"COLISÃO LATERAL";"1,0";"1,0";"0,0";"0,0";"0,0";"0,0";"0,0";"0,0";"0,0";"1,0";"0,0";"";"";"";"";"";"";"";"";"";"";"";""
"202430308,0";"2024-11-01";"03:50:00";"COM VÍTIMA";"FINALIZADA";"MADALENA";"AV BEIRA RIO";"";"";"EM FRENTE AO EDIFICIO EQUIPAGEM 51";"MADALENA";"";"";"QUEDA";"0,0";"1,0";"0,0";"0,0";"0,0";"0,0";"0,0";"0,0";"0,0";"1,0";"0,0";"";"";"";"";"";"";"";"";"";"";"";""
"202430313,0";"2024-11-01";"04:44:00";"COM VÍTIMA";"CANCELADA";"IBURA";"RUA EXP FRANCISCO VITORIANO";"1182";"";"APÓS O POSTO DE SAÚDE DA VILA DAS AEROMOÇAS , IBURA DE CIMA";"IBURA";"";"";"COLISÃO";"0,0";"1,0";"0,0";"0,0";"0,0";"0,0";"0,0";"0,0";"0,0";"1,0";"0,0";"";"";"";"";"";"";"";"";"";"";"";""
"202430324,0";"2024-11-01";"05:33:00";"COM VÍTIMA";"FINALIZADA";"IPSEP";"AV PRESIDENTE DUTRA";"15173";"";"PRÓXIMO AO SAL E BRASA / SENTIDO BOA VIAGEM";"IPSEP";"";"";"COLISÃO TRASEIRA";"0,0";"2,0";"0,0";"0,0";"0,0";"0,0";"0,0";"0,0";"0,0";"1,0";"0,0";"";"";"";"";"";"";"";"";"";"";"";""
"202430343,0";"2024-11-02";"02:24:00";"COM VÍTIMA";"FINALIZADA";"ILHA DO LEITE";"AV FREI MATIAS TEVES";"";"RUA DR JOAO ASFORA";"";"ILHA DO LEITE";"";"";"COLISÃO TRASEIRA";"0,0";"0,0";"0,0";"0,0";"0,0";"0,0";"0,0";"0,0";"0,0";"1,0";"0,0";"";"";"";"";"";"";"";"";"";"";"";""
"202430354,0";"2024-11-02";"06:44:00";"COM VÍTIMA";"FINALIZADA";"ARRUDA";"AV BEBERIBE";"";"";"AO LADO DO CAMPO DO ARRUDA //";"ARRUDA";"";"";"COLISÃO";"0,0";"1,0";"0,0";"0,0";"0,0";"0,0";"0,0";"0,0";"0,0";"1,0";"0,0";"";"";"";"";"";"";"";"";"";"";"";""
"202430355,0";"2024-11-02";"07:13:00";"COM VÍTIMA";"FINALIZADA";"BAIRRO DO RECIFE";"CAIS DO APOLO";"";"";"EM FRENTE A PREFEITURA DO RECIFE";"BAIRRO DO RECIFE";"";"";"COLISÃO";"0,0";"1,0";"0,0";"0,0";"0,0";"0,0";"0,0";"0,0";"0,0";"1,0";"0,0";"";"";"";"";"";"";"";"";"";"";"";""
"202430363,0";"2024-11-02";"08:05:00";"SEM VÍTIMA";"FINALIZADA";"IPUTINGA";"RUA DR SEBASTIAO DE SOUZA";"";"";"DE FRENTE AO ATACADÃO";"IPUTINGA";"";"";"CHOQUE";"0,0";"0,0";"0,0";"0,0";"0,0";"0,0";"0,0";"1,0";"0,0";"0,0";"0,0";"";"";"";"";"";"";"";"";"";"";"";""
"202430368,0";"2024-11-02";"09:20:00";"COM VÍTIMA";"FINALIZADA";"IBURA";"AV RIO SAO FRANCISCO";"447";"";"PROX A ACADEMIA SUPERAÇÃO";"IBURA";"";"";"COLISÃO LATERAL";"1,0";"0,0";"0,0";"0,0";"0,0";"0,0";"1,0";"0,0";"0,0";"1,0";"0,0";"";"";"";"";"";"";"";"";"";"";"";""
"202430374,0";"2024-11-02";"10:17:00";"COM VÍTIMA";"FINALIZADA";"BOA VIAGEM";"AV BOA VIAGEM";"5354";"";"AO LADO DO HOTEL ATLANTE PLAZA / PRX AO BRENNAND PLAZA /// PRX AO HOTEL ATLANTICO";"BOA VIAGEM";"";"";"COLISÃO LATERAL";"1,0";"1,0";"0,0";"0,0";"0,0";"0,0";"0,0";"0,0";"0,0";"1,0";"0,0";"";"";"";"";"";"";"";"";"";"";"";""
"202430380,0";"2024-11-02";"11:06:00";"COM VÍTIMA";"FINALIZADA";"JORDAO";"TUNEL FELIPE CAMARAO";"";"";"DENTRO DO TUNEL FELIPE CAMARÃO";"JORDAO";"";"";"COLISÃO TRASEIRA";"1,0";"1,0";"0,0";"0,0";"0,0";"0,0";"0,0";"0,0";"0,0";"1,0";"0,0";"";"";"";"";"";"";"";"";"";"";"";""
"202430384,0";"2024-11-02";"11:40:00";"COM VÍTIMA";"FINALIZADA";"PINA";"RUA SAO LUIZ";"";"";"PROXIMO AO SUPERMECADO M GRAÇAS //";"PINA";"";"";"COLISÃO";"0,0";"1,0";"0,0";"0,0";"0,0";"0,0";"0,0";"0,0";"0,0";"1,0";"0,0";"";"";"";"";"";"";"";"";"";"";"";""
"202430395,0";"2024-11-02";"01:43:00";"COM VÍTIMA";"FINALIZADA";"CORDEIRO";"RUA AMALIA";"420";"";"EM FRENTE A VENDA DE SEU BIU";"CORDEIRO";"";"";"COLISÃO FRONTAL";"1,0";"1,0";"0,0";"0,0";"0,0";"0,0";"0,0";"0,0";"0,0";"1,0";"0,0";"";"";"";"";"";"";"";"";"";"";"";""
"202430410,0";"2024-11-02";"04:27:00";"COM VÍTIMA";"FINALIZADA";"IMBIRIBEIRA";"AV MARECHAL MASCARENHAS DE MORAES";"14";"";"NO FINAL DO MURO DO AEROPORTO SENTIDO CIDADE";"IMBIRIBEIRA";"";"";"COLISÃO";"0,0";"1,0";"0,0";"0,0";"0,0";"0,0";"0,0";"0,0";"0,0";"1,0";"0,0";"";"";"";"";"";"";"";"";"";"";"";""
"202430416,0";"2024-11-02";"05:35:00";"COM VÍTIMA";"FINALIZADA";"CAXANGA";"AV CAXANGA";"3040";"";"EM FRENTE AO TERMINAL INTEGRADO CDU// DO LADO DA CHEVROLET";"CAXANGA";"";"";"COLISÃO";"0,0";"1,0";"0,0";"0,0";"0,0";"0,0";"0,0";"0,0";"0,0";"1,0";"0,0";"";"";"";"";"";"";"";"";"";"";"";""
"202430417,0";"2024-11-02";"05:57:00";"COM VÍTIMA";"FINALIZADA";"TORROES";"AV ENGENHEIRO ABDIAS DE CARVALHO";"6804";"";"SENTIDO CURADO / NO VIADULTO / APOS O POSTO SHELL";"TORROES";"";"";"COLISÃO";"0,0";"1,0";"0,0";"0,0";"0,0";"0,0";"0,0";"0,0";"0,0";"1,0";"0,0";"";"";"";"";"";"";"";"";"";"";"";""
"202430426,0";"2024-11-02";"09:38:00";"COM VÍTIMA";"CANCELADA";"COHAB";"";"11";"";"RUA VEREADOR JOSÉ CASEMIRO DA SILVA, PRÓXIMO AO TERMINAL E À IGREJA CATÓLICA";"COHAB";"";"";"COLISÃO";"0,0";"0,0";"0,0";"0,0";"0,0";"0,0";"0,0";"0,0";"0,0";"1,0";"0,0";"";"";"";"";"";"";"";"";"";"";"";""
"202430429,0";"2024-11-02";"10:26:00";"COM VÍTIMA";"FINALIZADA";"CASA FORTE";"AV DEZESSETE DE AGOSTO";"";"";"EM FRENTE AAO HOSPITAL SENADOR JOSÉ HERMINIO DE MORAES";"CASA FORTE";"";"";"COLISÃO FRONTAL";"1,0";"1,0";"0,0";"0,0";"0,0";"0,0";"0,0";"0,0";"0,0";"2,0";"0,0";"";"";"";"";"";"";"";"";"";"";"";""
"202430433,0";"2024-11-03";"12:58:00";"COM VÍTIMA";"FINALIZADA";"TORRE";"RUA MARCOS ANDRE";"";"RUA JOSE BONIFACIO";"EM FRENTE AO CARREFOUR DA TORRE";"TORRE";"";"";"COLISÃO LATERAL";"1,0";"1,0";"0,0";"0,0";"0,0";"0,0";"0,0";"0,0";"0,0";"1,0";"0,0";"";"";"";"";"";"";"";"";"";"";"";""
"202430434,0";"2024-11-03";"01:42:00";"COM VÍTIMA";"FINALIZADA";"BOA VIAGEM";"RUA ANTONIO FALCAO";"775";"";"EM FRENTE AO HOTEL BEACHCLASS";"BOA VIAGEM";"";"";"COLISÃO LATERAL";"1,0";"1,0";"0,0";"0,0";"0,0";"0,0";"0,0";"0,0";"0,0";"1,0";"0,0";"";"";"";"";"";"";"";"";"";"";"";""
"202430435,0";"2024-11-03";"02:40:00";"COM VÍTIMA";"FINALIZADA";"SAN MARTIN";"AV ENGENHEIRO ABDIAS DE CARVALHO";"";"EST DO FORTE DO ARRAIAL N. DO B. JESUS";"";"SAN MARTIN";"";"";"COLISÃO LATERAL";"1,0";"1,0";"0,0";"0,0";"0,0";"0,0";"0,0";"0,0";"0,0";"2,0";"0,0";"";"";"";"";"";"";"";"";"";"";"";""
"202430455,0";"2024-11-03";"09:38:00";"COM VÍTIMA";"FINALIZADA";"SAO JOSE";"RUA IMPERIAL";"";"";"EM FRENTE AO HOTEL LUA DE MEL, SENT. IMBIRIBEIRA";"SAO JOSE";"";"";"COLISÃO";"0,0";"1,0";"0,0";"0,0";"0,0";"0,0";"0,0";"0,0";"0,0";"1,0";"0,0";"";"";"";"";"";"";"";"";"";"";"";""
"202430463,0";"2024-11-03";"10:44:00";"COM VÍTIMA";"FINALIZADA";"IBURA";"RUA ENGENHO ESPELHO";"";"";"UR-03, PROX. AO COLEGIO MARCOS FREIRE E ASSOCIAÇÃO DA U-03";"IBURA";"";"";"COLISÃO";"0,0";"1,0";"0,0";"0,0";"0,0";"0,0";"0,0";"0,0";"0,0";"1,0";"0,0";"";"";"";"";"";"";"";"";"";"";"";""
"202430464,0";"2024-11-03";"10:48:00";"COM VÍTIMA";"FINALIZADA";"IMBIRIBEIRA";"AV MARECHAL MASCARENHAS DE MORAES";"";"RUA ITACARE";"EM FRENTE A FERREIRA COSTA NO SEMAFORO 386";"IMBIRIBEIRA";"";"";"COLISÃO LATERAL";"1,0";"1,0";"0,0";"0,0";"0,0";"0,0";"0,0";"0,0";"0,0";"1,0";"0,0";"";"";"";"";"";"";"";"";"";"";"";""
"202430475,0";"2024-11-03";"12:09:00";"COM VÍTIMA";"FINALIZADA";"AGUA FRIA";"AV BEBERIBE";"1633";"";"E/F  A IGREJA ASSEMBLEIA DE DEUS  S/T CID";"AGUA FRIA";"";"";"COLISÃO LATERAL";"1,0";"1,0";"0,0";"0,0";"0,0";"0,0";"0,0";"0,0";"0,0";"1,0";"0,0";"";"";"";"";"";"";"";"";"";"";"";""
"202430499,0";"2024-11-03";"05:33:00";"SEM VÍTIMA";"FINALIZADA";"GRACAS";"RUA AMELIA";"707";"AV CONS ROSA E SILVA";"FARMÁCIA PAGUE MENOS";"GRACAS";"46,0";"";"COLISÃO LATERAL";"0,0";"1,0";"0,0";"0,0";"0,0";"0,0";"0,0";"1,0";"0,0";"0,0";"0,0";"";"";"";"";"";"";"";"";"";"";"";""
"202430501,0";"2024-11-03";"06:00:00";"COM VÍTIMA";"FINALIZADA";"SANTO AMARO";"RUA CAPITAO LIMA";"";"";"E/F AIGREJA INTERNACIONAL DA GRAÇA DE  DEUS";"SANTO AMARO";"";"";"COLISÃO COM CICLISTA";"1,0";"0,0";"0,0";"1,0";"0,0";"0,0";"0,0";"0,0";"0,0";"1,0";"0,0";"";"";"";"";"";"";"";"";"";"";"";""
"202430502,0";"2024-11-03";"06:05:00";"COM VÍTIMA";"FINALIZADA";"GUABIRABA";"AV VEREADOR OTACILIO AZEVEDO";"";"";"EM FRENTE AO COLEGIO SÃO CRISTOVÃO";"GUABIRABA";"";"";"COLISÃO FRONTAL";"0,0";"1,0";"0,0";"0,0";"0,0";"1,0";"0,0";"0,0";"0,0";"1,0";"0,0";"";"";"";"";"";"";"";"";"";"";"";""
"202430505,0";"2024-11-03";"07:09:00";"COM VÍTIMA";"FINALIZADA";"CASA AMARELA";"RUA CONS NABUCO";"571";"";"EM FRENTE AO N 571";"CASA AMARELA";"";"";"COLISÃO";"1,0";"1,0";"0,0";"0,0";"0,0";"0,0";"0,0";"0,0";"0,0";"1,0";"0,0";"";"";"";"";"";"";"";"";"";"";"";""
"202430508,0";"2024-11-03";"09:03:00";"SEM VÍTIMA";"FINALIZADA";"CASA FORTE";"AV DEZESSETE DE AGOSTO";"";"RUA JAYME LOYO";"REF: CONFEITARIA CASA FORTE";"CASA FORTE";"";"";"COLISÃO LATERAL";"1,0";"1,0";"0,0";"0,0";"0,0";"0,0";"0,0";"0,0";"0,0";"0,0";"0,0";"";"";"";"";"";"";"";"";"";"";"";""
"202430511,0";"2024-11-03";"10:00:00";"COM VÍTIMA";"CANCELADA";"IPUTINGA";"EST DO BARBALHO";"1038";"";"SEDE DO DETRAN";"IPUTINGA";"";"";"COLISÃO COM CICLISTA";"1,0";"0,0";"0,0";"1,0";"0,0";"0,0";"0,0";"0,0";"0,0";"1,0";"0,0";"";"";"";"";"";"";"";"";"";"";"";""
"202430512,0";"2024-11-04";"04:38:00";"COM VÍTIMA";"FINALIZADA";"CAXANGA";"AV CAXANGA";"";"";"SOB O VIADULTO";"CAXANGA";"";"";"CHOQUE";"1,0";"0,0";"0,0";"0,0";"0,0";"0,0";"0,0";"0,0";"0,0";"1,0";"0,0";"";"";"";"";"";"";"";"";"";"";"";""
"202430514,0";"2024-11-04";"06:03:00";"COM VÍTIMA";"FINALIZADA";"SANTO AMARO";"AV GOVERNADOR AGAMENON MAGALHAES";"";"RUA ODORICO MENDES";"NO SEMAFORO 049";"SANTO AMARO";"";"";"COLISÃO";"0,0";"1,0";"0,0";"0,0";"0,0";"0,0";"0,0";"0,0";"0,0";"1,0";"0,0";"";"";"";"";"";"";"";"";"";"";"";""