"Protocolo";"data";"hora";"natureza";"situacao";"bairro";"endereco";"numero";"detalhe_endereco_acidente";"complemento";"bairro_cruzamento";"num_semaforo";"sentido_via";"tipo";"auto";"moto";"ciclom";"ciclista";"pedestre";"onibus";"caminhao";"viatura";"outros";"vitimas";"vitimasfatais";"acidente_verificado";"tempo_clima";"situacao_semaforo";"sinalizacao";"condicao_via";"conservacao_via";"ponto_controle";"situacao_placa";"velocidade_max_via";"mao_direcao";"divisao_via1";"divisao_via2"
"202430527,0";"2024-11-04";"07:48:00";"COM VÍTIMA";"FINALIZADA";"IMBIRIBEIRA";"AV RECIFE";"";"";"SENT. BOA VIAGEM, PROX. A SUDENE EM FRENTE AO MV EMPRESARIAL, ANTES DO VIADUTO";"IMBIRIBEIRA";"";"";"COLISÃO";"0,0";"1,0";"0,0";"0,0";"0,0";"0,0";"0,0";"0,0";"0,0";"1,0";"0,0";"";"";"";"";"";"";"";"";"";"";"";""
"202430536,0";"2024-11-04";"09:25:00";"SEM VÍTIMA";"FINALIZADA";"CORDEIRO";"RUA DR MIGUEL VIEIRA FERREIRA";"";"";"";"CORDEIRO";"";"";"CHOQUE";"0,0";"0,0";"0,0";"0,0";"0,0";"0,0";"0,0";"0,0";"0,0";"0,0";"0,0";"";"";"";"";"";"";"";"";"";"";"";""
"202430538,0";"2024-11-04";"09:35:00";"SEM VÍTIMA";"FINALIZADA";"BOA VISTA";"PTE PRINCESA IZABEL";"";"";"SOBRE A PONTE";"BOA VISTA";"";"SUBURBIO";"COLISÃO TRASEIRA";"2,0";"0,0";"0,0";"0,0";"0,0";"0,0";"0,0";"0,0";"0,0";"0,0";"0,0";"";"";"";"";"";"";"";"";"";"";"";""
"202430539,0";"2024-11-04";"09:35:00";"SEM VÍTIMA";"FINALIZADA";"GRACAS";"RUA DOM SEBASTIAO LEME";"57";"";"PROX A BEIRA RIO";"GRACAS";"";"";"COLISÃO";"1,0";"1,0";"0,0";"0,0";"0,0";"0,0";"0,0";"0,0";"0,0";"0,0";"0,0";"";"";"";"";"";"";"";"";"";"";"";""
"202430543,0";"2024-11-04";"09:46:00";"COM VÍTIMA";"CANCELADA";"TOTO";"RUA BOTUMIRIM";"";"";"PROX. AO BAR DA CREMILDA, EM FRENTE AO PRESIDIO ANIBAL BRUNO";"TOTO";"";"";"COLISÃO";"0,0";"1,0";"0,0";"0,0";"0,0";"0,0";"0,0";"0,0";"0,0";"1,0";"0,0";"";"";"";"";"";"";"";"";"";"";"";""
"202430550,0";"2024-11-04";"10:49:00";"COM VÍTIMA";"FINALIZADA";"IBURA";"RUA EXP FRANCISCO VITORIANO";"1123";"";"PROX A CRECHE MUNICIPAL . NA SUBIDA DO ONIBUS ( UR-10 )";"IBURA";"";"";"COLISÃO";"0,0";"1,0";"0,0";"0,0";"0,0";"0,0";"0,0";"0,0";"0,0";"1,0";"0,0";"";"";"";"";"";"";"";"";"";"";"";""
"202430562,0";"2024-11-04";"12:13:00";"COM VÍTIMA";"FINALIZADA";"BOA VISTA";"RUA DO HOSPICIO";"692";"";"EM FRENTE AO POSTO DE ATENDIMENTO DOS VETERANOS";"BOA VISTA";"";"";"COLISÃO";"0,0";"1,0";"0,0";"0,0";"0,0";"0,0";"0,0";"0,0";"0,0";"1,0";"0,0";"";"";"";"";"";"";"";"";"";"";"";""
"202430579,0";"2024-11-04";"02:40:00";"COM VÍTIMA";"FINALIZADA";"PARNAMIRIM";"RUA DO MARQUES";"89";"";"PROX AO CLUBE ALEMÃO EO COLEGIO JOSE VILELA";"PARNAMIRIM";"";"";"COLISÃO FRONTAL";"2,0";"1,0";"0,0";"0,0";"0,0";"0,0";"0,0";"0,0";"0,0";"1,0";"0,0";"";"";"";"";"";"";"";"";"";"";"";""
"202430581,0";"2024-11-04";"03:11:00";"COM VÍTIMA";"FINALIZADA";"BOA VIAGEM";"AV BOA VIAGEM";"";"";"E/F AO QUIOSQUE 41";"BOA VIAGEM";"";"";"COLISÃO";"0,0";"0,0";"0,0";"0,0";"0,0";"0,0";"0,0";"0,0";"0,0";"1,0";"0,0";"";"";"";"";"";"";"";"";"";"";"";""
"202430584,0";"2024-11-04";"03:34:00";"COM VÍTIMA";"FINALIZADA";"MADALENA";"RUA BARTOLOMEU DE GUSMAO";"";"";"PROX A BELEZA CAFÉ E A  MODA BARBEARIA";"MADALENA";"";"";"COLISÃO";"0,0";"0,0";"0,0";"0,0";"0,0";"0,0";"0,0";"0,0";"0,0";"1,0";"0,0";"";"";"";"";"";"";"";"";"";"";"";""
"202430592,0";"2024-11-04";"05:34:00";"COM VÍTIMA";"FINALIZADA";"CAMPO GRANDE";"AV GOVERNADOR AGAMENON MAGALHAES";"";"";"NO CRUZAMENTO DO CAMPO DO 11  PROX AO IC INSTITUTO DE CRIMINALÍSTICA  PE";"CAMPO GRANDE";"";"";"COLISÃO";"0,0";"0,0";"0,0";"0,0";"0,0";"0,0";"0,0";"0,0";"0,0";"1,0";"0,0";"";"";"";"";"";"";"";"";"";"";"";""
"202430595,0";"2024-11-04";"06:32:00";"SEM VÍTIMA";"FINALIZADA";"IMBIRIBEIRA";"AV MARECHAL MASCARENHAS DE MORAES";"";"";"EM FRENTE AO AEROPORTO";"IMBIRIBEIRA";"";"";"ENGAVETAMENTO";"4,0";"0,0";"0,0";"0,0";"0,0";"0,0";"0,0";"0,0";"0,0";"0,0";"0,0";"";"";"";"";"";"";"";"";"";"";"";""
"202430598,0";"2024-11-04";"08:10:00";"COM VÍTIMA";"FINALIZADA";"CORDEIRO";"RUA CLAUDIO BROTHERHOOD";"";"";"COM A RUA DRº MIGUEL VIEIRA FERREIRA";"CORDEIRO";"";"";"COLISÃO LATERAL";"1,0";"1,0";"0,0";"0,0";"0,0";"0,0";"0,0";"0,0";"0,0";"1,0";"0,0";"";"";"";"";"";"";"";"";"";"";"";""
"202430599,0";"2024-11-04";"08:57:00";"COM VÍTIMA";"FINALIZADA";"JORDAO";"AV DONA CARENTINA";"457 B";"";"";"JORDAO";"";"";"COLISÃO LATERAL";"1,0";"1,0";"0,0";"0,0";"0,0";"0,0";"0,0";"0,0";"0,0";"1,0";"0,0";"";"";"";"";"";"";"";"";"";"";"";""
"202430600,0";"2024-11-04";"09:12:00";"COM VÍTIMA";"FINALIZADA";"PINA";"RUA BARAO DE SANTO ANGELO";"55";"";"";"PINA";"";"";"COLISÃO COM CICLISTA";"1,0";"0,0";"0,0";"1,0";"0,0";"0,0";"0,0";"0,0";"0,0";"1,0";"0,0";"";"";"";"";"";"";"";"";"";"";"";""
"202430606,0";"2024-11-05";"12:13:00";"COM VÍTIMA";"FINALIZADA";"JOANA BEZERRA";"RUA IMPERIAL";"";"RUA CABO EUTROPIO";"";"JOANA BEZERRA";"";"";"COLISÃO TRANSVERSAL";"1,0";"1,0";"0,0";"0,0";"0,0";"0,0";"0,0";"0,0";"0,0";"1,0";"0,0";"";"";"";"";"";"";"";"";"";"";"";""
"202430616,0";"2024-11-05";"06:32:00";"COM VÍTIMA";"FINALIZADA";"CORDEIRO";"RUA PROFESSOR JOAQUIM XAVIER DE BRITO";"";"RUA DR MIGUEL VIEIRA FERREIRA";"";"CORDEIRO";"";"";"COLISÃO";"0,0";"0,0";"0,0";"0,0";"0,0";"0,0";"0,0";"0,0";"0,0";"1,0";"0,0";"";"";"";"";"";"";"";"";"";"";"";""
"202430619,0";"2024-11-05";"07:35:00";"COM VÍTIMA";"FINALIZADA";"FUNDAO";"RUA CORONEL URBANO RIBEIRO DE SENA";"";"";"PROX. A PIZZARIA VICIO E A ARVORE DA BARRIGUDA";"FUNDAO";"";"";"COLISÃO";"0,0";"1,0";"0,0";"0,0";"0,0";"0,0";"0,0";"0,0";"0,0";"1,0";"0,0";"";"";"";"";"";"";"";"";"";"";"";""
"202430644,0";"2024-11-05";"10:15:00";"COM VÍTIMA";"FINALIZADA";"IMBIRIBEIRA";"AV MARECHAL MASCARENHAS DE MORAES";"2309";"";"EM FRENTE A FERREIRA COSTA";"IMBIRIBEIRA";"";"";"COLISÃO";"0,0";"1,0";"0,0";"0,0";"0,0";"0,0";"0,0";"0,0";"0,0";"1,0";"0,0";"";"";"";"";"";"";"";"";"";"";"";""
"202430646,0";"2024-11-05";"10:58:00";"SEM VÍTIMA";"FINALIZADA";"GUABIRABA";"COR JOSE IDALINO";"120";"";"EM FRENTE AO USF TEREZA RAMOS";"GUABIRABA";"";"SUBURBIO";"CHOQUE";"1,0";"0,0";"0,0";"0,0";"0,0";"0,0";"0,0";"0,0";"0,0";"0,0";"0,0";"";"";"";"";"";"";"";"";"";"";"";""
"202430655,0";"2024-11-05";"12:46:00";"COM VÍTIMA";"FINALIZADA";"LINHA DO TIRO";"RUA PROFESSOR JOSE AMARINO DOS REIS";"2324";"";"PROX A IGREJA ASSEMBLEIA DE DEUS";"LINHA DO TIRO";"";"";"COLISÃO FRONTAL";"1,0";"1,0";"0,0";"0,0";"0,0";"0,0";"0,0";"0,0";"0,0";"1,0";"0,0";"";"";"";"";"";"";"";"";"";"";"";""
"202430656,0";"2024-11-05";"01:26:00";"SEM VÍTIMA";"CANCELADA";"BOA VISTA";"RUA DA CONCEICAO";"";"";"EM FRENTE A PRACA MARCIEL PINHEIRO / NO CONTEINER DA GUARDA MUNICIPAL";"BOA VISTA";"";"";"COLISÃO LATERAL";"1,0";"0,0";"0,0";"0,0";"0,0";"0,0";"0,0";"1,0";"0,0";"0,0";"0,0";"";"";"";"";"";"";"";"";"";"";"";""
"202430657,0";"2024-11-05";"01:46:00";"COM VÍTIMA";"FINALIZADA";"CABANGA";"VIADUTO CAPITAO TEMUDO";"680";"";"S/T PINA DA ALÇA QUE DA  ACESSO A RUA IMPERIAL  APOS O COMPLEXO JOANA BEZERRA";"CABANGA";"";"";"COLISÃO";"0,0";"0,0";"0,0";"0,0";"0,0";"0,0";"0,0";"0,0";"0,0";"1,0";"0,0";"";"";"";"";"";"";"";"";"";"";"";""
"202430663,0";"2024-11-05";"02:40:00";"COM VÍTIMA";"FINALIZADA";"AFOGADOS";"RUA SAO MIGUEL";"";"";"EM FRENTE AO 14º BATALHÃO DO EXERCITO";"AFOGADOS";"";"";"COLISÃO LATERAL";"0,0";"1,0";"0,0";"0,0";"0,0";"0,0";"1,0";"0,0";"0,0";"2,0";"0,0";"";"";"";"";"";"";"";"";"";"";"";""
"202430667,0";"2024-11-05";"03:27:00";"COM VÍTIMA";"FINALIZADA";"NOVA DESCOBERTA";"AV VEREADOR OTACILIO AZEVEDO";"";"";"PROX A ESCOLA  IRMÃ MAGNA  DEPOSI DO MARRETÃO";"NOVA DESCOBERTA";"";"";"COLISÃO";"0,0";"0,0";"0,0";"0,0";"0,0";"0,0";"0,0";"0,0";"0,0";"1,0";"0,0";"";"";"";"";"";"";"";"";"";"";"";""
"202430677,0";"2024-11-05";"04:09:00";"COM VÍTIMA";"FINALIZADA";"BOA VIAGEM";"RUA CORONEL BENEDITO CHAVES";"52";"";"PROX A ORLA DE BOA VIAGEM  E/F AO EDF SCALA";"BOA VIAGEM";"";"";"COLISÃO";"0,0";"0,0";"0,0";"0,0";"0,0";"0,0";"0,0";"0,0";"0,0";"1,0";"0,0";"";"";"";"";"";"";"";"";"";"";"";""
"202430679,0";"2024-11-05";"04:12:00";"COM VÍTIMA";"FINALIZADA";"SANTO AMARO";"AV CRUZ CABUGA";"";"";"PROX AO CEMITERIO DOS INGLESES";"SANTO AMARO";"";"";"COLISÃO";"0,0";"0,0";"0,0";"0,0";"0,0";"0,0";"0,0";"0,0";"0,0";"1,0";"0,0";"";"";"";"";"";"";"";"";"";"";"";""
"202430680,0";"2024-11-05";"04:16:00";"COM VÍTIMA";"FINALIZADA";"BOA VIAGEM";"RUA WALDEMAR NERY CARNEIRO MONTEIRO";"455";"";"PROX AO TERMINAL DE ONIBUS DE SETUBAL";"BOA VIAGEM";"";"";"COLISÃO";"0,0";"0,0";"0,0";"0,0";"0,0";"0,0";"0,0";"0,0";"0,0";"1,0";"0,0";"";"";"";"";"";"";"";"";"";"";"";""
"202430682,0";"2024-11-05";"04:28:00";"SEM VÍTIMA";"FINALIZADA";"SANTO AMARO";"RUA ALVARES DE AZEVEDO";"110";"";"EM FRENTE AO NÚMERO 110";"SANTO AMARO";"";"CIDADE";"COLISÃO LATERAL";"2,0";"0,0";"0,0";"0,0";"0,0";"0,0";"0,0";"0,0";"0,0";"0,0";"0,0";"";"";"";"";"";"";"";"";"";"";"";""
"202430685,0";"2024-11-05";"05:00:00";"COM VÍTIMA";"FINALIZADA";"CASA AMARELA";"RUA ALTO JOSE BONIFACIO";"";"";"NA LADERA DO BOI  FEIRA DA RODINHA S/T ALTO JOSE BONIFACIO";"CASA AMARELA";"";"";"COLISÃO";"0,0";"0,0";"0,0";"0,0";"0,0";"0,0";"0,0";"0,0";"0,0";"1,0";"0,0";"";"";"";"";"";"";"";"";"";"";"";""
"202430694,0";"2024-11-05";"09:28:00";"COM VÍTIMA";"FINALIZADA";"SANTO ANTONIO";"AV MARTINS DE BARROS";"";"PTE CONDE MAURICIO DE NASSAU";"";"SANTO ANTONIO";"";"";"ATROPELAMENTO DE PESSOA";"1,0";"0,0";"0,0";"0,0";"0,0";"0,0";"0,0";"0,0";"0,0";"1,0";"0,0";"";"";"";"";"";"";"";"";"";"";"";""
"202430703,0";"2024-11-06";"06:04:00";"COM VÍTIMA";"FINALIZADA";"BOMBA DO HEMETERIO";"RUA BOMBA DO HEMETERIO";"";"";"PROX. AO NB CAMPO, FARMACIA DO TRABALHADOR E EDVALDO BEBIDAS";"BOMBA DO HEMETERIO";"";"";"COLISÃO";"0,0";"1,0";"0,0";"0,0";"0,0";"0,0";"0,0";"0,0";"0,0";"1,0";"0,0";"";"";"";"";"";"";"";"";"";"";"";""
"202430712,0";"2024-11-06";"08:06:00";"COM VÍTIMA";"FINALIZADA";"MACAXEIRA";"AV NORTE MIGUEL ARRAES DE ALENCAR";"10857";"";"EM FRENTE A ESCOLA TECNICA //  PROX A ANTIGA INTEGRAÇÃO DA MACAXEIRA  ( NO GIRADOURO )";"MACAXEIRA";"";"";"COLISÃO";"0,0";"1,0";"0,0";"0,0";"0,0";"0,0";"0,0";"0,0";"0,0";"1,0";"0,0";"";"";"";"";"";"";"";"";"";"";"";""
"202430721,0";"2024-11-06";"08:50:00";"COM VÍTIMA";"FINALIZADA";"IPSEP";"AV RECIFE";"1600";"";"PRÓX. AO SUPERMERCADO ECONÔMICO //  EM FRENTE A SÃO PAULO VEÍCULOS";"IPSEP";"";"";"COLISÃO";"0,0";"1,0";"0,0";"0,0";"0,0";"0,0";"0,0";"0,0";"0,0";"1,0";"0,0";"";"";"";"";"";"";"";"";"";"";"";""
"202430722,0";"2024-11-06";"08:51:00";"COM VÍTIMA";"DUPLICIDADE";"CASA FORTE";"EST DO ARRAIAL";"2723";"";"PROX AO HOSPITAL AGAMENOM MAGALHAES";"CASA FORTE";"";"";"COLISÃO";"1,0";"0,0";"0,0";"0,0";"0,0";"0,0";"0,0";"1,0";"0,0";"1,0";"0,0";"";"";"";"";"";"";"";"";"";"";"";""
"202430726,0";"2024-11-06";"09:30:00";"COM VÍTIMA";"FINALIZADA";"CASA AMARELA";"RUA DA HARMONIA";"";"";"PROX AO HOSPITAL MAGALHÃES / EM FRENTE A IGREJA DA HARMONIA";"CASA AMARELA";"";"";"COLISÃO";"1,0";"0,0";"0,0";"0,0";"0,0";"0,0";"0,0";"0,0";"1,0";"1,0";"0,0";"";"";"";"";"";"";"";"";"";"";"";""
"202430728,0";"2024-11-06";"09:50:00";"COM VÍTIMA";"FINALIZADA";"SANTO AMARO";"AV GOVERNADOR AGAMENON MAGALHAES";"S/N";"";"EM FRENTE AO SHOPPING TACARUNA // SENTIDO RECIFE";"SANTO AMARO";"";"";"COLISÃO";"0,0";"1,0";"0,0";"0,0";"0,0";"0,0";"0,0";"0,0";"0,0";"1,0";"0,0";"";"";"";"";"";"";"";"";"";"";"";""
"202430732,0";"2024-11-06";"10:14:00";"COM VÍTIMA";"FINALIZADA";"TORRE";"RUA REAL DA TORRE";"";"";"APÓS O SUPERMERCADO RECIBOM";"TORRE";"";"";"COLISÃO";"0,0";"1,0";"0,0";"0,0";"0,0";"0,0";"0,0";"0,0";"0,0";"1,0";"0,0";"";"";"";"";"";"";"";"";"";"";"";""
"202430744,0";"2024-11-06";"11:33:00";"COM VÍTIMA";"FINALIZADA";"AREIAS";"AV RECIFE";"4084";"";"NO SEMAFORO 599, EM FRENTE AO CARREFOUR";"AREIAS";"";"";"COLISÃO LATERAL";"0,0";"2,0";"0,0";"0,0";"0,0";"0,0";"0,0";"0,0";"0,0";"3,0";"0,0";"";"";"";"";"";"";"";"";"";"";"";""
"202430746,0";"2024-11-06";"11:44:00";"COM VÍTIMA";"FINALIZADA";"IMBIRIBEIRA";"AV GENERAL MAC ARTHUR";"465";"";"IMPERIO DO LUBRIFICANTE";"IMBIRIBEIRA";"";"";"COLISÃO";"0,0";"0,0";"0,0";"0,0";"0,0";"0,0";"0,0";"0,0";"0,0";"1,0";"0,0";"";"";"";"";"";"";"";"";"";"";"";""
"202430750,0";"2024-11-06";"11:58:00";"SEM VÍTIMA";"FINALIZADA";"BOA VIAGEM";"AV BOA VIAGEM";"5274";"";"EM FRENTE AO EDF. ESTAÇÃO DO MAR //  EM FRENTE AO RESIDENCIAL TRANSATLANTICO ( ANTES DA PRACINHA DE BOA VIAGEM )";"BOA VIAGEM";"";"";"COLISÃO TRASEIRA";"1,0";"0,0";"0,0";"0,0";"0,0";"0,0";"0,0";"1,0";"0,0";"0,0";"0,0";"";"";"";"";"";"";"";"";"";"";"";""
"202430751,0";"2024-11-06";"11:54:00";"COM VÍTIMA";"FINALIZADA";"MADALENA";"RUA BENFICA";"912";"AV VISCONDE DE ALBUQUERQUE";"BOMPREÇO DA MADALENA";"MADALENA";"";"";"ATROPELAMENTO DE PESSOA";"0,0";"0,0";"0,0";"0,0";"1,0";"0,0";"0,0";"0,0";"0,0";"1,0";"0,0";"";"";"";"";"";"";"";"";"";"";"";""
"202430757,0";"2024-11-06";"12:50:00";"COM VÍTIMA";"FINALIZADA";"SAN MARTIN";"AV RECIFE";"668";"";"ANTES DA ENTRADA DE SAN MARTIN //  JUSTIÇA FEDERAL // POSTO DE GASOLINA BR";"SAN MARTIN";"";"";"COLISÃO";"0,0";"1,0";"0,0";"0,0";"0,0";"0,0";"0,0";"0,0";"0,0";"1,0";"0,0";"";"";"";"";"";"";"";"";"";"";"";""
"202430760,0";"2024-11-06";"12:00:00";"COM VÍTIMA";"CANCELADA";"BOA VIAGEM";"AVENIDA CELSO FURTADO (VIA MANGUE)";"";"";"S/T IMBIRIBEIRA";"BOA VIAGEM";"";"";"COLISÃO";"0,0";"0,0";"0,0";"0,0";"0,0";"0,0";"0,0";"0,0";"0,0";"1,0";"0,0";"";"";"";"";"";"";"";"";"";"";"";""
"202430764,0";"2024-11-06";"01:37:00";"COM VÍTIMA";"FINALIZADA";"CAXANGA";"AV CAXANGA";"";"";"E/F A EMPRESA AGROUTIL  E A DROGASIL";"CAXANGA";"";"";"COLISÃO";"0,0";"0,0";"0,0";"0,0";"0,0";"0,0";"0,0";"0,0";"0,0";"1,0";"0,0";"";"";"";"";"";"";"";"";"";"";"";""
"202430767,0";"2024-11-06";"02:02:00";"COM VÍTIMA";"FINALIZADA";"CASA FORTE";"AV DEZESSETE DE AGOSTO";"";"";"PROX AO HOSPITAL HERMINIO DE MORAES  E O POSTO DISLUB";"CASA FORTE";"";"";"COLISÃO";"0,0";"0,0";"0,0";"0,0";"0,0";"0,0";"0,0";"0,0";"0,0";"1,0";"0,0";"";"";"";"";"";"";"";"";"";"";"";""
"202430773,0";"2024-11-06";"03:12:00";"COM VÍTIMA";"FINALIZADA";"IBURA";"AV DOIS RIOS";"774";"";"IBURA DE BAIXO  E/F AO MERCADO SERVE BEM";"IBURA";"";"";"COLISÃO FRONTAL";"0,0";"1,0";"0,0";"0,0";"0,0";"0,0";"1,0";"0,0";"0,0";"1,0";"0,0";"";"";"";"";"";"";"";"";"";"";"";""
"202430779,0";"2024-11-06";"04:13:00";"SEM VÍTIMA";"FINALIZADA";"IMBIRIBEIRA";"AV MARECHAL MASCARENHAS DE MORAES";"";"";"PROXIMO AO AEROPORTO / PROX A ENTRADA DO JORDAO";"IMBIRIBEIRA";"";"";"COLISÃO LATERAL";"1,0";"0,0";"0,0";"0,0";"0,0";"0,0";"1,0";"0,0";"0,0";"0,0";"0,0";"";"";"";"";"";"";"";"";"";"";"";""
"202430784,0";"2024-11-06";"04:51:00";"COM VÍTIMA";"FINALIZADA";"VASCO DA GAMA";"RUA DOIS DE FEVEREIRO";"483";"";"PROX A  LOTERIA CEA BARBOSA";"VASCO DA GAMA";"";"";"COLISÃO";"0,0";"0,0";"0,0";"0,0";"0,0";"0,0";"0,0";"0,0";"0,0";"1,0";"0,0";"";"";"";"";"";"";"";"";"";"";"";""
"202430790,0";"2024-11-06";"06:14:00";"COM VÍTIMA";"FINALIZADA";"BONGI";"RUA ISAAC MARKMAN";"470";"";"EM FRENTE À CELPE, PRÓX À SECRETARIA DE SAÚDE E PRÓX AO TERMINAL DE ÔNIBUS DO BONGI.";"BONGI";"";"";"COLISÃO LATERAL";"1,0";"1,0";"0,0";"0,0";"0,0";"0,0";"0,0";"0,0";"0,0";"1,0";"0,0";"";"";"";"";"";"";"";"";"";"";"";""
"202430792,0";"2024-11-06";"06:38:00";"COM VÍTIMA";"FINALIZADA";"ENCRUZILHADA";"AV BEBERIBE";"";"";"PROX AO ANTIGO BAR DO MACARRAO E A COPUS RASTREAMENTO DE VEICULOS";"ENCRUZILHADA";"";"";"COLISÃO";"1,0";"2,0";"0,0";"0,0";"0,0";"0,0";"0,0";"0,0";"0,0";"1,0";"0,0";"";"";"";"";"";"";"";"";"";"";"";""
"202430797,0";"2024-11-06";"10:42:00";"COM VÍTIMA";"FINALIZADA";"ARRUDA";"RUA DAS MOCAS";"89";"";"RUA DO ESTÁDIO";"ARRUDA";"";"";"CHOQUE";"0,0";"1,0";"0,0";"0,0";"0,0";"0,0";"0,0";"0,0";"0,0";"1,0";"0,0";"";"";"";"";"";"";"";"";"";"";"";""
"202430826,0";"2024-11-07";"08:08:00";"COM VÍTIMA";"FINALIZADA";"SANTO AMARO";"AV GOVERNADOR AGAMENON MAGALHAES";"1493";"";"PROX. AO POSTO DISLUB  // PROX A LOJA ALM CELL  (  SENTIDO OLINDA )";"SANTO AMARO";"";"";"COLISÃO";"0,0";"1,0";"0,0";"0,0";"0,0";"0,0";"0,0";"0,0";"0,0";"1,0";"0,0";"";"";"";"";"";"";"";"";"";"";"";""
"202430827,0";"2024-11-07";"08:13:00";"COM VÍTIMA";"FINALIZADA";"IPSEP";"AV RECIFE";"1500";"";"EM FRENTE A SPLASH PISCINAS, SENT. BOA VIAGEM";"IPSEP";"";"";"COLISÃO COM CICLISTA";"1,0";"1,0";"0,0";"1,0";"0,0";"0,0";"0,0";"0,0";"0,0";"1,0";"0,0";"";"";"";"";"";"";"";"";"";"";"";""
"202430841,0";"2024-11-07";"10:34:00";"COM VÍTIMA";"FINALIZADA";"ESTANCIA";"AV RECIFE";"810";"";"EM FRENTE AO HOSPITAL DO IDOSO, NO SEMAFORO 617";"ESTANCIA";"";"";"COLISÃO FRONTAL";"1,0";"1,0";"0,0";"0,0";"0,0";"0,0";"0,0";"0,0";"0,0";"1,0";"0,0";"";"";"";"";"";"";"";"";"";"";"";""
"202430843,0";"2024-11-07";"11:29:00";"COM VÍTIMA";"FINALIZADA";"MADALENA";"AV ENGENHEIRO ABDIAS DE CARVALHO";"12";"";"EM FRENTE A BIG CAR";"MADALENA";"";"";"COLISÃO TRASEIRA";"2,0";"0,0";"0,0";"0,0";"0,0";"0,0";"0,0";"0,0";"0,0";"2,0";"0,0";"";"";"";"";"";"";"";"";"";"";"";""
"202430845,0";"2024-11-07";"11:42:00";"COM VÍTIMA";"DUPLICIDADE";"PRADO";"AV ENGENHEIRO ABDIAS DE CARVALHO";"6072";"";"PRÓX. AO BG CAR // PRÓX AO ENGEFRIO";"PRADO";"";"";"COLISÃO";"1,0";"0,0";"0,0";"0,0";"0,0";"0,0";"0,0";"0,0";"0,0";"1,0";"0,0";"";"";"";"";"";"";"";"";"";"";"";""
"202430851,0";"2024-11-07";"12:52:00";"COM VÍTIMA";"FINALIZADA";"BOA VIAGEM";"AV ANTONIO TORRES GALVAO";"499";"";"PROX A CATEDRAL DE RECONCILIAÇÃO //  PROX AO COLEGIO COGNITIVO";"BOA VIAGEM";"";"";"COLISÃO";"0,0";"1,0";"0,0";"0,0";"0,0";"0,0";"0,0";"0,0";"0,0";"1,0";"0,0";"";"";"";"";"";"";"";"";"";"";"";""
"202430853,0";"2024-11-07";"01:05:00";"COM VÍTIMA";"FINALIZADA";"CASA FORTE";"AV DEZESSETE DE AGOSTO";"1395";"";"E/F AO HOPITAL  ERMINIO DE MORAES";"CASA FORTE";"";"";"COLISÃO LATERAL";"1,0";"1,0";"0,0";"0,0";"0,0";"0,0";"0,0";"0,0";"0,0";"1,0";"0,0";"";"";"";"";"";"";"";"";"";"";"";""
"202430874,0";"2024-11-07";"08:43:00";"COM VÍTIMA";"FINALIZADA";"SANTO AMARO";"RUA DO POMBAL";"";"RUA PEDRO AFONSO";"REF: EM FRENTE AO IML";"SANTO AMARO";"";"";"COLISÃO TRANSVERSAL";"1,0";"1,0";"0,0";"0,0";"0,0";"0,0";"0,0";"0,0";"0,0";"1,0";"0,0";"";"";"";"";"";"";"";"";"";"";"";""
"202430890,0";"2024-11-08";"06:46:00";"COM VÍTIMA";"FINALIZADA";"IMBIRIBEIRA";"AV MARECHAL MASCARENHAS DE MORAES";"";"";"APÓS AEROPORTO // SENTIDO JABOATÃO";"IMBIRIBEIRA";"";"";"COLISÃO";"0,0";"1,0";"0,0";"0,0";"0,0";"0,0";"0,0";"0,0";"0,0";"1,0";"0,0";"";"";"";"";"";"";"";"";"";"";"";""
"202430891,0";"2024-11-08";"06:52:00";"COM VÍTIMA";"FINALIZADA";"CASA AMARELA";"AV DEZESSETE DE AGOSTO";"";"";"PRÓX. AO CENTRO MÉDICO HERMÍNIO DE MORAIS  //  PRÓX. AO COLÉGIO SILVA JARDIM";"CASA AMARELA";"";"";"COLISÃO FRONTAL";"1,0";"1,0";"0,0";"0,0";"0,0";"0,0";"0,0";"0,0";"0,0";"1,0";"0,0";"";"";"";"";"";"";"";"";"";"";"";""
"202430892,0";"2024-11-08";"07:09:00";"COM VÍTIMA";"FINALIZADA";"TORRE";"RUA JOSE BONIFACIO";"750";"RUA JOSE DE HOLANDA";"ANTES DA HONDA  // PROX AO TORTUS";"TORRE";"";"";"COLISÃO";"0,0";"2,0";"0,0";"0,0";"0,0";"0,0";"0,0";"0,0";"0,0";"1,0";"0,0";"";"";"";"";"";"";"";"";"";"";"";""
"202430893,0";"2024-11-08";"07:12:00";"COM VÍTIMA";"FINALIZADA";"ZUMBI";"AV CAXANGA";"11023";"";"PRÓX. A MADEREIRA MADALENA //  PROX A ESTAÇÃO DO BRT ( ZUMBI )";"ZUMBI";"";"";"COLISÃO";"0,0";"1,0";"0,0";"0,0";"0,0";"0,0";"0,0";"0,0";"0,0";"1,0";"0,0";"";"";"";"";"";"";"";"";"";"";"";""
"202430905,0";"2024-11-08";"08:45:00";"COM VÍTIMA";"FINALIZADA";"ALTO JOSE BONIFACIO";"RUA ALTO JOSE DO PINHO";"";"";"PROX AO COLEGIO CAIO PEREIRA / IGREJA CATOLICA";"ALTO JOSE BONIFACIO";"";"";"COLISÃO";"0,0";"1,0";"0,0";"0,0";"0,0";"0,0";"0,0";"0,0";"0,0";"1,0";"0,0";"";"";"";"";"";"";"";"";"";"";"";""