"Protocolo";"data";"hora";"natureza";"situacao";"bairro";"endereco";"numero";"detalhe_endereco_acidente";"complemento";"bairro_cruzamento";"num_semaforo";"sentido_via";"tipo";"auto";"moto";"ciclom";"ciclista";"pedestre";"onibus";"caminhao";"viatura";"outros";"vitimas";"vitimasfatais";"acidente_verificado";"tempo_clima";"situacao_semaforo";"sinalizacao";"condicao_via";"conservacao_via";"ponto_controle";"situacao_placa";"velocidade_max_via";"mao_direcao";"divisao_via1";"divisao_via2"
"202430913,0";"2024-11-08";"09:35:00";"COM VÍTIMA";"FINALIZADA";"MADALENA";"AV ENGENHEIRO ABDIAS DE CARVALHO";"4476";"";"EM FRENTE A MC DONALD'S DO SPORT CLUB DO RECIFE";"MADALENA";"";"";"COLISÃO";"0,0";"1,0";"0,0";"0,0";"0,0";"0,0";"0,0";"0,0";"0,0";"1,0";"0,0";"";"";"";"";"";"";"";"";"";"";"";""
"202430914,0";"2024-11-08";"09:43:00";"COM VÍTIMA";"FINALIZADA";"SANTO AMARO";"RUA DO POMBAL";"529";"";"EM FRENTE AO CEMITÉRIO / EM FRENTE AO IML";"SANTO AMARO";"";"";"COLISÃO";"1,0";"0,0";"0,0";"0,0";"0,0";"0,0";"0,0";"0,0";"0,0";"1,0";"0,0";"";"";"";"";"";"";"";"";"";"";"";""
"202430920,0";"2024-11-08";"10:34:00";"COM VÍTIMA";"FINALIZADA";"BOA VIAGEM";"AV FERNANDO SIMOES BARBOSA";"";"";"AO LADO DO POSTO BR";"BOA VIAGEM";"";"";"COLISÃO TRANSVERSAL";"0,0";"1,0";"0,0";"0,0";"0,0";"0,0";"1,0";"0,0";"0,0";"1,0";"0,0";"";"";"";"";"";"";"";"";"";"";"";""
"202430923,0";"2024-11-08";"10:37:00";"COM VÍTIMA";"FINALIZADA";"IMBIRIBEIRA";"AV MARECHAL MASCARENHAS DE MORAES";"3932";"";"EM FRENTE A FACULDADE PERNAMBUCANA DE SAÚDE  ( SENTIDO RECIFE )";"IMBIRIBEIRA";"";"";"COLISÃO";"0,0";"1,0";"0,0";"0,0";"0,0";"0,0";"0,0";"0,0";"0,0";"1,0";"0,0";"";"";"";"";"";"";"";"";"";"";"";""
"202430927,0";"2024-11-08";"11:20:00";"SEM VÍTIMA";"FINALIZADA";"IMBIRIBEIRA";"AV MARECHAL MASCARENHAS DE MORAES";"";"";"E/F À LOJA TAMBAÍ VEICULOS - SENTIDO AFOGADOS";"IMBIRIBEIRA";"";"";"COLISÃO TRANSVERSAL";"1,0";"0,0";"0,0";"0,0";"0,0";"0,0";"1,0";"0,0";"0,0";"0,0";"0,0";"";"";"";"";"";"";"";"";"";"";"";""
"202430930,0";"2024-11-08";"11:32:00";"COM VÍTIMA";"FINALIZADA";"IMBIRIBEIRA";"AV MARECHAL MASCARENHAS DE MORAES";"";"";"PACIENTE ESTA NO ONIBUS LINHA METROPOLITANA AEROPORTO/AFOGADOS, O ONIBUS ESTA PARADO EM FRENTE A UPA DA IMBIRIBEIRA";"IMBIRIBEIRA";"";"";"COLISÃO";"0,0";"0,0";"0,0";"0,0";"0,0";"1,0";"1,0";"0,0";"0,0";"1,0";"0,0";"";"";"";"";"";"";"";"";"";"";"";""
"202430951,0";"2024-11-08";"01:43:00";"COM VÍTIMA";"FINALIZADA";"SANTO AMARO";"RUA FREI CASSIMIRO";"930";"";"E/F A DELEGACIA CIVIL";"SANTO AMARO";"";"";"COLISÃO";"0,0";"0,0";"0,0";"0,0";"0,0";"0,0";"0,0";"0,0";"0,0";"1,0";"0,0";"";"";"";"";"";"";"";"";"";"";"";""
"202430955,0";"2024-11-08";"02:16:00";"SEM VÍTIMA";"FINALIZADA";"TORRE";"RUA REAL DA TORRE";"";"RUA CONDE DE IRAJA";"PROX EXTRA BOM";"TORRE";"";"";"COLISÃO LATERAL";"1,0";"0,0";"0,0";"0,0";"0,0";"0,0";"1,0";"0,0";"0,0";"0,0";"0,0";"";"";"";"";"";"";"";"";"";"";"";""
"202430969,0";"2024-11-08";"04:23:00";"COM VÍTIMA";"FINALIZADA";"TORROES";"AV ENGENHEIRO ABDIAS DE CARVALHO";"";"";"PROX A UPA DOS TORROES";"TORROES";"";"SUBURBIO";"COLISÃO LATERAL";"1,0";"1,0";"0,0";"0,0";"0,0";"0,0";"0,0";"0,0";"0,0";"1,0";"0,0";"";"";"";"";"";"";"";"";"";"";"";""
"202430971,0";"2024-11-08";"04:49:00";"COM VÍTIMA";"FINALIZADA";"JARDIM SAO PAULO";"AV LIBERDADE";"716";"";"E/F A IGREJA  NAZARENO  E PROX A IGREJA ASSEMBLEIA DE DEUS";"JARDIM SAO PAULO";"";"";"COLISÃO";"0,0";"0,0";"0,0";"0,0";"0,0";"0,0";"0,0";"0,0";"0,0";"1,0";"0,0";"";"";"";"";"";"";"";"";"";"";"";""
"202430979,0";"2024-11-08";"05:25:00";"COM VÍTIMA";"FINALIZADA";"SANTO AMARO";"AV PREFEITO ARTUR LIMA CAVALCANTI";"";"";"POR TRAS DO HOSPITAL DA MARINHA";"SANTO AMARO";"";"";"ATROPELAMENTO DE PESSOA";"0,0";"1,0";"0,0";"0,0";"1,0";"0,0";"0,0";"0,0";"0,0";"1,0";"0,0";"";"";"";"";"";"";"";"";"";"";"";""
"202430982,0";"2024-11-08";"05:38:00";"COM VÍTIMA";"FINALIZADA";"CAMPO GRANDE";"RUA ODORICO MENDES";"700";"";"AO LADO DA CEHAB  E/F  A CENTRAL DE FLAGANTES";"CAMPO GRANDE";"";"";"COLISÃO";"0,0";"0,0";"0,0";"0,0";"0,0";"0,0";"0,0";"0,0";"0,0";"1,0";"0,0";"";"";"";"";"";"";"";"";"";"";"";""
"202430983,0";"2024-11-08";"05:39:00";"COM VÍTIMA";"FINALIZADA";"BOA VISTA";"AV CONDE DA BOA VISTA";"";"";"COM A RUA DO HOSPICIO";"BOA VISTA";"";"";"ATROPELAMENTO DE PESSOA";"1,0";"0,0";"0,0";"0,0";"1,0";"0,0";"0,0";"0,0";"0,0";"1,0";"0,0";"";"";"";"";"";"";"";"";"";"";"";""
"202430985,0";"2024-11-08";"05:56:00";"COM VÍTIMA";"FINALIZADA";"PINA";"RUA CAPITAO TEMUDO";"";"";"PROX AO RIOMAR TRADE CENTER";"PINA";"";"";"COLISÃO TRASEIRA";"0,0";"0,0";"0,0";"0,0";"0,0";"0,0";"0,0";"0,0";"0,0";"1,0";"0,0";"";"";"";"";"";"";"";"";"";"";"";""
"202430988,0";"2024-11-08";"06:24:00";"COM VÍTIMA";"FINALIZADA";"SAN MARTIN";"1 TRV DOUTOR SABINO PINHO";"";"";"NA FRENTE DO RESTAURANTE ALHO E OLEO";"SAN MARTIN";"";"";"COLISÃO";"0,0";"1,0";"0,0";"0,0";"0,0";"0,0";"0,0";"0,0";"0,0";"1,0";"0,0";"";"";"";"";"";"";"";"";"";"";"";""
"202430992,0";"2024-11-08";"07:39:00";"COM VÍTIMA";"FINALIZADA";"TORRE";"RUA CONDE DE IRAJA";"163";"";"APÓS A PONTE DA TORRE";"TORRE";"";"";"COLISÃO";"1,0";"1,0";"0,0";"0,0";"0,0";"0,0";"0,0";"0,0";"0,0";"1,0";"0,0";"";"";"";"";"";"";"";"";"";"";"";""
"202430999,0";"2024-11-08";"10:40:00";"COM VÍTIMA";"FINALIZADA";"CASA AMARELA";"EST DO ARRAIAL";"";"RUA PAULA BATISTA";"";"CASA AMARELA";"283,0";"";"COLISÃO TRASEIRA";"1,0";"1,0";"0,0";"0,0";"0,0";"0,0";"0,0";"0,0";"0,0";"1,0";"0,0";"";"";"";"";"";"";"";"";"";"";"";""
"202431001,0";"2024-11-08";"11:17:00";"COM VÍTIMA";"FINALIZADA";"CASA AMARELA";"EST DO ARRAIAL";"";"RUA ARMANDO GAIOSO";"";"CASA AMARELA";"";"";"COLISÃO";"1,0";"1,0";"0,0";"0,0";"0,0";"0,0";"0,0";"0,0";"0,0";"1,0";"0,0";"";"";"";"";"";"";"";"";"";"";"";""
"202431011,0";"2024-11-09";"03:40:00";"SEM VÍTIMA";"FINALIZADA";"MONTEIRO";"AV NORTE MIGUEL ARRAES DE ALENCAR";"";"RUA CORURIPE";"EM FRENTE A IGREJA BATISTA DO MONTEIRO";"MONTEIRO";"";"SUBURBIO";"CHOQUE";"0,0";"0,0";"0,0";"0,0";"0,0";"0,0";"0,0";"0,0";"0,0";"0,0";"0,0";"";"";"";"";"";"";"";"";"";"";"";""
"202431012,0";"2024-11-09";"04:39:00";"COM VÍTIMA";"FINALIZADA";"AFOGADOS";"RUA SAO MIGUEL";"558";"";"EM FRENTE A IGREJA FÉ NO BRASIL";"AFOGADOS";"";"CIDADE";"COLISÃO";"0,0";"0,0";"0,0";"0,0";"0,0";"0,0";"0,0";"0,0";"0,0";"1,0";"0,0";"";"";"";"";"";"";"";"";"";"";"";""
"202431017,0";"2024-11-09";"06:31:00";"COM VÍTIMA";"FINALIZADA";"BOA VIAGEM";"RUA WALDEMAR NERY CARNEIRO MONTEIRO";"364";"";"EM FRENTE A PADARIA SETUBAL";"BOA VIAGEM";"";"";"COLISÃO TRANSVERSAL";"0,0";"1,0";"0,0";"0,0";"0,0";"0,0";"0,0";"0,0";"0,0";"1,0";"0,0";"";"";"";"";"";"";"";"";"";"";"";""
"202431025,0";"2024-11-09";"07:19:00";"COM VÍTIMA";"FINALIZADA";"BAIRRO DO RECIFE";"CAIS DO APOLO";"773";"";"RECIFE  ANTIGO // EM FEENTE AO TRIBUNAL REGIONAL";"BAIRRO DO RECIFE";"";"";"COLISÃO";"0,0";"1,0";"0,0";"0,0";"0,0";"0,0";"0,0";"0,0";"0,0";"1,0";"0,0";"";"";"";"";"";"";"";"";"";"";"";""
"202431046,0";"2024-11-09";"10:00:00";"COM VÍTIMA";"FINALIZADA";"MADALENA";"AV ENGENHEIRO ABDIAS DE CARVALHO";"";"";"PROX AO SOS PEÇAS //  INOVE PEÇAS";"MADALENA";"271,0";"";"COLISÃO TRANSVERSAL";"2,0";"0,0";"0,0";"0,0";"0,0";"0,0";"0,0";"0,0";"0,0";"1,0";"0,0";"";"";"";"";"";"";"";"";"";"";"";""
"202431049,0";"2024-11-09";"10:38:00";"SEM VÍTIMA";"FINALIZADA";"BOA VIAGEM";"AV BOA VIAGEM";"3440";"";"EM FRENTE AO EDF. PONTUAL";"BOA VIAGEM";"";"";"COLISÃO TRASEIRA";"2,0";"0,0";"0,0";"0,0";"0,0";"0,0";"0,0";"0,0";"0,0";"0,0";"0,0";"";"";"";"";"";"";"";"";"";"";"";""
"202431050,0";"2024-11-09";"10:53:00";"COM VÍTIMA";"FINALIZADA";"ROSARINHO";"AV NORTE MIGUEL ARRAES DE ALENCAR";"60";"AV SANTOS DUMONT";"PRÓX A PADARIA ROSARINHO";"ROSARINHO";"";"";"QUEDA";"0,0";"1,0";"0,0";"0,0";"0,0";"0,0";"0,0";"0,0";"0,0";"1,0";"0,0";"";"";"";"";"";"";"";"";"";"";"";""
"202431053,0";"2024-11-09";"11:12:00";"COM VÍTIMA";"FINALIZADA";"CAXANGA";"AV CAXANGA";"";"";"EM FRENTE AO GOLF CLUBE SENT. CIDADE";"CAXANGA";"";"";"COLISÃO";"0,0";"1,0";"0,0";"0,0";"0,0";"0,0";"0,0";"0,0";"0,0";"1,0";"0,0";"";"";"";"";"";"";"";"";"";"";"";""
"202431054,0";"2024-11-09";"11:14:00";"COM VÍTIMA";"FINALIZADA";"MADALENA";"AV CAXANGA";"";"";"NA SAIDA DA JOSE OSORIO, EM FRENTE AO COMPAZ";"MADALENA";"";"";"COLISÃO";"0,0";"1,0";"0,0";"0,0";"0,0";"0,0";"0,0";"0,0";"0,0";"1,0";"0,0";"";"";"";"";"";"";"";"";"";"";"";""
"202431055,0";"2024-11-09";"11:14:00";"COM VÍTIMA";"FINALIZADA";"IPUTINGA";"RUA PADRE DEHON";"285";"";"";"IPUTINGA";"";"";"COLISÃO";"0,0";"1,0";"0,0";"0,0";"0,0";"0,0";"0,0";"0,0";"0,0";"1,0";"0,0";"";"";"";"";"";"";"";"";"";"";"";""
"202431060,0";"2024-11-09";"12:26:00";"COM VÍTIMA";"FINALIZADA";"PRADO";"RUA CARLOS GOMES";"";"";"ATRAS DO MIX MATHEUS";"PRADO";"";"";"COLISÃO FRONTAL";"0,0";"2,0";"0,0";"0,0";"0,0";"0,0";"0,0";"0,0";"0,0";"1,0";"0,0";"";"";"";"";"";"";"";"";"";"";"";""
"202431061,0";"2024-11-09";"12:32:00";"COM VÍTIMA";"FINALIZADA";"COHAB";"AV SANTA FE";"608";"";"EM FRENTE A ASSOCIAÇÃO  DOS MORADORES ( UR-02 )";"COHAB";"";"";"COLISÃO LATERAL";"1,0";"1,0";"0,0";"0,0";"0,0";"0,0";"0,0";"0,0";"0,0";"1,0";"0,0";"";"";"";"";"";"";"";"";"";"";"";""
"202431063,0";"2024-11-09";"12:49:00";"COM VÍTIMA";"FINALIZADA";"JARDIM SAO PAULO";"AV SAO PAULO";"1668";"";"PRÓX. A ESTAÇÃO WERNECK";"JARDIM SAO PAULO";"";"";"COLISÃO";"0,0";"1,0";"0,0";"0,0";"0,0";"0,0";"0,0";"0,0";"0,0";"1,0";"0,0";"";"";"";"";"";"";"";"";"";"";"";""
"202431072,0";"2024-11-09";"02:42:00";"COM VÍTIMA";"FINALIZADA";"JORDAO";"RUA DR ALVARO FERRAZ";"33";"";"E/F A GALERIA COCO BAMBU";"JORDAO";"";"";"COLISÃO";"0,0";"0,0";"0,0";"0,0";"0,0";"0,0";"0,0";"0,0";"0,0";"1,0";"0,0";"";"";"";"";"";"";"";"";"";"";"";""
"202431073,0";"2024-11-09";"02:45:00";"SEM VÍTIMA";"CANCELADA";"GUABIRABA";"AV DA RECUPERACAO";"1086";"";"PROX AO TERMINAL DA GUABIRABA";"GUABIRABA";"";"";"CHOQUE";"0,0";"0,0";"0,0";"0,0";"0,0";"0,0";"1,0";"0,0";"0,0";"0,0";"0,0";"";"";"";"";"";"";"";"";"";"";"";""
"202431075,0";"2024-11-09";"03:40:00";"COM VÍTIMA";"FINALIZADA";"JOANA BEZERRA";"RUA AGUA DOCE";"10";"";"PROX A PRACINHA  DO COQUE E  ACADEMIA DA CIDADE";"JOANA BEZERRA";"";"";"COLISÃO";"1,0";"1,0";"0,0";"0,0";"0,0";"0,0";"0,0";"0,0";"0,0";"1,0";"0,0";"";"";"";"";"";"";"";"";"";"";"";""
"202431076,0";"2024-11-09";"04:01:00";"COM VÍTIMA";"FINALIZADA";"CAXANGA";"AV CAXANGA";"";"";"E/F AO MIX MATHEUS  PROX AO VIADUTO";"CAXANGA";"";"";"COLISÃO";"0,0";"0,0";"0,0";"0,0";"0,0";"0,0";"0,0";"0,0";"0,0";"1,0";"0,0";"";"";"";"";"";"";"";"";"";"";"";""
"202431083,0";"2024-11-09";"06:44:00";"COM VÍTIMA";"FINALIZADA";"MUSTARDINHA";"RUA VINTE E UM DE ABRIL";"";"";"";"MUSTARDINHA";"";"";"COLISÃO FRONTAL";"1,0";"1,0";"0,0";"0,0";"0,0";"0,0";"0,0";"0,0";"0,0";"1,0";"0,0";"";"";"";"";"";"";"";"";"";"";"";""
"202431084,0";"2024-11-09";"07:18:00";"COM VÍTIMA";"FINALIZADA";"AGUA FRIA";"AV BEBERIBE";"";"";"EM FRENTE AO SEMÁFORO 064 / PRÓX. DA ASSEMBLÉIA DE DEUS";"AGUA FRIA";"";"";"COLISÃO";"0,0";"1,0";"0,0";"0,0";"0,0";"1,0";"0,0";"0,0";"0,0";"1,0";"0,0";"";"";"";"";"";"";"";"";"";"";"";""
"202431087,0";"2024-11-09";"07:48:00";"COM VÍTIMA";"FINALIZADA";"MADALENA";"RUA BENFICA";"";"";"CLUBE INTERNACIONAL";"MADALENA";"";"";"COLISÃO";"1,0";"1,0";"0,0";"0,0";"0,0";"0,0";"0,0";"0,0";"0,0";"2,0";"0,0";"";"";"";"";"";"";"";"";"";"";"";""
"202431094,0";"2024-11-09";"09:51:00";"SEM VÍTIMA";"FINALIZADA";"IBURA";"AV DOIS RIOS";"";"LAD DA COHAB";"NA VIA EMBAIXO DO SEMÁFORO";"IBURA";"707,0";"";"CHOQUE";"0,0";"0,0";"0,0";"0,0";"0,0";"0,0";"0,0";"0,0";"0,0";"0,0";"0,0";"";"";"";"";"";"";"";"";"";"";"";""
"202431095,0";"2024-11-09";"10:35:00";"COM VÍTIMA";"CANCELADA";"SANTO ANTONIO";"RUA IMPERADOR PEDRO SEGUNDO";"";"RUA PRIMEIRO DE MARCO";"EM FRENTE AO BANCO ITAÚ";"SANTO ANTONIO";"";"";"COLISÃO COM CICLISTA";"1,0";"0,0";"0,0";"1,0";"0,0";"0,0";"0,0";"0,0";"0,0";"1,0";"0,0";"";"";"";"";"";"";"";"";"";"";"";""
"202431096,0";"2024-11-09";"10:43:00";"COM VÍTIMA";"FINALIZADA";"BONGI";"RUA COSME VIANA";"";"EST DO BONGI";"";"BONGI";"100,0";"";"COLISÃO";"1,0";"1,0";"0,0";"0,0";"0,0";"0,0";"0,0";"0,0";"0,0";"1,0";"0,0";"";"";"";"";"";"";"";"";"";"";"";""
"202431098,0";"2024-11-10";"03:13:00";"COM VÍTIMA";"FINALIZADA";"TORRE";"RUA JOSE BONIFACIO";"";"RUA CONDE DE IRAJA";"";"TORRE";"";"";"COLISÃO";"2,0";"0,0";"0,0";"0,0";"0,0";"0,0";"0,0";"0,0";"0,0";"1,0";"0,0";"";"";"";"";"";"";"";"";"";"";"";""
"202431103,0";"2024-11-10";"05:29:00";"COM VÍTIMA";"FINALIZADA";"TAMARINEIRA";"AV CONS ROSA E SILVA";"";"RUA SIMAO MENDES";"SEMAFORO 253. SOLICITANTE GCMR PATRIMONIAL EM SERVIÇO DANDO APOIO AS VITIMAS, SAMU ACIONADO";"TAMARINEIRA";"";"";"COLISÃO";"1,0";"1,0";"0,0";"0,0";"0,0";"0,0";"0,0";"0,0";"0,0";"1,0";"0,0";"";"";"";"";"";"";"";"";"";"";"";""
"202431104,0";"2024-11-10";"06:20:00";"COM VÍTIMA";"CANCELADA";"IBURA";"AV JULIO CESAR";"";"";"PRÓX A PANIFICADORA SÃO JORGE";"IBURA";"";"";"COLISÃO";"0,0";"1,0";"0,0";"0,0";"0,0";"0,0";"0,0";"0,0";"0,0";"1,0";"0,0";"";"";"";"";"";"";"";"";"";"";"";""
"202431108,0";"2024-11-10";"07:09:00";"COM VÍTIMA";"FINALIZADA";"CASA AMARELA";"AV NORTE MIGUEL ARRAES DE ALENCAR";"";"";"PROX AO COLEGIO CLOTILDE DE OLIVEIRA \\ PROX AO POSTO DE GASOLINA";"CASA AMARELA";"";"";"COLISÃO";"0,0";"1,0";"0,0";"0,0";"0,0";"0,0";"0,0";"0,0";"0,0";"1,0";"0,0";"";"";"";"";"";"";"";"";"";"";"";""
"202431136,0";"2024-11-10";"03:23:00";"COM VÍTIMA";"FINALIZADA";"IBURA";"RUA RIO XINGU";"153";"";"AO LADO DA CENTRAL MOTOS";"IBURA";"";"";"COLISÃO";"0,0";"1,0";"0,0";"0,0";"0,0";"0,0";"0,0";"0,0";"0,0";"1,0";"0,0";"";"";"";"";"";"";"";"";"";"";"";""
"202431139,0";"2024-11-10";"04:14:00";"COM VÍTIMA";"FINALIZADA";"PINA";"AVENIDA CELSO FURTADO (VIA MANGUE)";"";"";"PROXIMO AO SHOPPING RIO MAR/ SENTIDO JABOATÃO";"PINA";"";"";"COLISÃO";"0,0";"1,0";"0,0";"0,0";"0,0";"0,0";"0,0";"0,0";"0,0";"1,0";"0,0";"";"";"";"";"";"";"";"";"";"";"";""
"202431142,0";"2024-11-10";"04:37:00";"COM VÍTIMA";"FINALIZADA";"PINA";"AV ANTONIO DE GOES";"617";"";"EM FRENTE AO GRUPO AMPLIAR";"PINA";"";"";"COLISÃO TRASEIRA";"1,0";"1,0";"0,0";"0,0";"0,0";"0,0";"0,0";"0,0";"0,0";"2,0";"0,0";"";"";"";"";"";"";"";"";"";"";"";""
"202431147,0";"2024-11-10";"05:56:00";"COM VÍTIMA";"FINALIZADA";"GUABIRABA";"EST DOS MACACOS";"1108";"";"APÓS O TERMINAL DA GUABIRABA";"GUABIRABA";"";"";"COLISÃO";"0,0";"1,0";"0,0";"0,0";"0,0";"0,0";"0,0";"0,0";"0,0";"1,0";"0,0";"";"";"";"";"";"";"";"";"";"";"";""
"202431155,0";"2024-11-10";"06:56:00";"COM VÍTIMA";"FINALIZADA";"BEBERIBE";"AV BEBERIBE";"";"";"PRIMEIRA IGREJA BATISTA DE BEBERIBE";"BEBERIBE";"";"";"COLISÃO LATERAL";"1,0";"1,0";"0,0";"0,0";"0,0";"0,0";"0,0";"0,0";"0,0";"1,0";"0,0";"";"";"";"";"";"";"";"";"";"";"";""
"202431158,0";"2024-11-10";"08:21:00";"COM VÍTIMA";"FINALIZADA";"SAN MARTIN";"RUA DELMIRO GOUVEIA";"";"";"PRÓXIMO AO CENTRO ADMINISTRATIVO  DA CHESF";"SAN MARTIN";"";"";"COLISÃO LATERAL";"1,0";"1,0";"0,0";"0,0";"0,0";"0,0";"0,0";"0,0";"0,0";"1,0";"0,0";"";"";"";"";"";"";"";"";"";"";"";""
"202431160,0";"2024-11-10";"09:45:00";"SEM VÍTIMA";"FINALIZADA";"CABANGA";"AV SUL";"";"";"";"CABANGA";"260,0";"CIDADE";"COLISÃO TRANSVERSAL";"1,0";"0,0";"0,0";"0,0";"0,0";"0,0";"0,0";"1,0";"0,0";"0,0";"0,0";"";"";"";"";"";"";"";"";"";"";"";""
"202431169,0";"2024-11-11";"06:14:00";"COM VÍTIMA";"FINALIZADA";"BOA VIAGEM";"RUA PROFESSOR JOAO MEDEIROS";"";"";"PROX. A CHEVROLET E O POSTO DE GASOLINA SHELL";"BOA VIAGEM";"";"";"COLISÃO";"0,0";"1,0";"0,0";"0,0";"0,0";"0,0";"0,0";"0,0";"0,0";"1,0";"0,0";"";"";"";"";"";"";"";"";"";"";"";""
"202431172,0";"2024-11-11";"07:10:00";"COM VÍTIMA";"FINALIZADA";"IPUTINGA";"AV MAURICIO DE NASSAU";"";"";"NA PONTE DO MONTEIRO SENT. GOE";"IPUTINGA";"";"";"COLISÃO";"0,0";"1,0";"0,0";"0,0";"0,0";"0,0";"0,0";"0,0";"0,0";"1,0";"0,0";"";"";"";"";"";"";"";"";"";"";"";""
"202431176,0";"2024-11-11";"08:14:00";"COM VÍTIMA";"FINALIZADA";"PINA";"AV ANTONIO DE GOES";"820";"";"EM FRENTE A PRF E CONCESSIONARIA ITALIANA";"PINA";"";"";"ATROPELAMENTO DE PESSOA";"1,0";"0,0";"0,0";"0,0";"1,0";"0,0";"0,0";"0,0";"0,0";"1,0";"0,0";"";"";"";"";"";"";"";"";"";"";"";""
"202431181,0";"2024-11-11";"08:39:00";"COM VÍTIMA";"FINALIZADA";"BOA VIAGEM";"AV BOA VIAGEM";"";"";"PROX. AO QUIOSQUE 14, EM FRENTE AO EDF. ANA LUCIA";"BOA VIAGEM";"";"";"COLISÃO";"0,0";"1,0";"0,0";"0,0";"0,0";"0,0";"0,0";"0,0";"0,0";"1,0";"0,0";"";"";"";"";"";"";"";"";"";"";"";""
"202431182,0";"2024-11-11";"08:45:00";"COM VÍTIMA";"FINALIZADA";"PINA";"AV BOA VIAGEM";"";"";"EM FRENTE AO JCPM";"PINA";"";"";"COLISÃO";"0,0";"1,0";"0,0";"0,0";"0,0";"0,0";"0,0";"0,0";"0,0";"1,0";"0,0";"";"";"";"";"";"";"";"";"";"";"";""
"202431184,0";"2024-11-11";"09:21:00";"COM VÍTIMA";"FINALIZADA";"MANGUEIRA";"RUA VINTE E UM DE ABRIL";"";"";"EM FRENTE A ROCK PIZZA";"MANGUEIRA";"";"";"COLISÃO";"0,0";"1,0";"0,0";"0,0";"0,0";"0,0";"0,0";"0,0";"0,0";"1,0";"0,0";"";"";"";"";"";"";"";"";"";"";"";""
"202431187,0";"2024-11-11";"11:40:00";"COM VÍTIMA";"FINALIZADA";"IMBIRIBEIRA";"AV MARECHAL MASCARENHAS DE MORAES";"";"";"EM FRENTE A FERREIRA COSTA";"IMBIRIBEIRA";"";"";"COLISÃO LATERAL";"1,0";"1,0";"0,0";"0,0";"0,0";"0,0";"0,0";"0,0";"0,0";"1,0";"0,0";"";"";"";"";"";"";"";"";"";"";"";""
"202431188,0";"2024-11-11";"11:51:00";"SEM VÍTIMA";"FINALIZADA";"SAN MARTIN";"RUA DR JOSE RAMOS DE VASCONCELOS";"186";"RUA PROFESSORA MARIA DO CARMO ARAUJO";"PRÓXIMO AO HOTEL RARAS";"SAN MARTIN";"";"";"COLISÃO";"1,0";"0,0";"0,0";"0,0";"0,0";"0,0";"0,0";"2,0";"0,0";"0,0";"0,0";"";"";"";"";"";"";"";"";"";"";"";""
"202431189,0";"2024-11-11";"12:29:00";"COM VÍTIMA";"FINALIZADA";"AGUA FRIA";"RUA DA REGENERACAO";"1441";"";"PROXIMO A DROGASIL E A IGREJA CASA DA BENÇÃO";"AGUA FRIA";"";"";"COLISÃO";"0,0";"1,0";"0,0";"0,0";"0,0";"0,0";"0,0";"0,0";"0,0";"1,0";"0,0";"";"";"";"";"";"";"";"";"";"";"";""
"202431190,0";"2024-11-11";"12:32:00";"COM VÍTIMA";"FINALIZADA";"BOA VIAGEM";"AV ENGENHEIRO DOMINGOS FERREIRA";"1990";"";"EM FRENTE AO SUPERMERCADO TREVO E PROXIMO A CASA DOS FRIOS";"BOA VIAGEM";"";"";"COLISÃO";"1,0";"0,0";"0,0";"0,0";"0,0";"0,0";"0,0";"0,0";"0,0";"1,0";"0,0";"";"";"";"";"";"";"";"";"";"";"";""
"202431191,0";"2024-11-11";"12:35:00";"COM VÍTIMA";"FINALIZADA";"BOA VIAGEM";"RUA VISCONDE DE JEQUITINHONHA";"6188";"";"PROXIMO AO CANAL DA CONSTRUÇÃO E ARMAZEM CORAL";"BOA VIAGEM";"";"";"COLISÃO";"0,0";"1,0";"0,0";"0,0";"0,0";"0,0";"0,0";"0,0";"0,0";"1,0";"0,0";"";"";"";"";"";"";"";"";"";"";"";""
"202431194,0";"2024-11-11";"02:51:00";"COM VÍTIMA";"FINALIZADA";"TAMARINEIRA";"EST DO ARRAIAL";"";"";"EM FRENTE AOS CORREIOS";"TAMARINEIRA";"";"";"COLISÃO";"0,0";"1,0";"0,0";"0,0";"0,0";"0,0";"0,0";"0,0";"0,0";"1,0";"0,0";"";"";"";"";"";"";"";"";"";"";"";""
"202431197,0";"2024-11-11";"05:09:00";"COM VÍTIMA";"FINALIZADA";"CAXANGA";"AV CAXANGA";"3095";"";"EM FRENTE A AUTO ESCOLA PILOTO, PROX A HI ACADEMIA";"CAXANGA";"";"";"COLISÃO";"0,0";"1,0";"0,0";"0,0";"0,0";"0,0";"0,0";"0,0";"0,0";"1,0";"0,0";"";"";"";"";"";"";"";"";"";"";"";""
"202431198,0";"2024-11-11";"05:59:00";"COM VÍTIMA";"FINALIZADA";"FUNDAO";"AV BEBERIBE";"";"";"EM FRENTE A PRAÇA DO FUNDÃO E PROXIMO AO MERCADINHO NOSSA SENHORA APARECIDA";"FUNDAO";"";"";"COLISÃO";"0,0";"1,0";"0,0";"0,0";"0,0";"0,0";"0,0";"0,0";"0,0";"1,0";"0,0";"";"";"";"";"";"";"";"";"";"";"";""