"Protocolo";"data";"hora";"natureza";"situacao";"bairro";"endereco";"numero";"detalhe_endereco_acidente";"complemento";"bairro_cruzamento";"num_semaforo";"sentido_via";"tipo";"auto";"moto";"ciclom";"ciclista";"pedestre";"onibus";"caminhao";"viatura";"outros";"vitimas";"vitimasfatais";"acidente_verificado";"tempo_clima";"situacao_semaforo";"sinalizacao";"condicao_via";"conservacao_via";"ponto_controle";"situacao_placa";"velocidade_max_via";"mao_direcao";"divisao_via1";"divisao_via2"
"202431199,0";"2024-11-11";"06:00:00";"COM VÍTIMA";"FINALIZADA";"PASSARINHO";"EST DE PASSARINHO";"2203";"";"FICA NO CRUZAMENTO//PX TERMINAL";"PASSARINHO";"";"";"COLISÃO";"0,0";"1,0";"0,0";"0,0";"0,0";"0,0";"0,0";"0,0";"0,0";"1,0";"0,0";"";"";"";"";"";"";"";"";"";"";"";""
"202431209,0";"2024-11-11";"06:58:00";"COM VÍTIMA";"FINALIZADA";"MADALENA";"TUNEL CHICO SCIENCE";"70";"";"EMBAIXO DO TUNEL CHICO SCIENCE PROX AO SPORT CLUB";"MADALENA";"";"";"COLISÃO";"0,0";"1,0";"0,0";"0,0";"0,0";"0,0";"0,0";"0,0";"0,0";"1,0";"0,0";"";"";"";"";"";"";"";"";"";"";"";""
"202431210,0";"2024-11-11";"07:00:00";"COM VÍTIMA";"FINALIZADA";"JOANA BEZERRA";"AV GOVERNADOR AGAMENON MAGALHAES";"";"";"EM FRENTE AO TERMINAL DE JOANA BEZERRA // NO VIADUTO";"JOANA BEZERRA";"";"";"COLISÃO";"0,0";"1,0";"0,0";"0,0";"0,0";"0,0";"0,0";"0,0";"0,0";"1,0";"0,0";"";"";"";"";"";"";"";"";"";"";"";""
"202431211,0";"2024-11-11";"07:01:00";"COM VÍTIMA";"FINALIZADA";"AFLITOS";"RUA MANUEL DE CARVALHO";"306";"";"POR TRAS DO ESTADIO DOS AFLITOS";"AFLITOS";"";"";"COLISÃO";"0,0";"1,0";"0,0";"0,0";"0,0";"0,0";"0,0";"0,0";"0,0";"1,0";"0,0";"";"";"";"";"";"";"";"";"";"";"";""
"202431212,0";"2024-11-11";"07:24:00";"COM VÍTIMA";"FINALIZADA";"SANTO AMARO";"AV GOVERNADOR AGAMENON MAGALHAES";"";"";"PROXIMO AO SHOPPING TACARUNA";"SANTO AMARO";"";"";"COLISÃO";"2,0";"0,0";"0,0";"0,0";"0,0";"0,0";"0,0";"0,0";"0,0";"1,0";"0,0";"";"";"";"";"";"";"";"";"";"";"";""
"202431213,0";"2024-11-11";"10:06:00";"COM VÍTIMA";"FINALIZADA";"SANTO AMARO";"RUA AURORA";"1071";"";"EM FRENTE A REDE GLOBO";"SANTO AMARO";"";"";"COLISÃO";"0,0";"1,0";"0,0";"0,0";"0,0";"0,0";"0,0";"0,0";"0,0";"1,0";"0,0";"";"";"";"";"";"";"";"";"";"";"";""
"202431214,0";"2024-11-11";"11:07:00";"COM VÍTIMA";"FINALIZADA";"IPSEP";"AV RECIFE";"S/N";"";"EM FRENTE AO SAL E BRASA";"IPSEP";"";"";"COLISÃO";"0,0";"1,0";"0,0";"0,0";"0,0";"0,0";"0,0";"0,0";"0,0";"1,0";"0,0";"";"";"";"";"";"";"";"";"";"";"";""
"202431223,0";"2024-11-12";"06:45:00";"COM VÍTIMA";"FINALIZADA";"CORDEIRO";"AV CAXANGA";"";"";"AO LADO DO LABORATORIO CERPE, PROX. A EXPOSIÇÃO DE ANIMAIS";"CORDEIRO";"";"";"COLISÃO";"0,0";"1,0";"0,0";"0,0";"0,0";"0,0";"0,0";"0,0";"0,0";"1,0";"0,0";"";"";"";"";"";"";"";"";"";"";"";""
"202431228,0";"2024-11-12";"07:35:00";"COM VÍTIMA";"FINALIZADA";"IMBIRIBEIRA";"AV PINHEIROS";"";"";"NO CRUZAMENTO COM A RUA ARQUITETO LUIZ NUNES PROX AO SAPATEIRO(CONHECIDO NO LOCAL) EM FRENTE AO SEMAFORO 537";"IMBIRIBEIRA";"537,0";"";"COLISÃO";"0,0";"1,0";"0,0";"0,0";"0,0";"0,0";"0,0";"0,0";"0,0";"1,0";"0,0";"";"";"";"";"";"";"";"";"";"";"";""
"202431247,0";"2024-11-12";"11:04:00";"COM VÍTIMA";"FINALIZADA";"MADALENA";"RUA BENFICA";"";"RUA ARLINDO GOUVEIA";"PROX. AO CLUBE INTERNACIONAL";"MADALENA";"";"";"COLISÃO LATERAL";"0,0";"1,0";"0,0";"0,0";"0,0";"0,0";"0,0";"0,0";"1,0";"1,0";"0,0";"";"";"";"";"";"";"";"";"";"";"";""
"202431253,0";"2024-11-12";"12:21:00";"COM VÍTIMA";"FINALIZADA";"IBURA";"LAD DA COHAB";"";"";"PROX. A POLICLINICA ARNALDO MARQUES";"IBURA";"";"";"COLISÃO FRONTAL";"0,0";"1,0";"0,0";"0,0";"0,0";"1,0";"0,0";"0,0";"0,0";"1,0";"0,0";"";"";"";"";"";"";"";"";"";"";"";""
"202431276,0";"2024-11-12";"03:38:00";"COM VÍTIMA";"FINALIZADA";"AGUA FRIA";"AV BEBERIBE";"";"";"EM FRENTE AO MERCADO PUBLICO DE AGUA FRIA";"AGUA FRIA";"";"";"COLISÃO LATERAL";"1,0";"1,0";"0,0";"0,0";"0,0";"0,0";"0,0";"0,0";"0,0";"1,0";"0,0";"";"";"";"";"";"";"";"";"";"";"";""
"202431282,0";"2024-11-12";"04:20:00";"COM VÍTIMA";"CANCELADA";"CASA AMARELA";"AV NORTE MIGUEL ARRAES DE ALENCAR";"";"";"EM FRENTE A PRAÇA DO TRABALHO";"CASA AMARELA";"";"";"ATROPELAMENTO DE PESSOA";"0,0";"1,0";"0,0";"0,0";"1,0";"0,0";"0,0";"0,0";"0,0";"2,0";"0,0";"";"";"";"";"";"";"";"";"";"";"";""
"202431292,0";"2024-11-12";"04:57:00";"COM VÍTIMA";"FINALIZADA";"BOA VISTA";"AV GOVERNADOR AGAMENON MAGALHAES";"";"";"E/F AO MCDONALD´S DO PARQUE AMORIM  S/T BOA VIAGEM";"BOA VISTA";"";"";"QUEDA";"0,0";"1,0";"0,0";"0,0";"0,0";"0,0";"0,0";"0,0";"0,0";"1,0";"0,0";"";"";"";"";"";"";"";"";"";"";"";""
"202431300,0";"2024-11-12";"07:37:00";"COM VÍTIMA";"FINALIZADA";"IPUTINGA";"RUA MIGUEL LEAO";"";"";"ARMAZEM ESQUINA DA CONSTRUÇÃO";"IPUTINGA";"";"";"COLISÃO";"1,0";"1,0";"0,0";"0,0";"0,0";"0,0";"0,0";"0,0";"0,0";"2,0";"0,0";"";"";"";"";"";"";"";"";"";"";"";""
"202431301,0";"2024-11-12";"08:08:00";"COM VÍTIMA";"FINALIZADA";"ENGENHO DO MEIO";"RUA ANTONIO CURADO";"448";"";"PADARIA QUALIPAN";"ENGENHO DO MEIO";"";"";"COLISÃO";"1,0";"1,0";"0,0";"0,0";"0,0";"0,0";"0,0";"0,0";"0,0";"1,0";"0,0";"";"";"";"";"";"";"";"";"";"";"";""
"202431307,0";"2024-11-12";"11:58:00";"COM VÍTIMA";"FINALIZADA";"IMBIRIBEIRA";"AV MARECHAL MASCARENHAS DE MORAES";"";"";"EM FRENTE A TOYALEX";"IMBIRIBEIRA";"";"";"COLISÃO";"1,0";"1,0";"0,0";"0,0";"0,0";"0,0";"0,0";"0,0";"0,0";"1,0";"0,0";"";"";"";"";"";"";"";"";"";"";"";""
"202431321,0";"2024-11-13";"07:48:00";"COM VÍTIMA";"FINALIZADA";"BOA VISTA";"RUA AURORA";"1177";"";"PRÓX. A PONTE DA RUIA VELHA  //  PRÓX. A FERREIRA  PINTO";"BOA VISTA";"";"";"COLISÃO";"0,0";"1,0";"0,0";"0,0";"0,0";"0,0";"0,0";"0,0";"0,0";"1,0";"0,0";"";"";"";"";"";"";"";"";"";"";"";""
"202431323,0";"2024-11-13";"08:04:00";"COM VÍTIMA";"FINALIZADA";"SAO JOSE";"RUA VELHA";"257";"";"APÓS O METRÔ DO RECIFE  E A PONTE VELHA";"SAO JOSE";"";"";"COLISÃO";"0,0";"1,0";"0,0";"0,0";"0,0";"0,0";"0,0";"0,0";"0,0";"1,0";"0,0";"";"";"";"";"";"";"";"";"";"";"";""
"202431333,0";"2024-11-13";"09:29:00";"COM VÍTIMA";"FINALIZADA";"JOANA BEZERRA";"AV CENTRAL";"";"";"PACT ESTA NA ESTAÇÃO JOANA BEZERRA // NO DESEMBARQUE DOS ONIBUS";"JOANA BEZERRA";"";"";"COLISÃO";"0,0";"1,0";"0,0";"0,0";"0,0";"0,0";"0,0";"0,0";"0,0";"1,0";"0,0";"";"";"";"";"";"";"";"";"";"";"";""
"202431337,0";"2024-11-13";"10:29:00";"COM VÍTIMA";"CANCELADA";"ILHA DO LEITE";"RUA FRANCISCO ALVES";"186";"";"";"ILHA DO LEITE";"";"";"COLISÃO";"0,0";"2,0";"0,0";"0,0";"0,0";"0,0";"0,0";"0,0";"0,0";"1,0";"0,0";"";"";"";"";"";"";"";"";"";"";"";""
"202431344,0";"2024-11-13";"11:52:00";"COM VÍTIMA";"FINALIZADA";"SANCHO";"RUA IBIAPINA";"2";"";"PRÓX A LANCHONETE SABOR DE ESQUINA";"SANCHO";"";"";"COLISÃO";"0,0";"1,0";"0,0";"0,0";"0,0";"0,0";"0,0";"0,0";"0,0";"1,0";"0,0";"";"";"";"";"";"";"";"";"";"";"";""
"202431351,0";"2024-11-13";"12:56:00";"COM VÍTIMA";"FINALIZADA";"CASA FORTE";"RUA PIAUI";"";"RUA GUERRA DE HOLANDA";"NA FRENTE DA CASA DO POÇO";"CASA FORTE";"";"";"COLISÃO";"1,0";"1,0";"0,0";"0,0";"0,0";"0,0";"0,0";"0,0";"0,0";"1,0";"0,0";"";"";"";"";"";"";"";"";"";"";"";""
"202431359,0";"2024-11-13";"03:25:00";"COM VÍTIMA";"FINALIZADA";"IBURA";"RUA RIO BRIGIDA";"350";"";"IBURA DE BAIXO //PROX A ARMANDO REBOQUE";"IBURA";"";"";"COLISÃO FRONTAL";"1,0";"1,0";"0,0";"0,0";"0,0";"0,0";"0,0";"0,0";"0,0";"1,0";"0,0";"";"";"";"";"";"";"";"";"";"";"";""
"202431360,0";"2024-11-13";"03:39:00";"COM VÍTIMA";"FINALIZADA";"JAQUEIRA";"RUA MUNIZ TAVARES";"2066";"AV RUI BARBOSA";"LABORATORIO A+";"JAQUEIRA";"";"";"COLISÃO LATERAL";"2,0";"0,0";"0,0";"0,0";"0,0";"0,0";"0,0";"0,0";"0,0";"1,0";"0,0";"";"";"";"";"";"";"";"";"";"";"";""
"202431375,0";"2024-11-13";"05:05:00";"COM VÍTIMA";"FINALIZADA";"BOA VIAGEM";"RUA JOAO CARDOSO AIRES";"";"RUA WALDEMAR NERY CARNEIRO MONTEIRO";"E/F A PADARIA SEMENTE DO TRIGO";"BOA VIAGEM";"";"";"COLISÃO LATERAL";"1,0";"1,0";"0,0";"0,0";"0,0";"0,0";"0,0";"0,0";"0,0";"1,0";"0,0";"";"";"";"";"";"";"";"";"";"";"";""
"202431382,0";"2024-11-13";"06:22:00";"COM VÍTIMA";"FINALIZADA";"CASA AMARELA";"AV NORTE MIGUEL ARRAES DE ALENCAR";"11631";"";"EM FRENTE A PRAÇA SITIO GRANDE //EM FRENTE A DAO DO QUEIJO// FARMACIA SUPERBEM";"CASA AMARELA";"";"";"COLISÃO TRASEIRA";"0,0";"1,0";"0,0";"0,0";"0,0";"0,0";"1,0";"0,0";"0,0";"1,0";"0,0";"";"";"";"";"";"";"";"";"";"";"";""
"202431383,0";"2024-11-13";"06:23:00";"COM VÍTIMA";"FINALIZADA";"LINHA DO TIRO";"RUA URIEL DE HOLANDA";"1634";"";"EM FRENTE A PADARIA PAN DEIVISON, PX A ASSEMBLEIA DE DEUS";"LINHA DO TIRO";"";"";"COLISÃO";"0,0";"1,0";"0,0";"0,0";"0,0";"0,0";"0,0";"0,0";"0,0";"1,0";"0,0";"";"";"";"";"";"";"";"";"";"";"";""
"202431384,0";"2024-11-13";"06:59:00";"COM VÍTIMA";"FINALIZADA";"PINA";"AVENIDA CELSO FURTADO (VIA MANGUE)";"";"RUA TOME GIBSON";"NA ENTRADA DO CAPUTINO PERTO DOS PREDIOS DE CONSTRUCAO";"PINA";"";"";"COLISÃO LATERAL";"0,0";"1,0";"0,0";"0,0";"0,0";"0,0";"0,0";"0,0";"0,0";"1,0";"0,0";"";"";"";"";"";"";"";"";"";"";"";""
"202431385,0";"2024-11-13";"07:30:00";"SEM VÍTIMA";"FINALIZADA";"IPSEP";"RUA JAMAICA";"188";"RUA ITAJAI";"ALARM CENTER";"IPSEP";"";"CIDADE";"COLISÃO LATERAL";"1,0";"0,0";"0,0";"0,0";"0,0";"0,0";"0,0";"0,0";"0,0";"0,0";"0,0";"";"";"";"";"";"";"";"";"";"";"";""
"202431388,0";"2024-11-13";"09:05:00";"COM VÍTIMA";"CANCELADA";"IMBIRIBEIRA";"RUA JOSE DA SILVA LUCENA";"";"";"PRÓXIMO AO JARDIM DE ALÁ / PRÓXIMO AO CAMPO DE FUTEBOL SOCIETY";"IMBIRIBEIRA";"";"";"COLISÃO";"1,0";"1,0";"0,0";"0,0";"0,0";"0,0";"0,0";"0,0";"0,0";"1,0";"0,0";"";"";"";"";"";"";"";"";"";"";"";""
"202431389,0";"2024-11-13";"09:44:00";"COM VÍTIMA";"FINALIZADA";"SANTO AMARO";"PRC DO CAMPO SANTO";"";"";"EM FRENTE A DELEGACIA DA MULHER";"SANTO AMARO";"";"";"COLISÃO";"0,0";"2,0";"0,0";"0,0";"0,0";"0,0";"0,0";"0,0";"0,0";"2,0";"0,0";"";"";"";"";"";"";"";"";"";"";"";""
"202431390,0";"2024-11-13";"11:05:00";"COM VÍTIMA";"FINALIZADA";"BARRO";"AV DR JOSE RUFINO";"";"";"EM FRENTE A SOCORRO VENÂNCIO";"BARRO";"";"";"COLISÃO";"1,0";"1,0";"0,0";"0,0";"0,0";"0,0";"0,0";"0,0";"0,0";"2,0";"0,0";"";"";"";"";"";"";"";"";"";"";"";""
"202431391,0";"2024-11-13";"11:34:00";"COM VÍTIMA";"FINALIZADA";"BARRO";"RUA GUEDES ALCOFORADO";"";"ENTRADA - BR 101 (TERMINAL INTEGRADO DO BARRO) - SUL";"";"BARRO";"";"";"COLISÃO";"0,0";"1,0";"0,0";"0,0";"0,0";"1,0";"0,0";"0,0";"0,0";"1,0";"0,0";"";"";"";"";"";"";"";"";"";"";"";""
"202431400,0";"2024-11-14";"06:02:00";"COM VÍTIMA";"FINALIZADA";"DERBY";"AV GOVERNADOR AGAMENON MAGALHAES";"";"";"EM FRENTE A MC DONALD´S, PROX. AO CLUBE PORTUGUES";"DERBY";"";"";"COLISÃO";"0,0";"1,0";"0,0";"0,0";"0,0";"0,0";"0,0";"0,0";"0,0";"1,0";"0,0";"";"";"";"";"";"";"";"";"";"";"";""
"202431408,0";"2024-11-14";"07:27:00";"COM VÍTIMA";"FINALIZADA";"SAO JOSE";"AV SUL";"";"";"PROX. AO MOTEL LUA DE MEL //  SENTIDO CENTRO DO RECIFE";"SAO JOSE";"";"";"COLISÃO";"0,0";"1,0";"0,0";"0,0";"0,0";"0,0";"0,0";"0,0";"0,0";"1,0";"0,0";"";"";"";"";"";"";"";"";"";"";"";""
"202431410,0";"2024-11-14";"07:48:00";"COM VÍTIMA";"FINALIZADA";"ARRUDA";"AV BEBERIBE";"";"1 TRV DOUTOR SABINO PINHO";"EM FRENTE AO CAMPO DO ARRUDA";"ARRUDA";"";"";"COLISÃO FRONTAL";"1,0";"1,0";"0,0";"0,0";"0,0";"0,0";"0,0";"0,0";"0,0";"2,0";"0,0";"";"";"";"";"";"";"";"";"";"";"";""
"202431411,0";"2024-11-14";"08:00:00";"COM VÍTIMA";"FINALIZADA";"DERBY";"AV GOVERNADOR AGAMENON MAGALHAES";"";"RUA HENRIQUE DIAS";"PROX A FARMACIA PAGUE MENOS ( SENTIDO OLINDA )";"DERBY";"";"";"COLISÃO FRONTAL";"1,0";"1,0";"0,0";"0,0";"0,0";"0,0";"0,0";"0,0";"0,0";"1,0";"0,0";"";"";"";"";"";"";"";"";"";"";"";""
"202431423,0";"2024-11-14";"08:57:00";"COM VÍTIMA";"FINALIZADA";"ESPINHEIRO";"RUA AFONSO BATISTA";"562";"AV NORTE MIGUEL ARRAES DE ALENCAR";"PRÓX. A CAPOTARIA CABUGÁ  ( EM FRENTE A RENOULT )   //  PRÓX. A FEIDEL AUTO PEÇAS";"ESPINHEIRO";"";"";"COLISÃO";"0,0";"1,0";"0,0";"0,0";"0,0";"0,0";"0,0";"0,0";"0,0";"1,0";"0,0";"";"";"";"";"";"";"";"";"";"";"";""
"202431424,0";"2024-11-14";"09:12:00";"COM VÍTIMA";"FINALIZADA";"ESTANCIA";"AV DR JOSE RUFINO";"";"";"EM FRENTE AO COLEGIO VISÃO";"ESTANCIA";"";"";"COLISÃO";"1,0";"1,0";"0,0";"0,0";"0,0";"0,0";"0,0";"0,0";"0,0";"1,0";"0,0";"";"";"";"";"";"";"";"";"";"";"";""
"202431431,0";"2024-11-14";"09:36:00";"COM VÍTIMA";"FINALIZADA";"BAIRRO DO RECIFE";"AV SANTO ANTONIO";"";"";"PERTO DO BATALHO DE FREI CANECA";"BAIRRO DO RECIFE";"";"";"COLISÃO";"1,0";"1,0";"0,0";"0,0";"0,0";"0,0";"0,0";"0,0";"0,0";"1,0";"0,0";"";"";"";"";"";"";"";"";"";"";"";""
"202431432,0";"2024-11-14";"09:43:00";"COM VÍTIMA";"DUPLICIDADE";"SAO JOSE";"C SANTA RITA";"";"";"EM FRENTE AS TORRES GEMEAS, SENT. AFOGADOS";"SAO JOSE";"";"";"COLISÃO";"0,0";"1,0";"0,0";"0,0";"0,0";"0,0";"0,0";"0,0";"0,0";"1,0";"0,0";"";"";"";"";"";"";"";"";"";"";"";""
"202431435,0";"2024-11-14";"10:08:00";"COM VÍTIMA";"FINALIZADA";"PINA";"AVENIDA CELSO FURTADO (VIA MANGUE)";"";"";"ACESSO AO VIADUTO DOM JOAO VI";"PINA";"";"";"QUEDA";"0,0";"1,0";"0,0";"0,0";"0,0";"0,0";"0,0";"0,0";"0,0";"1,0";"0,0";"";"";"";"";"";"";"";"";"";"";"";""
"202431440,0";"2024-11-14";"10:42:00";"COM VÍTIMA";"FINALIZADA";"IPSEP";"RUA BLUMENAU";"463";"";"RUA DO SALAO HOME BEAUTY E ARMAZEM BLUMENAU";"IPSEP";"";"";"COLISÃO";"0,0";"1,0";"0,0";"0,0";"0,0";"0,0";"0,0";"0,0";"0,0";"1,0";"0,0";"";"";"";"";"";"";"";"";"";"";"";""
"202431441,0";"2024-11-14";"10:46:00";"SEM VÍTIMA";"FINALIZADA";"BAIRRO DO RECIFE";"CAIS DO APOLO";"302";"";"EM FRENTE AO PORTO DIGITAL";"BAIRRO DO RECIFE";"";"SUBURBIO";"COLISÃO LATERAL";"2,0";"0,0";"0,0";"0,0";"0,0";"0,0";"0,0";"0,0";"0,0";"0,0";"0,0";"";"";"";"";"";"";"";"";"";"";"";""
"202431442,0";"2024-11-14";"10:51:00";"COM VÍTIMA";"FINALIZADA";"ESPINHEIRO";"AV GOVERNADOR AGAMENON MAGALHAES";"";"";"SENT. BOA VIAGEM, EM FRENTE AO MINISTERIO DO TRABALHO";"ESPINHEIRO";"";"";"COLISÃO TRASEIRA";"1,0";"1,0";"0,0";"0,0";"0,0";"0,0";"0,0";"0,0";"0,0";"1,0";"0,0";"";"";"";"";"";"";"";"";"";"";"";""
"202431446,0";"2024-11-14";"11:23:00";"COM VÍTIMA";"FINALIZADA";"ARRUDA";"RUA DAS MOCAS";"1118";"";"PRÓX. AO CRUZAMENTO COM A AV. DA RECUPERAÇÃO , APÓS A COXINHA DO DECO";"ARRUDA";"";"";"COLISÃO";"0,0";"1,0";"0,0";"0,0";"0,0";"0,0";"0,0";"0,0";"0,0";"1,0";"0,0";"";"";"";"";"";"";"";"";"";"";"";""
"202431448,0";"2024-11-14";"12:27:00";"COM VÍTIMA";"FINALIZADA";"SAO JOSE";"AV GUARARAPES";"";"";"EM FRENTE A CAIXA ECONOMICA // SENTIDO CIDADE";"SAO JOSE";"";"";"ATROPELAMENTO DE PESSOA";"0,0";"0,0";"0,0";"0,0";"1,0";"1,0";"0,0";"0,0";"0,0";"1,0";"0,0";"";"";"";"";"";"";"";"";"";"";"";""
"202431455,0";"2024-11-14";"02:15:00";"SEM VÍTIMA";"CANCELADA";"BOA VISTA";"PTE PRINCESA IZABEL";"";"";"SOBRE A PONTO MESMA DA PRINCESA ISABEL";"BOA VISTA";"";"";"COLISÃO TRASEIRA";"1,0";"0,0";"0,0";"0,0";"0,0";"0,0";"0,0";"1,0";"0,0";"0,0";"0,0";"";"";"";"";"";"";"";"";"";"";"";""
"202431457,0";"2024-11-14";"02:22:00";"COM VÍTIMA";"FINALIZADA";"IMBIRIBEIRA";"AV MARECHAL MASCARENHAS DE MORAES";"570";"";"EM FRENTE AO ARMAZEM CORAL / SENTIDO AEROPORTO";"IMBIRIBEIRA";"";"";"COLISÃO LATERAL";"1,0";"1,0";"0,0";"0,0";"0,0";"0,0";"0,0";"0,0";"0,0";"1,0";"0,0";"";"";"";"";"";"";"";"";"";"";"";""
"202431463,0";"2024-11-14";"03:22:00";"COM VÍTIMA";"FINALIZADA";"BOA VIAGEM";"RUA ERNESTO DE PAULA SANTOS";"";"RUA CORONEL ANIZIO RODRIGUES COELHO";"PROX PLADARIA DELICATESE";"BOA VIAGEM";"";"";"COLISÃO FRONTAL";"0,0";"1,0";"0,0";"0,0";"0,0";"0,0";"0,0";"0,0";"0,0";"1,0";"0,0";"";"";"";"";"";"";"";"";"";"";"";""
"202431464,0";"2024-11-14";"04:03:00";"COM VÍTIMA";"FINALIZADA";"AGUA FRIA";"RUA CONEGO BARATA";"775";"";"EM FRENTE A POLICIA FEDERAL";"AGUA FRIA";"";"";"COLISÃO TRASEIRA";"1,0";"1,0";"0,0";"0,0";"0,0";"0,0";"0,0";"0,0";"0,0";"1,0";"0,0";"";"";"";"";"";"";"";"";"";"";"";""
"202431478,0";"2024-11-14";"06:05:00";"COM VÍTIMA";"FINALIZADA";"APIPUCOS";"RUA DE APIPUCOS";"1109";"";"EM FRENTE AO BATALHAO E AO ACUDE";"APIPUCOS";"";"";"COLISÃO";"0,0";"1,0";"0,0";"0,0";"0,0";"0,0";"0,0";"0,0";"0,0";"1,0";"0,0";"";"";"";"";"";"";"";"";"";"";"";""
"202431481,0";"2024-11-14";"08:02:00";"COM VÍTIMA";"FINALIZADA";"BOA VIAGEM";"AV BOA VIAGEM";"2958";"";"QUIOSQUE 19";"BOA VIAGEM";"";"";"COLISÃO LATERAL";"1,0";"1,0";"0,0";"0,0";"0,0";"0,0";"0,0";"0,0";"0,0";"2,0";"0,0";"";"";"";"";"";"";"";"";"";"";"";""
"202431483,0";"2024-11-14";"08:53:00";"COM VÍTIMA";"FINALIZADA";"IMBIRIBEIRA";"AV MARECHAL MASCARENHAS DE MORAES";"";"RUA ALVARO AMORIM";"EM FRENTE  À FLORARTE";"IMBIRIBEIRA";"279,0";"";"COLISÃO TRASEIRA";"2,0";"0,0";"0,0";"0,0";"0,0";"0,0";"0,0";"0,0";"0,0";"1,0";"0,0";"";"";"";"";"";"";"";"";"";"";"";""
"202431484,0";"2024-11-14";"09:10:00";"SEM VÍTIMA";"FINALIZADA";"APIPUCOS";"RUA DOIS IRMAOS";"15";"AV DEZESSETE DE AGOSTO";"EM FRENTE AO DÉCIMO PRIMEIRO BATALHÃO DE POLÍCIA";"APIPUCOS";"248,0";"CIDADE";"COLISÃO LATERAL";"2,0";"0,0";"0,0";"0,0";"0,0";"0,0";"0,0";"0,0";"0,0";"0,0";"0,0";"";"";"";"";"";"";"";"";"";"";"";""
"202431490,0";"2024-11-15";"01:23:00";"COM VÍTIMA";"FINALIZADA";"BOA VIAGEM";"RUA DEZ DE JULHO";"";"AV VINTE DE JANEIRO";"PRÓXIMO À ESTAÇÃO AEROPORTO";"BOA VIAGEM";"";"";"COLISÃO";"1,0";"1,0";"0,0";"0,0";"0,0";"0,0";"0,0";"0,0";"0,0";"2,0";"0,0";"";"";"";"";"";"";"";"";"";"";"";""
"202431495,0";"2024-11-15";"06:12:00";"COM VÍTIMA";"FINALIZADA";"BEBERIBE";"RUA CAPITAO SALGUEIRO";"";"";"PROXIMO EM FRENTE A ACADEMIA DA CIDADE E PROXIMO AO ANTIGO TERRAÇO";"BEBERIBE";"";"";"COLISÃO";"0,0";"1,0";"0,0";"0,0";"0,0";"0,0";"0,0";"0,0";"0,0";"1,0";"0,0";"";"";"";"";"";"";"";"";"";"";"";""
"202431510,0";"2024-11-15";"12:25:00";"COM VÍTIMA";"FINALIZADA";"AGUA FRIA";"EST VELHA DE AGUA FRIA";"1029";"";"ANTES DO DENOX  NA FRENTE DO RESIDENCIAL COIMBRA";"AGUA FRIA";"";"";"COLISÃO";"1,0";"1,0";"0,0";"0,0";"0,0";"0,0";"0,0";"0,0";"0,0";"1,0";"0,0";"";"";"";"";"";"";"";"";"";"";"";""
"202431511,0";"2024-11-15";"11:41:00";"COM VÍTIMA";"FINALIZADA";"BOA VISTA";"RUA DA AURORA";"";"AV CONDE DA BOA VISTA";"EM FRENTE AO CINEMA SAO LUIZ";"BOA VISTA";"";"";"COLISÃO COM CICLISTA";"0,0";"0,0";"0,0";"1,0";"0,0";"0,0";"0,0";"1,0";"0,0";"1,0";"0,0";"";"";"";"";"";"";"";"";"";"";"";""
"202431515,0";"2024-11-15";"01:09:00";"COM VÍTIMA";"FINALIZADA";"BOA VIAGEM";"AV ENGENHEIRO DOMINGOS FERREIRA";"2001";"";"EM FRENTE AO MUNDO DOS CABELELEIROS";"BOA VIAGEM";"";"";"COLISÃO";"0,0";"1,0";"0,0";"0,0";"0,0";"0,0";"0,0";"0,0";"0,0";"1,0";"0,0";"";"";"";"";"";"";"";"";"";"";"";""
"202431516,0";"2024-11-15";"01:49:00";"COM VÍTIMA";"FINALIZADA";"IBURA";"RUA RIO XINGU";"";"";"EM FRENTE A AUTO ESCOLA PILOTO E A POLICLINICA DO IBURA";"IBURA";"";"";"COLISÃO";"0,0";"1,0";"0,0";"0,0";"0,0";"0,0";"0,0";"0,0";"0,0";"1,0";"0,0";"";"";"";"";"";"";"";"";"";"";"";""
"202431519,0";"2024-11-15";"05:15:00";"COM VÍTIMA";"FINALIZADA";"IPUTINGA";"RUA SAO MATEUS";"1310";"";"PROX AO COLEGIO DINAH DE OLIVEIRA";"IPUTINGA";"";"";"COLISÃO";"0,0";"1,0";"0,0";"0,0";"0,0";"0,0";"0,0";"0,0";"0,0";"1,0";"0,0";"";"";"";"";"";"";"";"";"";"";"";""
"202431550,0";"2024-11-16";"08:36:00";"COM VÍTIMA";"FINALIZADA";"JARDIM SAO PAULO";"AV LIBERDADE";"";"";"DE FRENTE CONDOMINIO // PROX A GALERIA VERDE";"JARDIM SAO PAULO";"";"";"COLISÃO";"0,0";"1,0";"0,0";"0,0";"0,0";"0,0";"0,0";"0,0";"0,0";"1,0";"0,0";"";"";"";"";"";"";"";"";"";"";"";""
"202431551,0";"2024-11-16";"08:38:00";"COM VÍTIMA";"FINALIZADA";"CASA FORTE";"RUA REDENTOR";"";"";"PROX A ACADEMIA ACTIVE";"CASA FORTE";"";"";"COLISÃO";"0,0";"1,0";"0,0";"0,0";"0,0";"0,0";"0,0";"0,0";"0,0";"1,0";"0,0";"";"";"";"";"";"";"";"";"";"";"";""
"202431552,0";"2024-11-16";"08:56:00";"COM VÍTIMA";"FINALIZADA";"BOA VIAGEM";"AV BOA VIAGEM";"";"";"EM FRENTE A PRACINHA DE BOA VIAGEM";"BOA VIAGEM";"";"";"COLISÃO";"0,0";"1,0";"0,0";"0,0";"0,0";"0,0";"0,0";"0,0";"0,0";"1,0";"0,0";"";"";"";"";"";"";"";"";"";"";"";""