"Protocolo";"data";"hora";"natureza";"situacao";"bairro";"endereco";"numero";"detalhe_endereco_acidente";"complemento";"bairro_cruzamento";"num_semaforo";"sentido_via";"tipo";"auto";"moto";"ciclom";"ciclista";"pedestre";"onibus";"caminhao";"viatura";"outros";"vitimas";"vitimasfatais";"acidente_verificado";"tempo_clima";"situacao_semaforo";"sinalizacao";"condicao_via";"conservacao_via";"ponto_controle";"situacao_placa";"velocidade_max_via";"mao_direcao";"divisao_via1";"divisao_via2"
"202431559,0";"2024-11-16";"10:25:00";"COM VÍTIMA";"FINALIZADA";"JOANA BEZERRA";"AV ADVOGADO JOSE PAULO CAVALCANTI";"";"";"AO LADO DO FORUN DE JOANA BEZERRA";"JOANA BEZERRA";"";"";"COLISÃO";"0,0";"1,0";"0,0";"0,0";"0,0";"0,0";"0,0";"0,0";"0,0";"1,0";"0,0";"";"";"";"";"";"";"";"";"";"";"";""
"202431571,0";"2024-11-16";"12:56:00";"COM VÍTIMA";"FINALIZADA";"VARZEA";"RUA VALE DO SIRIJI";"155";"";"SUBIDA DA LADEIRA DO UR7";"VARZEA";"";"";"COLISÃO LATERAL";"1,0";"1,0";"0,0";"0,0";"0,0";"0,0";"0,0";"0,0";"0,0";"2,0";"0,0";"";"";"";"";"";"";"";"";"";"";"";""
"202431576,0";"2024-11-16";"01:37:00";"COM VÍTIMA";"FINALIZADA";"BOA VIAGEM";"RUA DONA MAGINA PONTUAL";"314";"";"PROXIMO AO PONTEIO";"BOA VIAGEM";"";"";"COLISÃO LATERAL";"1,0";"1,0";"0,0";"0,0";"0,0";"0,0";"0,0";"0,0";"0,0";"1,0";"0,0";"";"";"";"";"";"";"";"";"";"";"";""
"202431580,0";"2024-11-16";"02:25:00";"COM VÍTIMA";"FINALIZADA";"CAXANGA";"AV MAURICIO DE NASSAU";"1028";"";"EM FRENTE A FUNDAÇÃO ALTINO VENTURA";"CAXANGA";"";"";"COLISÃO";"0,0";"1,0";"0,0";"0,0";"0,0";"0,0";"0,0";"0,0";"0,0";"1,0";"0,0";"";"";"";"";"";"";"";"";"";"";"";""
"202431584,0";"2024-11-16";"03:59:00";"COM VÍTIMA";"FINALIZADA";"BOA VIAGEM";"RUA RIBEIRO DE BRITO";"1034";"";"EM FRENTE AO POSTO DE GASOLINA BR PETROBRÁS";"BOA VIAGEM";"";"";"COLISÃO";"0,0";"1,0";"0,0";"0,0";"0,0";"0,0";"0,0";"0,0";"0,0";"1,0";"0,0";"";"";"";"";"";"";"";"";"";"";"";""
"202431586,0";"2024-11-16";"04:30:00";"COM VÍTIMA";"FINALIZADA";"IBURA";"RUA PINTOR AGENOR DE ALBUQUERQUE CESAR";"463";"";"IBURA DE BAIXO PX AO ARMAZÉM VILA DO SESI PX AO MERCADINHO DA CARLINDA";"IBURA";"";"";"COLISÃO";"0,0";"1,0";"0,0";"0,0";"0,0";"0,0";"0,0";"0,0";"0,0";"1,0";"0,0";"";"";"";"";"";"";"";"";"";"";"";""
"202431587,0";"2024-11-16";"04:38:00";"COM VÍTIMA";"FINALIZADA";"CIDADE UNIVERSITARIA";"AV CAXANGA";"3755";"";"EM FRENTE AO TERMINAL CDU";"CIDADE UNIVERSITARIA";"";"";"ATROPELAMENTO DE PESSOA";"0,0";"0,0";"0,0";"0,0";"1,0";"1,0";"0,0";"0,0";"0,0";"1,0";"0,0";"";"";"";"";"";"";"";"";"";"";"";""
"202431588,0";"2024-11-16";"04:45:00";"COM VÍTIMA";"FINALIZADA";"IMBIRIBEIRA";"AV MARECHAL MASCARENHAS DE MORAES";"";"";"PROXIMO AO AEROPORTO E FACULDADE PERNAMBUCANA DE SAUDE";"IMBIRIBEIRA";"";"";"COLISÃO";"0,0";"1,0";"0,0";"0,0";"0,0";"0,0";"0,0";"0,0";"0,0";"1,0";"0,0";"";"";"";"";"";"";"";"";"";"";"";""
"202431592,0";"2024-11-16";"05:45:00";"COM VÍTIMA";"FINALIZADA";"DOIS UNIDOS";"AV CHAGAS FERREIRA";"2505";"";"PROXIMO AO  HOTEL SECULO XX";"DOIS UNIDOS";"";"";"COLISÃO";"0,0";"1,0";"0,0";"0,0";"0,0";"0,0";"0,0";"0,0";"0,0";"1,0";"0,0";"";"";"";"";"";"";"";"";"";"";"";""
"202431601,0";"2024-11-16";"08:58:00";"COM VÍTIMA";"FINALIZADA";"PINA";"AV HERCULANO BANDEIRA";"";"";"EM FRENTE AO ATACADO DA CONSTRUÇÃO";"PINA";"";"";"COLISÃO";"1,0";"1,0";"0,0";"0,0";"0,0";"0,0";"0,0";"0,0";"0,0";"1,0";"0,0";"";"";"";"";"";"";"";"";"";"";"";""
"202431603,0";"2024-11-16";"09:35:00";"COM VÍTIMA";"CANCELADA";"BOA VIAGEM";"RUA BARAO DE SOUZA LEAO";"1332";"";"";"BOA VIAGEM";"";"";"";"1,0";"1,0";"0,0";"0,0";"0,0";"0,0";"0,0";"0,0";"0,0";"1,0";"0,0";"";"";"";"";"";"";"";"";"";"";"";""
"202431604,0";"2024-11-16";"09:44:00";"COM VÍTIMA";"CANCELADA";"IBURA";"RUA EXP FRANCISCO VITORIANO";"";"";"EM FRENTE AO TREVO DA UR- 05";"IBURA";"";"";"COLISÃO LATERAL";"1,0";"1,0";"0,0";"0,0";"0,0";"0,0";"0,0";"0,0";"0,0";"1,0";"0,0";"";"";"";"";"";"";"";"";"";"";"";""
"202431608,0";"2024-11-17";"05:31:00";"SEM VÍTIMA";"FINALIZADA";"AGUA FRIA";"AV ANIBAL BENEVOLO";"596";"";"EM FRENTE AO VIA SHOW";"AGUA FRIA";"";"";"COLISÃO";"3,0";"0,0";"0,0";"0,0";"0,0";"0,0";"0,0";"0,0";"0,0";"0,0";"0,0";"";"";"";"";"";"";"";"";"";"";"";""
"202431609,0";"2024-11-17";"06:24:00";"COM VÍTIMA";"FINALIZADA";"MACAXEIRA";"AV NORTE MIGUEL ARRAES DE ALENCAR";"";"";"EM FRENTE A ESCOLA MIGUEL BATISTA SENT. TERMINAL DA MACAXEIRA";"MACAXEIRA";"";"";"COLISÃO";"0,0";"1,0";"0,0";"0,0";"0,0";"0,0";"0,0";"0,0";"0,0";"1,0";"0,0";"";"";"";"";"";"";"";"";"";"";"";""
"202431622,0";"2024-11-17";"08:14:00";"COM VÍTIMA";"DUPLICIDADE";"MACAXEIRA";"AV NORTE MIGUEL ARRAES DE ALENCAR";"5525";"";"EM FRENTE A ANTIGA FÁBRICA DA MACAXEIRA //  EM FRENTE AO COLÉGIO MIGUEL BATISTA";"MACAXEIRA";"";"";"COLISÃO";"0,0";"1,0";"0,0";"0,0";"0,0";"0,0";"0,0";"0,0";"0,0";"1,0";"0,0";"";"";"";"";"";"";"";"";"";"";"";""
"202431626,0";"2024-11-17";"09:50:00";"COM VÍTIMA";"FINALIZADA";"JOANA BEZERRA";"RUA CABO EUTROPIO";"";"";"PROX. AO COLEGIO COSTA PORTO, VINNIS BURGUER";"JOANA BEZERRA";"";"";"COLISÃO";"0,0";"1,0";"0,0";"0,0";"0,0";"0,0";"0,0";"0,0";"0,0";"1,0";"0,0";"";"";"";"";"";"";"";"";"";"";"";""
"202431636,0";"2024-11-17";"11:47:00";"COM VÍTIMA";"FINALIZADA";"BEBERIBE";"AV BEBERIBE";"";"";"PRÓX. A PRAÇA DA CONVENÇÃO //  PRÓX. A FARMÁCIA DROGASIL";"BEBERIBE";"";"";"COLISÃO";"0,0";"1,0";"0,0";"0,0";"0,0";"0,0";"0,0";"0,0";"0,0";"1,0";"0,0";"";"";"";"";"";"";"";"";"";"";"";""
"202431643,0";"2024-11-17";"01:06:00";"COM VÍTIMA";"CANCELADA";"ESPINHEIRO";"RUA CARNEIRO VILELA";"";"";"PROX A SABER VIVER";"ESPINHEIRO";"";"";"COLISÃO FRONTAL";"1,0";"1,0";"0,0";"0,0";"0,0";"0,0";"0,0";"0,0";"0,0";"1,0";"0,0";"";"";"";"";"";"";"";"";"";"";"";""
"202431662,0";"2024-11-17";"06:30:00";"COM VÍTIMA";"FINALIZADA";"AGUA FRIA";"AV BEBERIBE";"2406";"";"EAO ALDO  DO PAGODE DA PRESSÃO";"AGUA FRIA";"";"";"COLISÃO LATERAL";"1,0";"1,0";"0,0";"0,0";"0,0";"0,0";"0,0";"0,0";"0,0";"1,0";"0,0";"";"";"";"";"";"";"";"";"";"";"";""
"202431671,0";"2024-11-18";"01:28:00";"SEM VÍTIMA";"FINALIZADA";"BOA VISTA";"AV MANOEL BORBA";"";"";"PRÓXIMO A BOATE METROPOLE";"BOA VISTA";"";"";"CHOQUE";"0,0";"0,0";"0,0";"0,0";"0,0";"0,0";"0,0";"0,0";"0,0";"0,0";"0,0";"";"";"";"";"";"";"";"";"";"";"";""
"202431685,0";"2024-11-18";"06:31:00";"COM VÍTIMA";"FINALIZADA";"CASA AMARELA";"EST DO ARRAIAL";"";"";"PROX. A ACADEMIA CLUBE 17";"CASA AMARELA";"";"";"COLISÃO";"0,0";"0,0";"0,0";"0,0";"0,0";"0,0";"0,0";"0,0";"0,0";"1,0";"0,0";"";"";"";"";"";"";"";"";"";"";"";""
"202431690,0";"2024-11-18";"07:32:00";"COM VÍTIMA";"FINALIZADA";"AFOGADOS";"TRV SAO MIGUEL";"";"";"EM FRENTE A CORAL";"AFOGADOS";"";"";"COLISÃO COM CICLISTA";"1,0";"0,0";"0,0";"1,0";"0,0";"0,0";"0,0";"0,0";"0,0";"1,0";"0,0";"";"";"";"";"";"";"";"";"";"";"";""
"202431691,0";"2024-11-18";"07:37:00";"COM VÍTIMA";"FINALIZADA";"CAMPO GRANDE";"AV PROFESSOR JOSE DOS ANJOS";"47";"";"EM FRENTE A PEROLA MOVEIS E ALEX BEBIDAS";"CAMPO GRANDE";"";"";"COLISÃO COM CICLISTA";"0,0";"1,0";"0,0";"1,0";"0,0";"0,0";"0,0";"0,0";"0,0";"2,0";"0,0";"";"";"";"";"";"";"";"";"";"";"";""
"202431698,0";"2024-11-18";"08:49:00";"COM VÍTIMA";"FINALIZADA";"CORDEIRO";"RUA HONORIO CORREIA";"113";"";"EM FRENTE AO SUPERMERCADO LEÃO , PRÓX. AO MERCADO PÚBLICO";"CORDEIRO";"";"";"COLISÃO";"0,0";"1,0";"0,0";"0,0";"0,0";"0,0";"0,0";"0,0";"0,0";"1,0";"0,0";"";"";"";"";"";"";"";"";"";"";"";""
"202431701,0";"2024-11-18";"09:05:00";"COM VÍTIMA";"DUPLICIDADE";"CORDEIRO";"RUA HONORIO CORREIA";"146";"";"EM FRENTE AO SUPERMERCADO LEÃO";"CORDEIRO";"";"";"COLISÃO";"1,0";"1,0";"0,0";"0,0";"0,0";"0,0";"0,0";"0,0";"0,0";"1,0";"0,0";"";"";"";"";"";"";"";"";"";"";"";""
"202431702,0";"2024-11-18";"09:11:00";"COM VÍTIMA";"FINALIZADA";"ENCRUZILHADA";"AV NORTE MIGUEL ARRAES DE ALENCAR";"951";"";"PRÓX. A PRAÇA DA PICANHA // PRÓX. A PEDRACON";"ENCRUZILHADA";"";"";"COLISÃO";"1,0";"0,0";"0,0";"0,0";"0,0";"0,0";"0,0";"0,0";"0,0";"1,0";"0,0";"";"";"";"";"";"";"";"";"";"";"";""
"202431710,0";"2024-11-18";"09:48:00";"COM VÍTIMA";"FINALIZADA";"BOA VISTA";"RUA LUIZ BARBALHO";"225";"";"EM FRENTE AO EDF. ITAPUÃ //  PRÓX. A EMLURB";"BOA VISTA";"";"";"COLISÃO";"0,0";"1,0";"0,0";"0,0";"0,0";"0,0";"0,0";"0,0";"0,0";"1,0";"0,0";"";"";"";"";"";"";"";"";"";"";"";""
"202431714,0";"2024-11-18";"10:09:00";"COM VÍTIMA";"FINALIZADA";"IPUTINGA";"AV CAXANGA";"4038";"";"EM FRENTE AO POSTO PETROBRAS E LADO OPOSTO AO MIX MATEUS";"IPUTINGA";"";"CIDADE";"COLISÃO";"1,0";"0,0";"0,0";"0,0";"0,0";"0,0";"0,0";"1,0";"0,0";"1,0";"0,0";"";"";"";"";"";"";"";"";"";"";"";""
"202431716,0";"2024-11-18";"10:16:00";"SEM VÍTIMA";"DUPLICIDADE";"IPUTINGA";"AV CAXANGA";"";"";"PROX. AO MIX MATEUS, EM FRENTE AO POSTO DE GASOLINA BR, SENT. CIDADE";"IPUTINGA";"";"";"COLISÃO TRASEIRA";"1,0";"0,0";"0,0";"0,0";"0,0";"0,0";"0,0";"0,0";"1,0";"0,0";"0,0";"";"";"";"";"";"";"";"";"";"";"";""
"202431727,0";"2024-11-18";"11:50:00";"COM VÍTIMA";"FINALIZADA";"BOA VIAGEM";"AVENIDA CELSO FURTADO (VIA MANGUE)";"";"";"APÓS A ENTRADA DO SHOPPING RECIFE  ( NA DESCIDA DO VIADUTO )";"BOA VIAGEM";"";"";"COLISÃO";"0,0";"1,0";"0,0";"0,0";"0,0";"0,0";"0,0";"0,0";"0,0";"1,0";"0,0";"";"";"";"";"";"";"";"";"";"";"";""
"202431728,0";"2024-11-18";"11:54:00";"COM VÍTIMA";"FINALIZADA";"ZUMBI";"RUA FIDELIS MOLITERNO";"277";"";"NA RUA DO LEO SHOPP";"ZUMBI";"";"";"COLISÃO";"0,0";"1,0";"0,0";"0,0";"0,0";"0,0";"0,0";"0,0";"0,0";"1,0";"0,0";"";"";"";"";"";"";"";"";"";"";"";""
"202431729,0";"2024-11-18";"12:10:00";"COM VÍTIMA";"FINALIZADA";"BONGI";"AV ENGENHEIRO ABDIAS DE CARVALHO";"";"";"EM FRENTE A FUNASE/ SENTIDO CIDADE";"BONGI";"";"";"COLISÃO LATERAL";"1,0";"1,0";"0,0";"0,0";"0,0";"0,0";"0,0";"0,0";"0,0";"1,0";"0,0";"";"";"";"";"";"";"";"";"";"";"";""
"202431744,0";"2024-11-18";"03:00:00";"COM VÍTIMA";"FINALIZADA";"IMBIRIBEIRA";"RUA ARQUITETO LUIZ NUNES";"693";"";"EM FRENTE AO COLEGIO PINHEIRO";"IMBIRIBEIRA";"";"";"COLISÃO";"0,0";"1,0";"0,0";"0,0";"0,0";"0,0";"0,0";"0,0";"0,0";"1,0";"0,0";"";"";"";"";"";"";"";"";"";"";"";""
"202431745,0";"2024-11-18";"03:08:00";"COM VÍTIMA";"FINALIZADA";"IBURA";"AV DOM HELDER CAMARA";"";"";"POR TRAS DO NUCLEO DE POLICIA  E/F A ORLANDO AUTO PEÇAS";"IBURA";"";"";"COLISÃO LATERAL";"1,0";"1,0";"0,0";"0,0";"0,0";"0,0";"0,0";"0,0";"0,0";"1,0";"0,0";"";"";"";"";"";"";"";"";"";"";"";""
"202431748,0";"2024-11-18";"03:38:00";"COM VÍTIMA";"FINALIZADA";"TAMARINEIRA";"AV PROFESSOR JOSE DOS ANJOS";"3143";"";"APÓS O SESC DE CASA AMARELA";"TAMARINEIRA";"";"";"COLISÃO";"0,0";"0,0";"0,0";"0,0";"0,0";"0,0";"0,0";"0,0";"0,0";"1,0";"0,0";"";"";"";"";"";"";"";"";"";"";"";""
"202431750,0";"2024-11-18";"04:10:00";"COM VÍTIMA";"FINALIZADA";"AFOGADOS";"RUA VINTE E UM DE ABRIL";"1384";"";"EM FRENTE A GARAGEM DA FUNDAÇÃO NACIONAL DE SAUDE";"AFOGADOS";"";"";"COLISÃO";"0,0";"1,0";"0,0";"0,0";"0,0";"0,0";"0,0";"0,0";"0,0";"1,0";"0,0";"";"";"";"";"";"";"";"";"";"";"";""
"202431751,0";"2024-11-18";"04:17:00";"COM VÍTIMA";"FINALIZADA";"IPUTINGA";"AV MAURICIO DE NASSAU";"1029";"";"PROXIMO AO MERCADO RENDE MAIS";"IPUTINGA";"";"";"COLISÃO";"0,0";"1,0";"0,0";"0,0";"0,0";"0,0";"0,0";"0,0";"0,0";"1,0";"0,0";"";"";"";"";"";"";"";"";"";"";"";""
"202431753,0";"2024-11-18";"04:34:00";"COM VÍTIMA";"CANCELADA";"ENCRUZILHADA";"AV NORTE MIGUEL ARRAES DE ALENCAR";"980";"";"PROXIMO A LOJA JACAUNA/ SENTIDO SUBURBIO";"ENCRUZILHADA";"";"";"COLISÃO LATERAL";"0,0";"1,0";"0,0";"0,0";"0,0";"1,0";"0,0";"0,0";"0,0";"1,0";"0,0";"";"";"";"";"";"";"";"";"";"";"";""
"202431757,0";"2024-11-18";"05:02:00";"COM VÍTIMA";"FINALIZADA";"BRASILIA TEIMOSA";"RUA DAGOBERTO PIRES";"133";"";"ORLA DE BRASILIA TEIMOSA E AO LADO DO QUIOSQUE DO EDEM";"BRASILIA TEIMOSA";"";"";"COLISÃO";"0,0";"1,0";"0,0";"0,0";"0,0";"0,0";"0,0";"0,0";"0,0";"1,0";"0,0";"";"";"";"";"";"";"";"";"";"";"";""
"202431761,0";"2024-11-18";"05:07:00";"COM VÍTIMA";"FINALIZADA";"BARRO";"AV DR JOSE RUFINO";"3324";"";"PROXIMO AO COLEGIO IMACULADA CONCEIÇÃO";"BARRO";"213,0";"";"COLISÃO LATERAL";"1,0";"1,0";"0,0";"0,0";"0,0";"0,0";"0,0";"0,0";"0,0";"2,0";"0,0";"";"";"";"";"";"";"";"";"";"";"";""
"202431766,0";"2024-11-18";"06:32:00";"COM VÍTIMA";"FINALIZADA";"DERBY";"AV GOVERNADOR CARLOS DE LIMA CAVALCANTI";"";"";"AO LADO DO MC DONALD";"DERBY";"";"";"COLISÃO TRASEIRA";"0,0";"2,0";"0,0";"0,0";"0,0";"0,0";"0,0";"0,0";"0,0";"1,0";"0,0";"";"";"";"";"";"";"";"";"";"";"";""
"202431774,0";"2024-11-18";"07:25:00";"COM VÍTIMA";"FINALIZADA";"IPUTINGA";"AV CAXANGA";"";"";"PRÓXIMO Á ACADEMIA DA CIDADE E AO CANAL DO CAVOCO";"IPUTINGA";"";"";"COLISÃO TRASEIRA";"1,0";"1,0";"0,0";"0,0";"0,0";"0,0";"0,0";"0,0";"0,0";"1,0";"0,0";"";"";"";"";"";"";"";"";"";"";"";""
"202431779,0";"2024-11-19";"01:34:00";"COM VÍTIMA";"FINALIZADA";"AFOGADOS";"RUA COSME VIANA";"";"";"RUA VINTE UM DE ABRIL";"AFOGADOS";"";"";"COLISÃO LATERAL";"0,0";"1,0";"0,0";"0,0";"0,0";"0,0";"1,0";"0,0";"0,0";"1,0";"0,0";"";"";"";"";"";"";"";"";"";"";"";""
"202431787,0";"2024-11-19";"06:48:00";"COM VÍTIMA";"FINALIZADA";"CABANGA";"AV SATURNINO DE BRITO";"";"";"EM FRENTE A COMPESA";"CABANGA";"";"";"COLISÃO TRASEIRA";"0,0";"1,0";"0,0";"0,0";"0,0";"0,0";"0,0";"0,0";"0,0";"1,0";"0,0";"";"";"";"";"";"";"";"";"";"";"";""
"202431788,0";"2024-11-19";"06:51:00";"COM VÍTIMA";"FINALIZADA";"CASA FORTE";"AV DEZESSETE DE AGOSTO";"";"";"EM FRENTE BURGUER KING";"CASA FORTE";"";"";"COLISÃO";"0,0";"1,0";"0,0";"0,0";"0,0";"0,0";"0,0";"0,0";"0,0";"1,0";"0,0";"";"";"";"";"";"";"";"";"";"";"";""
"202431789,0";"2024-11-19";"06:52:00";"COM VÍTIMA";"FINALIZADA";"CASA AMARELA";"RUA DA HARMONIA";"550";"";"CRUZAMENTO COM  A ESTRADA DO ENCANAMENTO , PROX AO SÍTIO TRINDADE";"CASA AMARELA";"";"";"COLISÃO";"0,0";"1,0";"0,0";"0,0";"0,0";"0,0";"0,0";"0,0";"0,0";"1,0";"0,0";"";"";"";"";"";"";"";"";"";"";"";""
"202431797,0";"2024-11-19";"08:58:00";"SEM VÍTIMA";"FINALIZADA";"SANTO AMARO";"AV CRUZ CABUGA";"";"AV MARIO MELO";"SOB O SEMÁFORO 171";"SANTO AMARO";"171,0";"CIDADE";"COLISÃO";"1,0";"0,0";"0,0";"0,0";"0,0";"0,0";"0,0";"1,0";"0,0";"0,0";"0,0";"";"";"";"";"";"";"";"";"";"";"";""
"202431798,0";"2024-11-19";"09:02:00";"COM VÍTIMA";"FINALIZADA";"ENCRUZILHADA";"AV BEBERIBE";"";"";"AO LADO DA FERREIRA PINTO E ACADEMIA MET FIT";"ENCRUZILHADA";"";"";"COLISÃO";"0,0";"1,0";"0,0";"0,0";"0,0";"0,0";"0,0";"0,0";"0,0";"1,0";"0,0";"";"";"";"";"";"";"";"";"";"";"";""
"202431799,0";"2024-11-19";"09:03:00";"SEM VÍTIMA";"DUPLICIDADE";"SANTO AMARO";"AV CRUZ CABUGA";"";"";"PROX A ASSEMBLEIA DE DEUS";"SANTO AMARO";"";"";"COLISÃO";"1,0";"0,0";"0,0";"0,0";"0,0";"0,0";"0,0";"1,0";"0,0";"0,0";"0,0";"";"";"";"";"";"";"";"";"";"";"";""
"202431806,0";"2024-11-19";"10:26:00";"COM VÍTIMA";"FINALIZADA";"PINA";"AV ENGENHEIRO DOMINGOS FERREIRA";"";"";"NA FAIXA DA DIREITA, PROX. AO POSTO DE GASOLINA MULTI POSTO, NO INICIO DA DOMINGOS FERREIRA";"PINA";"";"";"COLISÃO";"0,0";"1,0";"0,0";"0,0";"0,0";"0,0";"0,0";"0,0";"0,0";"1,0";"0,0";"";"";"";"";"";"";"";"";"";"";"";""
"202431808,0";"2024-11-19";"10:40:00";"COM VÍTIMA";"FINALIZADA";"IMBIRIBEIRA";"RUA ENGENHEIRO JOSE APOLINARIO";"464";"";"EM FRENTE A EMPRESA LINK  DOCTOR (  PROX. A PADARIA MIRAMAR )  // POR TRÁS DO ARMAZÉM CORAL";"IMBIRIBEIRA";"";"";"COLISÃO";"0,0";"1,0";"0,0";"0,0";"0,0";"0,0";"0,0";"0,0";"0,0";"1,0";"0,0";"";"";"";"";"";"";"";"";"";"";"";""
"202431810,0";"2024-11-19";"11:04:00";"COM VÍTIMA";"FINALIZADA";"PONTO DE PARADA";"AV BEBERIBE";"";"";"EM FRENTE AO LOJAO DO PETROLEO";"PONTO DE PARADA";"";"";"COLISÃO";"1,0";"1,0";"0,0";"0,0";"0,0";"0,0";"0,0";"0,0";"0,0";"1,0";"0,0";"";"";"";"";"";"";"";"";"";"";"";""
"202431813,0";"2024-11-19";"11:18:00";"COM VÍTIMA";"FINALIZADA";"DOIS UNIDOS";"RUA PROFESSOR LOBO DE MIRANDA";"";"";"PROX. AO PSF DE DOIS UNIDOS, SUBINDO A LADEIRA";"DOIS UNIDOS";"";"";"COLISÃO";"0,0";"1,0";"0,0";"0,0";"0,0";"0,0";"0,0";"0,0";"0,0";"1,0";"0,0";"";"";"";"";"";"";"";"";"";"";"";""
"202431815,0";"2024-11-19";"11:35:00";"COM VÍTIMA";"FINALIZADA";"GRACAS";"RUA JOAQUIM NABUCO";"280";"";"PRÓX. AO HOSPITAL SANTA  JOANA // EM FRENTE A FARMÁCIA SANTA MARIA";"GRACAS";"";"";"COLISÃO";"0,0";"1,0";"0,0";"0,0";"0,0";"0,0";"0,0";"0,0";"0,0";"1,0";"0,0";"";"";"";"";"";"";"";"";"";"";"";""
"202431820,0";"2024-11-19";"12:44:00";"COM VÍTIMA";"FINALIZADA";"SANTO AMARO";"AV CRUZ CABUGA";"";"";"AO LADO DA ESCOLA LUIZ DELGADO";"SANTO AMARO";"";"";"COLISÃO LATERAL";"1,0";"1,0";"0,0";"0,0";"0,0";"0,0";"0,0";"0,0";"0,0";"1,0";"0,0";"";"";"";"";"";"";"";"";"";"";"";""
"202431822,0";"2024-11-19";"12:47:00";"COM VÍTIMA";"FINALIZADA";"CORDEIRO";"AV CAXANGA";"";"";"EM FRENTE A EXPOSIÇÃO DE ANIMAIS";"CORDEIRO";"";"";"COLISÃO";"0,0";"1,0";"0,0";"0,0";"0,0";"0,0";"0,0";"0,0";"0,0";"1,0";"0,0";"";"";"";"";"";"";"";"";"";"";"";""
"202431827,0";"2024-11-19";"01:09:00";"COM VÍTIMA";"FINALIZADA";"JOANA BEZERRA";"VIADUTO CAPITAO TEMUDO";"";"";"PROXIMO AO FORUM";"JOANA BEZERRA";"";"";"COLISÃO";"0,0";"1,0";"0,0";"0,0";"0,0";"0,0";"0,0";"0,0";"0,0";"1,0";"0,0";"";"";"";"";"";"";"";"";"";"";"";""
"202431828,0";"2024-11-19";"01:11:00";"COM VÍTIMA";"FINALIZADA";"ILHA DO LEITE";"AV GOVERNADOR AGAMENON MAGALHAES";"4515";"";"LADO OPOSTO AO HOSPITAL PORTUGUES";"ILHA DO LEITE";"";"";"COLISÃO";"0,0";"1,0";"0,0";"0,0";"0,0";"0,0";"0,0";"0,0";"0,0";"1,0";"0,0";"";"";"";"";"";"";"";"";"";"";"";""
"202431829,0";"2024-11-19";"02:13:00";"COM VÍTIMA";"FINALIZADA";"SANTO ANTONIO";"PRC DA REPUBLICA";"";"1 TRV DOUTOR SABINO PINHO";"EM FRENTE AO PALACIO DA JUSTIÇA";"SANTO ANTONIO";"";"";"COLISÃO";"1,0";"1,0";"0,0";"0,0";"0,0";"0,0";"0,0";"0,0";"0,0";"1,0";"0,0";"";"";"";"";"";"";"";"";"";"";"";""
"202431835,0";"2024-11-19";"02:58:00";"COM VÍTIMA";"FINALIZADA";"TORRE";"RUA REAL DA TORRE";"";"";"APOS O ATACADO DOS PRESENTES";"TORRE";"";"";"ATROPELAMENTO DE PESSOA";"1,0";"0,0";"0,0";"0,0";"1,0";"0,0";"0,0";"0,0";"0,0";"1,0";"0,0";"";"";"";"";"";"";"";"";"";"";"";""
"202431836,0";"2024-11-19";"02:57:00";"COM VÍTIMA";"FINALIZADA";"ROSARINHO";"RUA DR JOSE MARIA";"981";"";"PROXIMOA DROGASIL";"ROSARINHO";"";"";"COLISÃO";"0,0";"1,0";"0,0";"0,0";"0,0";"0,0";"0,0";"0,0";"0,0";"1,0";"0,0";"";"";"";"";"";"";"";"";"";"";"";""
"202431837,0";"2024-11-19";"03:02:00";"COM VÍTIMA";"FINALIZADA";"CASA AMARELA";"AV NORTE MIGUEL ARRAES DE ALENCAR";"";"";"EM FRENTE A UPA DA PRAÇA DO TRABALHO";"CASA AMARELA";"";"";"COLISÃO";"0,0";"1,0";"0,0";"0,0";"0,0";"0,0";"0,0";"0,0";"0,0";"1,0";"0,0";"";"";"";"";"";"";"";"";"";"";"";""
"202431840,0";"2024-11-19";"04:04:00";"COM VÍTIMA";"FINALIZADA";"SAO JOSE";"AV SUL";"";"";"PROXIMO AO CATAMARA E CAPITANIA DOS PORTES";"SAO JOSE";"";"";"COLISÃO";"0,0";"1,0";"0,0";"0,0";"0,0";"0,0";"0,0";"0,0";"0,0";"1,0";"0,0";"";"";"";"";"";"";"";"";"";"";"";""
"202431841,0";"2024-11-19";"04:31:00";"COM VÍTIMA";"FINALIZADA";"DERBY";"AV GOVERNADOR AGAMENON MAGALHAES";"";"";"";"DERBY";"";"";"COLISÃO";"0,0";"1,0";"0,0";"0,0";"0,0";"0,0";"1,0";"0,0";"0,0";"1,0";"0,0";"";"";"";"";"";"";"";"";"";"";"";""
"202431842,0";"2024-11-19";"05:03:00";"COM VÍTIMA";"FINALIZADA";"IPSEP";"RUA JEAN EMILE FAVRE";"";"RUA BLUMENAU";"";"IPSEP";"";"";"COLISÃO";"0,0";"0,0";"0,0";"0,0";"0,0";"0,0";"0,0";"0,0";"0,0";"1,0";"0,0";"";"";"";"";"";"";"";"";"";"";"";""