"Protocolo";"data";"hora";"natureza";"situacao";"bairro";"endereco";"numero";"detalhe_endereco_acidente";"complemento";"bairro_cruzamento";"num_semaforo";"sentido_via";"tipo";"auto";"moto";"ciclom";"ciclista";"pedestre";"onibus";"caminhao";"viatura";"outros";"vitimas";"vitimasfatais";"acidente_verificado";"tempo_clima";"situacao_semaforo";"sinalizacao";"condicao_via";"conservacao_via";"ponto_controle";"situacao_placa";"velocidade_max_via";"mao_direcao";"divisao_via1";"divisao_via2"
"202431843,0";"2024-11-19";"06:24:00";"COM VÍTIMA";"FINALIZADA";"BOA VIAGEM";"RUA DES JOAO PAES";"665";"";"";"BOA VIAGEM";"";"";"COLISÃO TRANSVERSAL";"1,0";"1,0";"0,0";"0,0";"0,0";"0,0";"0,0";"0,0";"0,0";"1,0";"0,0";"";"";"";"";"";"";"";"";"";"";"";""
"202431853,0";"2024-11-20";"08:20:00";"COM VÍTIMA";"FINALIZADA";"JIQUIA";"RUA SAO MIGUEL";"SN";"";"PRÓX. AO BODE DO NÔ // PRÓX. A CORAL";"JIQUIA";"";"";"COLISÃO LATERAL";"0,0";"2,0";"0,0";"0,0";"0,0";"0,0";"0,0";"0,0";"0,0";"2,0";"0,0";"";"";"";"";"";"";"";"";"";"";"";""
"202431873,0";"2024-11-20";"10:59:00";"COM VÍTIMA";"FINALIZADA";"AGUA FRIA";"RUA ALEGRE";"463";"";"EM FRENTE AO COLÉGIO ALFREDO";"AGUA FRIA";"";"";"COLISÃO";"0,0";"1,0";"0,0";"0,0";"0,0";"0,0";"0,0";"0,0";"0,0";"1,0";"0,0";"";"";"";"";"";"";"";"";"";"";"";""
"202431874,0";"2024-11-20";"11:11:00";"COM VÍTIMA";"FINALIZADA";"MORRO DA CONCEICAO";"COR DO BARTOLOMEU";"147";"";"EM FRENTE A LOJA CASA MODAS // PROX A LOJA ALEX CAR ( EM FRENTE  AO NUMERO 257  )";"MORRO DA CONCEICAO";"";"";"COLISÃO";"0,0";"1,0";"0,0";"0,0";"0,0";"0,0";"0,0";"0,0";"0,0";"1,0";"0,0";"";"";"";"";"";"";"";"";"";"";"";""
"202431879,0";"2024-11-20";"12:39:00";"COM VÍTIMA";"FINALIZADA";"CAMPO GRANDE";"EST DE BELEM";"";"";"PROX. AO ARMAZÉM GIVA FERRAGENS  //  NA ENTRADA DO GIRADOURO DE CAMPO GRANDE";"CAMPO GRANDE";"";"";"COLISÃO";"0,0";"1,0";"0,0";"0,0";"0,0";"0,0";"0,0";"0,0";"0,0";"1,0";"0,0";"";"";"";"";"";"";"";"";"";"";"";""
"202431880,0";"2024-11-20";"12:58:00";"COM VÍTIMA";"CANCELADA";"BOA VIAGEM";"AV FERNANDO SIMOES BARBOSA";"475";"";"PROX A CHURRASCARIA PAJUÇARA  //  PROX AO RESTAURANTE PARRAXAXA";"BOA VIAGEM";"";"";"COLISÃO";"0,0";"1,0";"0,0";"0,0";"0,0";"0,0";"0,0";"0,0";"0,0";"1,0";"0,0";"";"";"";"";"";"";"";"";"";"";"";""
"202431902,0";"2024-11-21";"01:21:00";"SEM VÍTIMA";"FINALIZADA";"CORDEIRO";"AV MAURICIO DE NASSAU";"";"";"PRÓXIMO AO GOE";"CORDEIRO";"";"";"COLISÃO LATERAL";"2,0";"0,0";"0,0";"0,0";"0,0";"0,0";"0,0";"0,0";"0,0";"0,0";"0,0";"";"";"";"";"";"";"";"";"";"";"";""
"202431909,0";"2024-11-21";"04:39:00";"COM VÍTIMA";"FINALIZADA";"ROSARINHO";"AV NORTE MIGUEL ARRAES DE ALENCAR";"";"AV SANTOS DUMONT";"PANIFICADORA ROSARINHO";"ROSARINHO";"81,0";"CIDADE";"COLISÃO TRANSVERSAL";"1,0";"1,0";"0,0";"0,0";"1,0";"0,0";"0,0";"0,0";"0,0";"1,0";"0,0";"";"";"";"";"";"";"";"";"";"";"";""
"202431911,0";"2024-11-21";"06:09:00";"COM VÍTIMA";"FINALIZADA";"ROSARINHO";"AV SANTOS DUMONT";"";"RUA DR JOSE MARIA";"EM FRENTE A CASA ROSADA";"ROSARINHO";"";"";"COLISÃO LATERAL";"2,0";"0,0";"0,0";"0,0";"0,0";"0,0";"0,0";"0,0";"0,0";"1,0";"0,0";"";"";"";"";"";"";"";"";"";"";"";""
"202431915,0";"2024-11-21";"06:12:00";"COM VÍTIMA";"DUPLICIDADE";"PARNAMIRIM";"RUA LEONARDO BEZERRA CAVALCANTE";"";"";"EM FRENTE AO MUSEU MURILO LA GREGA";"PARNAMIRIM";"";"";"COLISÃO";"0,0";"1,0";"0,0";"0,0";"0,0";"0,0";"0,0";"0,0";"0,0";"1,0";"0,0";"";"";"";"";"";"";"";"";"";"";"";""
"202431920,0";"2024-11-21";"06:26:00";"COM VÍTIMA";"FINALIZADA";"CASA FORTE";"AV DEZESSETE DE AGOSTO";"";"";"POR TRAS DO MARIA LUCINDA - DE FRENTRE AO MUSEU MURILO LA CRECA -";"CASA FORTE";"";"";"COLISÃO";"0,0";"1,0";"0,0";"0,0";"0,0";"0,0";"0,0";"0,0";"0,0";"1,0";"0,0";"";"";"";"";"";"";"";"";"";"";"";""
"202431921,0";"2024-11-21";"06:24:00";"SEM VÍTIMA";"FINALIZADA";"ARRUDA";"AV BEBERIBE";"";"";"EM FRENTE AO ARMAZÉM CORAL";"ARRUDA";"";"";"COLISÃO FRONTAL";"0,0";"0,0";"0,0";"0,0";"0,0";"0,0";"0,0";"0,0";"0,0";"0,0";"0,0";"";"";"";"";"";"";"";"";"";"";"";""
"202431922,0";"2024-11-21";"06:26:00";"COM VÍTIMA";"FINALIZADA";"IMBIRIBEIRA";"AV MARECHAL MASCARENHAS DE MORAES";"";"";"EM FRENTE A LAZER ELETRO";"IMBIRIBEIRA";"";"";"COLISÃO";"0,0";"1,0";"0,0";"0,0";"0,0";"0,0";"0,0";"0,0";"0,0";"1,0";"0,0";"";"";"";"";"";"";"";"";"";"";"";""
"202431923,0";"2024-11-21";"06:27:00";"COM VÍTIMA";"FINALIZADA";"IMBIRIBEIRA";"AV MARECHAL MASCARENHAS DE MORAES";"";"";"EM FRENTE AO GERALDAO";"IMBIRIBEIRA";"";"";"COLISÃO";"0,0";"1,0";"0,0";"0,0";"0,0";"0,0";"0,0";"0,0";"0,0";"1,0";"0,0";"";"";"";"";"";"";"";"";"";"";"";""
"202431924,0";"2024-11-21";"06:28:00";"COM VÍTIMA";"FINALIZADA";"IBURA";"AV SANTA FE";"";"";"UR-02, NO TREVO PROX. A ESCOLA CRISTIANE CORDEIRO";"IBURA";"";"";"COLISÃO";"0,0";"1,0";"0,0";"0,0";"0,0";"0,0";"0,0";"0,0";"0,0";"1,0";"0,0";"";"";"";"";"";"";"";"";"";"";"";""
"202431928,0";"2024-11-21";"06:46:00";"COM VÍTIMA";"FINALIZADA";"IPSEP";"AV RECIFE";"SN";"";"NO CRUZAMENTO  DA SAÍDA DO IPSEP, INDO PRO IBURA";"IPSEP";"";"";"COLISÃO";"0,0";"1,0";"0,0";"0,0";"0,0";"0,0";"0,0";"0,0";"0,0";"1,0";"0,0";"";"";"";"";"";"";"";"";"";"";"";""
"202431930,0";"2024-11-21";"07:19:00";"COM VÍTIMA";"FINALIZADA";"AFOGADOS";"RUA NICOLAU PEREIRA";"186";"";"PRÓX. A DISTRIBUIDORA ASA  // PROX. A CAIXA ECONOMICA";"AFOGADOS";"";"";"COLISÃO";"0,0";"1,0";"0,0";"0,0";"0,0";"0,0";"0,0";"0,0";"0,0";"1,0";"0,0";"";"";"";"";"";"";"";"";"";"";"";""
"202431931,0";"2024-11-21";"07:36:00";"COM VÍTIMA";"FINALIZADA";"IBURA";"LAD DA COHAB";"";"";"NA SUBIDA DA LADEIRA";"IBURA";"";"";"COLISÃO";"0,0";"1,0";"0,0";"0,0";"0,0";"1,0";"0,0";"0,0";"0,0";"1,0";"0,0";"";"";"";"";"";"";"";"";"";"";"";""
"202431934,0";"2024-11-21";"07:55:00";"COM VÍTIMA";"FINALIZADA";"CASA AMARELA";"RUA DA MANGABEIRA";"";"";"NA SUBIDA DO LATO JOSE DO PINHA EM FRENTE A LOJA POLPA NORTE";"CASA AMARELA";"";"";"COLISÃO";"0,0";"1,0";"0,0";"0,0";"0,0";"0,0";"0,0";"0,0";"0,0";"1,0";"0,0";"";"";"";"";"";"";"";"";"";"";"";""
"202431935,0";"2024-11-21";"08:07:00";"COM VÍTIMA";"FINALIZADA";"GRACAS";"AV GOVERNADOR AGAMENON MAGALHAES";"";"";"EM FRENTE AO COLEGIO AMERICANO BATISTA //  SENTIDO OLINDA";"GRACAS";"";"";"COLISÃO";"1,0";"1,0";"0,0";"0,0";"0,0";"0,0";"0,0";"0,0";"0,0";"1,0";"0,0";"";"";"";"";"";"";"";"";"";"";"";""
"202431936,0";"2024-11-21";"08:12:00";"COM VÍTIMA";"DUPLICIDADE";"BOA VISTA";"RUA JOAO FERNANDES VIEIRA";"SN";"";"PROX. AO SUPERMERCADO  BOMPREÇO DO PARQUE AMORIM";"BOA VISTA";"";"";"COLISÃO";"0,0";"1,0";"0,0";"0,0";"0,0";"0,0";"0,0";"0,0";"0,0";"1,0";"0,0";"";"";"";"";"";"";"";"";"";"";"";""
"202431941,0";"2024-11-21";"08:44:00";"COM VÍTIMA";"FINALIZADA";"BOA VIAGEM";"AV BOA VIAGEM";"";"";"APOS O HOSPITAL DA AERONAUTICA";"BOA VIAGEM";"";"";"COLISÃO";"0,0";"1,0";"0,0";"0,0";"0,0";"0,0";"0,0";"0,0";"0,0";"1,0";"0,0";"";"";"";"";"";"";"";"";"";"";"";""
"202431942,0";"2024-11-21";"08:50:00";"COM VÍTIMA";"FINALIZADA";"CAMPO GRANDE";"AV PROFESSOR JOSE DOS ANJOS";"110";"";"PRÓX. AO RESTAURANTE DO CHINA ( ANTIGA RECICLAGEM )";"CAMPO GRANDE";"";"";"COLISÃO";"0,0";"1,0";"0,0";"0,0";"0,0";"0,0";"0,0";"0,0";"0,0";"1,0";"0,0";"";"";"";"";"";"";"";"";"";"";"";""
"202431946,0";"2024-11-21";"09:06:00";"COM VÍTIMA";"FINALIZADA";"ESPINHEIRO";"AV GOVERNADOR AGAMENON MAGALHAES";"";"";"NA DESCIDA DO VIADUTO JOAO DE BARROS, PROX. AO CREA SENT. JOANA BEZERRA";"ESPINHEIRO";"";"";"COLISÃO";"0,0";"1,0";"0,0";"0,0";"0,0";"0,0";"0,0";"0,0";"0,0";"1,0";"0,0";"";"";"";"";"";"";"";"";"";"";"";""
"202431948,0";"2024-11-21";"09:33:00";"COM VÍTIMA";"FINALIZADA";"TORRE";"AV BEIRA RIO";"";"";"NA ESQUINA DO CONDOMINIO SANT PAUDO";"TORRE";"";"";"COLISÃO";"0,0";"1,0";"0,0";"0,0";"0,0";"0,0";"0,0";"0,0";"0,0";"1,0";"0,0";"";"";"";"";"";"";"";"";"";"";"";""
"202431949,0";"2024-11-21";"09:33:00";"COM VÍTIMA";"FINALIZADA";"GUABIRABA";"EST DA MUMBECA";"";"";"EM FRENTE A ÁGFUA MINERAL VANESSA  // APÓS A COMUNIDADE BOLA NA REDE";"GUABIRABA";"";"";"COLISÃO";"0,0";"1,0";"0,0";"0,0";"0,0";"0,0";"0,0";"0,0";"0,0";"1,0";"0,0";"";"";"";"";"";"";"";"";"";"";"";""
"202431952,0";"2024-11-21";"09:39:00";"COM VÍTIMA";"FINALIZADA";"IMBIRIBEIRA";"RUA PAMPULHA";"249 // R4";"";"PRÓX. A IGREJA BATISTA // PRÓX. A PADARIA DELICATESSEN";"IMBIRIBEIRA";"";"";"COLISÃO";"0,0";"1,0";"0,0";"0,0";"0,0";"0,0";"0,0";"0,0";"0,0";"1,0";"0,0";"";"";"";"";"";"";"";"";"";"";"";""
"202431954,0";"2024-11-21";"09:42:00";"COM VÍTIMA";"FINALIZADA";"IMBIRIBEIRA";"AV MARECHAL MASCARENHAS DE MORAES";"";"";"PROX AO HOTEL AEROPORTO PROX A UPA DA IMBIRIBEIRA";"IMBIRIBEIRA";"";"";"COLISÃO";"0,0";"1,0";"0,0";"0,0";"0,0";"0,0";"0,0";"0,0";"0,0";"1,0";"0,0";"";"";"";"";"";"";"";"";"";"";"";""
"202431956,0";"2024-11-21";"09:47:00";"COM VÍTIMA";"DUPLICIDADE";"MADALENA";"AV BEIRA RIO";"";"";"PROX. AO EDF. SAINT PAUL";"MADALENA";"";"";"COLISÃO";"0,0";"1,0";"0,0";"0,0";"0,0";"0,0";"0,0";"0,0";"0,0";"1,0";"0,0";"";"";"";"";"";"";"";"";"";"";"";""
"202431967,0";"2024-11-21";"11:51:00";"COM VÍTIMA";"FINALIZADA";"BOMBA DO HEMETERIO";"RUA BOMBA DO HEMETERIO";"54";"";"PRÓX. AO AMARELINHO JATO // PRÓX. AO PORTO NORTE BRAZ";"BOMBA DO HEMETERIO";"";"";"COLISÃO";"0,0";"1,0";"0,0";"0,0";"0,0";"0,0";"0,0";"0,0";"0,0";"1,0";"0,0";"";"";"";"";"";"";"";"";"";"";"";""
"202431980,0";"2024-11-21";"01:15:00";"VÍTIMA FATAL";"FINALIZADA";"DERBY";"RUA HENRIQUE DIAS";"";"AV GOVERNADOR AGAMENON MAGALHAES";"";"DERBY";"";"";"ATROPELAMENTO DE PESSOA";"0,0";"0,0";"0,0";"0,0";"1,0";"0,0";"0,0";"0,0";"0,0";"0,0";"1,0";"";"";"";"";"";"";"";"";"";"";"";""
"202431983,0";"2024-11-21";"02:10:00";"COM VÍTIMA";"FINALIZADA";"PARNAMIRIM";"RUA PADRE ROMA";"1674";"RUA SEBASTIAO MALTA ARCOVERDE";"RESTAURANTE FAACA";"PARNAMIRIM";"";"";"COLISÃO";"0,0";"1,0";"0,0";"0,0";"0,0";"0,0";"0,0";"0,0";"0,0";"1,0";"0,0";"";"";"";"";"";"";"";"";"";"";"";""
"202431987,0";"2024-11-21";"02:57:00";"COM VÍTIMA";"FINALIZADA";"BARRO";"AV DR JOSE RUFINO";"1142";"";"PROXIMO AO HOTEL OLIMPIKUS";"BARRO";"";"";"COLISÃO";"0,0";"1,0";"0,0";"0,0";"0,0";"0,0";"0,0";"0,0";"0,0";"1,0";"0,0";"";"";"";"";"";"";"";"";"";"";"";""
"202431999,0";"2024-11-21";"04:13:00";"COM VÍTIMA";"FINALIZADA";"CASA AMARELA";"EST DO ENCANAMENTO";"1294";"";"CASA DE FESTA ESTRIPULIA";"CASA AMARELA";"";"";"COLISÃO";"0,0";"1,0";"0,0";"0,0";"0,0";"0,0";"0,0";"0,0";"0,0";"1,0";"0,0";"";"";"";"";"";"";"";"";"";"";"";""
"202432005,0";"2024-11-21";"06:13:00";"COM VÍTIMA";"FINALIZADA";"IPUTINGA";"RUA BOM PASTOR";"430";"";"EM FRENTE À GALERIA MARCELA CENTER.";"IPUTINGA";"";"";"COLISÃO";"0,0";"1,0";"0,0";"0,0";"0,0";"0,0";"0,0";"0,0";"0,0";"1,0";"0,0";"";"";"";"";"";"";"";"";"";"";"";""
"202432006,0";"2024-11-21";"06:14:00";"COM VÍTIMA";"FINALIZADA";"CAXANGA";"AV CAXANGA";"";"";"";"CAXANGA";"";"";"COLISÃO";"2,0";"0,0";"0,0";"0,0";"0,0";"0,0";"0,0";"0,0";"0,0";"1,0";"0,0";"";"";"";"";"";"";"";"";"";"";"";""
"202432008,0";"2024-11-21";"06:26:00";"COM VÍTIMA";"FINALIZADA";"AFOGADOS";"EST DOS REMEDIOS";"2451";"";"EM FRENTE A IGREJA DOS REMEDIO, PX A HYUNDAI";"AFOGADOS";"";"";"COLISÃO";"0,0";"1,0";"0,0";"0,0";"0,0";"0,0";"0,0";"0,0";"0,0";"1,0";"0,0";"";"";"";"";"";"";"";"";"";"";"";""
"202432012,0";"2024-11-21";"06:57:00";"COM VÍTIMA";"FINALIZADA";"JARDIM SAO PAULO";"RUA MADRE ROSA";"181";"";"EM FRENTE AO BOTECO BEER";"JARDIM SAO PAULO";"";"";"COLISÃO";"0,0";"1,0";"0,0";"0,0";"0,0";"0,0";"0,0";"0,0";"0,0";"1,0";"0,0";"";"";"";"";"";"";"";"";"";"";"";""
"202432014,0";"2024-11-21";"07:23:00";"SEM VÍTIMA";"FINALIZADA";"DERBY";"RUA JENER DE SOUZA";"635";"";"EM FRENTE A ENTRADA DO HOSPITAL DA POLÍCIA MILITAR";"DERBY";"";"";"COLISÃO";"1,0";"0,0";"0,0";"0,0";"0,0";"0,0";"0,0";"1,0";"0,0";"0,0";"0,0";"";"";"";"";"";"";"";"";"";"";"";""
"202432048,0";"2024-11-22";"07:03:00";"COM VÍTIMA";"FINALIZADA";"CORDEIRO";"AV GENERAL SAN MARTIN";"";"";"EM FRENTE A ACADEMIA GI FIT, PROX. AO POSTO DE GASOLINA TOTAL E CORREIOS";"CORDEIRO";"";"";"COLISÃO";"0,0";"1,0";"0,0";"0,0";"0,0";"0,0";"0,0";"0,0";"0,0";"1,0";"0,0";"";"";"";"";"";"";"";"";"";"";"";""
"202432050,0";"2024-11-22";"07:10:00";"COM VÍTIMA";"FINALIZADA";"SANTO ANTONIO";"AV GUARARAPES";"";"";"LADO OPOSTO AOS CORREIOS";"SANTO ANTONIO";"";"";"COLISÃO";"0,0";"1,0";"0,0";"0,0";"0,0";"0,0";"0,0";"0,0";"0,0";"1,0";"0,0";"";"";"";"";"";"";"";"";"";"";"";""
"202432051,0";"2024-11-22";"07:31:00";"COM VÍTIMA";"FINALIZADA";"IPUTINGA";"RUA QUIPAPA";"";"";"PROX. A TRAMO ENGENHARIA, SENT. CAXANGA PROX. A BR";"IPUTINGA";"";"";"COLISÃO";"0,0";"1,0";"0,0";"0,0";"0,0";"0,0";"0,0";"0,0";"0,0";"1,0";"0,0";"";"";"";"";"";"";"";"";"";"";"";""
"202432055,0";"2024-11-22";"08:15:00";"COM VÍTIMA";"FINALIZADA";"BOA VISTA";"AV JOAO DE BARROS";"SN";"";"EM FRENTE AO ESTACIONAMENTO DO CURSO NUCE  // PROX A NEOENERGIA";"BOA VISTA";"";"";"COLISÃO";"1,0";"1,0";"0,0";"0,0";"0,0";"0,0";"0,0";"0,0";"0,0";"1,0";"0,0";"";"";"";"";"";"";"";"";"";"";"";""
"202432056,0";"2024-11-22";"08:19:00";"COM VÍTIMA";"FINALIZADA";"SAO JOSE";"AV DANTAS BARRETO";"1644";"";"INICIO DA DANTAS BARRETO //  PROX A PRAÇA SERGIO LORETO";"SAO JOSE";"";"";"COLISÃO";"0,0";"1,0";"0,0";"0,0";"0,0";"0,0";"0,0";"0,0";"0,0";"1,0";"0,0";"";"";"";"";"";"";"";"";"";"";"";""
"202432058,0";"2024-11-22";"08:35:00";"COM VÍTIMA";"FINALIZADA";"IMBIRIBEIRA";"PTE DO MOTOCOLOMBO";"";"";"NA PONTE";"IMBIRIBEIRA";"";"";"COLISÃO";"0,0";"1,0";"0,0";"0,0";"0,0";"0,0";"0,0";"0,0";"0,0";"1,0";"0,0";"";"";"";"";"";"";"";"";"";"";"";""
"202432081,0";"2024-11-22";"11:15:00";"COM VÍTIMA";"FINALIZADA";"CAMPO GRANDE";"RUA ODORICO MENDES";"761";"";"PRÓX. AO ANTIGO SUPERMERCADO STYLUUS  //  PRÓX. AO CLUBE DA PÁS";"CAMPO GRANDE";"";"";"COLISÃO";"0,0";"1,0";"0,0";"0,0";"0,0";"0,0";"0,0";"0,0";"0,0";"1,0";"0,0";"";"";"";"";"";"";"";"";"";"";"";""
"202432088,0";"2024-11-22";"12:09:00";"COM VÍTIMA";"FINALIZADA";"BOA VISTA";"RUA DO HOSPICIO";"384";"";"PROX. A FACULDADE DE DIREITO // PROX AO QUARTEL DO EXERCITO";"BOA VISTA";"";"";"COLISÃO COM CICLISTA";"1,0";"0,0";"0,0";"1,0";"0,0";"0,0";"0,0";"0,0";"0,0";"1,0";"0,0";"";"";"";"";"";"";"";"";"";"";"";""
"202432089,0";"2024-11-22";"12:16:00";"COM VÍTIMA";"FINALIZADA";"PRADO";"RUA MANICORE";"318";"";"PROX. AO JOCKEY CLUB //  PROX A IGREJA DEUS É AMOR";"PRADO";"";"";"COLISÃO";"0,0";"1,0";"0,0";"0,0";"0,0";"0,0";"0,0";"0,0";"0,0";"1,0";"0,0";"";"";"";"";"";"";"";"";"";"";"";""
"202432097,0";"2024-11-22";"01:50:00";"COM VÍTIMA";"CANCELADA";"CIDADE UNIVERSITARIA";"AV DOS REITORES";"";"";"NA ENTRADA DA UNIVERSIDADE FEDERAL";"CIDADE UNIVERSITARIA";"";"";"COLISÃO";"0,0";"1,0";"0,0";"0,0";"0,0";"0,0";"0,0";"0,0";"0,0";"1,0";"0,0";"";"";"";"";"";"";"";"";"";"";"";""
"202432101,0";"2024-11-22";"02:31:00";"COM VÍTIMA";"FINALIZADA";"TORROES";"AV ENGENHEIRO ABDIAS DE CARVALHO";"7329";"";"PROXIMO A UPA DOS TORROES";"TORROES";"";"CIDADE";"COLISÃO";"0,0";"1,0";"0,0";"0,0";"0,0";"0,0";"0,0";"0,0";"0,0";"1,0";"0,0";"";"";"";"";"";"";"";"";"";"";"";""
"202432112,0";"2024-11-22";"04:15:00";"COM VÍTIMA";"FINALIZADA";"CIDADE UNIVERSITARIA";"RUA EMILIANO BRAGA";"150";"";"AO LADO DO VIADUTO DA CAXANGA";"CIDADE UNIVERSITARIA";"";"";"COLISÃO LATERAL";"1,0";"1,0";"0,0";"0,0";"0,0";"0,0";"0,0";"0,0";"0,0";"1,0";"0,0";"";"";"";"";"";"";"";"";"";"";"";""
"202432114,0";"2024-11-22";"04:22:00";"COM VÍTIMA";"FINALIZADA";"IMBIRIBEIRA";"AV MARECHAL MASCARENHAS DE MORAES";"";"";"EM FRENTE AO BANCO ITAU E A MOVIDA SEMINOVOS";"IMBIRIBEIRA";"225,0";"";"COLISÃO";"0,0";"1,0";"0,0";"0,0";"0,0";"0,0";"0,0";"0,0";"0,0";"1,0";"0,0";"";"";"";"";"";"";"";"";"";"";"";""
"202432120,0";"2024-11-22";"05:24:00";"COM VÍTIMA";"FINALIZADA";"IPSEP";"AV RECIFE";"3452";"";"EM FRENTE AO POSTO BR";"IPSEP";"";"";"COLISÃO";"0,0";"1,0";"0,0";"0,0";"0,0";"0,0";"0,0";"0,0";"0,0";"1,0";"0,0";"";"";"";"";"";"";"";"";"";"";"";""
"202432122,0";"2024-11-22";"05:47:00";"COM VÍTIMA";"FINALIZADA";"ILHA DO RETIRO";"EST DOS REMEDIOS";"2116";"";"EM FRENTE A FARMACIA DROGASIL";"ILHA DO RETIRO";"";"";"COLISÃO";"0,0";"1,0";"0,0";"0,0";"0,0";"0,0";"0,0";"0,0";"0,0";"1,0";"0,0";"";"";"";"";"";"";"";"";"";"";"";""
"202432130,0";"2024-11-22";"06:24:00";"COM VÍTIMA";"FINALIZADA";"JORDAO";"AV DONA CARENTINA";"1074";"";"PROX AO TERMINAL DE JORDÃO ALTO";"JORDAO";"";"";"COLISÃO FRONTAL";"0,0";"2,0";"0,0";"0,0";"0,0";"0,0";"0,0";"0,0";"0,0";"2,0";"0,0";"";"";"";"";"";"";"";"";"";"";"";""
"202432136,0";"2024-11-22";"09:46:00";"COM VÍTIMA";"FINALIZADA";"AGUA FRIA";"EST VELHA DE AGUA FRIA";"";"AV PROFESSOR JOSE DOS ANJOS";"PRÓXIMO À ACADEMIA SELFIT";"AGUA FRIA";"306,0";"";"COLISÃO";"0,0";"2,0";"0,0";"0,0";"0,0";"0,0";"0,0";"0,0";"0,0";"1,0";"0,0";"";"";"";"";"";"";"";"";"";"";"";""
"202432138,0";"2024-11-22";"10:12:00";"COM VÍTIMA";"FINALIZADA";"BOA VIAGEM";"RUA DEZ DE JULHO";"";"";"APÓS A ESTAÇÃO DO METRÔ - E/F À LOCADORA ALUGUEL BRASIL";"BOA VIAGEM";"";"";"COLISÃO";"1,0";"1,0";"0,0";"0,0";"0,0";"0,0";"0,0";"0,0";"0,0";"1,0";"0,0";"";"";"";"";"";"";"";"";"";"";"";""
"202432139,0";"2024-11-22";"10:38:00";"COM VÍTIMA";"FINALIZADA";"LINHA DO TIRO";"RUA URIEL DE HOLANDA";"";"";"EM FRENTE À UPINHA, NA ENTRADA DE DOIS UNIDOS";"LINHA DO TIRO";"";"";"COLISÃO";"1,0";"1,0";"0,0";"0,0";"0,0";"0,0";"0,0";"0,0";"0,0";"1,0";"0,0";"";"";"";"";"";"";"";"";"";"";"";""
"202432167,0";"2024-11-23";"05:56:00";"COM VÍTIMA";"FINALIZADA";"ARRUDA";"EST VELHA DE AGUA FRIA";"";"AV PROFESSOR JOSE DOS ANJOS";"DNOCS";"ARRUDA";"";"";"COLISÃO LATERAL";"1,0";"1,0";"0,0";"0,0";"0,0";"0,0";"0,0";"0,0";"0,0";"1,0";"0,0";"";"";"";"";"";"";"";"";"";"";"";""
"202432168,0";"2024-11-23";"06:03:00";"COM VÍTIMA";"FINALIZADA";"LINHA DO TIRO";"RUA ARY PETER";"";"";"EM FRENTE AO TERMINAL DO BREJO, PROX. A UPA E NET GAS";"LINHA DO TIRO";"";"";"COLISÃO";"0,0";"1,0";"0,0";"0,0";"0,0";"0,0";"0,0";"0,0";"0,0";"1,0";"0,0";"";"";"";"";"";"";"";"";"";"";"";""
"202432185,0";"2024-11-23";"09:52:00";"COM VÍTIMA";"FINALIZADA";"AFOGADOS";"RUA COSME VIANA";"1332";"";"EM FRENTE A TUPAN DE AFOGADO";"AFOGADOS";"";"";"COLISÃO";"0,0";"1,0";"0,0";"0,0";"0,0";"0,0";"0,0";"0,0";"0,0";"1,0";"0,0";"";"";"";"";"";"";"";"";"";"";"";""
"202432189,0";"2024-11-23";"10:22:00";"SEM VÍTIMA";"FINALIZADA";"CASA FORTE";"AV DEZESSETE DE AGOSTO";"855";"RUA JAYME LOYO";"LADO OPOSTO A DROGASIL";"CASA FORTE";"346,0";"CIDADE";"COLISÃO TRASEIRA";"1,0";"0,0";"0,0";"0,0";"0,0";"0,0";"1,0";"0,0";"0,0";"0,0";"0,0";"";"";"";"";"";"";"";"";"";"";"";""
"202432193,0";"2024-11-23";"10:58:00";"SEM VÍTIMA";"FINALIZADA";"MUSTARDINHA";"AV MANOEL GONCALVES DA LUZ";"";"";"ROTATORIA";"MUSTARDINHA";"";"";"COLISÃO";"0,0";"1,0";"0,0";"0,0";"0,0";"1,0";"0,0";"0,0";"0,0";"0,0";"0,0";"";"";"";"";"";"";"";"";"";"";"";""
"202432207,0";"2024-11-23";"02:31:00";"COM VÍTIMA";"CANCELADA";"BOA VIAGEM";"AV DOM JOAO VI";"570";"";"SENTIDO PINA. POR TRÁS SHOPPING RECIFE.";"BOA VIAGEM";"";"";"COLISÃO";"1,0";"0,0";"0,0";"0,0";"0,0";"0,0";"0,0";"0,0";"0,0";"1,0";"0,0";"";"";"";"";"";"";"";"";"";"";"";""
"202432213,0";"2024-11-23";"03:42:00";"COM VÍTIMA";"FINALIZADA";"GUABIRABA";"RUA DAS FLORES";"";"";"PROX AO TERMINAL DE ONIBUS DA GUABIRABA E EMBAIXO DO PONTILHAO";"GUABIRABA";"";"";"COLISÃO TRASEIRA";"0,0";"2,0";"0,0";"0,0";"0,0";"0,0";"0,0";"0,0";"0,0";"1,0";"0,0";"";"";"";"";"";"";"";"";"";"";"";""
"202432214,0";"2024-11-23";"04:13:00";"COM VÍTIMA";"FINALIZADA";"BOA VIAGEM";"RUA BARAO DE SOUZA LEAO";"1170";"";"PROX AO SUPERMERCADO TREVO";"BOA VIAGEM";"";"";"COLISÃO FRONTAL";"2,0";"1,0";"0,0";"0,0";"0,0";"0,0";"0,0";"0,0";"0,0";"2,0";"0,0";"";"";"";"";"";"";"";"";"";"";"";""