"Protocolo";"data";"hora";"natureza";"situacao";"bairro";"endereco";"numero";"detalhe_endereco_acidente";"complemento";"bairro_cruzamento";"num_semaforo";"sentido_via";"tipo";"auto";"moto";"ciclom";"ciclista";"pedestre";"onibus";"caminhao";"viatura";"outros";"vitimas";"vitimasfatais";"acidente_verificado";"tempo_clima";"situacao_semaforo";"sinalizacao";"condicao_via";"conservacao_via";"ponto_controle";"situacao_placa";"velocidade_max_via";"mao_direcao";"divisao_via1";"divisao_via2"
"202432218,0";"2024-11-23";"05:04:00";"COM VÍTIMA";"FINALIZADA";"IMBIRIBEIRA";"AV MARECHAL MASCARENHAS DE MORAES";"34";"";"EM FRENTE A IMBIRIBEIRA DIESEL, PROX AO ATACADAO DOS PNEUS E RODAS";"IMBIRIBEIRA";"";"";"COLISÃO";"0,0";"1,0";"0,0";"0,0";"0,0";"0,0";"0,0";"0,0";"0,0";"1,0";"0,0";"";"";"";"";"";"";"";"";"";"";"";""
"202432229,0";"2024-11-23";"11:48:00";"COM VÍTIMA";"FINALIZADA";"CAMPO GRANDE";"RUA PRUDENTE DE MORAES";"";"RUA MARQUES DE ABRANTES";"PROXIMO A CLINICA CENTRAL DE CAMPO GRANDE";"CAMPO GRANDE";"";"";"COLISÃO";"1,0";"1,0";"0,0";"0,0";"0,0";"0,0";"0,0";"0,0";"0,0";"1,0";"0,0";"";"";"";"";"";"";"";"";"";"";"";""
"202432230,0";"2024-11-24";"12:30:00";"SEM VÍTIMA";"FINALIZADA";"POCO DA PANELA";"RUA DO CHACON";"297";"";"PROXIMO A ESCOLA DO CHACON";"POCO DA PANELA";"";"";"COLISÃO";"4,0";"0,0";"0,0";"0,0";"0,0";"0,0";"0,0";"0,0";"0,0";"0,0";"0,0";"";"";"";"";"";"";"";"";"";"";"";""
"202432231,0";"2024-11-24";"02:58:00";"COM VÍTIMA";"FINALIZADA";"CAMPO GRANDE";"RUA ODORICO MENDES";"";"RUA VISCONDE DE CAIRU";"";"CAMPO GRANDE";"";"";"COLISÃO";"1,0";"1,0";"0,0";"0,0";"0,0";"0,0";"0,0";"0,0";"0,0";"1,0";"0,0";"";"";"";"";"";"";"";"";"";"";"";""
"202432245,0";"2024-11-24";"06:59:00";"COM VÍTIMA";"FINALIZADA";"TAMARINEIRA";"RUA RICARDO HARDMAN";"";"AV CONS ROSA E SILVA";"PONTO DO AÇAI E COLEGIO LURDINAS";"TAMARINEIRA";"522,0";"";"COLISÃO";"1,0";"1,0";"0,0";"0,0";"0,0";"0,0";"0,0";"0,0";"0,0";"1,0";"0,0";"";"";"";"";"";"";"";"";"";"";"";""
"202432249,0";"2024-11-24";"08:38:00";"SEM VÍTIMA";"FINALIZADA";"CASA AMARELA";"RUA MORRO DA CONCEICAO";"";"";"SUBIDA DO MORRO";"CASA AMARELA";"";"";"COLISÃO";"2,0";"0,0";"0,0";"0,0";"0,0";"0,0";"0,0";"0,0";"0,0";"0,0";"0,0";"";"";"";"";"";"";"";"";"";"";"";""
"202432269,0";"2024-11-24";"12:02:00";"COM VÍTIMA";"FINALIZADA";"BOA VIAGEM";"AV HERCULANO BANDEIRA";"";"";"EM FRENTE AO ATACADÃO";"BOA VIAGEM";"";"";"COLISÃO";"1,0";"1,0";"0,0";"0,0";"0,0";"0,0";"0,0";"0,0";"0,0";"1,0";"0,0";"";"";"";"";"";"";"";"";"";"";"";""
"202432270,0";"2024-11-24";"12:15:00";"COM VÍTIMA";"FINALIZADA";"BOA VISTA";"RUA GERVASIO PIRES";"1528";"";"PROXIMO AO HOTEL CENTRAL";"BOA VISTA";"";"";"COLISÃO";"0,0";"1,0";"0,0";"0,0";"0,0";"0,0";"0,0";"0,0";"0,0";"1,0";"0,0";"";"";"";"";"";"";"";"";"";"";"";""
"202432276,0";"2024-11-24";"12:39:00";"COM VÍTIMA";"FINALIZADA";"TEJIPIO";"AV DR JOSE RUFINO";"4907";"";"EM FRENTE AO ESPAÇO DAS DIVAS E PROXIMO A ESTAÇÃO TEJIPIO";"TEJIPIO";"";"";"COLISÃO";"0,0";"1,0";"0,0";"0,0";"0,0";"0,0";"0,0";"0,0";"0,0";"1,0";"0,0";"";"";"";"";"";"";"";"";"";"";"";""
"202432291,0";"2024-11-24";"03:20:00";"COM VÍTIMA";"FINALIZADA";"ARRUDA";"RUA ALEGRE";"181";"";"PROXIMO A DELEGACIA DE AGUA FRIA E AO COLEGIO ALFREDO FREIRE";"ARRUDA";"";"";"COLISÃO";"0,0";"1,0";"0,0";"0,0";"0,0";"0,0";"0,0";"0,0";"0,0";"1,0";"0,0";"";"";"";"";"";"";"";"";"";"";"";""
"202432292,0";"2024-11-24";"03:44:00";"COM VÍTIMA";"FINALIZADA";"BOA VIAGEM";"RUA RIBEIRO DE BRITO";"714";"";"EM FRENTE AO LABORATORIO BORIS BERENSTEIN";"BOA VIAGEM";"";"";"COLISÃO";"0,0";"1,0";"0,0";"0,0";"0,0";"0,0";"0,0";"0,0";"0,0";"1,0";"0,0";"";"";"";"";"";"";"";"";"";"";"";""
"202432315,0";"2024-11-25";"06:05:00";"COM VÍTIMA";"FINALIZADA";"IPSEP";"RUA PINTOR ANTONIO ALBUQUERQUE";"";"";"EM FRENTE A ASSOCIAÇÃO DOS MOTORISTA // PROX A BEFIQUE MULT MARCAS";"IPSEP";"";"";"COLISÃO";"0,0";"1,0";"0,0";"0,0";"0,0";"0,0";"0,0";"0,0";"0,0";"1,0";"0,0";"";"";"";"";"";"";"";"";"";"";"";""
"202432325,0";"2024-11-25";"06:35:00";"COM VÍTIMA";"FINALIZADA";"IBURA";"AV PRESIDENTE DUTRA";"";"";"EM FRENTE AO SAL E BRASA";"IBURA";"";"";"COLISÃO";"0,0";"1,0";"0,0";"0,0";"0,0";"0,0";"0,0";"0,0";"0,0";"1,0";"0,0";"";"";"";"";"";"";"";"";"";"";"";""
"202432347,0";"2024-11-25";"09:25:00";"COM VÍTIMA";"FINALIZADA";"SANCHO";"RUA MARIA DE LOURDES DA SILVA";"112";"";"PRÓX. A BARRACA DE ANTÔNIO DO LEITE  //  PRÓX. AO STÚDIO TATTOO";"SANCHO";"";"";"COLISÃO";"0,0";"1,0";"0,0";"0,0";"0,0";"0,0";"0,0";"0,0";"0,0";"1,0";"0,0";"";"";"";"";"";"";"";"";"";"";"";""
"202432353,0";"2024-11-30";"05:43:00";"SEM VÍTIMA";"FINALIZADA";"";"";"";"";"";"";"";"";"";"0,0";"0,0";"0,0";"0,0";"0,0";"0,0";"0,0";"0,0";"0,0";"0,0";"0,0";"";"";"";"";"";"";"";"";"";"";"";""
"202432359,0";"2024-11-25";"11:53:00";"COM VÍTIMA";"FINALIZADA";"CASA AMARELA";"AV NORTE MIGUEL ARRAES DE ALENCAR";"";"";"ESCOLA MUNICIPAL ROZEMAR DE MACEDO LIMA";"CASA AMARELA";"";"";"COLISÃO";"1,0";"1,0";"0,0";"0,0";"0,0";"0,0";"0,0";"0,0";"0,0";"1,0";"0,0";"";"";"";"";"";"";"";"";"";"";"";""
"202432360,0";"2024-11-25";"12:10:00";"COM VÍTIMA";"FINALIZADA";"IPUTINGA";"RUA SAO PEDRO";"125";"";"PRÓX. A BOMBONIERE RODRIGUES  // PRÓX. AO MERCADINHO DO MARQUINHO  SUPER MIX  //  PROX.  A IGREJA BATISTA";"IPUTINGA";"";"";"COLISÃO";"0,0";"1,0";"0,0";"0,0";"0,0";"0,0";"0,0";"0,0";"0,0";"1,0";"0,0";"";"";"";"";"";"";"";"";"";"";"";""
"202432363,0";"2024-11-25";"12:36:00";"COM VÍTIMA";"DUPLICIDADE";"SANTO AMARO";"AV VISCONDE DE SUASSUNA";"538";"";"PROX AO SENAC( EM FRENTE AO NUMERO 607 )";"SANTO AMARO";"";"";"COLISÃO";"1,0";"0,0";"0,0";"0,0";"0,0";"0,0";"0,0";"0,0";"0,0";"1,0";"0,0";"";"";"";"";"";"";"";"";"";"";"";""
"202432367,0";"2024-11-25";"12:47:00";"COM VÍTIMA";"FINALIZADA";"BONGI";"EST DO BONGI";"2270 R 3";"";"EM FRENTE A IGREJA BATISTA // PROX A DELEGACIA";"BONGI";"";"";"COLISÃO";"0,0";"1,0";"0,0";"0,0";"0,0";"0,0";"0,0";"0,0";"0,0";"1,0";"0,0";"";"";"";"";"";"";"";"";"";"";"";""
"202432368,0";"2024-11-25";"12:47:00";"COM VÍTIMA";"FINALIZADA";"SANTO AMARO";"AV VISCONDE DE SUASSUNA";"607";"";"E/F A SILVESTRE SOLUÇOES";"SANTO AMARO";"";"";"CAPOTAMENTO";"2,0";"0,0";"0,0";"0,0";"0,0";"0,0";"0,0";"0,0";"0,0";"1,0";"0,0";"";"";"";"";"";"";"";"";"";"";"";""
"202432369,0";"2024-11-25";"01:02:00";"COM VÍTIMA";"DUPLICIDADE";"MUSTARDINHA";"EST DO BONGI";"";"";"E/F A IGREJA BATISTA DO BONGI";"MUSTARDINHA";"";"";"COLISÃO LATERAL";"1,0";"1,0";"0,0";"0,0";"0,0";"0,0";"0,0";"0,0";"0,0";"1,0";"0,0";"";"";"";"";"";"";"";"";"";"";"";""
"202432372,0";"2024-11-25";"01:14:00";"COM VÍTIMA";"FINALIZADA";"IPUTINGA";"AV MAURICIO DE NASSAU";"86";"";"EM FRENTE AO ARMAZEM  COMERCIAL PARALELA";"IPUTINGA";"109,0";"";"CHOQUE";"1,0";"0,0";"0,0";"0,0";"0,0";"0,0";"0,0";"0,0";"0,0";"1,0";"0,0";"";"";"";"";"";"";"";"";"";"";"";""
"202432375,0";"2024-11-25";"02:00:00";"SEM VÍTIMA";"CANCELADA";"IBURA";"AV DOIS RIOS";"";"RUA RIO XINGU";"";"IBURA";"";"";"COLISÃO LATERAL";"0,0";"0,0";"0,0";"0,0";"0,0";"0,0";"0,0";"0,0";"0,0";"0,0";"0,0";"";"";"";"";"";"";"";"";"";"";"";""
"202432384,0";"2024-11-25";"03:30:00";"SEM VÍTIMA";"FINALIZADA";"SAO JOSE";"C SANTA RITA";"";"";"TORRES GEMEAS";"SAO JOSE";"";"";"COLISÃO";"0,0";"0,0";"0,0";"0,0";"0,0";"0,0";"0,0";"0,0";"0,0";"0,0";"0,0";"";"";"";"";"";"";"";"";"";"";"";""
"202432385,0";"2024-11-25";"03:35:00";"COM VÍTIMA";"FINALIZADA";"IPSEP";"AV RECIFE";"";"RUA SAO NICOLAU";"DEPOIS DA PIZZARIA ATLANTICO NA ENTRADA DO IBURA";"IPSEP";"";"SUBURBIO";"COLISÃO TRANSVERSAL";"1,0";"1,0";"0,0";"0,0";"0,0";"0,0";"0,0";"0,0";"0,0";"1,0";"0,0";"";"";"";"";"";"";"";"";"";"";"";""
"202432394,0";"2024-11-25";"04:38:00";"VÍTIMA FATAL";"FINALIZADA";"NOVA DESCOBERTA";"RUA ALTO JARDIM PROGRESSO";"";"";"";"NOVA DESCOBERTA";"";"";"COLISÃO FRONTAL";"0,0";"0,0";"0,0";"0,0";"0,0";"0,0";"0,0";"0,0";"0,0";"1,0";"1,0";"";"";"";"";"";"";"";"";"";"";"";""
"202432396,0";"2024-11-25";"05:37:00";"COM VÍTIMA";"FINALIZADA";"DERBY";"AV GOVERNADOR AGAMENON MAGALHAES";"";"";"EM FRENTE AO HR";"DERBY";"";"";"COLISÃO";"1,0";"0,0";"0,0";"0,0";"0,0";"0,0";"0,0";"0,0";"0,0";"1,0";"0,0";"";"";"";"";"";"";"";"";"";"";"";""
"202432399,0";"2024-11-25";"05:38:00";"COM VÍTIMA";"FINALIZADA";"IMBIRIBEIRA";"AV MARECHAL MASCARENHAS DE MORAES";"";"";"EM FRENTE A FACULDADE DE DIREITO, PX AO MARTELINHO DE OURO";"IMBIRIBEIRA";"";"";"COLISÃO";"0,0";"1,0";"0,0";"0,0";"0,0";"0,0";"0,0";"0,0";"0,0";"1,0";"0,0";"";"";"";"";"";"";"";"";"";"";"";""
"202432402,0";"2024-11-25";"06:05:00";"COM VÍTIMA";"FINALIZADA";"CASA AMARELA";"AV NORTE MIGUEL ARRAES DE ALENCAR";"9742";"";"PROX A MADEIRA POLIDA / ANTES DA PRAÇA DO TRABALHO";"CASA AMARELA";"";"";"COLISÃO";"0,0";"1,0";"0,0";"0,0";"0,0";"0,0";"0,0";"0,0";"0,0";"1,0";"0,0";"";"";"";"";"";"";"";"";"";"";"";""
"202432418,0";"2024-11-26";"06:06:00";"COM VÍTIMA";"FINALIZADA";"DERBY";"AV GOVERNADOR AGAMENON MAGALHAES";"";"";"ESQUINA COM O HOSPITAL DA RESTAURAÇÃO";"DERBY";"";"";"COLISÃO";"0,0";"2,0";"0,0";"0,0";"0,0";"0,0";"0,0";"0,0";"0,0";"1,0";"0,0";"";"";"";"";"";"";"";"";"";"";"";""
"202432427,0";"2024-11-26";"07:28:00";"COM VÍTIMA";"FINALIZADA";"CAMPO GRANDE";"RUA FRANKLIN TAVORA";"800";"";"PROX. AO COLEGIO MARIO MELO";"CAMPO GRANDE";"";"";"COLISÃO COM CICLISTA";"0,0";"1,0";"0,0";"1,0";"0,0";"0,0";"0,0";"0,0";"0,0";"2,0";"0,0";"";"";"";"";"";"";"";"";"";"";"";""
"202432429,0";"2024-11-26";"07:37:00";"COM VÍTIMA";"FINALIZADA";"CABANGA";"RUA CAPITAO TEMUDO";"76";"";"DESCIDA DO VIADUTO DA JOANA BEZERRA  ( SENTIDO BOA VIAGEM )";"CABANGA";"";"";"COLISÃO";"0,0";"1,0";"0,0";"0,0";"0,0";"0,0";"0,0";"0,0";"0,0";"1,0";"0,0";"";"";"";"";"";"";"";"";"";"";"";""
"202432430,0";"2024-11-26";"07:40:00";"COM VÍTIMA";"FINALIZADA";"ROSARINHO";"RUA DR JOSE MARIA";"485";"";"POR TRAS DO HOSPITAL JORGE MEDEIROS";"ROSARINHO";"";"";"COLISÃO";"1,0";"1,0";"0,0";"0,0";"0,0";"0,0";"0,0";"0,0";"0,0";"2,0";"0,0";"";"";"";"";"";"";"";"";"";"";"";""
"202432431,0";"2024-11-26";"07:41:00";"COM VÍTIMA";"FINALIZADA";"IMBIRIBEIRA";"AV MARECHAL MASCARENHAS DE MORAES";"";"";"EM FRENTE A LOCALIZA SEMINOVOS";"IMBIRIBEIRA";"";"";"COLISÃO";"0,0";"1,0";"0,0";"0,0";"0,0";"0,0";"0,0";"0,0";"0,0";"1,0";"0,0";"";"";"";"";"";"";"";"";"";"";"";""
"202432432,0";"2024-11-26";"07:43:00";"COM VÍTIMA";"FINALIZADA";"BOA VIAGEM";"RUA CONEGO ROMEU";"668";"";"PROX. AO VERDE FRUT";"BOA VIAGEM";"";"";"COLISÃO";"1,0";"1,0";"0,0";"0,0";"0,0";"0,0";"0,0";"0,0";"0,0";"1,0";"0,0";"";"";"";"";"";"";"";"";"";"";"";""
"202432443,0";"2024-11-26";"09:17:00";"SEM VÍTIMA";"FINALIZADA";"BOA VIAGEM";"AV DES JOSE NEVES";"1006";"";"PROX. AO MARTELINHO DE OURO";"BOA VIAGEM";"";"";"CHOQUE";"1,0";"0,0";"0,0";"0,0";"0,0";"0,0";"0,0";"0,0";"0,0";"0,0";"0,0";"";"";"";"";"";"";"";"";"";"";"";""
"202432446,0";"2024-11-26";"09:40:00";"COM VÍTIMA";"FINALIZADA";"DOIS UNIDOS";"RUA PADRE CICERO";"27";"";"EM FRENTE AO SALAO BARBIE FENIX";"DOIS UNIDOS";"";"";"COLISÃO";"1,0";"1,0";"0,0";"0,0";"0,0";"0,0";"1,0";"0,0";"0,0";"2,0";"0,0";"";"";"";"";"";"";"";"";"";"";"";""
"202432452,0";"2024-11-26";"10:11:00";"COM VÍTIMA";"FINALIZADA";"DOIS UNIDOS";"SUB DA MEDALHA MILAGROSA";"84";"";"EM FRENTE AO Nº 084";"DOIS UNIDOS";"";"SUBURBIO";"CHOQUE";"0,0";"0,0";"0,0";"0,0";"0,0";"0,0";"1,0";"0,0";"0,0";"1,0";"0,0";"";"";"";"";"";"";"";"";"";"";"";""
"202432472,0";"2024-11-26";"01:35:00";"COM VÍTIMA";"FINALIZADA";"CIDADE UNIVERSITARIA";"RUA GENERAL POLIDORO";"351";"";"ARMAZEM COPACABANA";"CIDADE UNIVERSITARIA";"";"";"COLISÃO LATERAL";"1,0";"1,0";"0,0";"0,0";"0,0";"0,0";"0,0";"0,0";"0,0";"1,0";"0,0";"";"";"";"";"";"";"";"";"";"";"";""
"202432484,0";"2024-11-26";"02:49:00";"COM VÍTIMA";"FINALIZADA";"JOANA BEZERRA";"AV GOVERNADOR AGAMENON MAGALHAES";"";"";"AO LADO DO  FORUM DE JOANA BEZERRA";"JOANA BEZERRA";"";"SUBURBIO";"COLISÃO TRASEIRA";"2,0";"0,0";"0,0";"0,0";"0,0";"0,0";"0,0";"0,0";"0,0";"1,0";"0,0";"";"";"";"";"";"";"";"";"";"";"";""
"202432492,0";"2024-11-26";"04:31:00";"COM VÍTIMA";"FINALIZADA";"MACAXEIRA";"RUA ALTO FORMOSO";"40";"";"APÓS O CAMPO DO UNIÃO";"MACAXEIRA";"";"";"COLISÃO";"0,0";"1,0";"0,0";"0,0";"0,0";"0,0";"0,0";"0,0";"0,0";"1,0";"0,0";"";"";"";"";"";"";"";"";"";"";"";""
"202432494,0";"2024-11-26";"04:54:00";"COM VÍTIMA";"FINALIZADA";"MADALENA";"RUA JOSE OSORIO";"";"AV BEIRA RIO";"DEPOIS DA PONTE";"MADALENA";"";"";"COLISÃO TRASEIRA";"0,0";"1,0";"0,0";"0,0";"0,0";"0,0";"0,0";"0,0";"0,0";"1,0";"0,0";"";"";"";"";"";"";"";"";"";"";"";""
"202432498,0";"2024-11-26";"05:13:00";"COM VÍTIMA";"FINALIZADA";"BOA VIAGEM";"AV BOA VIAGEM";"";"";"PROXIMO AO RESTAURANTE SEU TITO";"BOA VIAGEM";"";"";"COLISÃO";"0,0";"1,0";"0,0";"0,0";"0,0";"0,0";"0,0";"0,0";"0,0";"1,0";"0,0";"";"";"";"";"";"";"";"";"";"";"";""
"202432501,0";"2024-11-26";"05:51:00";"COM VÍTIMA";"FINALIZADA";"CORDEIRO";"AV MAURICIO DE NASSAU";"1289";"";"EM FRENTE A DELEGACIA DO GOE E PROXIMO AO DHPP";"CORDEIRO";"";"";"COLISÃO COM CICLISTA";"0,0";"1,0";"0,0";"1,0";"0,0";"0,0";"0,0";"0,0";"0,0";"1,0";"0,0";"";"";"";"";"";"";"";"";"";"";"";""
"202432502,0";"2024-11-26";"05:52:00";"COM VÍTIMA";"FINALIZADA";"PAISSANDU";"AV GOVERNADOR AGAMENON MAGALHAES";"";"";"EM FRENTE AO HOSPITAL PORTUGUES";"PAISSANDU";"";"";"COLISÃO";"0,0";"1,0";"0,0";"0,0";"0,0";"0,0";"0,0";"0,0";"0,0";"1,0";"0,0";"";"";"";"";"";"";"";"";"";"";"";""
"202432515,0";"2024-11-26";"09:01:00";"COM VÍTIMA";"FINALIZADA";"APIPUCOS";"RUA DE APIPUCOS";"2720";"";"SUBIDA DA PONTE JAIME GUSMAO";"APIPUCOS";"";"";"QUEDA";"0,0";"2,0";"0,0";"0,0";"0,0";"0,0";"0,0";"0,0";"0,0";"1,0";"0,0";"";"";"";"";"";"";"";"";"";"";"";""
"202432528,0";"2024-11-26";"11:41:00";"COM VÍTIMA";"FINALIZADA";"CASA AMARELA";"RUA CONS PERETTI";"";"RUA OSCAR DE BARROS";"POR TRÁS DA LOJA TROPICAL";"CASA AMARELA";"";"";"COLISÃO";"1,0";"1,0";"0,0";"0,0";"0,0";"0,0";"0,0";"0,0";"0,0";"1,0";"0,0";"";"";"";"";"";"";"";"";"";"";"";""
"202432530,0";"2024-11-27";"02:49:00";"COM VÍTIMA";"FINALIZADA";"IBURA";"AV DOIS RIOS";"";"RUA RIO XINGU";"PROX AUTO ESCOLA PILOTO";"IBURA";"";"";"";"1,0";"1,0";"0,0";"0,0";"0,0";"0,0";"0,0";"0,0";"0,0";"2,0";"0,0";"";"";"";"";"";"";"";"";"";"";"";""
"202432540,0";"2024-11-27";"06:17:00";"COM VÍTIMA";"FINALIZADA";"DOIS UNIDOS";"AV HILDEBRANDO DE VASCONCELOS";"";"";"PROX. AO FORRO DO ARLINDO";"DOIS UNIDOS";"";"";"COLISÃO";"0,0";"1,0";"0,0";"0,0";"0,0";"0,0";"0,0";"0,0";"0,0";"1,0";"0,0";"";"";"";"";"";"";"";"";"";"";"";""
"202432552,0";"2024-11-27";"07:44:00";"COM VÍTIMA";"FINALIZADA";"IMBIRIBEIRA";"AV MARECHAL MASCARENHAS DE MORAES";"4651";"";"EM FRENTE AO  INSTITUTO IPOG (  EMBAIXO DE SEMAFORO  471 )";"IMBIRIBEIRA";"";"";"COLISÃO";"1,0";"1,0";"0,0";"0,0";"0,0";"0,0";"0,0";"0,0";"0,0";"1,0";"0,0";"";"";"";"";"";"";"";"";"";"";"";""
"202432553,0";"2024-11-27";"07:45:00";"COM VÍTIMA";"FINALIZADA";"IMBIRIBEIRA";"RUA GENERAL GOES MONTEIRO";"";"";"PROX. A CLINICA MEDIEX // PROX A VISTORIA TERCEIRA VISÃO";"IMBIRIBEIRA";"";"";"COLISÃO";"0,0";"1,0";"0,0";"0,0";"0,0";"0,0";"0,0";"0,0";"0,0";"1,0";"0,0";"";"";"";"";"";"";"";"";"";"";"";""
"202432554,0";"2024-11-27";"07:42:00";"COM VÍTIMA";"FINALIZADA";"PINA";"";"";"";"TRAVESSA DO NORMANDO 32 COMUNIDADE DO BODE, PROX A SALVAÇÃO DAS PANELAS, CLUBE BANHISTA DO PINA";"PINA";"";"";"COLISÃO";"0,0";"1,0";"0,0";"0,0";"0,0";"0,0";"0,0";"0,0";"0,0";"1,0";"0,0";"";"";"";"";"";"";"";"";"";"";"";""
"202432561,0";"2024-11-27";"09:10:00";"COM VÍTIMA";"FINALIZADA";"VARZEA";"AV PROFESSOR MORAES REGO";"152";"";"PROX. AO HOSPITAL DAS CLÍNICAS  //  PRÓX. AO HAP VIDA DA CAXANGÁ";"VARZEA";"";"";"COLISÃO";"0,0";"1,0";"0,0";"0,0";"0,0";"0,0";"0,0";"0,0";"0,0";"1,0";"0,0";"";"";"";"";"";"";"";"";"";"";"";""
"202432566,0";"2024-11-27";"10:15:00";"COM VÍTIMA";"FINALIZADA";"AFOGADOS";"RUA AUGUSTO CALHEIROS";"";"";"EM FRENTE A FLAVIO MOTOS, NA SUBIDA DA PONTE NOVA";"AFOGADOS";"";"";"COLISÃO";"0,0";"1,0";"0,0";"0,0";"0,0";"0,0";"0,0";"0,0";"0,0";"1,0";"0,0";"";"";"";"";"";"";"";"";"";"";"";""
"202432582,0";"2024-11-27";"01:41:00";"SEM VÍTIMA";"FINALIZADA";"IMBIRIBEIRA";"AV MARECHAL MASCARENHAS DE MORAES";"618";"";"E/F AO CURSO DE INGLES DA WIZARD E O ARMAZEM CORAL";"IMBIRIBEIRA";"";"";"COLISÃO LATERAL";"0,0";"0,0";"0,0";"0,0";"0,0";"0,0";"1,0";"1,0";"0,0";"0,0";"0,0";"";"";"";"";"";"";"";"";"";"";"";""
"202432583,0";"2024-11-27";"01:53:00";"COM VÍTIMA";"FINALIZADA";"ESTANCIA";"AV DR JOSE RUFINO";"1132";"";"PROX AO COLEGIO VISÃO";"ESTANCIA";"";"";"COLISÃO";"0,0";"1,0";"0,0";"0,0";"0,0";"0,0";"0,0";"0,0";"0,0";"1,0";"0,0";"";"";"";"";"";"";"";"";"";"";"";""
"202432584,0";"2024-11-27";"01:57:00";"COM VÍTIMA";"DUPLICIDADE";"ESTANCIA";"RUA SAO MIGUEL";"4523";"";"EM FRENTE A CRECHE ESCOLA MUNICIPAL DA ESTANCIA";"ESTANCIA";"";"";"COLISÃO";"0,0";"1,0";"0,0";"0,0";"0,0";"0,0";"0,0";"0,0";"0,0";"1,0";"0,0";"";"";"";"";"";"";"";"";"";"";"";""
"202432585,0";"2024-11-27";"01:59:00";"COM VÍTIMA";"FINALIZADA";"ENCRUZILHADA";"AV BEBERIBE";"562";"";"PROX A FERREIRA PINTO E JUSTINO PARABRISA";"ENCRUZILHADA";"";"";"COLISÃO";"0,0";"1,0";"0,0";"0,0";"0,0";"0,0";"0,0";"0,0";"0,0";"1,0";"0,0";"";"";"";"";"";"";"";"";"";"";"";""
"202432590,0";"2024-11-27";"03:10:00";"COM VÍTIMA";"FINALIZADA";"TORRE";"RUA DOM MANOEL DA COSTA";"405";"";"POR TRÁS DA IGREJA DA TORRE PX AO COLÉGIO CRISTO REI";"TORRE";"";"";"COLISÃO";"0,0";"1,0";"0,0";"0,0";"0,0";"0,0";"0,0";"0,0";"0,0";"1,0";"0,0";"";"";"";"";"";"";"";"";"";"";"";""
"202432592,0";"2024-11-27";"03:17:00";"COM VÍTIMA";"FINALIZADA";"IMBIRIBEIRA";"RUA PARIS";"304";"";"LOJA DE CELULAR BH CELL";"IMBIRIBEIRA";"";"";"COLISÃO LATERAL";"1,0";"1,0";"0,0";"0,0";"0,0";"0,0";"0,0";"0,0";"0,0";"1,0";"0,0";"";"";"";"";"";"";"";"";"";"";"";""
"202432594,0";"2024-11-27";"03:40:00";"COM VÍTIMA";"DUPLICIDADE";"TORRE";"RUA DOM MANOEL PEREIRA";"";"";"E/F AO COLEGIO MUNICIPAL PAROQUIA  CRISTO REI";"TORRE";"";"";"COLISÃO LATERAL";"0,0";"2,0";"0,0";"0,0";"0,0";"0,0";"0,0";"0,0";"0,0";"1,0";"0,0";"";"";"";"";"";"";"";"";"";"";"";""
"202432597,0";"2024-11-27";"04:30:00";"COM VÍTIMA";"FINALIZADA";"CASA FORTE";"AV DEZESSETE DE AGOSTO";"1613";"";"PROX A PIZZA HUT / PROX AO EDF CASA GRANDE SANTANA";"CASA FORTE";"";"";"COLISÃO";"0,0";"1,0";"0,0";"0,0";"0,0";"0,0";"0,0";"0,0";"0,0";"1,0";"0,0";"";"";"";"";"";"";"";"";"";"";"";""
"202432598,0";"2024-11-27";"05:10:00";"COM VÍTIMA";"FINALIZADA";"TAMARINEIRA";"AV NORTE MIGUEL ARRAES DE ALENCAR";"9366";"";"CRUZAMENTO COM A AV CONEGO BARATA ///PROX A FERREIRA COSTA SENTIDO CASA AMARELA";"TAMARINEIRA";"";"";"COLISÃO";"0,0";"1,0";"0,0";"0,0";"0,0";"0,0";"0,0";"0,0";"0,0";"1,0";"0,0";"";"";"";"";"";"";"";"";"";"";"";""
"202432603,0";"2024-11-27";"06:34:00";"COM VÍTIMA";"EM ATENDIMENTO";"SANTO AMARO";"AV GOVERNADOR AGAMENON MAGALHAES";"8815";"";"EM FRENTE A REITORIA DA UPE SENTIDO OLINDA";"SANTO AMARO";"";"";"COLISÃO";"0,0";"1,0";"0,0";"0,0";"0,0";"0,0";"0,0";"0,0";"0,0";"1,0";"0,0";"";"";"";"";"";"";"";"";"";"";"";""
"202432615,0";"2024-11-27";"09:41:00";"COM VÍTIMA";"FINALIZADA";"BOA VISTA";"RUA AURORA";"";"AV CONDE DA BOA VISTA";"CINEMA SÃO LUIZ";"BOA VISTA";"";"";"ATROPELAMENTO DE PESSOA";"0,0";"1,0";"0,0";"0,0";"1,0";"0,0";"0,0";"0,0";"0,0";"2,0";"0,0";"";"";"";"";"";"";"";"";"";"";"";""
"202432632,0";"2024-11-28";"07:19:00";"COM VÍTIMA";"FINALIZADA";"IMBIRIBEIRA";"AV MARECHAL MASCARENHAS DE MORAES";"";"";"EM FRENTE A OFICINA IMPACTO";"IMBIRIBEIRA";"";"";"COLISÃO";"0,0";"1,0";"0,0";"0,0";"0,0";"0,0";"0,0";"0,0";"0,0";"1,0";"0,0";"";"";"";"";"";"";"";"";"";"";"";""