"Protocolo";"data";"hora";"natureza";"situacao";"bairro";"endereco";"numero";"detalhe_endereco_acidente";"complemento";"bairro_cruzamento";"num_semaforo";"sentido_via";"tipo";"auto";"moto";"ciclom";"ciclista";"pedestre";"onibus";"caminhao";"viatura";"outros";"vitimas";"vitimasfatais";"acidente_verificado";"tempo_clima";"situacao_semaforo";"sinalizacao";"condicao_via";"conservacao_via";"ponto_controle";"situacao_placa";"velocidade_max_via";"mao_direcao";"divisao_via1";"divisao_via2"
"202432643,0";"2024-11-28";"08:08:00";"COM VÍTIMA";"FINALIZADA";"CORDEIRO";"AV INACIO MONTEIRO";"535";"";"EM FRENTE A AUTO MECANICA NORTE SUL";"CORDEIRO";"";"";"COLISÃO LATERAL";"1,0";"1,0";"0,0";"0,0";"0,0";"0,0";"0,0";"0,0";"0,0";"2,0";"0,0";"";"";"";"";"";"";"";"";"";"";"";""
"202432648,0";"2024-11-28";"08:23:00";"COM VÍTIMA";"DUPLICIDADE";"CORDEIRO";"AV INACIO MONTEIRO";"";"";".EM FRENTE A OFICINA NORTE SUL // PROXIMO A ACADEIA GYM FIT";"CORDEIRO";"";"";"COLISÃO";"0,0";"1,0";"0,0";"0,0";"0,0";"0,0";"0,0";"0,0";"0,0";"1,0";"0,0";"";"";"";"";"";"";"";"";"";"";"";""
"202432652,0";"2024-11-28";"08:37:00";"COM VÍTIMA";"FINALIZADA";"AFOGADOS";"EST DOS REMEDIOS";"";"";"PROX. AO MARCDO PUBLICO E A ASA";"AFOGADOS";"";"";"COLISÃO";"0,0";"1,0";"0,0";"0,0";"0,0";"0,0";"0,0";"0,0";"0,0";"1,0";"0,0";"";"";"";"";"";"";"";"";"";"";"";""
"202432654,0";"2024-11-28";"08:48:00";"COM VÍTIMA";"FINALIZADA";"CASA AMARELA";"AV NORTE MIGUEL ARRAES DE ALENCAR";"12318";"";"EM FRENTE AO FEI DA PICANHA";"CASA AMARELA";"";"";"COLISÃO";"0,0";"1,0";"0,0";"0,0";"0,0";"0,0";"0,0";"0,0";"0,0";"1,0";"0,0";"";"";"";"";"";"";"";"";"";"";"";""
"202432668,0";"2024-11-28";"10:19:00";"COM VÍTIMA";"CANCELADA";"CAMPO GRANDE";"RUA ODORICO MENDES";"802";"";"PROX. AO CLUDE DA PÁS";"CAMPO GRANDE";"";"";"COLISÃO";"0,0";"1,0";"0,0";"0,0";"0,0";"0,0";"0,0";"0,0";"0,0";"1,0";"0,0";"";"";"";"";"";"";"";"";"";"";"";""
"202432670,0";"2024-11-28";"10:30:00";"COM VÍTIMA";"FINALIZADA";"DOIS UNIDOS";"AV HILDEBRANDO DE VASCONCELOS";"";"";"PX AO ATACAREJO E ANTINGA FABRICA DA MINERVA";"DOIS UNIDOS";"";"";"COLISÃO";"0,0";"1,0";"0,0";"0,0";"0,0";"0,0";"0,0";"0,0";"0,0";"1,0";"0,0";"";"";"";"";"";"";"";"";"";"";"";""
"202432671,0";"2024-11-28";"10:38:00";"COM VÍTIMA";"FINALIZADA";"CORDEIRO";"RUA GOMES TABORDA";"1247";"";"PROX. A GALERIA DOS FRIOS E  LOJA PIRULITO FESTAS";"CORDEIRO";"";"";"COLISÃO";"0,0";"1,0";"0,0";"0,0";"0,0";"0,0";"0,0";"0,0";"0,0";"1,0";"0,0";"";"";"";"";"";"";"";"";"";"";"";""
"202432673,0";"2024-11-28";"10:51:00";"COM VÍTIMA";"FINALIZADA";"JOANA BEZERRA";"AV DES GUERRA BARRETO";"";"";"EM FRENTE AO FORUM JOANA BEZERRA";"JOANA BEZERRA";"";"";"COLISÃO LATERAL";"1,0";"1,0";"0,0";"0,0";"0,0";"0,0";"0,0";"0,0";"0,0";"1,0";"0,0";"";"";"";"";"";"";"";"";"";"";"";""
"202432674,0";"2024-11-28";"11:02:00";"COM VÍTIMA";"FINALIZADA";"IBURA";"AV DOM HELDER CAMARA";"S/N";"";"APOS O NUCLEO DE SEGURANÇA  //  PROX A IGRERJA CATOLICA";"IBURA";"";"";"COLISÃO TRASEIRA";"0,0";"2,0";"0,0";"0,0";"0,0";"0,0";"0,0";"0,0";"0,0";"1,0";"0,0";"";"";"";"";"";"";"";"";"";"";"";""
"202432679,0";"2024-11-28";"11:35:00";"COM VÍTIMA";"FINALIZADA";"IMBIRIBEIRA";"AV MARECHAL MASCARENHAS DE MORAES";"12689";"";"EM FRENTE AO ASSAÍ ATACADISTA  SENT. AEROPORTO";"IMBIRIBEIRA";"";"";"COLISÃO";"1,0";"1,0";"0,0";"0,0";"0,0";"0,0";"0,0";"0,0";"0,0";"1,0";"0,0";"";"";"";"";"";"";"";"";"";"";"";""
"202432685,0";"2024-11-28";"12:27:00";"COM VÍTIMA";"FINALIZADA";"IMBIRIBEIRA";"AV MARECHAL MASCARENHAS DE MORAES";"";"";"EM FRENTE A TUPAN E UNIVERSIDADE UNIP  E/F A FACULDADE TIRADENTES  S/T AFOGADOS";"IMBIRIBEIRA";"";"";"COLISÃO";"1,0";"1,0";"0,0";"0,0";"0,0";"0,0";"0,0";"0,0";"0,0";"1,0";"0,0";"";"";"";"";"";"";"";"";"";"";"";""
"202432701,0";"2024-11-28";"02:08:00";"COM VÍTIMA";"FINALIZADA";"BOA VISTA";"AV GUARARAPES";"";"RUA DO SOL";"PROX AO CORREIO";"BOA VISTA";"14,0";"";"COLISÃO LATERAL";"1,0";"1,0";"0,0";"0,0";"0,0";"0,0";"0,0";"0,0";"0,0";"1,0";"0,0";"";"";"";"";"";"";"";"";"";"";"";""
"202432702,0";"2024-11-28";"02:12:00";"COM VÍTIMA";"CANCELADA";"APIPUCOS";"RUA DOIS IRMAOS";"499";"";"PROX AO ANTIGO MOTEL SENZALA E ANTIGA CASA DE EVENTOS REAL";"APIPUCOS";"";"";"COLISÃO";"0,0";"1,0";"0,0";"0,0";"0,0";"0,0";"0,0";"0,0";"0,0";"1,0";"0,0";"";"";"";"";"";"";"";"";"";"";"";""
"202432713,0";"2024-11-28";"03:42:00";"COM VÍTIMA";"FINALIZADA";"MONTEIRO";"AV DEZESSETE DE AGOSTO";"123";"";"EM FRENTE AO CONDOMÍNIO WILSON MACEDO, EM FRENTE AO EDIFÍCIO PORTA D'ÁGUA, PRÓX À ESCOLA SILVA JARDIM E PRÓX AO NOVO VIADUTO MONTEIRO-IPUTINGA.";"MONTEIRO";"";"";"COLISÃO";"0,0";"1,0";"0,0";"0,0";"0,0";"0,0";"0,0";"0,0";"0,0";"1,0";"0,0";"";"";"";"";"";"";"";"";"";"";"";""
"202432715,0";"2024-11-28";"03:48:00";"COM VÍTIMA";"FINALIZADA";"DOIS UNIDOS";"SUB DA MEDALHA MILAGROSA";"98";"";"IR POR PELA AV HIDELBRANDO DE VASCONCELOS //APOS O POSTO DE SAUDE DO ALTO DO MARACANA";"DOIS UNIDOS";"";"";"COLISÃO";"0,0";"1,0";"0,0";"0,0";"0,0";"0,0";"0,0";"0,0";"0,0";"1,0";"0,0";"";"";"";"";"";"";"";"";"";"";"";""
"202432716,0";"2024-11-28";"04:03:00";"COM VÍTIMA";"FINALIZADA";"CASA AMARELA";"EST DO ARRAIAL";"";"";"EM FRENTE AO INSS";"CASA AMARELA";"";"";"COLISÃO FRONTAL";"1,0";"1,0";"0,0";"0,0";"0,0";"0,0";"0,0";"0,0";"0,0";"1,0";"0,0";"";"";"";"";"";"";"";"";"";"";"";""
"202432717,0";"2024-11-28";"04:06:00";"COM VÍTIMA";"FINALIZADA";"TORRE";"RUA REAL DA TORRE";"";"";"EM FRENTE AO CARREFOUR";"TORRE";"";"";"COLISÃO";"0,0";"1,0";"0,0";"0,0";"0,0";"0,0";"0,0";"0,0";"0,0";"1,0";"0,0";"";"";"";"";"";"";"";"";"";"";"";""
"202432722,0";"2024-11-28";"04:45:00";"COM VÍTIMA";"FINALIZADA";"AFLITOS";"RUA CARNEIRO VILELA";"349";"";"PX A RAPPI TURBO / PX A PADARIA EMPÓRIO VIVOS";"AFLITOS";"";"";"COLISÃO";"0,0";"1,0";"0,0";"0,0";"0,0";"0,0";"0,0";"0,0";"0,0";"1,0";"0,0";"";"";"";"";"";"";"";"";"";"";"";""
"202432724,0";"2024-11-28";"04:59:00";"COM VÍTIMA";"DUPLICIDADE";"AFLITOS";"RUA CARNEIRO VILELA";"";"";"PROX A PADARIA IMPORIO VIVOS  RAPPI  TURBO DELIVERY";"AFLITOS";"";"";"COLISÃO";"0,0";"0,0";"0,0";"0,0";"0,0";"0,0";"0,0";"0,0";"0,0";"1,0";"0,0";"";"";"";"";"";"";"";"";"";"";"";""
"202432729,0";"2024-11-28";"06:00:00";"COM VÍTIMA";"FINALIZADA";"SAO JOSE";"RUA FLORIANO PEIXOTO";"3063";"";"EM FRENTE À ESTAÇÃO DO METRÔ DO RECIFE";"SAO JOSE";"";"";"COLISÃO";"0,0";"1,0";"0,0";"0,0";"0,0";"0,0";"0,0";"0,0";"0,0";"1,0";"0,0";"";"";"";"";"";"";"";"";"";"";"";""
"202432743,0";"2024-11-28";"08:33:00";"COM VÍTIMA";"FINALIZADA";"VARZEA";"RUA AGRICOLANDIA";"";"RUA PROFESSOR ANTONIO COELHO";"E/F À ESQUINA DA CARNE";"VARZEA";"";"";"COLISÃO LATERAL";"1,0";"1,0";"0,0";"0,0";"0,0";"0,0";"0,0";"0,0";"0,0";"1,0";"0,0";"";"";"";"";"";"";"";"";"";"";"";""
"202432748,0";"2024-11-28";"11:13:00";"COM VÍTIMA";"FINALIZADA";"AREIAS";"AV TAPAJOS";"89";"";"NA ENTRADA DO POSTO BR";"AREIAS";"";"";"COLISÃO";"1,0";"1,0";"0,0";"0,0";"1,0";"0,0";"0,0";"0,0";"0,0";"1,0";"0,0";"";"";"";"";"";"";"";"";"";"";"";""
"202432767,0";"2024-11-29";"07:39:00";"COM VÍTIMA";"FINALIZADA";"TORRE";"RUA JORNALISTA LUIZ TEIXEIRA";"";"";"PROXIMO AO MERDCADINHO SOUZA // PROXIMO AO GUARANA DO IRMÃO";"TORRE";"";"";"COLISÃO LATERAL";"1,0";"1,0";"0,0";"0,0";"0,0";"0,0";"0,0";"0,0";"0,0";"1,0";"0,0";"";"";"";"";"";"";"";"";"";"";"";""
"202432770,0";"2024-11-29";"07:56:00";"VÍTIMA FATAL";"FINALIZADA";"ARRUDA";"RUA PETRONILA BOTELHO";"";"AV PROFESSOR JOSE DOS ANJOS";"POR TRAS DO ESTADIO DO ARRUDA";"ARRUDA";"";"";"COLISÃO COM CICLISTA";"0,0";"0,0";"0,0";"1,0";"0,0";"0,0";"1,0";"0,0";"0,0";"0,0";"1,0";"";"";"";"";"";"";"";"";"";"";"";""
"202432779,0";"2024-11-29";"08:40:00";"COM VÍTIMA";"FINALIZADA";"SAN MARTIN";"RUA JOSE VELOSO";"225";"";"PRÓX. A CAVALARIA DE SAN MARTIN";"SAN MARTIN";"";"";"COLISÃO";"0,0";"1,0";"0,0";"0,0";"0,0";"0,0";"0,0";"0,0";"0,0";"1,0";"0,0";"";"";"";"";"";"";"";"";"";"";"";""
"202432781,0";"2024-11-29";"08:51:00";"COM VÍTIMA";"FINALIZADA";"IMBIRIBEIRA";"AV MARECHAL MASCARENHAS DE MORAES";"";"";"EM FRENTE A MASCARENHAS PNEUS  //  PROX. AO ARMAZEM  CORAL ACHAQUI";"IMBIRIBEIRA";"";"";"COLISÃO";"0,0";"1,0";"0,0";"0,0";"0,0";"0,0";"0,0";"0,0";"0,0";"1,0";"0,0";"";"";"";"";"";"";"";"";"";"";"";""
"202432785,0";"2024-11-29";"09:23:00";"COM VÍTIMA";"FINALIZADA";"SANTO AMARO";"RUA TREZE DE MAIO";"R1";"";"EM FRENTE AO CEMITERIO DE SANTO AMARO";"SANTO AMARO";"";"";"COLISÃO";"0,0";"1,0";"0,0";"0,0";"0,0";"0,0";"0,0";"0,0";"0,0";"1,0";"0,0";"";"";"";"";"";"";"";"";"";"";"";""
"202432791,0";"2024-11-29";"09:47:00";"COM VÍTIMA";"FINALIZADA";"CORDEIRO";"AV CAXANGA";"9623";"";"EM FRENTE A OFICINA RENAULT REVENGE // PROX AO PARQUE DE EXPOSIÇÃO (  SENTIDO CIDADE )";"CORDEIRO";"";"";"COLISÃO";"0,0";"1,0";"0,0";"0,0";"0,0";"0,0";"0,0";"0,0";"0,0";"1,0";"0,0";"";"";"";"";"";"";"";"";"";"";"";""
"202432804,0";"2024-11-29";"11:30:00";"COM VÍTIMA";"FINALIZADA";"CORDEIRO";"AV GENERAL SAN MARTIN";"422";"";"APÓS O HOSPITAL GETULIO VARGAS  ( SENTIDO RUA DA LAMA )";"CORDEIRO";"";"";"COLISÃO TRANSVERSAL";"0,0";"2,0";"0,0";"0,0";"0,0";"0,0";"0,0";"0,0";"0,0";"2,0";"0,0";"";"";"";"";"";"";"";"";"";"";"";""
"202432810,0";"2024-11-29";"12:08:00";"SEM VÍTIMA";"FINALIZADA";"AFOGADOS";"RUA COSME VIANA";"138";"RUA GURUPI";"OFICINA MODELO";"AFOGADOS";"";"SUBURBIO";"COLISÃO LATERAL";"1,0";"0,0";"0,0";"0,0";"0,0";"0,0";"1,0";"0,0";"0,0";"0,0";"0,0";"";"";"";"";"";"";"";"";"";"";"";""
"202432813,0";"2024-11-29";"12:13:00";"COM VÍTIMA";"FINALIZADA";"SANTO AMARO";"RUA ARARIPINA";"605";"";"AO LADO  DO SUPERMERCADO MIX MATHEUS";"SANTO AMARO";"";"";"COLISÃO";"0,0";"1,0";"0,0";"0,0";"0,0";"0,0";"0,0";"0,0";"0,0";"1,0";"0,0";"";"";"";"";"";"";"";"";"";"";"";""
"202432815,0";"2024-11-29";"12:43:00";"COM VÍTIMA";"CANCELADA";"BOA VIAGEM";"RUA AGENOR LOPES";"186";"";"PROX A PADARIA PRAS PÃO //  PROX A OFICINA AUTO SHOPPING DE  BOA VIAGEM ( SAIDA DO SHOPPING PRA IR PRA RIBEIRO DE BRITO )";"BOA VIAGEM";"";"";"COLISÃO TRASEIRA";"1,0";"1,0";"0,0";"0,0";"0,0";"0,0";"0,0";"0,0";"0,0";"1,0";"0,0";"";"";"";"";"";"";"";"";"";"";"";""
"202432861,0";"2024-11-29";"09:06:00";"SEM VÍTIMA";"FINALIZADA";"BARRO";"AV DR JOSE RUFINO";"";"";"SOBRE O VIADUTO DA BRITO I";"BARRO";"";"CIDADE";"COLISÃO";"0,0";"0,0";"0,0";"0,0";"0,0";"0,0";"1,0";"1,0";"0,0";"0,0";"0,0";"";"";"";"";"";"";"";"";"";"";"";""
"202432885,0";"2024-11-30";"07:39:00";"COM VÍTIMA";"FINALIZADA";"IMBIRIBEIRA";"AV GENERAL MAC ARTHUR";"";"";"AO LADO DA ESTAÇÃO ANTONIO FALCAO";"IMBIRIBEIRA";"";"";"COLISÃO LATERAL";"1,0";"1,0";"0,0";"0,0";"0,0";"0,0";"0,0";"0,0";"0,0";"1,0";"0,0";"";"";"";"";"";"";"";"";"";"";"";""
"202432905,0";"2024-11-30";"11:27:00";"COM VÍTIMA";"CANCELADA";"CASA AMARELA";"RUA JOSE DE ALENCAR";"";"";"PROX. A FARMACIA PAGUE MENOS, NA DESCIDA DO MORRO DA CONCEIÇÃO";"CASA AMARELA";"";"";"COLISÃO";"0,0";"1,0";"0,0";"0,0";"0,0";"0,0";"0,0";"0,0";"0,0";"1,0";"0,0";"";"";"";"";"";"";"";"";"";"";"";""
"202432908,0";"2024-11-30";"11:48:00";"COM VÍTIMA";"FINALIZADA";"TEJIPIO";"RUA QUINZE DE NOVEMBRO";"544";"";"PROX. A ESTAÇÃO COQUEIRAL";"TEJIPIO";"";"";"COLISÃO FRONTAL";"1,0";"1,0";"0,0";"0,0";"0,0";"0,0";"0,0";"0,0";"0,0";"1,0";"0,0";"";"";"";"";"";"";"";"";"";"";"";""
"202432912,0";"2024-11-30";"12:16:00";"COM VÍTIMA";"FINALIZADA";"CASA AMARELA";"AV NORTE MIGUEL ARRAES DE ALENCAR";"";"";"EM FRENTE A FARMACIA PAGUE MENOS";"CASA AMARELA";"79,0";"CIDADE";"COLISÃO LATERAL";"1,0";"1,0";"0,0";"0,0";"0,0";"0,0";"0,0";"0,0";"0,0";"1,0";"0,0";"";"";"";"";"";"";"";"";"";"";"";""
"202432915,0";"2024-11-30";"12:45:00";"COM VÍTIMA";"FINALIZADA";"IMBIRIBEIRA";"AV MARECHAL MASCARENHAS DE MORAES";"";"";"EM FRENTE A FERREIRA COSTA";"IMBIRIBEIRA";"";"";"COLISÃO TRASEIRA";"1,0";"1,0";"0,0";"0,0";"0,0";"0,0";"0,0";"0,0";"0,0";"1,0";"0,0";"";"";"";"";"";"";"";"";"";"";"";""
"202432920,0";"2024-11-30";"01:42:00";"COM VÍTIMA";"FINALIZADA";"ILHA DO RETIRO";"AV ENGENHEIRO ABDIAS DE CARVALHO";"";"";"EM FRENTE AO SPORT";"ILHA DO RETIRO";"";"SUBURBIO";"COLISÃO LATERAL";"1,0";"1,0";"0,0";"0,0";"0,0";"0,0";"0,0";"0,0";"0,0";"2,0";"0,0";"";"";"";"";"";"";"";"";"";"";"";""
"202432928,0";"2024-11-30";"03:38:00";"COM VÍTIMA";"FINALIZADA";"AFOGADOS";"TRV DA AV SUL";"";"";"EM FRENTE GRANDE ORIENTE PE, SENTIDO RECIFE - PX A ESTAÇAO LARGO DA PAZ";"AFOGADOS";"";"";"COLISÃO";"0,0";"1,0";"0,0";"0,0";"0,0";"0,0";"0,0";"0,0";"0,0";"1,0";"0,0";"";"";"";"";"";"";"";"";"";"";"";""
"202432933,0";"2024-11-30";"06:35:00";"COM VÍTIMA";"FINALIZADA";"BOMBA DO HEMETERIO";"RUA BOMBA DO HEMETERIO";"";"";"ESQUINA DA FARMACIA DO TRABALHADOR";"BOMBA DO HEMETERIO";"";"";"COLISÃO FRONTAL";"1,0";"1,0";"0,0";"0,0";"0,0";"0,0";"0,0";"0,0";"0,0";"1,0";"0,0";"";"";"";"";"";"";"";"";"";"";"";""
"202432943,0";"2024-12-01";"12:46:00";"COM VÍTIMA";"FINALIZADA";"PARNAMIRIM";"RUA TITO ROSAS";"";"";"EM FRENTE AO MAC DONALDS, APÓS O PLAZA SHOPPING";"PARNAMIRIM";"";"";"COLISÃO";"1,0";"0,0";"0,0";"1,0";"0,0";"0,0";"0,0";"0,0";"0,0";"1,0";"0,0";"";"";"";"";"";"";"";"";"";"";"";""
"202432964,0";"2024-12-01";"07:48:00";"COM VÍTIMA";"FINALIZADA";"MADALENA";"RUA JOSE OSORIO";"552";"AV VISCONDE DE ALBUQUERQUE";"PROX AO SEMÁFORO  050 E FARMACIA PAGUE MENOS";"MADALENA";"";"";"COLISÃO";"0,0";"1,0";"0,0";"0,0";"0,0";"0,0";"0,0";"0,0";"0,0";"1,0";"0,0";"";"";"";"";"";"";"";"";"";"";"";""
"202432971,0";"2024-12-01";"11:00:00";"COM VÍTIMA";"FINALIZADA";"CASA AMARELA";"COR DO BARTOLOMEU";"560";"";"PROX. A FEIRA DA RODINHA";"CASA AMARELA";"";"";"COLISÃO";"0,0";"1,0";"0,0";"0,0";"0,0";"0,0";"0,0";"0,0";"0,0";"1,0";"0,0";"";"";"";"";"";"";"";"";"";"";"";""
"202432975,0";"2024-12-01";"11:46:00";"COM VÍTIMA";"FINALIZADA";"JARDIM SAO PAULO";"RUA MARIA DO CARMO CATUNDA";"71";"";"PROX. AO SUPERMERCADO ASSAÍ // PROX.  AO BAR DA NICE";"JARDIM SAO PAULO";"";"";"COLISÃO";"0,0";"1,0";"0,0";"0,0";"0,0";"0,0";"0,0";"0,0";"0,0";"1,0";"0,0";"";"";"";"";"";"";"";"";"";"";"";""
"202432976,0";"2024-12-01";"12:07:00";"COM VÍTIMA";"FINALIZADA";"IBURA";"AV SANTO ANTONIO";"";"";"APÓS O PAGODE DO CHATOR ( IBURA DE CIMA // VILA DOS MILAGRES )";"IBURA";"";"";"COLISÃO";"0,0";"1,0";"0,0";"0,0";"0,0";"0,0";"0,0";"0,0";"0,0";"1,0";"0,0";"";"";"";"";"";"";"";"";"";"";"";""
"202432991,0";"2024-12-01";"04:47:00";"COM VÍTIMA";"FINALIZADA";"IMBIRIBEIRA";"AV MARECHAL MASCARENHAS DE MORAES";"";"";"ENTRE A TOYOTA  E A  AUTO NUNES  S/T  SUB";"IMBIRIBEIRA";"";"";"COLISÃO COM CICLISTA";"1,0";"0,0";"0,0";"1,0";"0,0";"0,0";"0,0";"0,0";"0,0";"1,0";"0,0";"";"";"";"";"";"";"";"";"";"";"";""
"202433002,0";"2024-12-01";"09:44:00";"COM VÍTIMA";"FINALIZADA";"ARRUDA";"RUA ZEFERINO AGRA";"363";"RUA BOM CONSELHO";"PROXIMO A NOVA ESPERANÇA DELICATENSSE";"ARRUDA";"";"";"COLISÃO";"1,0";"1,0";"0,0";"0,0";"0,0";"0,0";"0,0";"0,0";"0,0";"1,0";"0,0";"";"";"";"";"";"";"";"";"";"";"";""
"202433010,0";"2024-12-02";"05:58:00";"COM VÍTIMA";"FINALIZADA";"MACAXEIRA";"RUA CARMEM";"";"";"PROX. AO CAMPO DO GOGO E JB MERCEARIA";"MACAXEIRA";"";"";"COLISÃO";"0,0";"1,0";"0,0";"0,0";"0,0";"0,0";"0,0";"0,0";"0,0";"1,0";"0,0";"";"";"";"";"";"";"";"";"";"";"";""
"202433018,0";"2024-12-02";"06:44:00";"COM VÍTIMA";"FINALIZADA";"IPUTINGA";"RUA N S DA SAUDE";"";"";"PROX. AO PARQUE DE EXPOSIÇÃO E AVAC ENGENHARIA";"IPUTINGA";"";"";"COLISÃO";"0,0";"1,0";"0,0";"0,0";"0,0";"0,0";"0,0";"0,0";"0,0";"1,0";"0,0";"";"";"";"";"";"";"";"";"";"";"";""
"202433019,0";"2024-12-02";"06:47:00";"COM VÍTIMA";"FINALIZADA";"JIQUIA";"RUA SAO MIGUEL";"1895";"";"EM FRENTE A DEDEDAS BATERIAS";"JIQUIA";"";"";"COLISÃO";"0,0";"1,0";"0,0";"0,0";"0,0";"0,0";"0,0";"0,0";"0,0";"1,0";"0,0";"";"";"";"";"";"";"";"";"";"";"";""
"202433030,0";"2024-12-02";"07:29:00";"COM VÍTIMA";"FINALIZADA";"PINA";"AV ENGENHEIRO DOMINGOS FERREIRA";"487";"";"EM FRENTE AO EDF. MOURA DOUBEX //  PROX AO RECIBOM";"PINA";"";"";"COLISÃO";"0,0";"1,0";"0,0";"0,0";"0,0";"0,0";"0,0";"0,0";"0,0";"1,0";"0,0";"";"";"";"";"";"";"";"";"";"";"";""
"202433035,0";"2024-12-02";"08:06:00";"COM VÍTIMA";"FINALIZADA";"IBURA";"AV DOIS RIOS";"1353";"";"PROX AO MERCADO MR  ( IBURA DE BAIXO)";"IBURA";"";"";"COLISÃO";"0,0";"1,0";"0,0";"0,0";"0,0";"0,0";"0,0";"0,0";"0,0";"1,0";"0,0";"";"";"";"";"";"";"";"";"";"";"";""
"202433044,0";"2024-12-02";"09:07:00";"COM VÍTIMA";"FINALIZADA";"SANTO AMARO";"PTE DO LIMOEIRO";"";"";"COM A RUA DA AURORA";"SANTO AMARO";"";"CIDADE";"QUEDA";"0,0";"1,0";"0,0";"0,0";"0,0";"0,0";"0,0";"0,0";"0,0";"1,0";"0,0";"";"";"";"";"";"";"";"";"";"";"";""
"202433059,0";"2024-12-02";"11:07:00";"COM VÍTIMA";"FINALIZADA";"BOA VISTA";"AV JOAO DE BARROS";"";"";"EM FRENTE AO NUCE  // PROX AO CLUBE DOS OFICIAIS";"BOA VISTA";"";"";"COLISÃO";"0,0";"1,0";"0,0";"0,0";"0,0";"0,0";"0,0";"0,0";"0,0";"1,0";"0,0";"";"";"";"";"";"";"";"";"";"";"";""
"202433065,0";"2024-12-02";"11:48:00";"SEM VÍTIMA";"FINALIZADA";"IMBIRIBEIRA";"AV MARECHAL MASCARENHAS DE MORAES";"";"";"EM FRENTE AO IBIS HOTEL";"IMBIRIBEIRA";"";"CIDADE";"COLISÃO";"1,0";"0,0";"0,0";"0,0";"0,0";"0,0";"1,0";"0,0";"0,0";"0,0";"0,0";"";"";"";"";"";"";"";"";"";"";"";""
"202433067,0";"2024-12-02";"12:13:00";"COM VÍTIMA";"FINALIZADA";"CORDEIRO";"RUA DR MIGUEL VIEIRA FERREIRA";"1838";"";"SÍTIO DAS PALMEIRAS  //  EM FRENTE A PAULO FRALDAS";"CORDEIRO";"";"";"COLISÃO";"0,0";"1,0";"0,0";"0,0";"0,0";"0,0";"0,0";"0,0";"0,0";"1,0";"0,0";"";"";"";"";"";"";"";"";"";"";"";""
"202433069,0";"2024-12-02";"12:26:00";"COM VÍTIMA";"FINALIZADA";"JOANA BEZERRA";"VIADUTO CAPITAO TEMUDO";"";"";"EM CIMA DO VIADUTO/ SENTIDO BOA VIAGEM";"JOANA BEZERRA";"";"";"COLISÃO TRASEIRA";"1,0";"1,0";"0,0";"0,0";"0,0";"0,0";"0,0";"0,0";"0,0";"1,0";"0,0";"";"";"";"";"";"";"";"";"";"";"";""
"202433070,0";"2024-12-02";"12:43:00";"COM VÍTIMA";"FINALIZADA";"BONGI";"RUA SANTA EDWIRGES";"255";"";"PRÓX. AO MIX MATHEUS";"BONGI";"";"";"COLISÃO";"0,0";"1,0";"0,0";"0,0";"0,0";"0,0";"0,0";"0,0";"0,0";"1,0";"0,0";"";"";"";"";"";"";"";"";"";"";"";""
"202433080,0";"2024-12-02";"01:46:00";"COM VÍTIMA";"FINALIZADA";"SAN MARTIN";"RUA COMENDADOR QUEIROZ DE OLIVEIRA";"";"";"NA RUA DO MOTEL FADA PROX AO CAMPO DOS CADUCOS";"SAN MARTIN";"";"";"COLISÃO";"0,0";"1,0";"0,0";"0,0";"0,0";"0,0";"0,0";"0,0";"0,0";"1,0";"0,0";"";"";"";"";"";"";"";"";"";"";"";""
"202433094,0";"2024-12-02";"03:48:00";"COM VÍTIMA";"FINALIZADA";"IPUTINGA";"RUA LEAL DE BARROS";"595";"";"PROX AO COLEGIO EXPOR A MENTE   E A CAPOTARIA NILO";"IPUTINGA";"";"";"COLISÃO";"0,0";"0,0";"0,0";"0,0";"0,0";"0,0";"0,0";"0,0";"0,0";"1,0";"0,0";"";"";"";"";"";"";"";"";"";"";"";""
"202433097,0";"2024-12-02";"04:03:00";"COM VÍTIMA";"FINALIZADA";"SAN MARTIN";"RUA MOSSORO";"51";"";"EM FRENTE AO BAR SAN BOTEQUIM";"SAN MARTIN";"";"";"COLISÃO LATERAL";"1,0";"1,0";"0,0";"0,0";"0,0";"0,0";"0,0";"0,0";"0,0";"1,0";"0,0";"";"";"";"";"";"";"";"";"";"";"";""
"202433106,0";"2024-12-02";"04:12:00";"COM VÍTIMA";"FINALIZADA";"MADALENA";"RUA REAL DA TORRE";"";"";"ANTES DO  TUNEL DA ABOLIÇAO E/F AO  COLEGIO JOAQUIM TÁVORA";"MADALENA";"";"";"COLISÃO";"0,0";"1,0";"0,0";"0,0";"0,0";"0,0";"0,0";"0,0";"0,0";"1,0";"0,0";"";"";"";"";"";"";"";"";"";"";"";""
"202433112,0";"2024-12-02";"05:05:00";"COM VÍTIMA";"FINALIZADA";"BOA VISTA";"RUA DO HOSPICIO";"890";"";"PROX AO HOSPITAL DO EXERCITO";"BOA VISTA";"";"";"COLISÃO";"0,0";"1,0";"0,0";"0,0";"0,0";"0,0";"0,0";"0,0";"0,0";"1,0";"0,0";"";"";"";"";"";"";"";"";"";"";"";""