"Protocolo";"data";"hora";"natureza";"situacao";"bairro";"endereco";"numero";"detalhe_endereco_acidente";"complemento";"bairro_cruzamento";"num_semaforo";"sentido_via";"tipo";"auto";"moto";"ciclom";"ciclista";"pedestre";"onibus";"caminhao";"viatura";"outros";"vitimas";"vitimasfatais";"acidente_verificado";"tempo_clima";"situacao_semaforo";"sinalizacao";"condicao_via";"conservacao_via";"ponto_controle";"situacao_placa";"velocidade_max_via";"mao_direcao";"divisao_via1";"divisao_via2"
"202433113,0";"2024-12-02";"05:09:00";"COM VÍTIMA";"FINALIZADA";"SANTO AMARO";"AV NORTE MIGUEL ARRAES DE ALENCAR";"";"";"PROX A PONTE DO LIMOEIRO  E AO INSTITUTO TAVARES BURIL";"SANTO AMARO";"";"";"COLISÃO";"0,0";"1,0";"0,0";"0,0";"0,0";"0,0";"0,0";"0,0";"0,0";"1,0";"0,0";"";"";"";"";"";"";"";"";"";"";"";""
"202433114,0";"2024-12-02";"05:30:00";"SEM VÍTIMA";"FINALIZADA";"BOA VIAGEM";"RUA BALTAZAR PASSOS";"441";"RUA SA E SOUZA";"AO LADO DA CULTURA INGLESA Nº 441";"BOA VIAGEM";"";"CIDADE";"COLISÃO LATERAL";"1,0";"0,0";"0,0";"0,0";"0,0";"0,0";"0,0";"1,0";"0,0";"0,0";"0,0";"";"";"";"";"";"";"";"";"";"";"";""
"202433117,0";"2024-12-02";"05:59:00";"COM VÍTIMA";"CANCELADA";"SANTO AMARO";"AV JOAO DE BARROS";"1323";"";"ANTES DO SEMAFORO DO EXTRA";"SANTO AMARO";"";"";"COLISÃO TRASEIRA";"1,0";"1,0";"0,0";"0,0";"0,0";"0,0";"0,0";"0,0";"0,0";"1,0";"0,0";"";"";"";"";"";"";"";"";"";"";"";""
"202433121,0";"2024-12-02";"06:16:00";"SEM VÍTIMA";"FINALIZADA";"TORRE";"RUA CONDE DE IRAJA";"327";"";"PROX A PADARIA NOVA ARMADA";"TORRE";"";"";"COLISÃO TRASEIRA";"2,0";"0,0";"0,0";"0,0";"0,0";"0,0";"0,0";"0,0";"0,0";"0,0";"0,0";"";"";"";"";"";"";"";"";"";"";"";""
"202433122,0";"2024-12-02";"07:21:00";"COM VÍTIMA";"FINALIZADA";"MADALENA";"RUA BENFICA";"650";"";"";"MADALENA";"";"";"COLISÃO";"0,0";"1,0";"0,0";"1,0";"0,0";"0,0";"0,0";"0,0";"0,0";"1,0";"0,0";"";"";"";"";"";"";"";"";"";"";"";""
"202433123,0";"2024-12-02";"07:43:00";"COM VÍTIMA";"FINALIZADA";"SAO JOSE";"AV SUL";"";"RUA PADRE JOSE DE SA LEITAO";"";"SAO JOSE";"";"";"COLISÃO";"1,0";"1,0";"0,0";"0,0";"0,0";"0,0";"0,0";"0,0";"0,0";"1,0";"0,0";"";"";"";"";"";"";"";"";"";"";"";""
"202433126,0";"2024-12-02";"08:19:00";"COM VÍTIMA";"FINALIZADA";"JOANA BEZERRA";"RUA DOM PAULO II";"";"";"";"JOANA BEZERRA";"";"";"QUEDA";"0,0";"1,0";"0,0";"0,0";"0,0";"0,0";"0,0";"0,0";"0,0";"1,0";"0,0";"";"";"";"";"";"";"";"";"";"";"";""
"202433147,0";"2024-12-03";"06:25:00";"COM VÍTIMA";"FINALIZADA";"VARZEA";"RUA VALE DO SIRIJI";"";"";"LADEIRA DA UR-07 VARZEA";"VARZEA";"";"";"COLISÃO";"0,0";"1,0";"0,0";"0,0";"0,0";"0,0";"0,0";"0,0";"0,0";"1,0";"0,0";"";"";"";"";"";"";"";"";"";"";"";""
"202433148,0";"2024-12-03";"06:26:00";"COM VÍTIMA";"FINALIZADA";"IPUTINGA";"RUA REZENDE";"";"RUA MIGUEL LEAO";"EM FRENTE AO ARMAZEM  ESQUINA DA CONSTRUÇÃO, NA AV NOVA QUE DA ACESSO AO CORDEIRO";"IPUTINGA";"";"";"COLISÃO COM CICLISTA";"2,0";"0,0";"0,0";"1,0";"0,0";"0,0";"0,0";"0,0";"0,0";"1,0";"0,0";"";"";"";"";"";"";"";"";"";"";"";""
"202433151,0";"2024-12-03";"06:51:00";"COM VÍTIMA";"FINALIZADA";"AFOGADOS";"RUA PADRE TEOFILO TWORZ";"";"";"EM FRENTE A LOJA TUPAN";"AFOGADOS";"";"";"COLISÃO";"0,0";"1,0";"0,0";"0,0";"0,0";"0,0";"0,0";"0,0";"0,0";"1,0";"0,0";"";"";"";"";"";"";"";"";"";"";"";""
"202433155,0";"2024-12-03";"07:16:00";"COM VÍTIMA";"FINALIZADA";"LINHA DO TIRO";"RUA URIEL DE HOLANDA";"1112";"";"EM FRENTE AO CAMPO DO CAFÉ E DO TERMINAL DE ÔNIBUS DE LINHA DO TIRO";"LINHA DO TIRO";"";"";"COLISÃO";"0,0";"1,0";"0,0";"0,0";"0,0";"0,0";"0,0";"0,0";"0,0";"1,0";"0,0";"";"";"";"";"";"";"";"";"";"";"";""
"202433158,0";"2024-12-03";"07:25:00";"COM VÍTIMA";"FINALIZADA";"SAN MARTIN";"AV GENERAL SAN MARTIN";"235";"";"EM FRENTE AO RESTAURANTE XODÓ NORDESTINO";"SAN MARTIN";"";"";"COLISÃO";"0,0";"0,0";"0,0";"0,0";"0,0";"0,0";"0,0";"0,0";"0,0";"1,0";"0,0";"";"";"";"";"";"";"";"";"";"";"";""
"202433159,0";"2024-12-03";"07:26:00";"COM VÍTIMA";"CANCELADA";"IPUTINGA";"AV CAXANGA";"";"";"EM FRENTE AO GOLF CLUB,  SENT. CIDADE";"IPUTINGA";"";"";"COLISÃO TRASEIRA";"1,0";"1,0";"0,0";"0,0";"0,0";"0,0";"0,0";"0,0";"0,0";"1,0";"0,0";"";"";"";"";"";"";"";"";"";"";"";""
"202433161,0";"2024-12-03";"07:34:00";"COM VÍTIMA";"FINALIZADA";"IMBIRIBEIRA";"AV MARECHAL MASCARENHAS DE MORAES";"2942";"";"PRÓX. A OFICINA DE CARROS MODALE CAR , PRÓX A VENEZA DIESEL";"IMBIRIBEIRA";"";"";"ATROPELAMENTO DE PESSOA";"0,0";"1,0";"0,0";"0,0";"2,0";"0,0";"0,0";"0,0";"0,0";"2,0";"0,0";"";"";"";"";"";"";"";"";"";"";"";""
"202433177,0";"2024-12-03";"09:12:00";"COM VÍTIMA";"FINALIZADA";"BOA VIAGEM";"AV ENGENHEIRO DOMINGOS FERREIRA";"3380";"";"GALERIA MARCO ZERO";"BOA VIAGEM";"";"";"COLISÃO";"1,0";"1,0";"0,0";"0,0";"0,0";"0,0";"0,0";"0,0";"0,0";"1,0";"0,0";"";"";"";"";"";"";"";"";"";"";"";""
"202433198,0";"2024-12-03";"10:31:00";"COM VÍTIMA";"FINALIZADA";"BOA VIAGEM";"PRC DA BOA VIAGEM";"4660";"";"ENTRE OS QUISQUES 34 E 35";"BOA VIAGEM";"";"";"COLISÃO";"0,0";"1,0";"0,0";"0,0";"0,0";"0,0";"0,0";"0,0";"0,0";"1,0";"0,0";"";"";"";"";"";"";"";"";"";"";"";""
"202433212,0";"2024-12-03";"12:35:00";"COM VÍTIMA";"FINALIZADA";"MANGABEIRA";"AV PROFESSOR JOSE DOS ANJOS";"2689";"EST VELHA DE AGUA FRIA";"UPINHA DA MANGABEIRA";"MANGABEIRA";"";"";"COLISÃO";"0,0";"1,0";"0,0";"0,0";"0,0";"0,0";"0,0";"0,0";"0,0";"1,0";"0,0";"";"";"";"";"";"";"";"";"";"";"";""
"202433215,0";"2024-12-03";"12:57:00";"SEM VÍTIMA";"CANCELADA";"SANTO AMARO";"RUA DOS PALMARES";"";"";"NO MURO DO CEMITERIO DE SANTO AMARO";"SANTO AMARO";"";"";"COLISÃO LATERAL";"1,0";"0,0";"0,0";"0,0";"0,0";"1,0";"0,0";"0,0";"0,0";"0,0";"0,0";"";"";"";"";"";"";"";"";"";"";"";""
"202433219,0";"2024-12-03";"01:11:00";"COM VÍTIMA";"FINALIZADA";"AFOGADOS";"RUA VINTE E UM DE ABRIL";"364";"";"RUA RESIDENCIAL";"AFOGADOS";"";"";"COLISÃO LATERAL";"1,0";"1,0";"0,0";"0,0";"0,0";"0,0";"0,0";"0,0";"0,0";"2,0";"0,0";"";"";"";"";"";"";"";"";"";"";"";""
"202433220,0";"2024-12-03";"01:14:00";"COM VÍTIMA";"DUPLICIDADE";"TAMARINEIRA";"AV PROFESSOR JOSE DOS ANJOS";"3732";"";"PROX AO DNOCS E ACADEMIA SELFT";"TAMARINEIRA";"";"";"COLISÃO";"0,0";"0,0";"0,0";"0,0";"0,0";"0,0";"0,0";"0,0";"0,0";"1,0";"0,0";"";"";"";"";"";"";"";"";"";"";"";""
"202433221,0";"2024-12-03";"01:30:00";"COM VÍTIMA";"FINALIZADA";"DERBY";"AV GOVERNADOR AGAMENON MAGALHAES";"";"";"E/F AO HOSPITAL DA RESTAURAÇAO  S/T BOA VIAGEM";"DERBY";"";"";"COLISÃO LATERAL";"1,0";"0,0";"0,0";"0,0";"0,0";"0,0";"1,0";"0,0";"0,0";"1,0";"0,0";"";"";"";"";"";"";"";"";"";"";"";""
"202433222,0";"2024-12-03";"01:28:00";"COM VÍTIMA";"FINALIZADA";"GRACAS";"RUA DO CUPIM";"";"";"PIZZARIA ATLANTICO";"GRACAS";"";"";"COLISÃO";"2,0";"0,0";"0,0";"0,0";"0,0";"0,0";"0,0";"0,0";"0,0";"1,0";"0,0";"";"";"";"";"";"";"";"";"";"";"";""
"202433228,0";"2024-12-03";"01:58:00";"COM VÍTIMA";"FINALIZADA";"FUNDAO";"AV BEBERIBE";"";"";"EM FRENTE A INSANOS BURGUER";"FUNDAO";"";"";"COLISÃO LATERAL";"1,0";"1,0";"0,0";"0,0";"0,0";"0,0";"0,0";"0,0";"0,0";"1,0";"0,0";"";"";"";"";"";"";"";"";"";"";"";""
"202433231,0";"2024-12-03";"02:08:00";"COM VÍTIMA";"FINALIZADA";"BOA VIAGEM";"RUA JOSE MARIA DE MIRANDA";"";"";"E/F AO HOSPITAL DE BOA VIAGEM";"BOA VIAGEM";"";"";"COLISÃO LATERAL";"1,0";"1,0";"0,0";"0,0";"0,0";"0,0";"1,0";"0,0";"0,0";"1,0";"0,0";"";"";"";"";"";"";"";"";"";"";"";""
"202433235,0";"2024-12-03";"02:14:00";"COM VÍTIMA";"FINALIZADA";"SANTO AMARO";"AV JOAO DE BARROS";"";"";"EM BAIXO DO  VIADUTO DA JOAO DE BARROS  APÓS O POSTO DE GASOLINA DA PETROBRAS";"SANTO AMARO";"";"";"COLISÃO";"0,0";"0,0";"0,0";"0,0";"0,0";"0,0";"0,0";"0,0";"0,0";"1,0";"0,0";"";"";"";"";"";"";"";"";"";"";"";""
"202433251,0";"2024-12-03";"04:41:00";"COM VÍTIMA";"FINALIZADA";"BARRO";"AV DR JOSE RUFINO";"3151";"";"APOS O MIX MATHEUS";"BARRO";"";"";"COLISÃO";"0,0";"1,0";"0,0";"0,0";"0,0";"0,0";"0,0";"0,0";"0,0";"1,0";"0,0";"";"";"";"";"";"";"";"";"";"";"";""
"202433253,0";"2024-12-03";"05:03:00";"COM VÍTIMA";"FINALIZADA";"JOANA BEZERRA";"RUA DES GUERRA BARRETO";"";"";"SOBRE O VIADUTO APOS O ESTADIO DA ILHA DO RETIRO ANTE DO  FORUM TOMAS DE AQUINO";"JOANA BEZERRA";"";"";"COLISÃO";"0,0";"0,0";"0,0";"0,0";"0,0";"0,0";"0,0";"0,0";"0,0";"1,0";"0,0";"";"";"";"";"";"";"";"";"";"";"";""
"202433254,0";"2024-12-03";"05:06:00";"COM VÍTIMA";"FINALIZADA";"CASA FORTE";"AV DEZESSETE DE AGOSTO";"";"";"E/F AO CORSO DE INGLES WIZARD E O  DELATA CAFÉ";"CASA FORTE";"";"";"COLISÃO";"0,0";"0,0";"0,0";"0,0";"0,0";"0,0";"0,0";"0,0";"0,0";"1,0";"0,0";"";"";"";"";"";"";"";"";"";"";"";""
"202433259,0";"2024-12-03";"06:36:00";"COM VÍTIMA";"FINALIZADA";"SAN MARTIN";"AV RECIFE";"792";"";"SENTIDO AV. CAXANGÁ. EM FRENTE À JUSTIÇA FEDERAL";"SAN MARTIN";"";"";"COLISÃO";"0,0";"1,0";"0,0";"0,0";"0,0";"0,0";"0,0";"0,0";"0,0";"1,0";"0,0";"";"";"";"";"";"";"";"";"";"";"";""
"202433260,0";"2024-12-03";"06:51:00";"COM VÍTIMA";"FINALIZADA";"IPUTINGA";"RUA SAO MATEUS";"717";"";"PROX A ASSEMBLEIA DE DEUS  E CLINICA MEDICA CLIMEDIC";"IPUTINGA";"";"";"COLISÃO FRONTAL";"1,0";"1,0";"0,0";"0,0";"0,0";"0,0";"0,0";"0,0";"0,0";"1,0";"0,0";"";"";"";"";"";"";"";"";"";"";"";""
"202433276,0";"2024-12-04";"06:08:00";"COM VÍTIMA";"FINALIZADA";"CASA AMARELA";"AV NORTE MIGUEL ARRAES DE ALENCAR";"957";"AV DR EURICO CHAVES";"EM FRENTE A FARMACIA MANDACARU";"CASA AMARELA";"";"";"COLISÃO LATERAL";"0,0";"1,0";"0,0";"0,0";"0,0";"0,0";"0,0";"1,0";"0,0";"1,0";"0,0";"";"";"";"";"";"";"";"";"";"";"";""
"202433288,0";"2024-12-04";"06:50:00";"COM VÍTIMA";"FINALIZADA";"AFOGADOS";"RUA SAO MIGUEL";"";"";"EM FRENTE AO SHOPPING DE AFOGADOS";"AFOGADOS";"";"";"COLISÃO";"0,0";"1,0";"0,0";"0,0";"0,0";"0,0";"0,0";"0,0";"0,0";"1,0";"0,0";"";"";"";"";"";"";"";"";"";"";"";""
"202433300,0";"2024-12-04";"08:36:00";"COM VÍTIMA";"FINALIZADA";"PINA";"AV HERCULANO BANDEIRA";"";"";"NA PASSARELA DO PINA";"PINA";"";"";"COLISÃO";"1,0";"1,0";"0,0";"0,0";"0,0";"0,0";"0,0";"0,0";"0,0";"1,0";"0,0";"";"";"";"";"";"";"";"";"";"";"";""
"202433301,0";"2024-12-04";"08:45:00";"COM VÍTIMA";"FINALIZADA";"SANTO AMARO";"AV GOVERNADOR AGAMENON MAGALHAES";"";"";"ENTRE O VIADUTO DA AV. NORTE  E MINISTÉRIO DO TRABALHO ( SENTIDO DERBY )";"SANTO AMARO";"";"";"COLISÃO FRONTAL";"0,0";"1,0";"0,0";"0,0";"0,0";"1,0";"0,0";"0,0";"0,0";"2,0";"0,0";"";"";"";"";"";"";"";"";"";"";"";""
"202433304,0";"2024-12-04";"09:19:00";"COM VÍTIMA";"FINALIZADA";"IMBIRIBEIRA";"AV MARECHAL MASCARENHAS DE MORAES";"";"";"EMBAIXO DO VIADUTO TANCREDO NEVES";"IMBIRIBEIRA";"";"";"COLISÃO";"0,0";"1,0";"0,0";"0,0";"0,0";"0,0";"0,0";"0,0";"0,0";"1,0";"0,0";"";"";"";"";"";"";"";"";"";"";"";""
"202433321,0";"2024-12-04";"10:26:00";"COM VÍTIMA";"CANCELADA";"GUABIRABA";"EST DA MUMBECA";"";"";"PROX. AO CT DO SANTA CRUZ, PE 016";"GUABIRABA";"";"";"COLISÃO";"0,0";"1,0";"0,0";"0,0";"0,0";"0,0";"0,0";"0,0";"0,0";"1,0";"0,0";"";"";"";"";"";"";"";"";"";"";"";""
"202433330,0";"2024-12-04";"02:02:00";"COM VÍTIMA";"FINALIZADA";"BOA VIAGEM";"RUA BRUNO VELOSO";"";"AV FERNANDO SIMOES BARBOSA";"";"BOA VIAGEM";"";"";"";"0,0";"0,0";"0,0";"0,0";"0,0";"0,0";"0,0";"0,0";"0,0";"1,0";"0,0";"";"";"";"";"";"";"";"";"";"";"";""
"202433338,0";"2024-12-04";"04:12:00";"COM VÍTIMA";"FINALIZADA";"GRACAS";"RUA DAS PERNAMBUCANAS";"";"";"EM FRENTE AO HOSPITAL JAIME DA FONTE";"GRACAS";"";"";"COLISÃO LATERAL";"0,0";"1,0";"0,0";"0,0";"0,0";"0,0";"0,0";"0,0";"0,0";"1,0";"0,0";"";"";"";"";"";"";"";"";"";"";"";""
"202433353,0";"2024-12-04";"09:52:00";"COM VÍTIMA";"FINALIZADA";"SANTO AMARO";"AV JOAO DE BARROS";"";"";"APÓS O VIADUTO DA AV JOÃO DE BARROS";"SANTO AMARO";"";"CI";"QUEDA";"0,0";"1,0";"0,0";"0,0";"0,0";"0,0";"0,0";"0,0";"0,0";"1,0";"0,0";"";"";"";"";"";"";"";"";"";"";"";""
"202433354,0";"2024-12-04";"11:06:00";"COM VÍTIMA";"FINALIZADA";"SAO JOSE";"RUA IMPERIAL";"981";"RUA PADRE JOSE DE SA LEITAO";"";"SAO JOSE";"510,0";"";"COLISÃO";"2,0";"0,0";"0,0";"0,0";"0,0";"0,0";"0,0";"0,0";"0,0";"2,0";"0,0";"";"";"";"";"";"";"";"";"";"";"";""
"202433386,0";"2024-12-05";"11:16:00";"COM VÍTIMA";"FINALIZADA";"SANTO AMARO";"AV CRUZ CABUGA";"";"";"REF: EM FRENTE AO MIX MATEUS";"SANTO AMARO";"";"";"COLISÃO LATERAL";"1,0";"1,0";"0,0";"0,0";"0,0";"0,0";"0,0";"0,0";"0,0";"1,0";"0,0";"";"";"";"";"";"";"";"";"";"";"";""
"202433392,0";"2024-12-05";"01:13:00";"COM VÍTIMA";"FINALIZADA";"ILHA DO RETIRO";"AV ENGENHEIRO ABDIAS DE CARVALHO";"";"";"E/F AO CLUBE DO SPORT S/T CID";"ILHA DO RETIRO";"";"";"COLISÃO";"0,0";"1,0";"0,0";"0,0";"0,0";"0,0";"0,0";"0,0";"0,0";"1,0";"0,0";"";"";"";"";"";"";"";"";"";"";"";""
"202433393,0";"2024-12-05";"01:16:00";"COM VÍTIMA";"FINALIZADA";"BOA VIAGEM";"RUA BRUNO VELOSO";"1537";"";"E/F ACADEMIA SELFIT";"BOA VIAGEM";"";"";"COLISÃO";"0,0";"1,0";"0,0";"0,0";"0,0";"0,0";"0,0";"0,0";"0,0";"1,0";"0,0";"";"";"";"";"";"";"";"";"";"";"";""
"202433398,0";"2024-12-05";"01:39:00";"COM VÍTIMA";"FINALIZADA";"SAO JOSE";"AV RIO CAPIBARIBE";"";"";"EM FRENTE A SDS - RUA LADO OPOSTO A CASA DA CULTURA";"SAO JOSE";"";"";"COLISÃO";"1,0";"1,0";"0,0";"0,0";"0,0";"0,0";"0,0";"0,0";"0,0";"1,0";"0,0";"";"";"";"";"";"";"";"";"";"";"";""
"202433403,0";"2024-12-05";"02:34:00";"COM VÍTIMA";"FINALIZADA";"BOA VIAGEM";"RUA PADRE CARAPUCEIRO";"414";"";"AO LADO DO MIX MATHEUS";"BOA VIAGEM";"";"";"COLISÃO";"0,0";"0,0";"0,0";"0,0";"0,0";"0,0";"0,0";"0,0";"0,0";"1,0";"0,0";"";"";"";"";"";"";"";"";"";"";"";""
"202433414,0";"2024-12-05";"03:38:00";"COM VÍTIMA";"FINALIZADA";"JORDAO";"RUA EDGAR CAMPELO";"64";"";"PROX A BASE AEREA  POR TRAS DO BOTECO ME CONFESSANDO";"JORDAO";"";"";"COLISÃO";"0,0";"0,0";"0,0";"0,0";"0,0";"0,0";"0,0";"0,0";"0,0";"1,0";"0,0";"";"";"";"";"";"";"";"";"";"";"";""
"202433423,0";"2024-12-05";"04:42:00";"COM VÍTIMA";"FINALIZADA";"SAO JOSE";"AV SUL";"";"VDO DAS CINCO PONTAS";"PROXIMO AO FORTE DAS CINCO PONTAS";"SAO JOSE";"";"";"QUEDA";"0,0";"1,0";"0,0";"0,0";"0,0";"0,0";"0,0";"0,0";"0,0";"1,0";"0,0";"";"";"";"";"";"";"";"";"";"";"";""
"202433432,0";"2024-12-05";"06:37:00";"COM VÍTIMA";"FINALIZADA";"IPUTINGA";"PRC BOM PASTOR";"98";"";"PROX AO CANO DA COMPESA// PET SHOP DO PET";"IPUTINGA";"";"";"COLISÃO";"0,0";"1,0";"0,0";"0,0";"0,0";"0,0";"0,0";"0,0";"0,0";"1,0";"0,0";"";"";"";"";"";"";"";"";"";"";"";""
"202433439,0";"2024-12-05";"08:27:00";"COM VÍTIMA";"FINALIZADA";"PINA";"AV HERCULANO BANDEIRA";"767";"";"PRÓXIMO ATACADÃO DOS PRESENTES";"PINA";"";"";"";"1,0";"1,0";"0,0";"0,0";"0,0";"0,0";"0,0";"0,0";"0,0";"1,0";"0,0";"";"";"";"";"";"";"";"";"";"";"";""
"202433446,0";"2024-12-06";"01:23:00";"COM VÍTIMA";"FINALIZADA";"VASCO DA GAMA";"AV NORTE MIGUEL ARRAES DE ALENCAR";"";"RUA PADRE LEMOS";"NO CRUZAMENTO";"VASCO DA GAMA";"";"";"COLISÃO LATERAL";"1,0";"1,0";"0,0";"0,0";"0,0";"0,0";"0,0";"0,0";"0,0";"2,0";"0,0";"";"";"";"";"";"";"";"";"";"";"";""
"202433455,0";"2024-12-06";"06:18:00";"COM VÍTIMA";"FINALIZADA";"AREIAS";"RUA DONA ANA AURORA";"";"";"PROX. A CASA DO MATUTO E AO BOI QUENTE";"AREIAS";"";"";"COLISÃO";"0,0";"1,0";"0,0";"0,0";"0,0";"0,0";"0,0";"0,0";"0,0";"1,0";"0,0";"";"";"";"";"";"";"";"";"";"";"";""
"202433479,0";"2024-12-06";"08:17:00";"COM VÍTIMA";"FINALIZADA";"IMBIRIBEIRA";"RUA JORGE DE LIMA";"";"";"EM FRENTE AO CONDOMINIO VITA CLUB E GEOVANE SONDA MOVEIS";"IMBIRIBEIRA";"";"";"COLISÃO";"0,0";"1,0";"0,0";"0,0";"0,0";"0,0";"0,0";"0,0";"0,0";"1,0";"0,0";"";"";"";"";"";"";"";"";"";"";"";""
"202433486,0";"2024-12-06";"08:56:00";"COM VÍTIMA";"FINALIZADA";"CASA AMARELA";"RUA PADRE LEMOS";"";"";"PROXIMO A KNITO'S''";"CASA AMARELA";"";"";"COLISÃO";"1,0";"1,0";"0,0";"0,0";"0,0";"0,0";"0,0";"0,0";"0,0";"1,0";"0,0";"";"";"";"";"";"";"";"";"";"";"";""
"202433499,0";"2024-12-06";"10:14:00";"COM VÍTIMA";"FINALIZADA";"BOA VISTA";"AV GOVERNADOR AGAMENON MAGALHAES";"";"";"DO LADO DO COCO BAMBU";"BOA VISTA";"68,0";"";"COLISÃO";"1,0";"1,0";"0,0";"0,0";"0,0";"0,0";"0,0";"0,0";"0,0";"1,0";"0,0";"";"";"";"";"";"";"";"";"";"";"";""
"202433501,0";"2024-12-06";"10:30:00";"COM VÍTIMA";"DUPLICIDADE";"DERBY";"RUA HENRIQUE DIAS";"";"";"AO LADO DO RESTAURANTE COCO BAMBU";"DERBY";"";"";"COLISÃO";"0,0";"1,0";"0,0";"0,0";"0,0";"0,0";"0,0";"0,0";"0,0";"1,0";"0,0";"";"";"";"";"";"";"";"";"";"";"";""
"202433510,0";"2024-12-06";"11:04:00";"SEM VÍTIMA";"FINALIZADA";"SANTO AMARO";"AV GOVERNADOR AGAMENON MAGALHAES";"153";"";"DENTRO DO ESTACIONAMENTO DO SHOPPING TACARUNA";"SANTO AMARO";"";"";"COLISÃO FRONTAL";"1,0";"0,0";"0,0";"0,0";"0,0";"0,0";"0,0";"1,0";"0,0";"0,0";"0,0";"";"";"";"";"";"";"";"";"";"";"";""
"202433513,0";"2024-12-06";"11:30:00";"COM VÍTIMA";"FINALIZADA";"NOVA DESCOBERTA";"AV VEREADOR OTACILIO AZEVEDO";"";"";"EM FRENTE A UPA";"NOVA DESCOBERTA";"";"";"COLISÃO";"0,0";"1,0";"0,0";"0,0";"0,0";"0,0";"0,0";"0,0";"0,0";"1,0";"0,0";"";"";"";"";"";"";"";"";"";"";"";""
"202433525,0";"2024-12-06";"01:05:00";"COM VÍTIMA";"CANCELADA";"SANTO AMARO";"AV GOVERNADOR AGAMENON MAGALHAES";"";"";"EM FRENTE A UPE/ SENTIDO OLINDA";"SANTO AMARO";"";"";"COLISÃO TRASEIRA";"1,0";"1,0";"0,0";"0,0";"0,0";"0,0";"0,0";"0,0";"0,0";"1,0";"0,0";"";"";"";"";"";"";"";"";"";"";"";""
"202433526,0";"2024-12-06";"01:09:00";"COM VÍTIMA";"FINALIZADA";"CORDEIRO";"AV CAXANGA";"8263";"";"EM FRENTE AO PARQUE DE ESPOSIÇAO DO CORDEIRO";"CORDEIRO";"";"";"COLISÃO";"0,0";"1,0";"0,0";"0,0";"0,0";"0,0";"0,0";"0,0";"0,0";"1,0";"0,0";"";"";"";"";"";"";"";"";"";"";"";""
"202433527,0";"2024-12-06";"01:11:00";"COM VÍTIMA";"CANCELADA";"BOA VISTA";"RUA DOM BOSCO";"1361";"";"PXM AO COLEGIO AMERICANO BATISTA // DE ESQUINA COM AGAMENON";"BOA VISTA";"";"";"COLISÃO";"0,0";"1,0";"0,0";"0,0";"0,0";"0,0";"0,0";"0,0";"0,0";"1,0";"0,0";"";"";"";"";"";"";"";"";"";"";"";""
"202433548,0";"2024-12-06";"04:05:00";"COM VÍTIMA";"FINALIZADA";"IMBIRIBEIRA";"AV MARECHAL MASCARENHAS DE MORAES";"";"";"E/F A FACULDADE UNIVERSO  APOS O SUPERMERCADO ASSAI S/T AEROPORTO";"IMBIRIBEIRA";"";"";"COLISÃO";"1,0";"1,0";"0,0";"0,0";"0,0";"0,0";"0,0";"0,0";"0,0";"1,0";"0,0";"";"";"";"";"";"";"";"";"";"";"";""
"202433552,0";"2024-12-06";"04:15:00";"COM VÍTIMA";"FINALIZADA";"BEBERIBE";"AV BEBERIBE";"1478";"";"E/F AO CANAL DA CONSTRUÇÃO";"BEBERIBE";"";"";"COLISÃO";"1,0";"1,0";"0,0";"0,0";"0,0";"0,0";"0,0";"0,0";"0,0";"1,0";"0,0";"";"";"";"";"";"";"";"";"";"";"";""
"202433553,0";"2024-12-06";"04:22:00";"SEM VÍTIMA";"DUPLICIDADE";"CABANGA";"AV SATURNINO DE BRITO";"";"";"";"CABANGA";"";"";"COLISÃO";"1,0";"0,0";"0,0";"0,0";"0,0";"0,0";"0,0";"0,0";"0,0";"0,0";"0,0";"";"";"";"";"";"";"";"";"";"";"";""
"202433554,0";"2024-12-06";"04:24:00";"COM VÍTIMA";"FINALIZADA";"PINA";"PTE GOVERNADOR PAULO GUERRA";"";"";"NA PONTE DO PINA ENTRADA QUE DA PARA O SHOPPING RIOMAR";"PINA";"";"";"COLISÃO";"0,0";"0,0";"0,0";"0,0";"0,0";"0,0";"0,0";"0,0";"0,0";"1,0";"0,0";"";"";"";"";"";"";"";"";"";"";"";""
"202433556,0";"2024-12-06";"04:25:00";"COM VÍTIMA";"FINALIZADA";"PINA";"AV ENGENHEIRO DOMINGOS FERREIRA";"";"";"IBIS HOTEL";"PINA";"";"";"ATROPELAMENTO DE PESSOA";"1,0";"0,0";"0,0";"0,0";"1,0";"0,0";"0,0";"0,0";"0,0";"1,0";"0,0";"";"";"";"";"";"";"";"";"";"";"";""
"202433557,0";"2024-12-06";"04:26:00";"COM VÍTIMA";"FINALIZADA";"IPSEP";"RUA JEAN EMILE FAVRE";"1547";"";"E/F A OFICINA DELTA  E A PADARIA VILA DO PÃO";"IPSEP";"";"";"COLISÃO";"1,0";"1,0";"0,0";"0,0";"0,0";"0,0";"0,0";"0,0";"0,0";"1,0";"0,0";"";"";"";"";"";"";"";"";"";"";"";""
"202433574,0";"2024-12-06";"06:00:00";"COM VÍTIMA";"FINALIZADA";"DERBY";"AV GOVERNADOR AGAMENON MAGALHAES";"";"";"E/F A MEDICAL CENTER   S/T  BOA VIAGEM";"DERBY";"";"";"COLISÃO LATERAL";"1,0";"1,0";"0,0";"0,0";"0,0";"0,0";"0,0";"0,0";"0,0";"1,0";"0,0";"";"";"";"";"";"";"";"";"";"";"";""