"Protocolo";"data";"hora";"natureza";"situacao";"bairro";"endereco";"numero";"detalhe_endereco_acidente";"complemento";"bairro_cruzamento";"num_semaforo";"sentido_via";"tipo";"auto";"moto";"ciclom";"ciclista";"pedestre";"onibus";"caminhao";"viatura";"outros";"vitimas";"vitimasfatais";"acidente_verificado";"tempo_clima";"situacao_semaforo";"sinalizacao";"condicao_via";"conservacao_via";"ponto_controle";"situacao_placa";"velocidade_max_via";"mao_direcao";"divisao_via1";"divisao_via2"
"202433600,0";"2024-12-07";"06:22:00";"COM VÍTIMA";"FINALIZADA";"CASA FORTE";"AV DEZESSETE DE AGOSTO";"568";"";"PROX. A MC DONALD´S E POSTO DISLUB";"CASA FORTE";"";"";"COLISÃO LATERAL";"1,0";"1,0";"0,0";"0,0";"0,0";"0,0";"0,0";"0,0";"0,0";"2,0";"0,0";"";"";"";"";"";"";"";"";"";"";"";""
"202433612,0";"2024-12-07";"10:25:00";"COM VÍTIMA";"FINALIZADA";"IMBIRIBEIRA";"AV MARECHAL MASCARENHAS DE MORAES";"";"";"EM FRENTE AO AEROPORTO ( SENTIDO CIDADE )";"IMBIRIBEIRA";"";"";"COLISÃO TRASEIRA";"0,0";"1,0";"0,0";"0,0";"0,0";"0,0";"1,0";"0,0";"0,0";"1,0";"0,0";"";"";"";"";"";"";"";"";"";"";"";""
"202433627,0";"2024-12-07";"12:09:00";"COM VÍTIMA";"FINALIZADA";"JORDAO";"AV MARIA IRENE";"";"";"E/F A LOJA DE INFORMATICA PROVEDOR LIVE   S/T  SUB";"JORDAO";"";"";"COLISÃO TRASEIRA";"1,0";"1,0";"0,0";"0,0";"0,0";"0,0";"0,0";"0,0";"0,0";"1,0";"0,0";"";"";"";"";"";"";"";"";"";"";"";""
"202433628,0";"2024-12-07";"12:16:00";"COM VÍTIMA";"FINALIZADA";"TOTO";"AV LIBERDADE";"";"";"E/F AO CEMITERIO PARQUE DAS FLORES";"TOTO";"";"";"COLISÃO FRONTAL";"1,0";"1,0";"0,0";"0,0";"0,0";"0,0";"0,0";"0,0";"0,0";"1,0";"0,0";"";"";"";"";"";"";"";"";"";"";"";""
"202433649,0";"2024-12-07";"04:11:00";"COM VÍTIMA";"FINALIZADA";"AGUA FRIA";"RUA DO MACHADO";"979";"";"E/F LA CASA DA  SEDA TABACARIA";"AGUA FRIA";"";"";"COLISÃO LATERAL";"2,0";"0,0";"0,0";"0,0";"0,0";"0,0";"0,0";"0,0";"0,0";"3,0";"0,0";"";"";"";"";"";"";"";"";"";"";"";""
"202433657,0";"2024-12-07";"05:36:00";"COM VÍTIMA";"FINALIZADA";"JAQUEIRA";"RUA DEPUTADO PEDRO PIRES FERREIRA";"";"";"E/F A PRAÇA DA JAQUEIRA AO LADO DA GALERIA JAQUEIRA";"JAQUEIRA";"";"";"COLISÃO FRONTAL";"1,0";"1,0";"0,0";"0,0";"0,0";"0,0";"0,0";"0,0";"0,0";"1,0";"0,0";"";"";"";"";"";"";"";"";"";"";"";""
"202433666,0";"2024-12-07";"07:24:00";"COM VÍTIMA";"FINALIZADA";"IBURA";"AV DOIS RIOS";"1051";"";"EM FRENTE À FARMÁCIA PAGUE MENOS";"IBURA";"";"";"COLISÃO";"1,0";"1,0";"0,0";"0,0";"0,0";"0,0";"0,0";"0,0";"0,0";"1,0";"0,0";"";"";"";"";"";"";"";"";"";"";"";""
"202433701,0";"2024-12-08";"09:34:00";"COM VÍTIMA";"FINALIZADA";"VASCO DA GAMA";"RUA DOIS DE FEVEREIRO";"516";"";"IGREJA ASEMBLEIA DE DEUS";"VASCO DA GAMA";"";"";"COLISÃO";"1,0";"1,0";"0,0";"0,0";"0,0";"0,0";"0,0";"0,0";"0,0";"1,0";"0,0";"";"";"";"";"";"";"";"";"";"";"";""
"202433714,0";"2024-12-08";"11:32:00";"COM VÍTIMA";"FINALIZADA";"AGUA FRIA";"AV BEBERIBE";"2338";"";"DE FRENTE AO DEPOSITO DE BEBIDAS ITALIANA";"AGUA FRIA";"";"";"COLISÃO TRASEIRA";"1,0";"1,0";"0,0";"0,0";"0,0";"0,0";"0,0";"0,0";"0,0";"1,0";"0,0";"";"";"";"";"";"";"";"";"";"";"";""
"202433722,0";"2024-12-08";"12:15:00";"COM VÍTIMA";"FINALIZADA";"TAMARINEIRA";"RUA CONEGO BARATA";"671";"";"EM FRENTE AO DEPOSITO JOSEMAR";"TAMARINEIRA";"";"";"COLISÃO";"1,0";"1,0";"0,0";"0,0";"0,0";"0,0";"0,0";"0,0";"0,0";"1,0";"0,0";"";"";"";"";"";"";"";"";"";"";"";""
"202433733,0";"2024-12-08";"04:01:00";"COM VÍTIMA";"FINALIZADA";"CABANGA";"PTE GOVERNADOR PAULO GUERRA";"";"";"NO INICO DA PONTE PROXIMO A COMPESA";"CABANGA";"";"";"ATROPELAMENTO DE PESSOA";"1,0";"0,0";"0,0";"0,0";"1,0";"0,0";"0,0";"0,0";"0,0";"1,0";"0,0";"";"";"";"";"";"";"";"";"";"";"";""
"202433760,0";"2024-12-09";"06:05:00";"SEM VÍTIMA";"FINALIZADA";"SANTO AMARO";"RUA DOS PALMARES";"";"";"EM FRENTE AO Nº 596";"SANTO AMARO";"";"SUBURBIO";"CHOQUE";"1,0";"0,0";"0,0";"0,0";"0,0";"1,0";"0,0";"0,0";"0,0";"0,0";"0,0";"";"";"";"";"";"";"";"";"";"";"";""
"202433772,0";"2024-12-09";"07:52:00";"COM VÍTIMA";"FINALIZADA";"IMBIRIBEIRA";"AV MARECHAL MASCARENHAS DE MORAES";"";"";"AEROPORTO DOS GUARARAPES";"IMBIRIBEIRA";"";"";"COLISÃO";"3,0";"1,0";"0,0";"0,0";"0,0";"0,0";"0,0";"0,0";"0,0";"2,0";"0,0";"";"";"";"";"";"";"";"";"";"";"";""
"202433776,0";"2024-12-09";"08:14:00";"COM VÍTIMA";"FINALIZADA";"CURADO";"AV RECIFE";"";"";"ESQUINA DO GALETO PROX. AO SEMAFORO 259";"CURADO";"";"";"COLISÃO";"1,0";"2,0";"0,0";"0,0";"0,0";"0,0";"0,0";"0,0";"0,0";"1,0";"0,0";"";"";"";"";"";"";"";"";"";"";"";""
"202433791,0";"2024-12-09";"10:27:00";"SEM VÍTIMA";"FINALIZADA";"AGUA FRIA";"RUA ALEGRE";"154";"";"PROX. AO MERCADAO DO OLEO";"AGUA FRIA";"";"SUBURBIO";"CHOQUE";"0,0";"0,0";"0,0";"0,0";"0,0";"0,0";"1,0";"0,0";"0,0";"0,0";"0,0";"";"";"";"";"";"";"";"";"";"";"";""
"202433796,0";"2024-12-09";"10:43:00";"COM VÍTIMA";"FINALIZADA";"AREIAS";"AV DR JOSE RUFINO";"";"";"EM FRENTE AO CORREIOS PROX. AO VIADUTO DA AV. RECIFE";"AREIAS";"";"";"COLISÃO";"0,0";"1,0";"0,0";"0,0";"0,0";"0,0";"0,0";"0,0";"0,0";"1,0";"0,0";"";"";"";"";"";"";"";"";"";"";"";""
"202433800,0";"2024-12-09";"11:17:00";"COM VÍTIMA";"FINALIZADA";"ESPINHEIRO";"RUA DO ESPINHEIRO";"";"";"EM FRENTE AO POSTO DE GASOLINA IPIRANGA, PROX. A DROGARIA SAO PAULO";"ESPINHEIRO";"";"";"COLISÃO";"0,0";"1,0";"0,0";"0,0";"0,0";"0,0";"0,0";"0,0";"0,0";"1,0";"0,0";"";"";"";"";"";"";"";"";"";"";"";""
"202433803,0";"2024-12-09";"12:25:00";"COM VÍTIMA";"FINALIZADA";"BOA VISTA";"RUA GERVASIO PIRES";"141";"AV VISCONDE DE SUASSUNA";"NA ESQUINA DO MINISTERIO  PUBLICO";"BOA VISTA";"";"";"COLISÃO";"1,0";"1,0";"0,0";"0,0";"0,0";"0,0";"0,0";"0,0";"0,0";"1,0";"0,0";"";"";"";"";"";"";"";"";"";"";"";""
"202433804,0";"2024-12-09";"12:35:00";"COM VÍTIMA";"FINALIZADA";"CAXANGA";"AV CAXANGA";"8419";"AV INACIO MONTEIRO";"ESQUINA COM O POSTO DE GASOLINA 07";"CAXANGA";"";"";"COLISÃO";"0,0";"1,0";"0,0";"0,0";"0,0";"0,0";"0,0";"0,0";"0,0";"1,0";"0,0";"";"";"";"";"";"";"";"";"";"";"";""
"202433805,0";"2024-12-09";"12:45:00";"COM VÍTIMA";"FINALIZADA";"SANTO AMARO";"RUA JOAO SUASSUNA";"28";"";"EM FRENTE AO CONSELHO MUNICIPAL, 141 - SAO BRAZ";"SANTO AMARO";"";"";"COLISÃO";"0,0";"1,0";"0,0";"0,0";"0,0";"0,0";"0,0";"0,0";"0,0";"1,0";"0,0";"";"";"";"";"";"";"";"";"";"";"";""
"202433812,0";"2024-12-09";"01:38:00";"COM VÍTIMA";"DUPLICIDADE";"CORDEIRO";"AV CAXANGA";"8419";"";"DE ESQUINA COM POSTO DE GASOLINA 07 CRUZAMENTO COM A RUA INACIO MONTEIRO";"CORDEIRO";"";"";"COLISÃO";"0,0";"1,0";"0,0";"0,0";"0,0";"0,0";"0,0";"0,0";"0,0";"1,0";"0,0";"";"";"";"";"";"";"";"";"";"";"";""
"202433814,0";"2024-12-09";"01:44:00";"COM VÍTIMA";"FINALIZADA";"PINA";"AVENIDA CELSO FURTADO (VIA MANGUE)";"";"";"NA DESCIDA DO VIADUTO  S/T SHOPPING RIOMAR";"PINA";"";"";"COLISÃO LATERAL";"1,0";"1,0";"0,0";"0,0";"0,0";"0,0";"0,0";"0,0";"0,0";"1,0";"0,0";"";"";"";"";"";"";"";"";"";"";"";""
"202433822,0";"2024-12-09";"03:00:00";"COM VÍTIMA";"FINALIZADA";"SAO JOSE";"RUA IMPERIAL";"1396";"";"EM FRENTE A AUTO PEÇAS VCV, PROX A AUTO PEÇAS OLIVER COMERCIO";"SAO JOSE";"";"";"COLISÃO";"0,0";"1,0";"0,0";"0,0";"0,0";"0,0";"0,0";"0,0";"0,0";"1,0";"0,0";"";"";"";"";"";"";"";"";"";"";"";""
"202433823,0";"2024-12-09";"03:10:00";"SEM VÍTIMA";"FINALIZADA";"BOA VIAGEM";"AV ENGENHEIRO DOMINGOS FERREIRA";"2391";"";"OPOSTO AO BRADESCO";"BOA VIAGEM";"";"";"COLISÃO LATERAL";"2,0";"0,0";"0,0";"0,0";"0,0";"0,0";"0,0";"0,0";"0,0";"0,0";"0,0";"";"";"";"";"";"";"";"";"";"";"";""
"202433828,0";"2024-12-09";"04:01:00";"SEM VÍTIMA";"FINALIZADA";"CORDEIRO";"AV ENGENHEIRO ABDIAS DE CARVALHO";"1657";"";"LADO OPOSTO A LOCADORA VEÍCULOS";"CORDEIRO";"";"";"COLISÃO TRASEIRA";"1,0";"0,0";"0,0";"0,0";"0,0";"0,0";"0,0";"0,0";"0,0";"0,0";"0,0";"";"";"";"";"";"";"";"";"";"";"";""
"202433846,0";"2024-12-09";"06:40:00";"COM VÍTIMA";"FINALIZADA";"BOA VIAGEM";"AV VINTE DE JANEIRO";"1000";"";"NA RUA DA SADIA";"BOA VIAGEM";"";"";"COLISÃO FRONTAL";"1,0";"1,0";"0,0";"0,0";"0,0";"0,0";"0,0";"0,0";"0,0";"1,0";"0,0";"";"";"";"";"";"";"";"";"";"";"";""
"202433850,0";"2024-12-09";"07:58:00";"COM VÍTIMA";"FINALIZADA";"IPUTINGA";"AV CAXANGA";"";"";"EM FRENTE DA FARMÁCIA INDEPENTENTE";"IPUTINGA";"";"SUBURBIO";"COLISÃO";"2,0";"1,0";"0,0";"0,0";"0,0";"0,0";"0,0";"0,0";"0,0";"1,0";"0,0";"";"";"";"";"";"";"";"";"";"";"";""
"202433857,0";"2024-12-09";"09:15:00";"COM VÍTIMA";"FINALIZADA";"CORDEIRO";"AV CAXANGA";"";"";"PROX. AO HOSPITAL GETÚLIO VARGAS - SENTIDO CAMARAGIBE";"CORDEIRO";"";"SUBURBIO";"COLISÃO";"2,0";"1,0";"0,0";"0,0";"0,0";"0,0";"0,0";"0,0";"0,0";"1,0";"0,0";"";"";"";"";"";"";"";"";"";"";"";""
"202433859,0";"2024-12-09";"10:21:00";"COM VÍTIMA";"FINALIZADA";"VARZEA";"AV PROFESSOR ARTUR DE SA";"";"RUA GENERAL POLIDORO";"";"VARZEA";"";"";"COLISÃO";"1,0";"1,0";"0,0";"0,0";"0,0";"0,0";"0,0";"0,0";"0,0";"1,0";"0,0";"";"";"";"";"";"";"";"";"";"";"";""
"202433883,0";"2024-12-10";"07:40:00";"COM VÍTIMA";"FINALIZADA";"IMBIRIBEIRA";"RUA JAMAICA";"";"";"PROX. AO ALARME CENTER E LABORATORIO CENTER MAIS SAUDE";"IMBIRIBEIRA";"";"";"COLISÃO";"0,0";"1,0";"0,0";"0,0";"0,0";"0,0";"0,0";"0,0";"0,0";"1,0";"0,0";"";"";"";"";"";"";"";"";"";"";"";""
"202433892,0";"2024-12-10";"08:42:00";"COM VÍTIMA";"CANCELADA";"MONTEIRO";"AV DEZESSETE DE AGOSTO";"109";"";"PROX AO ALBUQUERQUE MOTOS";"MONTEIRO";"";"";"COLISÃO";"0,0";"1,0";"0,0";"0,0";"0,0";"0,0";"0,0";"0,0";"0,0";"1,0";"0,0";"";"";"";"";"";"";"";"";"";"";"";""
"202433893,0";"2024-12-10";"08:44:00";"COM VÍTIMA";"FINALIZADA";"IMBIRIBEIRA";"AV MARECHAL MASCARENHAS DE MORAES";"";"";"DESCIDA DO VIADUTO, PROX AO AEROPORTO";"IMBIRIBEIRA";"";"";"COLISÃO";"0,0";"1,0";"0,0";"0,0";"0,0";"0,0";"0,0";"0,0";"0,0";"1,0";"0,0";"";"";"";"";"";"";"";"";"";"";"";""
"202433928,0";"2024-12-10";"12:07:00";"COM VÍTIMA";"FINALIZADA";"CASA AMARELA";"RUA DA HARMONIA";"";"";"FARMACIA PAGUE MENOS";"CASA AMARELA";"";"";"COLISÃO";"0,0";"2,0";"0,0";"0,0";"0,0";"0,0";"0,0";"0,0";"0,0";"1,0";"0,0";"";"";"";"";"";"";"";"";"";"";"";""
"202433942,0";"2024-12-10";"01:53:00";"SEM VÍTIMA";"FINALIZADA";"PINA";"AV ANTONIO DE GOES";"";"";"AO LADO DO JCPM S/T DERBY";"PINA";"";"";"COLISÃO TRASEIRA";"2,0";"0,0";"0,0";"0,0";"0,0";"0,0";"0,0";"0,0";"0,0";"0,0";"0,0";"";"";"";"";"";"";"";"";"";"";"";""
"202433953,0";"2024-12-10";"02:29:00";"COM VÍTIMA";"FINALIZADA";"IBURA";"AV DOIS RIOS";"";"RUA RIO XINGU";"";"IBURA";"";"";"COLISÃO";"0,0";"1,0";"0,0";"0,0";"0,0";"0,0";"1,0";"0,0";"0,0";"1,0";"0,0";"";"";"";"";"";"";"";"";"";"";"";""
"202433958,0";"2024-12-10";"03:08:00";"COM VÍTIMA";"CANCELADA";"AFOGADOS";"RUA SAO MIGUEL";"";"";"PROX AO POSTO AFOGADOS/ PROX AO ARMAZEM CORAL";"AFOGADOS";"";"";"COLISÃO";"0,0";"1,0";"0,0";"0,0";"0,0";"0,0";"0,0";"0,0";"0,0";"1,0";"0,0";"";"";"";"";"";"";"";"";"";"";"";""
"202433960,0";"2024-12-10";"03:41:00";"SEM VÍTIMA";"FINALIZADA";"AFOGADOS";"RUA COSME VIANA";"";"";"COM ESTRADA VELHA DO BONGI";"AFOGADOS";"";"";"COLISÃO TRASEIRA";"1,0";"0,0";"0,0";"0,0";"0,0";"0,0";"1,0";"0,0";"0,0";"0,0";"0,0";"";"";"";"";"";"";"";"";"";"";"";""
"202433977,0";"2024-12-10";"05:36:00";"COM VÍTIMA";"FINALIZADA";"VARZEA";"AV CAXANGA";"";"";"EM FRENTE AO JOCKEY CLUBE/ SENTIDO CAMARAGIBE";"VARZEA";"";"";"COLISÃO LATERAL";"0,0";"2,0";"0,0";"0,0";"0,0";"0,0";"0,0";"0,0";"0,0";"2,0";"0,0";"";"";"";"";"";"";"";"";"";"";"";""
"202433985,0";"2024-12-10";"06:03:00";"COM VÍTIMA";"FINALIZADA";"SANTO AMARO";"AV GOVERNADOR AGAMENON MAGALHAES";"";"";"PROX AO CIRCULO MILITAR / SENTIDO OLINDA / ENCIMA DO VIADUTO";"SANTO AMARO";"";"";"COLISÃO TRASEIRA";"1,0";"1,0";"0,0";"0,0";"0,0";"0,0";"0,0";"0,0";"0,0";"1,0";"0,0";"";"";"";"";"";"";"";"";"";"";"";""
"202433990,0";"2024-12-10";"06:18:00";"COM VÍTIMA";"FINALIZADA";"NOVA DESCOBERTA";"AV VEREADOR OTACILIO AZEVEDO";"";"";"PROX A FABRICA DA PIPOCA KINITOS // PROX AO CAMPO DO FLUMINENSE";"NOVA DESCOBERTA";"";"";"COLISÃO";"0,0";"1,0";"0,0";"0,0";"0,0";"0,0";"0,0";"0,0";"0,0";"1,0";"0,0";"";"";"";"";"";"";"";"";"";"";"";""
"202433992,0";"2024-12-10";"06:28:00";"COM VÍTIMA";"FINALIZADA";"CABANGA";"PRC GOVERNADOR PAULO GUERRA";"";"";"LADO OPOSTO A COMPESA";"CABANGA";"";"";"COLISÃO TRASEIRA";"0,0";"2,0";"0,0";"0,0";"0,0";"0,0";"0,0";"0,0";"0,0";"2,0";"0,0";"";"";"";"";"";"";"";"";"";"";"";""
"202433997,0";"2024-12-10";"08:13:00";"COM VÍTIMA";"FINALIZADA";"BOMBA DO HEMETERIO";"RUA TAMBOARA";"226";"";"PRÓXIMO DA LOJA PEDRO MODAS/ MERCADINHO DANTAS";"BOMBA DO HEMETERIO";"";"";"COLISÃO";"1,0";"1,0";"0,0";"0,0";"2,0";"0,0";"0,0";"0,0";"0,0";"1,0";"0,0";"";"";"";"";"";"";"";"";"";"";"";""
"202433999,0";"2024-12-10";"08:25:00";"COM VÍTIMA";"CANCELADA";"PARNAMIRIM";"AV DEZESSETE DE AGOSTO";"125";"";"EM FRENTE A LOJA GWM";"PARNAMIRIM";"";"SUBURBIO";"COLISÃO";"1,0";"1,0";"0,0";"0,0";"1,0";"0,0";"0,0";"0,0";"0,0";"1,0";"0,0";"";"";"";"";"";"";"";"";"";"";"";""
"202434001,0";"2024-12-10";"11:03:00";"COM VÍTIMA";"FINALIZADA";"SAO JOSE";"AV SUL";"";"VDO DAS CINCO PONTAS";"";"SAO JOSE";"";"";"QUEDA";"0,0";"1,0";"0,0";"0,0";"0,0";"0,0";"0,0";"0,0";"0,0";"1,0";"0,0";"";"";"";"";"";"";"";"";"";"";"";""
"202434017,0";"2024-12-11";"06:51:00";"COM VÍTIMA";"FINALIZADA";"IBURA";"AV RIO SAO FRANCISCO";"318";"";"PROX A ACADEMIA SUPERAÇÃO";"IBURA";"";"";"COLISÃO";"1,0";"1,0";"0,0";"0,0";"0,0";"1,0";"0,0";"0,0";"0,0";"1,0";"0,0";"";"";"";"";"";"";"";"";"";"";"";""
"202434018,0";"2024-12-11";"06:53:00";"COM VÍTIMA";"CANCELADA";"ZUMBI";"RUA DO BOM JESUS";"";"";"PROX. AO BAR ZEBRINHA, APOS A GRANJA EXTREMA";"ZUMBI";"";"";"COLISÃO";"0,0";"1,0";"0,0";"0,0";"0,0";"0,0";"0,0";"0,0";"0,0";"1,0";"0,0";"";"";"";"";"";"";"";"";"";"";"";""
"202434020,0";"2024-12-11";"07:00:00";"COM VÍTIMA";"DUPLICIDADE";"IBURA";"AV RIO SAO FRANCISCO";"";"";"APOS O COMPAZ E ACADEMIA SUPERAÇÃO";"IBURA";"";"";"COLISÃO";"0,0";"1,0";"0,0";"0,0";"0,0";"0,0";"0,0";"0,0";"0,0";"1,0";"0,0";"";"";"";"";"";"";"";"";"";"";"";""
"202434022,0";"2024-12-11";"07:10:00";"SEM VÍTIMA";"FINALIZADA";"CORDEIRO";"AV ENGENHEIRO ABDIAS DE CARVALHO";"";"";"";"CORDEIRO";"422,0";"SUBURBIO";"COLISÃO TRASEIRA";"2,0";"0,0";"0,0";"0,0";"0,0";"0,0";"0,0";"0,0";"0,0";"0,0";"0,0";"";"";"";"";"";"";"";"";"";"";"";""
"202434036,0";"2024-12-11";"09:50:00";"COM VÍTIMA";"FINALIZADA";"SANTO AMARO";"CAIS DO APOLO";"";"";"EM FRENTE A PREFEITURA ( SENTIDO CIDADE )";"SANTO AMARO";"";"";"COLISÃO TRASEIRA";"1,0";"1,0";"0,0";"0,0";"0,0";"0,0";"0,0";"0,0";"0,0";"1,0";"0,0";"";"";"";"";"";"";"";"";"";"";"";""
"202434037,0";"2024-12-11";"09:55:00";"COM VÍTIMA";"FINALIZADA";"CASA FORTE";"AV DEZESSETE DE AGOSTO";"209";"";"PREDIO DA CULTURA INGLESA";"CASA FORTE";"";"";"COLISÃO";"1,0";"1,0";"0,0";"0,0";"0,0";"0,0";"0,0";"0,0";"0,0";"1,0";"0,0";"";"";"";"";"";"";"";"";"";"";"";""
"202434038,0";"2024-12-11";"10:07:00";"COM VÍTIMA";"FINALIZADA";"MADALENA";"TUNEL DA ABOLICAO";"146";"";"NA SAIDA DO TUNEL DA ABOLIÇÃO";"MADALENA";"";"";"COLISÃO";"0,0";"1,0";"0,0";"0,0";"0,0";"0,0";"0,0";"0,0";"0,0";"1,0";"0,0";"";"";"";"";"";"";"";"";"";"";"";""
"202434043,0";"2024-12-11";"10:37:00";"COM VÍTIMA";"FINALIZADA";"BOA VIAGEM";"RUA BARAO DE SOUZA LEAO";"";"";"APOS O SUPERMERCADO TREVO E EQUIPADORA CD";"BOA VIAGEM";"";"";"COLISÃO";"0,0";"1,0";"0,0";"0,0";"0,0";"0,0";"0,0";"0,0";"0,0";"1,0";"0,0";"";"";"";"";"";"";"";"";"";"";"";""
"202434044,0";"2024-12-11";"10:39:00";"COM VÍTIMA";"CANCELADA";"CURADO";"AV RECIFE";"";"";"PROX. AO HOSPITAL DA MULHER, AO LADO DO SINDICATO DA PRF E JUSTIÇA FEDERAL";"CURADO";"";"";"COLISÃO";"0,0";"1,0";"0,0";"0,0";"0,0";"0,0";"0,0";"0,0";"0,0";"1,0";"0,0";"";"";"";"";"";"";"";"";"";"";"";""
"202434058,0";"2024-12-11";"12:04:00";"COM VÍTIMA";"CANCELADA";"ENGENHO DO MEIO";"RUA MANUEL ALVES DEUSDARA";"";"";"PROX A UNIVERSIDADE FEDERAL,  PROX AO POSTO DE SAUDE DE ENGENHO DO MEIO";"ENGENHO DO MEIO";"";"";"COLISÃO";"0,0";"1,0";"0,0";"0,0";"0,0";"0,0";"0,0";"0,0";"0,0";"1,0";"0,0";"";"";"";"";"";"";"";"";"";"";"";""
"202434084,0";"2024-12-11";"03:31:00";"COM VÍTIMA";"FINALIZADA";"IMBIRIBEIRA";"AV MARECHAL MASCARENHAS DE MORAES";"480";"";"E/F AO ATACADO DOS PRESENTES  S/T  AEROPORTO";"IMBIRIBEIRA";"";"";"COLISÃO LATERAL";"1,0";"1,0";"0,0";"0,0";"0,0";"0,0";"0,0";"0,0";"0,0";"1,0";"0,0";"";"";"";"";"";"";"";"";"";"";"";""
"202434107,0";"2024-12-11";"06:54:00";"SEM VÍTIMA";"FINALIZADA";"IPSEP";"AV SENADOR ROBERT KENNEDY";"671";"";"PRÓXIMO DO SALÃO LÍDER";"IPSEP";"319,0";"";"COLISÃO TRASEIRA";"1,0";"0,0";"0,0";"0,0";"0,0";"0,0";"0,0";"1,0";"0,0";"0,0";"0,0";"";"";"";"";"";"";"";"";"";"";"";""
"202434113,0";"2024-12-11";"09:04:00";"COM VÍTIMA";"FINALIZADA";"IBURA";"AV PRESIDENTE DUTRA";"";"";"EM FRENTE AO SAL E BRASA, SENTIDO CEASA";"IBURA";"";"";"COLISÃO";"0,0";"2,0";"0,0";"0,0";"0,0";"0,0";"0,0";"0,0";"0,0";"2,0";"0,0";"";"";"";"";"";"";"";"";"";"";"";""
"202434116,0";"2024-12-11";"11:13:00";"COM VÍTIMA";"FINALIZADA";"IBURA";"AV PRESIDENTE DUTRA";"";"";"EM FRENTE AO POSTO BR, SENTIDO CEASA";"IBURA";"";"";"COLISÃO";"1,0";"1,0";"0,0";"0,0";"0,0";"0,0";"0,0";"0,0";"0,0";"2,0";"0,0";"";"";"";"";"";"";"";"";"";"";"";""
"202434129,0";"2024-12-12";"06:47:00";"COM VÍTIMA";"FINALIZADA";"SANTO AMARO";"";"268";"";"RUA DA CONDIÇÃO (NÃO ENCONTRADA ) NA RUA DO MIX MATHEUS - DE FRENTE AO OMS -";"SANTO AMARO";"";"";"COLISÃO";"0,0";"1,0";"0,0";"0,0";"0,0";"0,0";"0,0";"0,0";"0,0";"1,0";"0,0";"";"";"";"";"";"";"";"";"";"";"";""
"202434139,0";"2024-12-12";"08:21:00";"COM VÍTIMA";"FINALIZADA";"ILHA DO RETIRO";"AV PREFEITO LIMA CASTRO";"406";"";"EM FRENTE A BILHETERIA DO SPORT, POR TRÁS DO CLUBE DO REMO";"ILHA DO RETIRO";"";"";"COLISÃO";"0,0";"1,0";"0,0";"0,0";"0,0";"0,0";"0,0";"0,0";"0,0";"1,0";"0,0";"";"";"";"";"";"";"";"";"";"";"";""
"202434145,0";"2024-12-12";"09:08:00";"COM VÍTIMA";"FINALIZADA";"MADALENA";"EST DOS REMEDIOS";"";"";".EM FRENTE A PADARIA SENSACAO";"MADALENA";"";"";"COLISÃO";"0,0";"1,0";"0,0";"0,0";"0,0";"0,0";"0,0";"0,0";"0,0";"1,0";"0,0";"";"";"";"";"";"";"";"";"";"";"";""
"202434156,0";"2024-12-12";"10:30:00";"COM VÍTIMA";"FINALIZADA";"IPSEP";"RUA SAO NICOLAU";"342";"";"PRÓX. A MARAVILHA MOTOS  DA AV. RECIFE, PODER CAR";"IPSEP";"";"";"COLISÃO";"0,0";"1,0";"0,0";"0,0";"0,0";"0,0";"0,0";"0,0";"0,0";"1,0";"0,0";"";"";"";"";"";"";"";"";"";"";"";""
"202434185,0";"2024-12-12";"12:49:00";"COM VÍTIMA";"FINALIZADA";"SANTO AMARO";"AV CRUZ CABUGA";"";"";"ASSEMBLEIA DE DEUS";"SANTO AMARO";"";"";"COLISÃO";"0,0";"1,0";"0,0";"0,0";"0,0";"1,0";"0,0";"0,0";"0,0";"1,0";"0,0";"";"";"";"";"";"";"";"";"";"";"";""
"202434186,0";"2024-12-12";"01:00:00";"COM VÍTIMA";"FINALIZADA";"IPUTINGA";"AV CAXANGA";"4038";"";"EM FRENTE A SUPRANOR / SENTIOD CIDADE";"IPUTINGA";"";"";"COLISÃO TRASEIRA";"1,0";"1,0";"0,0";"0,0";"0,0";"0,0";"0,0";"0,0";"0,0";"2,0";"0,0";"";"";"";"";"";"";"";"";"";"";"";""
"202434191,0";"2024-12-12";"01:46:00";"COM VÍTIMA";"FINALIZADA";"SANTO AMARO";"RUA DA FUNDICAO";"";"";"";"SANTO AMARO";"";"";"COLISÃO LATERAL";"0,0";"0,0";"0,0";"0,0";"0,0";"0,0";"0,0";"0,0";"0,0";"1,0";"0,0";"";"";"";"";"";"";"";"";"";"";"";""
"202434206,0";"2024-12-12";"03:36:00";"SEM VÍTIMA";"FINALIZADA";"TAMARINEIRA";"AV PROFESSOR JOSE DOS ANJOS";"";"AV NORTE MIGUEL ARRAES DE ALENCAR";"SOB O SEMÁFORO 364";"TAMARINEIRA";"364,0";"SUBURBIO";"COLISÃO LATERAL";"1,0";"0,0";"0,0";"0,0";"0,0";"0,0";"1,0";"0,0";"0,0";"0,0";"0,0";"";"";"";"";"";"";"";"";"";"";"";""