"Protocolo";"data";"hora";"natureza";"situacao";"bairro";"endereco";"numero";"detalhe_endereco_acidente";"complemento";"bairro_cruzamento";"num_semaforo";"sentido_via";"tipo";"auto";"moto";"ciclom";"ciclista";"pedestre";"onibus";"caminhao";"viatura";"outros";"vitimas";"vitimasfatais";"acidente_verificado";"tempo_clima";"situacao_semaforo";"sinalizacao";"condicao_via";"conservacao_via";"ponto_controle";"situacao_placa";"velocidade_max_via";"mao_direcao";"divisao_via1";"divisao_via2"
"202434215,0";"2024-12-12";"04:24:00";"COM VÍTIMA";"FINALIZADA";"SANTO AMARO";"RUA TREZE DE MAIO";"";"RUA FREI CASSIMIRO";"EM FRENTE A BORRACHARIA DE IRANILSON";"SANTO AMARO";"";"";"COLISÃO LATERAL";"1,0";"1,0";"0,0";"0,0";"0,0";"0,0";"0,0";"0,0";"0,0";"1,0";"0,0";"";"";"";"";"";"";"";"";"";"";"";""
"202434218,0";"2024-12-12";"04:49:00";"COM VÍTIMA";"FINALIZADA";"IPSEP";"RUA ABDIAS CABRAL DE MOURA";"";"RUA SAO SILVESTRE";"";"IPSEP";"";"";"COLISÃO LATERAL";"0,0";"0,0";"0,0";"0,0";"0,0";"0,0";"0,0";"0,0";"0,0";"1,0";"0,0";"";"";"";"";"";"";"";"";"";"";"";""
"202434221,0";"2024-12-12";"05:04:00";"COM VÍTIMA";"FINALIZADA";"JOANA BEZERRA";"VDO PAPA JOAO PAULO II";"";"";"APÓS A ALÇA DA IMPERIAL";"JOANA BEZERRA";"";"";"COLISÃO";"1,0";"1,0";"0,0";"0,0";"0,0";"0,0";"0,0";"0,0";"0,0";"1,0";"0,0";"";"";"";"";"";"";"";"";"";"";"";""
"202434229,0";"2024-12-12";"06:09:00";"COM VÍTIMA";"FINALIZADA";"JOANA BEZERRA";"VIADUTO CAPITAO TEMUDO";"";"";"ENCIMA DO VIATUDO / SENTIDO PINA";"JOANA BEZERRA";"";"";"COLISÃO TRASEIRA";"1,0";"1,0";"0,0";"0,0";"0,0";"0,0";"0,0";"0,0";"0,0";"1,0";"0,0";"";"";"";"";"";"";"";"";"";"";"";""
"202434230,0";"2024-12-12";"06:08:00";"COM VÍTIMA";"FINALIZADA";"AREIAS";"AV DR JOSE RUFINO";"";"";"NA LATERAL DO MIX MATHEUS";"AREIAS";"";"SUBURBIO";"COLISÃO LATERAL";"1,0";"1,0";"0,0";"0,0";"0,0";"0,0";"0,0";"0,0";"0,0";"1,0";"0,0";"";"";"";"";"";"";"";"";"";"";"";""
"202434237,0";"2024-12-12";"08:13:00";"COM VÍTIMA";"FINALIZADA";"TAMARINEIRA";"EST VELHA DE AGUA FRIA";"";"";"EM FRENTE AO DNOCS";"TAMARINEIRA";"";"";"COLISÃO";"1,0";"1,0";"0,0";"0,0";"0,0";"0,0";"0,0";"0,0";"0,0";"1,0";"0,0";"";"";"";"";"";"";"";"";"";"";"";""
"202434238,0";"2024-12-12";"08:20:00";"COM VÍTIMA";"FINALIZADA";"VARZEA";"RUA GENERAL POLIDORO";"";"AV PROFESSOR ARTUR DE SA";"POSTO BR";"VARZEA";"";"";"COLISÃO";"1,0";"1,0";"0,0";"0,0";"0,0";"0,0";"0,0";"0,0";"0,0";"1,0";"0,0";"";"";"";"";"";"";"";"";"";"";"";""
"202434260,0";"2024-12-13";"06:56:00";"COM VÍTIMA";"FINALIZADA";"NOVA DESCOBERTA";"RUA NOVA DESCOBERTA";"";"";".LARGO DE DONA REGINA // EM FRENTE AO SALAO OFICINA DO CABELO";"NOVA DESCOBERTA";"";"";"COLISÃO";"0,0";"1,0";"0,0";"0,0";"0,0";"0,0";"0,0";"0,0";"0,0";"1,0";"0,0";"";"";"";"";"";"";"";"";"";"";"";""
"202434262,0";"2024-12-13";"07:20:00";"COM VÍTIMA";"FINALIZADA";"SANTO ANTONIO";"AV MARTINS DE BARROS";"";"";"PROX. AO BANCO ITAU NA SUBIDA DA PONTE MAURICIO DE NASSAU";"SANTO ANTONIO";"";"";"COLISÃO LATERAL";"1,0";"1,0";"0,0";"0,0";"0,0";"0,0";"0,0";"0,0";"0,0";"1,0";"0,0";"";"";"";"";"";"";"";"";"";"";"";""
"202434268,0";"2024-12-13";"07:31:00";"COM VÍTIMA";"FINALIZADA";"ESTANCIA";"RUA SENADOR ALBERTO PASQUALINI";"";"AV RECIFE";"APOS O RESTAURANTE SOMBRA DA MAGUEIRA, E A SERGIPE VIDROS";"ESTANCIA";"";"";"COLISÃO";"0,0";"1,0";"0,0";"0,0";"0,0";"0,0";"0,0";"0,0";"0,0";"1,0";"0,0";"";"";"";"";"";"";"";"";"";"";"";""
"202434269,0";"2024-12-13";"07:42:00";"SEM VÍTIMA";"FINALIZADA";"VARZEA";"RUA PROFESSOR OTAVIO TAVARES";"";"";"ACADEMIA MAX";"VARZEA";"";"";"COLISÃO";"1,0";"1,0";"0,0";"0,0";"0,0";"0,0";"0,0";"0,0";"0,0";"0,0";"0,0";"";"";"";"";"";"";"";"";"";"";"";""
"202434282,0";"2024-12-13";"10:08:00";"COM VÍTIMA";"FINALIZADA";"BEBERIBE";"AV BEBERIBE";"";"";"APOS O COLEGIO 90 GRAUSEM FRENTE A PRAÇA DO CHAYENNE";"BEBERIBE";"";"";"COLISÃO";"0,0";"1,0";"0,0";"0,0";"0,0";"0,0";"0,0";"0,0";"0,0";"1,0";"0,0";"";"";"";"";"";"";"";"";"";"";"";""
"202434284,0";"2024-12-13";"10:10:00";"COM VÍTIMA";"FINALIZADA";"CASA AMARELA";"AV NORTE MIGUEL ARRAES DE ALENCAR";"";"";"EM FRENTE A BARROS LIMA";"CASA AMARELA";"";"";"COLISÃO";"0,0";"1,0";"0,0";"0,0";"0,0";"0,0";"0,0";"0,0";"0,0";"1,0";"0,0";"";"";"";"";"";"";"";"";"";"";"";""
"202434287,0";"2024-12-13";"10:25:00";"SEM VÍTIMA";"FINALIZADA";"IPSEP";"RUA HELIO BRANDAO";"344";"RUA SAO NICOLAU";"PRÓXIMO AO PONTO DE ÁGUA DE COCO";"IPSEP";"505,0";"SUBURBIO";"CHOQUE";"0,0";"0,0";"0,0";"0,0";"0,0";"0,0";"1,0";"0,0";"0,0";"0,0";"0,0";"";"";"";"";"";"";"";"";"";"";"";""
"202434290,0";"2024-12-13";"10:34:00";"COM VÍTIMA";"FINALIZADA";"BREJO DA GUABIRABA";"AV VEREADOR OTACILIO AZEVEDO";"3732";"";"PROX AO BAR DA ANA, PROX A IGREJA ASSEMBLEIA DE DEUS , APÓS A KINITOS";"BREJO DA GUABIRABA";"";"";"COLISÃO";"0,0";"1,0";"0,0";"0,0";"0,0";"0,0";"0,0";"0,0";"0,0";"1,0";"0,0";"";"";"";"";"";"";"";"";"";"";"";""
"202434291,0";"2024-12-13";"10:37:00";"COM VÍTIMA";"CANCELADA";"AREIAS";"AV RECIFE";"";"";"EM FRENTE AO CARREFOUR, CONJ. IGNES ANDREAZZA ( SENTIDO BOA VIAGEM )";"AREIAS";"";"";"COLISÃO TRASEIRA";"1,0";"0,0";"0,0";"0,0";"0,0";"0,0";"1,0";"0,0";"0,0";"1,0";"0,0";"";"";"";"";"";"";"";"";"";"";"";""
"202434295,0";"2024-12-13";"10:58:00";"COM VÍTIMA";"FINALIZADA";"IBURA";"AV DOIS RIOS";"1150";"";"SAÍDA DO IBURA, PROX AO NUCLEO";"IBURA";"";"";"COLISÃO";"0,0";"1,0";"0,0";"0,0";"0,0";"0,0";"0,0";"0,0";"0,0";"1,0";"0,0";"";"";"";"";"";"";"";"";"";"";"";""
"202434298,0";"2024-12-13";"11:09:00";"COM VÍTIMA";"FINALIZADA";"CORDEIRO";"AV ENGENHEIRO ABDIAS DE CARVALHO";"";"";"EM FRENTE A PRAÇA DA CHESF";"CORDEIRO";"";"";"COLISÃO";"1,0";"0,0";"0,0";"0,0";"1,0";"0,0";"0,0";"0,0";"0,0";"1,0";"0,0";"";"";"";"";"";"";"";"";"";"";"";""
"202434332,0";"2024-12-13";"06:55:00";"COM VÍTIMA";"FINALIZADA";"ENCRUZILHADA";"AV NORTE MIGUEL ARRAES DE ALENCAR";"";"";"EM FRENTE A PEDRAGON";"ENCRUZILHADA";"";"";"COLISÃO FRONTAL";"1,0";"1,0";"0,0";"0,0";"0,0";"0,0";"0,0";"0,0";"0,0";"1,0";"0,0";"";"";"";"";"";"";"";"";"";"";"";""
"202434335,0";"2024-12-13";"08:15:00";"COM VÍTIMA";"FINALIZADA";"AFOGADOS";"EST DOS REMEDIOS";"646";"";"EM FRENTE AO NOVO ATACAREJO DE AFOGADOS.";"AFOGADOS";"";"";"COLISÃO";"1,0";"1,0";"0,0";"0,0";"0,0";"0,0";"0,0";"0,0";"0,0";"1,0";"0,0";"";"";"";"";"";"";"";"";"";"";"";""
"202434336,0";"2024-12-13";"08:29:00";"COM VÍTIMA";"FINALIZADA";"SANTO AMARO";"AV CRUZ CABUGA";"";"";"EM FRENTE A ASSEMBLEIA DE DEUS";"SANTO AMARO";"";"";"ATROPELAMENTO DE PESSOA";"0,0";"0,0";"0,0";"0,0";"1,0";"1,0";"0,0";"0,0";"0,0";"1,0";"0,0";"";"";"";"";"";"";"";"";"";"";"";""
"202434337,0";"2024-12-13";"09:10:00";"COM VÍTIMA";"FINALIZADA";"ILHA DO RETIRO";"AV BEIRA RIO";"192";"";"PROXIMO AO CLUBE DE REMO";"ILHA DO RETIRO";"";"";"COLISÃO";"1,0";"1,0";"0,0";"0,0";"0,0";"0,0";"0,0";"0,0";"0,0";"1,0";"0,0";"";"";"";"";"";"";"";"";"";"";"";""
"202434339,0";"2024-12-13";"09:22:00";"COM VÍTIMA";"FINALIZADA";"BOA VIAGEM";"VIADUTO TANCREDO NEVES";"";"";"";"BOA VIAGEM";"";"";"COLISÃO";"1,0";"0,0";"0,0";"0,0";"0,0";"0,0";"0,0";"0,0";"0,0";"1,0";"0,0";"";"";"";"";"";"";"";"";"";"";"";""
"202434345,0";"2024-12-13";"10:55:00";"COM VÍTIMA";"FINALIZADA";"PINA";"AV ENGENHEIRO DOMINGOS FERREIRA";"683";"";"EM FRENTE AO IBIS";"PINA";"";"";"COLISÃO";"1,0";"0,0";"0,0";"0,0";"0,0";"0,0";"0,0";"0,0";"0,0";"1,0";"0,0";"";"";"";"";"";"";"";"";"";"";"";""
"202434348,0";"2024-12-14";"01:04:00";"COM VÍTIMA";"FINALIZADA";"AFOGADOS";"RUA SAO MIGUEL";"";"";"EM FRENTE AO DEPATRI";"AFOGADOS";"";"SUBURBIO";"COLISÃO";"2,0";"0,0";"0,0";"0,0";"1,0";"0,0";"0,0";"0,0";"0,0";"1,0";"0,0";"";"";"";"";"";"";"";"";"";"";"";""
"202434354,0";"2024-12-14";"06:08:00";"COM VÍTIMA";"FINALIZADA";"BOA VISTA";"RUA GERVASIO PIRES";"";"AV MANOEL BORBA";"NO SEMAFORO 169";"BOA VISTA";"";"";"COLISÃO LATERAL";"2,0";"0,0";"0,0";"0,0";"0,0";"0,0";"0,0";"0,0";"0,0";"1,0";"0,0";"";"";"";"";"";"";"";"";"";"";"";""
"202434364,0";"2024-12-14";"07:15:00";"COM VÍTIMA";"FINALIZADA";"SANTO AMARO";"AV JOAO DE BARROS";"2445";"";"EM FRENTE A LOJA FRI ALTO ( BOMBEIRO ) , CONSERVATORIO DE MUSICA";"SANTO AMARO";"";"";"COLISÃO";"0,0";"1,0";"0,0";"0,0";"0,0";"0,0";"0,0";"0,0";"0,0";"1,0";"0,0";"";"";"";"";"";"";"";"";"";"";"";""
"202434365,0";"2024-12-14";"07:14:00";"COM VÍTIMA";"CANCELADA";"CAXANGA";"AV CAXANGA";"";"";"PRÓXIMO DA UPA DA CAXANGA";"CAXANGA";"";"SUBURBIO";"COLISÃO";"2,0";"0,0";"0,0";"0,0";"1,0";"0,0";"0,0";"0,0";"0,0";"1,0";"0,0";"";"";"";"";"";"";"";"";"";"";"";""
"202434366,0";"2024-12-14";"07:16:00";"COM VÍTIMA";"FINALIZADA";"MACAXEIRA";"RUA CARLOS MARIGHELLA";"";"";"PROX. AO CAMPO DA UNIAO E ENTRADA DO ALTO DO PROGRESSO";"MACAXEIRA";"";"";"COLISÃO";"0,0";"1,0";"0,0";"0,0";"0,0";"0,0";"0,0";"0,0";"0,0";"1,0";"0,0";"";"";"";"";"";"";"";"";"";"";"";""
"202434368,0";"2024-12-14";"07:23:00";"COM VÍTIMA";"FINALIZADA";"TAMARINEIRA";"RUA CONEGO BARATA";"";"";"SENT. BEBERIBE, APOS A FERREIRA COSTA";"TAMARINEIRA";"";"";"COLISÃO";"1,0";"1,0";"0,0";"0,0";"0,0";"0,0";"0,0";"0,0";"0,0";"2,0";"0,0";"";"";"";"";"";"";"";"";"";"";"";""
"202434371,0";"2024-12-14";"07:48:00";"COM VÍTIMA";"FINALIZADA";"MONTEIRO";"AV DEZESSETE DE AGOSTO";"";"";"PROX. AO GOE, EM CIMA DA PONTE NOVA";"MONTEIRO";"";"";"COLISÃO";"0,0";"1,0";"0,0";"0,0";"0,0";"0,0";"0,0";"0,0";"0,0";"1,0";"0,0";"";"";"";"";"";"";"";"";"";"";"";""
"202434375,0";"2024-12-14";"08:32:00";"COM VÍTIMA";"FINALIZADA";"BOA VIAGEM";"RUA PEDRO PAES MENDONCA";"S/N";"";"PROX. AO MIX MATHEUS, PROX A VIA MANGUE";"BOA VIAGEM";"";"";"COLISÃO";"0,0";"1,0";"0,0";"0,0";"0,0";"0,0";"0,0";"0,0";"0,0";"1,0";"0,0";"";"";"";"";"";"";"";"";"";"";"";""
"202434378,0";"2024-12-14";"09:13:00";"COM VÍTIMA";"CANCELADA";"VARZEA";"AV JOAQUIM RIBEIRO";"2997";"";"DEPOIS DA UPA DA CAXANGÁ, PROX A INSPEÇÃO VEICULAR";"VARZEA";"";"";"COLISÃO";"0,0";"1,0";"0,0";"0,0";"0,0";"0,0";"0,0";"0,0";"0,0";"1,0";"0,0";"";"";"";"";"";"";"";"";"";"";"";""
"202434382,0";"2024-12-14";"09:40:00";"COM VÍTIMA";"FINALIZADA";"ESPINHEIRO";"AV GOVERNADOR AGAMENON MAGALHAES";"";"";"NO VIADUTO DA JOAO DE BARROS, SENT. BOA VIAGEM";"ESPINHEIRO";"";"";"COLISÃO";"0,0";"1,0";"0,0";"0,0";"0,0";"0,0";"0,0";"0,0";"0,0";"1,0";"0,0";"";"";"";"";"";"";"";"";"";"";"";""
"202434396,0";"2024-12-14";"11:49:00";"COM VÍTIMA";"FINALIZADA";"VARZEA";"RUA CONEGO JOSE FERNANDES MACHADO";"";"RUA EXP EURIDES FERNANDES";"PROX. A RUA DA ANTENA";"VARZEA";"";"";"COLISÃO";"0,0";"1,0";"0,0";"0,0";"0,0";"0,0";"0,0";"0,0";"0,0";"1,0";"0,0";"";"";"";"";"";"";"";"";"";"";"";""
"202434398,0";"2024-12-14";"11:53:00";"COM VÍTIMA";"FINALIZADA";"BOA VISTA";"RUA DO HOSPICIO";"";"";"PROX AO QUARTEL  E PARQUE TREZE DE MAIO";"BOA VISTA";"";"";"COLISÃO";"0,0";"1,0";"0,0";"0,0";"0,0";"0,0";"0,0";"0,0";"0,0";"1,0";"0,0";"";"";"";"";"";"";"";"";"";"";"";""
"202434407,0";"2024-12-14";"01:06:00";"COM VÍTIMA";"CANCELADA";"MACAXEIRA";"RUA FRANCISCO PASSOS";"26";"";"PROX AO COLEGIO MENEZES, SUBIDA DO ALTO CRUZEIRO";"MACAXEIRA";"";"";"COLISÃO";"0,0";"1,0";"0,0";"0,0";"0,0";"0,0";"0,0";"0,0";"0,0";"1,0";"0,0";"";"";"";"";"";"";"";"";"";"";"";""
"202434410,0";"2024-12-14";"01:25:00";"COM VÍTIMA";"FINALIZADA";"IBURA";"RUA JORNALISTA EDSON REGIS";"582";"";"NA ENTRADA DA ANTIGA FABRICA DA FREVO, EM FRENTE A DISTR PRINCESA DO AGRESTE";"IBURA";"";"";"COLISÃO";"0,0";"1,0";"0,0";"0,0";"0,0";"0,0";"0,0";"0,0";"0,0";"1,0";"0,0";"";"";"";"";"";"";"";"";"";"";"";""
"202434413,0";"2024-12-14";"01:53:00";"COM VÍTIMA";"CANCELADA";"TORRE";"RUA MARQUES DE MARICA";"12";"";"PRAÇA PROFESSOR BARRETO CAMPELO";"TORRE";"";"";"COLISÃO TRASEIRA";"1,0";"1,0";"0,0";"0,0";"0,0";"0,0";"0,0";"0,0";"0,0";"2,0";"0,0";"";"";"";"";"";"";"";"";"";"";"";""
"202434420,0";"2024-12-14";"02:51:00";"SEM VÍTIMA";"CANCELADA";"VARZEA";"RUA ENGENHEIRO VASCONCELOS BITTENCOURT";"";"";"PROX A PRAÇA DO CAXITO";"VARZEA";"";"";"COLISÃO TRASEIRA";"3,0";"0,0";"0,0";"0,0";"0,0";"0,0";"0,0";"0,0";"0,0";"0,0";"0,0";"";"";"";"";"";"";"";"";"";"";"";""
"202434424,0";"2024-12-14";"03:36:00";"COM VÍTIMA";"FINALIZADA";"SANTO AMARO";"AV GOVERNADOR AGAMENON MAGALHAES";"";"";"PROXIMO AO SHOPPING TACARUNA / EM FRENTE A FABRICA TACARUNA";"SANTO AMARO";"";"";"COLISÃO LATERAL";"0,0";"1,0";"0,0";"0,0";"0,0";"0,0";"0,0";"0,0";"0,0";"1,0";"0,0";"";"";"";"";"";"";"";"";"";"";"";""
"202434433,0";"2024-12-14";"05:17:00";"COM VÍTIMA";"FINALIZADA";"TAMARINEIRA";"AV PROFESSOR JOSE DOS ANJOS";"3479";"";"PROXIMO DO CONJUNTO RESIDENCIAL NORTE";"TAMARINEIRA";"";"";"COLISÃO";"0,0";"1,0";"0,0";"0,0";"0,0";"0,0";"0,0";"0,0";"0,0";"1,0";"0,0";"";"";"";"";"";"";"";"";"";"";"";""
"202434437,0";"2024-12-14";"06:35:00";"SEM VÍTIMA";"FINALIZADA";"CAJUEIRO";"RUA CORONEL URBANO RIBEIRO DE SENA";"990";"";"TUNEL DO CAPIBARIBE";"CAJUEIRO";"";"";"COLISÃO LATERAL";"2,0";"0,0";"0,0";"0,0";"0,0";"0,0";"0,0";"0,0";"0,0";"0,0";"0,0";"";"";"";"";"";"";"";"";"";"";"";""
"202434449,0";"2024-12-14";"10:26:00";"COM VÍTIMA";"FINALIZADA";"IMBIRIBEIRA";"RUA JAMAICA";"130";"";"ALARME CENTER";"IMBIRIBEIRA";"";"";"COLISÃO TRASEIRA";"1,0";"1,0";"0,0";"0,0";"0,0";"0,0";"0,0";"0,0";"0,0";"2,0";"0,0";"";"";"";"";"";"";"";"";"";"";"";""
"202434453,0";"2024-12-15";"02:34:00";"COM VÍTIMA";"FINALIZADA";"IBURA";"AV DOIS RIOS";"693";"";"RM SUPERMERCADO";"IBURA";"";"";"COLISÃO TRASEIRA";"1,0";"1,0";"0,0";"0,0";"0,0";"0,0";"0,0";"0,0";"0,0";"1,0";"0,0";"";"";"";"";"";"";"";"";"";"";"";""
"202434468,0";"2024-12-15";"07:29:00";"COM VÍTIMA";"FINALIZADA";"BOA VIAGEM";"RUA PEDRO PAES DE MENDONCA";"";"AV DOM JOAO VI";"ANTES DO VIADUTO DA VIA MANGUE / POR TRAS DO MIX MATEUS";"BOA VIAGEM";"";"";"COLISÃO TRASEIRA";"1,0";"1,0";"0,0";"0,0";"0,0";"0,0";"0,0";"0,0";"0,0";"1,0";"0,0";"";"";"";"";"";"";"";"";"";"";"";""
"202434469,0";"2024-12-15";"07:35:00";"SEM VÍTIMA";"FINALIZADA";"BOA VISTA";"RUA DO HOSPICIO";"";"";"LOJA AMERICANAS";"BOA VISTA";"";"";"COLISÃO";"1,0";"0,0";"0,0";"0,0";"0,0";"0,0";"0,0";"1,0";"0,0";"0,0";"0,0";"";"";"";"";"";"";"";"";"";"";"";""
"202434471,0";"2024-12-15";"08:28:00";"COM VÍTIMA";"FINALIZADA";"IBURA";"AV RECIFE";"";"";"ENTRADA DO IBURA   // PX A HONDA";"IBURA";"";"";"COLISÃO";"0,0";"1,0";"0,0";"0,0";"0,0";"0,0";"0,0";"0,0";"0,0";"1,0";"0,0";"";"";"";"";"";"";"";"";"";"";"";""
"202434488,0";"2024-12-15";"12:51:00";"COM VÍTIMA";"FINALIZADA";"CORDEIRO";"RUA GOMES TABORDA";"1863";"";"E/F A IGREJA UNIVERSAL";"CORDEIRO";"";"";"COLISÃO LATERAL";"1,0";"1,0";"0,0";"0,0";"0,0";"0,0";"0,0";"0,0";"0,0";"1,0";"0,0";"";"";"";"";"";"";"";"";"";"";"";""
"202434489,0";"2024-12-15";"12:55:00";"COM VÍTIMA";"FINALIZADA";"CAXANGA";"AV CAXANGA";"175";"";"E/F AO RESTAURANTE YOKI  GALETOS  E PROX A CENTROCAR";"CAXANGA";"";"";"COLISÃO TRASEIRA";"2,0";"1,0";"0,0";"0,0";"0,0";"0,0";"0,0";"0,0";"0,0";"1,0";"0,0";"";"";"";"";"";"";"";"";"";"";"";""
"202434490,0";"2024-12-15";"01:04:00";"COM VÍTIMA";"FINALIZADA";"PINA";"AVENIDA CELSO FURTADO (VIA MANGUE)";"";"";"PROX AO SHOPPING RIO MAR";"PINA";"";"";"COLISÃO";"1,0";"1,0";"0,0";"0,0";"0,0";"0,0";"0,0";"0,0";"0,0";"1,0";"0,0";"";"";"";"";"";"";"";"";"";"";"";""
"202434502,0";"2024-12-15";"02:43:00";"COM VÍTIMA";"FINALIZADA";"DOIS UNIDOS";"AV HILDEBRANDO DE VASCONCELOS";"343";"";"PROX A PADARIA PAN ESTRELANÇA";"DOIS UNIDOS";"";"";"COLISÃO FRONTAL";"0,0";"1,0";"0,0";"0,0";"0,0";"0,0";"0,0";"0,0";"0,0";"1,0";"0,0";"";"";"";"";"";"";"";"";"";"";"";""
"202434506,0";"2024-12-15";"04:52:00";"COM VÍTIMA";"FINALIZADA";"CAJUEIRO";"AV BEBERIBE";"3370";"";"PROX AO ANTIGO RESTAURANTE TERRAÇO";"CAJUEIRO";"";"";"QUEDA";"1,0";"1,0";"0,0";"0,0";"0,0";"0,0";"0,0";"0,0";"0,0";"2,0";"0,0";"";"";"";"";"";"";"";"";"";"";"";""
"202434534,0";"2024-12-15";"09:45:00";"COM VÍTIMA";"FINALIZADA";"PORTO DA MADEIRA";"AV BEBERIBE";"2395";"";"AO LADO DO PAGODE DA PRESSÃO";"PORTO DA MADEIRA";"";"";"ATROPELAMENTO DE PESSOA";"1,0";"0,0";"0,0";"0,0";"1,0";"0,0";"0,0";"0,0";"0,0";"1,0";"0,0";"";"";"";"";"";"";"";"";"";"";"";""
"202434541,0";"2024-12-16";"05:33:00";"COM VÍTIMA";"FINALIZADA";"BEBERIBE";"AV BEBERIBE";"3785";"";"BAR DALVA DE OLIVEIRA, PROX. AO POSTO DE GASOLINA SHELL E REI DO ARRUMADINHO";"BEBERIBE";"";"";"COLISÃO";"0,0";"0,0";"0,0";"0,0";"0,0";"0,0";"0,0";"0,0";"0,0";"1,0";"0,0";"";"";"";"";"";"";"";"";"";"";"";""
"202434550,0";"2024-12-16";"07:54:00";"SEM VÍTIMA";"FINALIZADA";"MADALENA";"RUA REAL DA TORRE";"374";"";"EM FRENTE AO Nº 360";"MADALENA";"179,0";"SUBURBIO";"COLISÃO";"1,0";"0,0";"0,0";"0,0";"0,0";"0,0";"1,0";"0,0";"0,0";"0,0";"0,0";"";"";"";"";"";"";"";"";"";"";"";""
"202434556,0";"2024-12-16";"08:40:00";"COM VÍTIMA";"FINALIZADA";"BOA VIAGEM";"RUA WALDEMAR NERY CARNEIRO MONTEIRO";"";"";"EM FRENTE LAVANDERIA BOLHAO E COLEGIO CRISTAO";"BOA VIAGEM";"";"";"COLISÃO";"0,0";"1,0";"0,0";"0,0";"0,0";"0,0";"0,0";"0,0";"0,0";"1,0";"0,0";"";"";"";"";"";"";"";"";"";"";"";""
"202434557,0";"2024-12-16";"08:44:00";"SEM VÍTIMA";"FINALIZADA";"SANTO AMARO";"AV GOVERNADOR AGAMENON MAGALHAES";"";"";"prox A REITORIA / sentido Olinda";"SANTO AMARO";"";"";"COLISÃO LATERAL";"1,0";"1,0";"0,0";"0,0";"0,0";"0,0";"0,0";"0,0";"0,0";"0,0";"0,0";"";"";"";"";"";"";"";"";"";"";"";""
"202434560,0";"2024-12-16";"09:00:00";"COM VÍTIMA";"FINALIZADA";"PARNAMIRIM";"RUA PADRE ROMA";"";"";"APOS O EMPRESARIAL PADRE ROMA E FAAC";"PARNAMIRIM";"";"";"COLISÃO";"0,0";"1,0";"0,0";"0,0";"0,0";"0,0";"0,0";"0,0";"0,0";"1,0";"0,0";"";"";"";"";"";"";"";"";"";"";"";""
"202434567,0";"2024-12-16";"09:37:00";"COM VÍTIMA";"FINALIZADA";"TAMARINEIRA";"RUA PADRE ROMA";"375";"";"EM FRENTE AO EDF. VILA MARIANA";"TAMARINEIRA";"";"";"COLISÃO";"0,0";"1,0";"0,0";"0,0";"0,0";"0,0";"0,0";"0,0";"0,0";"1,0";"0,0";"";"";"";"";"";"";"";"";"";"";"";""
"202434570,0";"2024-12-16";"09:46:00";"COM VÍTIMA";"FINALIZADA";"MADALENA";"RUA PADRE LANDIM";"100";"";"PROX. A ESCOLA CRISTO REI";"MADALENA";"";"";"COLISÃO";"0,0";"1,0";"0,0";"0,0";"0,0";"0,0";"0,0";"0,0";"0,0";"1,0";"0,0";"";"";"";"";"";"";"";"";"";"";"";""
"202434581,0";"2024-12-16";"10:55:00";"SEM VÍTIMA";"FINALIZADA";"AFOGADOS";"RUA SAO MIGUEL";"";"";"EM FRENTE AO BANCO DO BRASIL";"AFOGADOS";"";"SUBURBIO";"COLISÃO TRASEIRA";"0,0";"1,0";"0,0";"0,0";"0,0";"0,0";"1,0";"0,0";"0,0";"0,0";"0,0";"";"";"";"";"";"";"";"";"";"";"";""
"202434587,0";"2024-12-16";"11:44:00";"COM VÍTIMA";"FINALIZADA";"SAO JOSE";"RUA DAS CALCADAS";"258";"";"PRÓX. AO SUBWAY, PROX A CASA CABUS";"SAO JOSE";"";"";"COLISÃO";"0,0";"1,0";"0,0";"0,0";"0,0";"0,0";"0,0";"0,0";"0,0";"1,0";"0,0";"";"";"";"";"";"";"";"";"";"";"";""
"202434592,0";"2024-12-16";"12:35:00";"COM VÍTIMA";"FINALIZADA";"BOA VIAGEM";"AV ENGENHEIRO DOMINGOS FERREIRA";"2852";"";"PRÓX. AO EDF. TORRE MADRI,  PROX A LOJA PAMESA";"BOA VIAGEM";"144,0";"";"COLISÃO";"0,0";"1,0";"0,0";"0,0";"0,0";"0,0";"0,0";"0,0";"0,0";"1,0";"0,0";"";"";"";"";"";"";"";"";"";"";"";""
"202434595,0";"2024-12-16";"12:58:00";"SEM VÍTIMA";"FINALIZADA";"SAO JOSE";"RUA FLORIANO PEIXOTO";"";"";"EM FRENTE AO FA SERVIÇOS PROX  A ESTAÇAÕ DO METRO";"SAO JOSE";"";"";"COLISÃO";"1,0";"0,0";"0,0";"0,0";"0,0";"0,0";"0,0";"1,0";"0,0";"0,0";"0,0";"";"";"";"";"";"";"";"";"";"";"";""
"202434597,0";"2024-12-16";"01:24:00";"SEM VÍTIMA";"FINALIZADA";"CASA FORTE";"AV DEZESSETE DE AGOSTO";"1020";"";"EM FRENTE AO CPOR DO RECIFE Nº 1020, SENTIDO PARNAMIRIM";"CASA FORTE";"389,0";"";"COLISÃO LATERAL";"1,0";"0,0";"0,0";"0,0";"0,0";"0,0";"0,0";"1,0";"0,0";"0,0";"0,0";"";"";"";"";"";"";"";"";"";"";"";""