"Protocolo";"data";"hora";"natureza";"situacao";"bairro";"endereco";"numero";"detalhe_endereco_acidente";"complemento";"bairro_cruzamento";"num_semaforo";"sentido_via";"tipo";"auto";"moto";"ciclom";"ciclista";"pedestre";"onibus";"caminhao";"viatura";"outros";"vitimas";"vitimasfatais";"acidente_verificado";"tempo_clima";"situacao_semaforo";"sinalizacao";"condicao_via";"conservacao_via";"ponto_controle";"situacao_placa";"velocidade_max_via";"mao_direcao";"divisao_via1";"divisao_via2"
"202434602,0";"2024-12-16";"01:39:00";"COM VÍTIMA";"FINALIZADA";"BAIRRO DO RECIFE";"PTE BUARQUE DE MACEDO";"";"AV MARTINS DE BARROS";"PRAÇA DA REPUBLICA";"BAIRRO DO RECIFE";"";"";"COLISÃO LATERAL";"1,0";"1,0";"0,0";"0,0";"0,0";"0,0";"0,0";"0,0";"0,0";"1,0";"0,0";"";"";"";"";"";"";"";"";"";"";"";""
"202434604,0";"2024-12-16";"01:52:00";"COM VÍTIMA";"DUPLICIDADE";"SANTO ANTONIO";"AV MARTINS DE BARROS";"";"";"PROXIMO AO PALACIO DO CAMPOS DAS PRINCESAS";"SANTO ANTONIO";"";"";"COLISÃO";"0,0";"1,0";"0,0";"0,0";"0,0";"0,0";"0,0";"0,0";"0,0";"1,0";"0,0";"";"";"";"";"";"";"";"";"";"";"";""
"202434607,0";"2024-12-16";"03:13:00";"COM VÍTIMA";"FINALIZADA";"APIPUCOS";"RUA DE APIPUCOS";"1023";"";"EM FRENTE AO CONDOMINIO RESERVA APIPUCOS";"APIPUCOS";"";"";"COLISÃO FRONTAL";"1,0";"1,0";"0,0";"0,0";"0,0";"0,0";"0,0";"0,0";"0,0";"2,0";"0,0";"";"";"";"";"";"";"";"";"";"";"";""
"202434618,0";"2024-12-16";"03:40:00";"COM VÍTIMA";"FINALIZADA";"MADALENA";"AV ENGENHEIRO ABDIAS DE CARVALHO";"175";"";"REVENDEDORA AUTORIZADA BRIDGESTONE";"MADALENA";"";"";"COLISÃO TRASEIRA";"1,0";"1,0";"0,0";"0,0";"0,0";"0,0";"0,0";"0,0";"0,0";"1,0";"0,0";"";"";"";"";"";"";"";"";"";"";"";""
"202434631,0";"2024-12-16";"05:33:00";"COM VÍTIMA";"FINALIZADA";"IBURA";"AV DOIS RIOS";"";"RUA RIO XINGU";"PROX A POLICLINICA ARNALDO MARQUES";"IBURA";"";"";"COLISÃO LATERAL";"1,0";"1,0";"0,0";"0,0";"0,0";"0,0";"0,0";"0,0";"0,0";"1,0";"0,0";"";"";"";"";"";"";"";"";"";"";"";""
"202434642,0";"2024-12-17";"12:46:00";"COM VÍTIMA";"FINALIZADA";"TAMARINEIRA";"RUA CONEGO BARATA";"";"";"FERREIRA COSTA E HOSPITAL PEDIATRICO HELENA MOURA";"TAMARINEIRA";"";"";"COLISÃO";"0,0";"1,0";"0,0";"0,0";"0,0";"0,0";"1,0";"0,0";"0,0";"1,0";"0,0";"";"";"";"";"";"";"";"";"";"";"";""
"202434663,0";"2024-12-17";"06:44:00";"SEM VÍTIMA";"FINALIZADA";"BOA VIAGEM";"AV BOA VIAGEM";"2610";"";"PADARIA BOA VIAGEM";"BOA VIAGEM";"";"";"COLISÃO LATERAL";"0,0";"1,0";"0,0";"0,0";"0,0";"0,0";"0,0";"1,0";"0,0";"0,0";"0,0";"";"";"";"";"";"";"";"";"";"";"";""
"202434664,0";"2024-12-17";"06:48:00";"COM VÍTIMA";"FINALIZADA";"DERBY";"AV GOVERNADOR AGAMENON MAGALHAES";"";"";"EM FRENTE A RESTAURAÇÃO";"DERBY";"";"";"COLISÃO";"0,0";"1,0";"0,0";"0,0";"0,0";"0,0";"0,0";"0,0";"0,0";"1,0";"0,0";"";"";"";"";"";"";"";"";"";"";"";""
"202434669,0";"2024-12-17";"07:48:00";"COM VÍTIMA";"FINALIZADA";"ALTO SANTA TERESINHA";"RUA TAMBOARA";"";"";"PROX. A ANTENA DA TIM E IGREJA ASSEMBLEIA DE DEUS, NA SUBIDA DA LADEIRA";"ALTO SANTA TERESINHA";"";"";"COLISÃO";"0,0";"1,0";"0,0";"0,0";"0,0";"0,0";"0,0";"0,0";"0,0";"1,0";"0,0";"";"";"";"";"";"";"";"";"";"";"";""
"202434700,0";"2024-12-17";"11:55:00";"COM VÍTIMA";"DUPLICIDADE";"BOA VIAGEM";"";"";"";"";"BOA VIAGEM";"";"";"COLISÃO";"1,0";"1,0";"0,0";"0,0";"0,0";"0,0";"0,0";"0,0";"0,0";"1,0";"0,0";"";"";"";"";"";"";"";"";"";"";"";""
"202434701,0";"2024-12-17";"11:55:00";"COM VÍTIMA";"DUPLICIDADE";"BOA VIAGEM";"";"";"";"";"BOA VIAGEM";"";"";"COLISÃO";"0,0";"1,0";"0,0";"0,0";"1,0";"0,0";"0,0";"0,0";"0,0";"1,0";"0,0";"";"";"";"";"";"";"";"";"";"";"";""
"202434703,0";"2024-12-17";"11:56:00";"COM VÍTIMA";"FINALIZADA";"BOA VIAGEM";"RUA PADRE CARAPUCEIRO";"";"";"ESTACIONAMENTO DO MIX MATEUS TERREO , AO LADO DO SHOPPING RECIFE";"BOA VIAGEM";"";"";"COLISÃO";"0,0";"1,0";"0,0";"0,0";"0,0";"0,0";"0,0";"0,0";"0,0";"1,0";"0,0";"";"";"";"";"";"";"";"";"";"";"";""
"202434704,0";"2024-12-17";"11:56:00";"COM VÍTIMA";"FINALIZADA";"BOA VIAGEM";"RUA DOS NAVEGANTES";"";"";"PROX AO HOSPITAL PORTUGUES DE BOA VIAGEM / LABORATORIO NABUCO";"BOA VIAGEM";"";"";"COLISÃO";"0,0";"1,0";"0,0";"0,0";"0,0";"0,0";"0,0";"0,0";"0,0";"1,0";"0,0";"";"";"";"";"";"";"";"";"";"";"";""
"202434712,0";"2024-12-17";"12:45:00";"COM VÍTIMA";"FINALIZADA";"ARRUDA";"RUA SAO BENTO";"";"";"NA RUA DO POSTO PETROMEGA";"ARRUDA";"";"";"COLISÃO";"0,0";"0,0";"0,0";"0,0";"0,0";"1,0";"0,0";"0,0";"0,0";"1,0";"0,0";"";"";"";"";"";"";"";"";"";"";"";""
"202434715,0";"2024-12-17";"01:09:00";"COM VÍTIMA";"FINALIZADA";"SANTO AMARO";"AV CRUZ CABUGA";"";"AV NORTE MIGUEL ARRAES DE ALENCAR";"NO CRUZAMENTO  AO LADO DO CEMITERIO DOS INGLESES";"SANTO AMARO";"";"";"COLISÃO TRASEIRA";"1,0";"1,0";"0,0";"0,0";"0,0";"0,0";"0,0";"0,0";"0,0";"1,0";"0,0";"";"";"";"";"";"";"";"";"";"";"";""
"202434721,0";"2024-12-17";"01:34:00";"COM VÍTIMA";"FINALIZADA";"BOA VIAGEM";"RUA JOSE MARIA DE MIRANDA";"";"";"PROXIMO AO HOSPITAL BOA VIAGEM";"BOA VIAGEM";"";"";"COLISÃO";"0,0";"1,0";"0,0";"0,0";"0,0";"0,0";"0,0";"0,0";"0,0";"1,0";"0,0";"";"";"";"";"";"";"";"";"";"";"";""
"202434722,0";"2024-12-17";"01:43:00";"COM VÍTIMA";"FINALIZADA";"TORRE";"RUA CONDE DE IRAJA";"1190";"";"PRXIMO AO EDIFICIO TORRE";"TORRE";"";"";"COLISÃO";"0,0";"1,0";"0,0";"0,0";"0,0";"0,0";"0,0";"0,0";"0,0";"1,0";"0,0";"";"";"";"";"";"";"";"";"";"";"";""
"202434726,0";"2024-12-17";"02:10:00";"COM VÍTIMA";"FINALIZADA";"CAMPO GRANDE";"EST DE BELEM";"";"";"PROXIMO AO EMPORIO TRAPIÁ";"CAMPO GRANDE";"";"";"COLISÃO";"0,0";"1,0";"0,0";"0,0";"0,0";"0,0";"0,0";"0,0";"0,0";"1,0";"0,0";"";"";"";"";"";"";"";"";"";"";"";""
"202434728,0";"2024-12-17";"02:31:00";"COM VÍTIMA";"FINALIZADA";"TORREAO";"AV GOVERNADOR AGAMENON MAGALHAES";"";"";"EM FRENTE AO POSTO PETROBRAS/ SENTIDO DERBY";"TORREAO";"";"";"COLISÃO LATERAL";"2,0";"0,0";"0,0";"0,0";"0,0";"0,0";"0,0";"0,0";"0,0";"1,0";"0,0";"";"";"";"";"";"";"";"";"";"";"";""
"202434735,0";"2024-12-17";"03:11:00";"COM VÍTIMA";"FINALIZADA";"JORDAO";"AV MARIA IRENE";"91";"";"JORDÃO BAIXO /PROXIMO A FARMACIA DIARIAMENTE";"JORDAO";"";"";"COLISÃO";"0,0";"1,0";"0,0";"0,0";"0,0";"0,0";"0,0";"0,0";"0,0";"1,0";"0,0";"";"";"";"";"";"";"";"";"";"";"";""
"202434737,0";"2024-12-17";"03:23:00";"SEM VÍTIMA";"FINALIZADA";"CASA AMARELA";"AV NORTE MIGUEL ARRAES DE ALENCAR";"6485";"";"AO LADO DA POLICLÍNICA E MATERNIDADE PROFESSOR BARROS LIMA";"CASA AMARELA";"256,0";"CIDADE";"COLISÃO TRASEIRA";"0,0";"0,0";"0,0";"0,0";"0,0";"0,0";"0,0";"2,0";"0,0";"0,0";"0,0";"";"";"";"";"";"";"";"";"";"";"";""
"202434738,0";"2024-12-17";"03:33:00";"COM VÍTIMA";"FINALIZADA";"SAO JOSE";"AV SUL";"5862";"";"NO ÍNICIO DA AV SUL EM CIMA DA PONTE SENTIDO CENTRO APÓS A ESTAÇÃO LARGO DA PAZ";"SAO JOSE";"";"CIDADE";"COLISÃO";"0,0";"0,0";"0,0";"0,0";"0,0";"1,0";"0,0";"0,0";"0,0";"1,0";"0,0";"";"";"";"";"";"";"";"";"";"";"";""
"202434739,0";"2024-12-17";"03:37:00";"COM VÍTIMA";"FINALIZADA";"DERBY";"AV GOVERNADOR AGAMENON MAGALHAES";"";"";"EM FRENTE AO NUMERO 4261";"DERBY";"";"";"COLISÃO LATERAL";"1,0";"1,0";"0,0";"0,0";"0,0";"0,0";"0,0";"0,0";"0,0";"1,0";"0,0";"";"";"";"";"";"";"";"";"";"";"";""
"202434744,0";"2024-12-17";"04:10:00";"SEM VÍTIMA";"FINALIZADA";"BAIRRO DO RECIFE";"CAIS DO APOLO";"925";"";"NA ENTRADA DO ESTACIONAMENTO DA PREFEITURA DO RECIFE";"BAIRRO DO RECIFE";"436,0";"CIDADE";"COLISÃO TRASEIRA";"2,0";"0,0";"0,0";"0,0";"0,0";"0,0";"0,0";"0,0";"0,0";"0,0";"0,0";"";"";"";"";"";"";"";"";"";"";"";""
"202434751,0";"2024-12-17";"05:00:00";"COM VÍTIMA";"FINALIZADA";"CASA AMARELA";"RUA PADRE LEMOS";"492";"";"EM FRENTE AO POSTO BR";"CASA AMARELA";"";"";"COLISÃO";"0,0";"1,0";"0,0";"0,0";"0,0";"0,0";"0,0";"0,0";"0,0";"1,0";"0,0";"";"";"";"";"";"";"";"";"";"";"";""
"202434755,0";"2024-12-17";"05:34:00";"COM VÍTIMA";"FINALIZADA";"BOA VIAGEM";"AV CONSELHEIRO AGUIAR";"4417";"RUA CARLOS PEREIRA FALCAO";"NO CRUZAMENTO";"BOA VIAGEM";"";"";"COLISÃO";"0,0";"1,0";"0,0";"0,0";"0,0";"1,0";"0,0";"0,0";"0,0";"1,0";"0,0";"";"";"";"";"";"";"";"";"";"";"";""
"202434758,0";"2024-12-17";"05:41:00";"COM VÍTIMA";"FINALIZADA";"AFOGADOS";"RUA VINTE E UM DE ABRIL";"1524";"";"EM FRENTE AO CLUBE FERROVIARIO";"AFOGADOS";"";"";"COLISÃO";"0,0";"1,0";"0,0";"0,0";"0,0";"0,0";"0,0";"0,0";"0,0";"1,0";"0,0";"";"";"";"";"";"";"";"";"";"";"";""
"202434760,0";"2024-12-17";"06:08:00";"COM VÍTIMA";"FINALIZADA";"BOA VIAGEM";"RUA FRANCISCO DA CUNHA";"";"RUA PROFESSOR JOSE BRANDAO";"PROX AO RESTAURANTE AMADEU";"BOA VIAGEM";"";"";"COLISÃO LATERAL";"0,0";"2,0";"0,0";"0,0";"0,0";"0,0";"0,0";"0,0";"0,0";"1,0";"0,0";"";"";"";"";"";"";"";"";"";"";"";""
"202434761,0";"2024-12-17";"06:30:00";"COM VÍTIMA";"FINALIZADA";"DOIS UNIDOS";"RUA BELA VISTA";"";"";"PROX ESCOLA OLINDINA";"DOIS UNIDOS";"";"";"ATROPELAMENTO DE PESSOA";"0,0";"0,0";"0,0";"0,0";"1,0";"1,0";"0,0";"0,0";"0,0";"1,0";"0,0";"";"";"";"";"";"";"";"";"";"";"";""
"202434762,0";"2024-12-17";"06:38:00";"SEM VÍTIMA";"FINALIZADA";"BOA VISTA";"RUA DA SANTA CRUZ";"";"";"PROX MERCADO DA BOA VISTA";"BOA VISTA";"";"";"COLISÃO LATERAL";"2,0";"0,0";"0,0";"0,0";"0,0";"0,0";"0,0";"0,0";"0,0";"0,0";"0,0";"";"";"";"";"";"";"";"";"";"";"";""
"202434763,0";"2024-12-17";"06:43:00";"COM VÍTIMA";"DUPLICIDADE";"DERBY";"RUA CARLOS PORTO CARREIRO";"110";"";"EM FRENTE A INTERDATA/ PROX A MULTI FACE";"DERBY";"";"";"COLISÃO";"0,0";"1,0";"0,0";"0,0";"0,0";"0,0";"0,0";"0,0";"0,0";"1,0";"0,0";"";"";"";"";"";"";"";"";"";"";"";""
"202434767,0";"2024-12-17";"07:19:00";"COM VÍTIMA";"FINALIZADA";"IMBIRIBEIRA";"AV PINHEIROS";"";"";"PRÓXIMO AO COLÉGIO PINHEIROS";"IMBIRIBEIRA";"";"";"COLISÃO";"1,0";"0,0";"0,0";"0,0";"0,0";"0,0";"0,0";"0,0";"0,0";"1,0";"0,0";"";"";"";"";"";"";"";"";"";"";"";""
"202434768,0";"2024-12-17";"07:35:00";"COM VÍTIMA";"DUPLICIDADE";"SANTO AMARO";"AV GOVERNADOR AGAMENON MAGALHAES";"";"";"PRÓXIMO ALÇA DO VIADUTO JOÃO DE BARROS";"SANTO AMARO";"";"";"COLISÃO";"1,0";"0,0";"0,0";"1,0";"0,0";"0,0";"0,0";"0,0";"0,0";"1,0";"0,0";"";"";"";"";"";"";"";"";"";"";"";""
"202434771,0";"2024-12-17";"08:48:00";"COM VÍTIMA";"FINALIZADA";"MUSTARDINHA";"AV MANOEL GONCALVES DA LUZ";"589";"";"AUTO E MOTO";"MUSTARDINHA";"";"";"";"1,0";"1,0";"0,0";"0,0";"0,0";"0,0";"0,0";"0,0";"0,0";"1,0";"0,0";"";"";"";"";"";"";"";"";"";"";"";""
"202434773,0";"2024-12-17";"09:10:00";"VÍTIMA FATAL";"FINALIZADA";"IPSEP";"AV RECIFE";"";"";"EM FRENTE AO RESTAURANTE SAL E BRASA";"IPSEP";"";"";"COLISÃO";"0,0";"1,0";"0,0";"0,0";"0,0";"0,0";"0,0";"0,0";"0,0";"1,0";"1,0";"";"";"";"";"";"";"";"";"";"";"";""
"202434792,0";"2024-12-18";"06:54:00";"COM VÍTIMA";"FINALIZADA";"DOIS IRMAOS";"RUA DOIS IRMAOS";"";"";"EM FRENTE A ARENA DOIS IRMÃOS, PROX. AO  LAFEPE";"DOIS IRMAOS";"";"";"COLISÃO LATERAL";"1,0";"1,0";"0,0";"0,0";"0,0";"0,0";"0,0";"0,0";"0,0";"1,0";"0,0";"";"";"";"";"";"";"";"";"";"";"";""
"202434795,0";"2024-12-18";"07:33:00";"COM VÍTIMA";"FINALIZADA";"BOA VIAGEM";"RUA BALTAZAR PASSOS";"440";"";"PRÓX. A ESCOLA CULTURA INGLESA";"BOA VIAGEM";"";"";"COLISÃO";"1,0";"1,0";"0,0";"0,0";"0,0";"0,0";"0,0";"0,0";"0,0";"1,0";"0,0";"";"";"";"";"";"";"";"";"";"";"";""
"202434799,0";"2024-12-18";"08:44:00";"COM VÍTIMA";"CANCELADA";"SANTO AMARO";"AV DR JAYME DA FONTE";"1070";"";"PRÓX A COMPESA";"SANTO AMARO";"";"";"COLISÃO";"0,0";"1,0";"0,0";"0,0";"0,0";"0,0";"0,0";"0,0";"0,0";"1,0";"0,0";"";"";"";"";"";"";"";"";"";"";"";""
"202434801,0";"2024-12-18";"09:02:00";"COM VÍTIMA";"FINALIZADA";"CORDEIRO";"RUA GOMES TABORDA";"";"";"EM FRENTE A EURIVAM FERRAGFEM";"CORDEIRO";"";"";"COLISÃO";"0,0";"1,0";"0,0";"0,0";"0,0";"0,0";"0,0";"0,0";"0,0";"1,0";"0,0";"";"";"";"";"";"";"";"";"";"";"";""
"202434810,0";"2024-12-18";"09:57:00";"COM VÍTIMA";"FINALIZADA";"IPSEP";"AV RECIFE";"";"";"POSTO FEDERAL";"IPSEP";"";"";"COLISÃO";"1,0";"1,0";"0,0";"0,0";"0,0";"0,0";"0,0";"0,0";"0,0";"1,0";"0,0";"";"";"";"";"";"";"";"";"";"";"";""
"202434814,0";"2024-12-18";"10:06:00";"COM VÍTIMA";"FINALIZADA";"BOA VIAGEM";"RUA VISCONDE DE JEQUITINHONHA";"64";"";"APÓS O POSTO IPIRANGA DA PISTA OESTE, SENTIDO JABOATÃO , EM FRENTE A BOCHE";"BOA VIAGEM";"";"";"COLISÃO";"0,0";"1,0";"0,0";"0,0";"0,0";"0,0";"0,0";"0,0";"0,0";"1,0";"0,0";"";"";"";"";"";"";"";"";"";"";"";""
"202434815,0";"2024-12-18";"10:08:00";"COM VÍTIMA";"DUPLICIDADE";"IPSEP";"AV RECIFE";"14334";"";"PROX. AO POSTO DE GASOLINA FEDERAL ( SENTIDO AEROPORTO )";"IPSEP";"";"";"COLISÃO";"0,0";"1,0";"0,0";"0,0";"0,0";"0,0";"0,0";"0,0";"0,0";"1,0";"0,0";"";"";"";"";"";"";"";"";"";"";"";""
"202434817,0";"2024-12-18";"10:19:00";"COM VÍTIMA";"FINALIZADA";"AFOGADOS";"AV SUL";"";"";"APÓS A CAIXA ECONÔMICA, POLICLÍNICA DE AFOGADOS";"AFOGADOS";"";"";"COLISÃO LATERAL";"0,0";"1,0";"0,0";"0,0";"0,0";"0,0";"1,0";"0,0";"0,0";"1,0";"0,0";"";"";"";"";"";"";"";"";"";"";"";""
"202434818,0";"2024-12-18";"10:29:00";"COM VÍTIMA";"FINALIZADA";"IPUTINGA";"AV CAXANGA";"";"";"EM FRENTE AO MIX MATHEUS";"IPUTINGA";"";"";"COLISÃO TRANSVERSAL";"1,0";"1,0";"0,0";"0,0";"0,0";"0,0";"0,0";"0,0";"0,0";"1,0";"0,0";"";"";"";"";"";"";"";"";"";"";"";""
"202434819,0";"2024-12-18";"10:30:00";"SEM VÍTIMA";"FINALIZADA";"DOIS IRMAOS";"RUA DOIS IRMAOS";"";"";"HOTEL SENZALA";"DOIS IRMAOS";"";"CIDADE";"COLISÃO TRASEIRA";"2,0";"0,0";"0,0";"0,0";"0,0";"0,0";"0,0";"0,0";"0,0";"0,0";"0,0";"";"";"";"";"";"";"";"";"";"";"";""
"202434832,0";"2024-12-18";"12:16:00";"COM VÍTIMA";"FINALIZADA";"AREIAS";"AV DR JOSE RUFINO";"3014";"";"PACIENTE NA CRECHE ESCOLA TANCREDO NEVES";"AREIAS";"";"";"COLISÃO COM CICLISTA";"1,0";"0,0";"0,0";"1,0";"0,0";"0,0";"0,0";"0,0";"0,0";"1,0";"0,0";"";"";"";"";"";"";"";"";"";"";"";""
"202434856,0";"2024-12-18";"03:33:00";"COM VÍTIMA";"FINALIZADA";"VARZEA";"AV PROFESSOR ARTUR DE SA";"544";"";"PROXIMO AO CEMITERIO DA VARZEA";"VARZEA";"";"";"COLISÃO";"0,0";"1,0";"0,0";"0,0";"0,0";"0,0";"0,0";"0,0";"0,0";"1,0";"0,0";"";"";"";"";"";"";"";"";"";"";"";""
"202434870,0";"2024-12-18";"04:50:00";"COM VÍTIMA";"FINALIZADA";"BEBERIBE";"RUA COMPOSITOR VINICIUS DE MORAIS";"";"";"PROXIMO A PRAÇA DA CONVENÇÃO";"BEBERIBE";"";"";"COLISÃO";"0,0";"1,0";"0,0";"0,0";"0,0";"0,0";"0,0";"0,0";"0,0";"1,0";"0,0";"";"";"";"";"";"";"";"";"";"";"";""
"202434871,0";"2024-12-18";"04:54:00";"COM VÍTIMA";"FINALIZADA";"SANTO AMARO";"AV VISCONDE DE SUASSUNA";"";"RUA BISPO CARDOSO AYRES";"";"SANTO AMARO";"";"";"COLISÃO";"1,0";"1,0";"0,0";"0,0";"0,0";"0,0";"0,0";"0,0";"0,0";"1,0";"0,0";"";"";"";"";"";"";"";"";"";"";"";""
"202434877,0";"2024-12-18";"05:49:00";"COM VÍTIMA";"FINALIZADA";"IMBIRIBEIRA";"AV MARECHAL MASCARENHAS DE MORAES";"";"";"PROXIMO AO AEROPORTO";"IMBIRIBEIRA";"";"";"COLISÃO";"0,0";"1,0";"0,0";"0,0";"0,0";"0,0";"0,0";"0,0";"0,0";"1,0";"0,0";"";"";"";"";"";"";"";"";"";"";"";""
"202434881,0";"2024-12-18";"06:28:00";"COM VÍTIMA";"FINALIZADA";"AFOGADOS";"RUA SAO MIGUEL";"";"";"PROX A O POSTO DE GASOLINA BPP /AO LADO DA AUTO PEÇAS PADRE CICERO";"AFOGADOS";"";"";"COLISÃO";"0,0";"1,0";"0,0";"0,0";"0,0";"0,0";"0,0";"0,0";"0,0";"1,0";"0,0";"";"";"";"";"";"";"";"";"";"";"";""
"202434885,0";"2024-12-18";"06:38:00";"COM VÍTIMA";"FINALIZADA";"JARDIM SAO PAULO";"AV SAO PAULO";"580";"";"PRÓX À ESTAÇÃO DE METRÔ WERNECK";"JARDIM SAO PAULO";"";"";"COLISÃO";"0,0";"1,0";"0,0";"0,0";"0,0";"0,0";"0,0";"0,0";"0,0";"1,0";"0,0";"";"";"";"";"";"";"";"";"";"";"";""
"202434886,0";"2024-12-18";"06:39:00";"COM VÍTIMA";"FINALIZADA";"BOMBA DO HEMETERIO";"RUA BOMBA DO HEMETERIO";"635";"";"EM FRENTE AO NOVO ATACAREJO";"BOMBA DO HEMETERIO";"";"";"ATROPELAMENTO DE PESSOA";"0,0";"1,0";"0,0";"0,0";"1,0";"0,0";"0,0";"0,0";"0,0";"1,0";"0,0";"";"";"";"";"";"";"";"";"";"";"";""
"202434899,0";"2024-12-19";"12:23:00";"COM VÍTIMA";"FINALIZADA";"MADALENA";"AV VISCONDE DE ALBUQUERQUE";"753";"";"PRÓXIMO AO HOSPITAL DÁVILA";"MADALENA";"";"";"COLISÃO";"1,0";"1,0";"0,0";"0,0";"0,0";"0,0";"0,0";"0,0";"0,0";"1,0";"0,0";"";"";"";"";"";"";"";"";"";"";"";""
"202434917,0";"2024-12-19";"07:06:00";"COM VÍTIMA";"FINALIZADA";"IBURA";"RUA JOAO CORDEIRO DE SOUZA";"278";"";"LAGOA ENCANTADA ( PRÓX  A IGREJA MISSIONÁRIA,PRÓX. A ACADEMIA AERO FITNNES )";"IBURA";"";"";"COLISÃO";"0,0";"1,0";"0,0";"0,0";"0,0";"0,0";"0,0";"0,0";"0,0";"1,0";"0,0";"";"";"";"";"";"";"";"";"";"";"";""
"202434921,0";"2024-12-19";"08:01:00";"COM VÍTIMA";"FINALIZADA";"TAMARINEIRA";"AV NORTE MIGUEL ARRAES DE ALENCAR";"";"";"EM FRENTE AO ALARME CENTER, SENT. SUB/CIDADE";"TAMARINEIRA";"";"";"COLISÃO";"0,0";"1,0";"0,0";"0,0";"0,0";"0,0";"0,0";"0,0";"0,0";"1,0";"0,0";"";"";"";"";"";"";"";"";"";"";"";""
"202434927,0";"2024-12-19";"08:33:00";"COM VÍTIMA";"FINALIZADA";"BAIRRO DO RECIFE";"RUA DA AURORA";"3300";"";"APÓS O INSTITUTO TAVARES BURIL";"BAIRRO DO RECIFE";"";"";"COLISÃO";"0,0";"1,0";"0,0";"0,0";"0,0";"0,0";"0,0";"0,0";"0,0";"1,0";"0,0";"";"";"";"";"";"";"";"";"";"";"";""
"202434928,0";"2024-12-19";"08:48:00";"COM VÍTIMA";"FINALIZADA";"IPUTINGA";"AV MAURICIO DE NASSAU";"";"";"LOMBADA ELETRONICA";"IPUTINGA";"";"";"ATROPELAMENTO DE PESSOA";"1,0";"0,0";"0,0";"0,0";"1,0";"0,0";"0,0";"0,0";"0,0";"1,0";"0,0";"";"";"";"";"";"";"";"";"";"";"";""
"202434930,0";"2024-12-19";"08:58:00";"COM VÍTIMA";"FINALIZADA";"CASA AMARELA";"AV NORTE MIGUEL ARRAES DE ALENCAR";"";"";"ENTRADA DA MANGABEIRA, PROX AO TB SUPERMERCADOS";"CASA AMARELA";"96,0";"";"COLISÃO TRASEIRA";"3,0";"1,0";"0,0";"0,0";"0,0";"0,0";"0,0";"0,0";"0,0";"1,0";"0,0";"";"";"";"";"";"";"";"";"";"";"";""
"202434940,0";"2024-12-19";"09:40:00";"COM VÍTIMA";"FINALIZADA";"VASCO DA GAMA";"RUA ALTO DO EUCALIPTO";"S/N";"";"EM FRENTE AO SUPERMERCADO RENDE MAIS";"VASCO DA GAMA";"";"";"COLISÃO";"0,0";"1,0";"0,0";"0,0";"0,0";"0,0";"0,0";"0,0";"0,0";"1,0";"0,0";"";"";"";"";"";"";"";"";"";"";"";""
"202434941,0";"2024-12-19";"09:43:00";"COM VÍTIMA";"FINALIZADA";"JOANA BEZERRA";"VIADUTO CAPITAO TEMUDO";"119";"";"DENTRO DO CARRO EM CIMA DO VIADUTO CAPITAO TEMUDO SENTIDO BOA VIAGEM JOANA BEZERRA";"JOANA BEZERRA";"";"";"COLISÃO";"0,0";"1,0";"0,0";"0,0";"0,0";"0,0";"0,0";"0,0";"0,0";"1,0";"0,0";"";"";"";"";"";"";"";"";"";"";"";""
"202434942,0";"2024-12-19";"09:48:00";"COM VÍTIMA";"FINALIZADA";"BOA VIAGEM";"AV DES JOSE NEVES";"";"";"EM FRENTE A FERREIRA PINTO";"BOA VIAGEM";"";"";"COLISÃO";"3,0";"0,0";"0,0";"0,0";"0,0";"0,0";"0,0";"0,0";"0,0";"1,0";"0,0";"";"";"";"";"";"";"";"";"";"";"";""
"202434945,0";"2024-12-19";"09:50:00";"COM VÍTIMA";"FINALIZADA";"CACOTE";"RUA JORNALISTA VILMA LESSA";"";"";"APOS O FRIGORIFICO BOI QUENTE 1° A DIREITA, EM  FRENTE AO DEPOSITO DE RECICLAGEM DO MICHEL";"CACOTE";"";"";"COLISÃO";"0,0";"1,0";"0,0";"0,0";"0,0";"0,0";"0,0";"0,0";"0,0";"1,0";"0,0";"";"";"";"";"";"";"";"";"";"";"";""
"202434951,0";"2024-12-19";"10:20:00";"COM VÍTIMA";"FINALIZADA";"TAMARINEIRA";"AV NORTE MIGUEL ARRAES DE ALENCAR";"";"";".DE FRENTE AO POSTO DE GASOLINA BR PROX AO SESC";"TAMARINEIRA";"";"";"COLISÃO";"0,0";"1,0";"0,0";"0,0";"0,0";"0,0";"0,0";"0,0";"0,0";"1,0";"0,0";"";"";"";"";"";"";"";"";"";"";"";""
"202434983,0";"2024-12-19";"01:55:00";"COM VÍTIMA";"FINALIZADA";"ESPINHEIRO";"AV JOAO DE BARROS";"3387";"";"PROXIMO A CONCREPOXI ENGENHARIA";"ESPINHEIRO";"";"";"COLISÃO";"0,0";"1,0";"0,0";"0,0";"0,0";"0,0";"0,0";"0,0";"0,0";"1,0";"0,0";"";"";"";"";"";"";"";"";"";"";"";""
"202434985,0";"2024-12-19";"02:01:00";"COM VÍTIMA";"FINALIZADA";"CAXANGA";"AV CAXANGA";"4208";"";"AO LADO DA CAIXA ECONOMICA";"CAXANGA";"";"";"COLISÃO FRONTAL";"1,0";"2,0";"0,0";"0,0";"0,0";"0,0";"0,0";"0,0";"0,0";"1,0";"0,0";"";"";"";"";"";"";"";"";"";"";"";""