"Protocolo";"data";"hora";"natureza";"situacao";"bairro";"endereco";"numero";"detalhe_endereco_acidente";"complemento";"bairro_cruzamento";"num_semaforo";"sentido_via";"tipo";"auto";"moto";"ciclom";"ciclista";"pedestre";"onibus";"caminhao";"viatura";"outros";"vitimas";"vitimasfatais";"acidente_verificado";"tempo_clima";"situacao_semaforo";"sinalizacao";"condicao_via";"conservacao_via";"ponto_controle";"situacao_placa";"velocidade_max_via";"mao_direcao";"divisao_via1";"divisao_via2"
"202434986,0";"2024-12-19";"02:14:00";"COM VÍTIMA";"FINALIZADA";"IMBIRIBEIRA";"AV RECIFE";"";"";"EM FRENTE AO POSTO FEDERAL/ SENTIDO AEROPORTO";"IMBIRIBEIRA";"";"";"COLISÃO";"2,0";"0,0";"1,0";"0,0";"0,0";"1,0";"0,0";"0,0";"0,0";"2,0";"0,0";"";"";"";"";"";"";"";"";"";"";"";""
"202434992,0";"2024-12-19";"03:09:00";"COM VÍTIMA";"FINALIZADA";"GRACAS";"RUA BRUNO MAIA";"161";"";"PROXIMO A PIZZARIA ATLANTICO E AO EMPRESARIAL MANGUINHOS";"GRACAS";"";"";"COLISÃO";"0,0";"1,0";"0,0";"0,0";"0,0";"0,0";"0,0";"0,0";"0,0";"1,0";"0,0";"";"";"";"";"";"";"";"";"";"";"";""
"202434995,0";"2024-12-19";"03:41:00";"SEM VÍTIMA";"FINALIZADA";"JAQUEIRA";"AV RUI BARBOSA";"1489";"";"EM FRENTE AO CLINOP";"JAQUEIRA";"";"CIDADE";"COLISÃO TRASEIRA";"2,0";"0,0";"0,0";"0,0";"0,0";"0,0";"0,0";"0,0";"0,0";"0,0";"0,0";"";"";"";"";"";"";"";"";"";"";"";""
"202435000,0";"2024-12-19";"04:16:00";"COM VÍTIMA";"FINALIZADA";"AGUA FRIA";"RUA RAUL POMPEIA";"560";"";"EM FRENTE A ESCOLA TRIUNFO";"AGUA FRIA";"";"";"COLISÃO";"0,0";"1,0";"0,0";"0,0";"0,0";"0,0";"0,0";"0,0";"0,0";"1,0";"0,0";"";"";"";"";"";"";"";"";"";"";"";""
"202435004,0";"2024-12-19";"05:00:00";"COM VÍTIMA";"FINALIZADA";"CAMPO GRANDE";"RUA ODORICO MENDES";"126";"";"PROX AO CLUBE  DAS PAS";"CAMPO GRANDE";"";"";"COLISÃO LATERAL";"1,0";"1,0";"0,0";"0,0";"0,0";"0,0";"0,0";"0,0";"0,0";"2,0";"0,0";"";"";"";"";"";"";"";"";"";"";"";""
"202435005,0";"2024-12-19";"05:07:00";"COM VÍTIMA";"FINALIZADA";"BOA VIAGEM";"AVENIDA CELSO FURTADO (VIA MANGUE)";"";"";"SENTIDO PIEDADE";"BOA VIAGEM";"";"";"COLISÃO";"0,0";"0,0";"0,0";"0,0";"0,0";"0,0";"0,0";"0,0";"0,0";"1,0";"0,0";"";"";"";"";"";"";"";"";"";"";"";""
"202435006,0";"2024-12-19";"05:19:00";"COM VÍTIMA";"FINALIZADA";"BOA VIAGEM";"VIADUTO TANCREDO NEVES";"";"";"VIADUTO TANCREDO NEVES E PROXIMO A CHURRASCARIA SAL E BRASA";"BOA VIAGEM";"";"";"COLISÃO";"0,0";"0,0";"0,0";"0,0";"0,0";"0,0";"0,0";"0,0";"0,0";"1,0";"0,0";"";"";"";"";"";"";"";"";"";"";"";""
"202435015,0";"2024-12-19";"06:55:00";"VÍTIMA FATAL";"FINALIZADA";"VARZEA";"RUA VALE DO SIRIJI";"1256";"";"PX CAMPO DA GRAJA//PX ESCOLA MUNICIPAL UR7 VARZEA";"VARZEA";"";"";"COLISÃO";"0,0";"1,0";"0,0";"0,0";"0,0";"0,0";"0,0";"0,0";"0,0";"1,0";"1,0";"";"";"";"";"";"";"";"";"";"";"";""
"202435016,0";"2024-12-19";"06:56:00";"COM VÍTIMA";"FINALIZADA";"SANTO AMARO";"AV GOVERNADOR AGAMENON MAGALHAES";"";"";"PROX A REITORIA DA FEDERAL/ NA DESCIDA DO VIADUTO JOAO DE BARROS";"SANTO AMARO";"";"";"COLISÃO";"0,0";"1,0";"0,0";"0,0";"0,0";"0,0";"0,0";"0,0";"0,0";"1,0";"0,0";"";"";"";"";"";"";"";"";"";"";"";""
"202435026,0";"2024-12-20";"01:38:00";"COM VÍTIMA";"FINALIZADA";"IPUTINGA";"AV MAURICIO DE NASSAU";"";"";"EM FRENTE AO ALTINO VENTURA";"IPUTINGA";"";"";"COLISÃO";"2,0";"0,0";"0,0";"0,0";"0,0";"0,0";"0,0";"0,0";"0,0";"3,0";"0,0";"";"";"";"";"";"";"";"";"";"";"";""
"202435042,0";"2024-12-20";"07:11:00";"COM VÍTIMA";"FINALIZADA";"JARDIM SAO PAULO";"AV SAO PAULO";"1670";"";"EM FRENTE AO NUMERO 1080 ( SENTIDO BR  ) , PROX AO DOCE SABOR DISTRIBUIDORA";"JARDIM SAO PAULO";"";"";"COLISÃO";"1,0";"0,0";"0,0";"0,0";"0,0";"0,0";"0,0";"0,0";"0,0";"1,0";"0,0";"";"";"";"";"";"";"";"";"";"";"";""
"202435046,0";"2024-12-20";"08:14:00";"COM VÍTIMA";"FINALIZADA";"VARZEA";"RUA GENERAL POLIDORO";"367";"";"EM FRENTE AO SUPERMERCADO SUPER TOP ( SENTIDO CDU )";"VARZEA";"";"";"COLISÃO";"0,0";"1,0";"0,0";"0,0";"0,0";"0,0";"0,0";"0,0";"0,0";"1,0";"0,0";"";"";"";"";"";"";"";"";"";"";"";""
"202435047,0";"2024-12-20";"08:19:00";"COM VÍTIMA";"FINALIZADA";"ROSARINHO";"RUA TREZE DE JUNHO";"12";"";"PROX AO POSTO BR DA AV. NORTE, PRÓX AO EMPORIO PONTO VERDE";"ROSARINHO";"";"";"COLISÃO LATERAL";"1,0";"0,0";"0,0";"1,0";"0,0";"0,0";"0,0";"0,0";"0,0";"1,0";"0,0";"";"";"";"";"";"";"";"";"";"";"";""
"202435056,0";"2024-12-20";"10:02:00";"COM VÍTIMA";"FINALIZADA";"JORDAO";"RUA BOANERGES PEREIRA";"";"";"PROX. AO COLEGIO FERNANDO SANTA CRUZ";"JORDAO";"";"";"COLISÃO";"0,0";"1,0";"0,0";"0,0";"0,0";"0,0";"0,0";"0,0";"0,0";"1,0";"0,0";"";"";"";"";"";"";"";"";"";"";"";""
"202435059,0";"2024-12-20";"10:12:00";"COM VÍTIMA";"FINALIZADA";"BOA VIAGEM";"RUA COPACABANA";"SN";"";"PROX. AO ARMAZÉM SETUBAL ( ANTIGO TERMINAL DE ÔNIBUS )";"BOA VIAGEM";"";"";"COLISÃO";"0,0";"1,0";"0,0";"0,0";"0,0";"0,0";"0,0";"0,0";"0,0";"1,0";"0,0";"";"";"";"";"";"";"";"";"";"";"";""
"202435062,0";"2024-12-20";"10:33:00";"COM VÍTIMA";"FINALIZADA";"CASA FORTE";"AV DEZESSETE DE AGOSTO";"1359";"";"PRÓX. AO CENTRO MÉDIO SEN. JOSE ERMÍRIO DE MORAES, PRÓX AO POSTO  DISLUB";"CASA FORTE";"";"";"COLISÃO";"0,0";"1,0";"0,0";"0,0";"0,0";"0,0";"0,0";"0,0";"0,0";"1,0";"0,0";"";"";"";"";"";"";"";"";"";"";"";""
"202435073,0";"2024-12-20";"11:47:00";"COM VÍTIMA";"FINALIZADA";"BOA VIAGEM";"RUA DOS NAVEGANTES";"";"";"EM FRENTE AO PARK HOTEL";"BOA VIAGEM";"";"";"COLISÃO";"0,0";"1,0";"0,0";"0,0";"0,0";"0,0";"0,0";"0,0";"0,0";"1,0";"0,0";"";"";"";"";"";"";"";"";"";"";"";""
"202435075,0";"2024-12-20";"11:54:00";"SEM VÍTIMA";"FINALIZADA";"IMBIRIBEIRA";"AV MARECHAL MASCARENHAS DE MORAES";"3547";"";"MARDISA";"IMBIRIBEIRA";"289,0";"CIDADE";"COLISÃO";"1,0";"0,0";"0,0";"0,0";"0,0";"0,0";"1,0";"0,0";"0,0";"0,0";"0,0";"";"";"";"";"";"";"";"";"";"";"";""
"202435078,0";"2024-12-20";"12:19:00";"COM VÍTIMA";"FINALIZADA";"JARDIM SAO PAULO";"AV RECIFE";"12902";"";"PM DISTRIBUIDORA ( PROX A JUSTIÇA FEDERAL )";"JARDIM SAO PAULO";"";"";"COLISÃO";"0,0";"1,0";"0,0";"0,0";"0,0";"0,0";"0,0";"0,0";"0,0";"1,0";"0,0";"";"";"";"";"";"";"";"";"";"";"";""
"202435084,0";"2024-12-20";"12:57:00";"COM VÍTIMA";"DUPLICIDADE";"AREIAS";"AV RECIFE";"";"";"PROX A CEASA, PROX A JUSTIÇA FEDERAL";"AREIAS";"";"";"COLISÃO";"0,0";"1,0";"0,0";"0,0";"0,0";"0,0";"0,0";"0,0";"0,0";"1,0";"0,0";"";"";"";"";"";"";"";"";"";"";"";""
"202435093,0";"2024-12-20";"01:47:00";"COM VÍTIMA";"FINALIZADA";"ENCRUZILHADA";"RUA DONA ELVIRA";"115";"";"NA RUA DA QUITANDARIA";"ENCRUZILHADA";"";"";"COLISÃO LATERAL";"1,0";"1,0";"0,0";"0,0";"0,0";"0,0";"0,0";"0,0";"0,0";"1,0";"0,0";"";"";"";"";"";"";"";"";"";"";"";""
"202435105,0";"2024-12-20";"02:19:00";"COM VÍTIMA";"FINALIZADA";"FUNDAO";"AV BEBERIBE";"";"";"PROXIMO A AUTO ESCOLA PILOTO";"FUNDAO";"";"";"COLISÃO TRASEIRA";"1,0";"1,0";"0,0";"0,0";"0,0";"0,0";"0,0";"0,0";"0,0";"1,0";"0,0";"";"";"";"";"";"";"";"";"";"";"";""
"202435123,0";"2024-12-20";"04:03:00";"COM VÍTIMA";"FINALIZADA";"PINA";"AV ANTONIO DE GOES";"";"";"EM FRENTE AO DNIT";"PINA";"";"";"COLISÃO";"0,0";"1,0";"0,0";"0,0";"0,0";"0,0";"0,0";"0,0";"0,0";"1,0";"0,0";"";"";"";"";"";"";"";"";"";"";"";""
"202435125,0";"2024-12-20";"04:16:00";"COM VÍTIMA";"FINALIZADA";"IBURA";"AV DOIS RIOS";"722";"";"EM FRENTE FARMACIA DO TRABALHADOR";"IBURA";"";"";"COLISÃO FRONTAL";"0,0";"2,0";"0,0";"0,0";"0,0";"0,0";"0,0";"0,0";"0,0";"2,0";"0,0";"";"";"";"";"";"";"";"";"";"";"";""
"202435128,0";"2024-12-20";"05:01:00";"COM VÍTIMA";"FINALIZADA";"MADALENA";"RUA JOSE OSORIO";"124";"";"EMPORIO DOS DOCES";"MADALENA";"";"";"COLISÃO TRASEIRA";"1,0";"1,0";"0,0";"0,0";"0,0";"0,0";"0,0";"0,0";"0,0";"1,0";"0,0";"";"";"";"";"";"";"";"";"";"";"";""
"202435137,0";"2024-12-20";"05:49:00";"COM VÍTIMA";"FINALIZADA";"IBURA";"AV MANAUS";"94";"";"ATRAS DO CLUBE NACIONAL E AO SUPERMERCADO SANTA CLARA";"IBURA";"";"";"COLISÃO LATERAL";"1,0";"1,0";"0,0";"0,0";"0,0";"0,0";"0,0";"0,0";"0,0";"1,0";"0,0";"";"";"";"";"";"";"";"";"";"";"";""
"202435138,0";"2024-12-20";"06:28:00";"COM VÍTIMA";"FINALIZADA";"JARDIM SAO PAULO";"AV PIRACICABA";"409";"";"PROX AO TERMINAL DE JARDIM SAO PAULO";"JARDIM SAO PAULO";"";"";"COLISÃO LATERAL";"1,0";"1,0";"0,0";"0,0";"0,0";"0,0";"0,0";"0,0";"0,0";"1,0";"0,0";"";"";"";"";"";"";"";"";"";"";"";""
"202435142,0";"2024-12-20";"08:13:00";"SEM VÍTIMA";"FINALIZADA";"CORDEIRO";"AV CAXANGA";"";"";"FINAL DO PARQUE DE  EXPOSIÇÃO";"CORDEIRO";"";"";"COLISÃO LATERAL";"1,0";"1,0";"0,0";"0,0";"0,0";"0,0";"0,0";"0,0";"0,0";"0,0";"0,0";"";"";"";"";"";"";"";"";"";"";"";""
"202435145,0";"2024-12-20";"09:49:00";"COM VÍTIMA";"FINALIZADA";"CORDEIRO";"AV CAXANGA";"";"";"PROX À EXPOSIÇÃO DE ANIMAIS DO CORDEIRO";"CORDEIRO";"";"";"COLISÃO FRONTAL";"1,0";"0,0";"0,0";"0,0";"1,0";"0,0";"0,0";"0,0";"0,0";"1,0";"0,0";"";"";"";"";"";"";"";"";"";"";"";""
"202435164,0";"2024-12-21";"06:17:00";"COM VÍTIMA";"FINALIZADA";"BOA VIAGEM";"RUA ARTUR MUNIZ";"130";"";"EM FRENTE AO POSTO BR";"BOA VIAGEM";"";"";"ATROPELAMENTO DE PESSOA";"1,0";"0,0";"0,0";"0,0";"1,0";"0,0";"0,0";"0,0";"0,0";"1,0";"0,0";"";"";"";"";"";"";"";"";"";"";"";""
"202435166,0";"2024-12-21";"06:35:00";"COM VÍTIMA";"FINALIZADA";"IPSEP";"AV RECIFE";"";"";"PROX. AO RESTAURANTE SAL E BRASA";"IPSEP";"";"";"COLISÃO";"0,0";"1,0";"0,0";"0,0";"0,0";"0,0";"0,0";"0,0";"0,0";"1,0";"0,0";"";"";"";"";"";"";"";"";"";"";"";""
"202435168,0";"2024-12-21";"08:01:00";"COM VÍTIMA";"FINALIZADA";"CAMPO GRANDE";"RUA JERONIMO VILELA";"";"RUA MARQUES DE BAIPENDI";"PROX AO BAR DO ZE, MERCADINHO DEUS É BOM";"CAMPO GRANDE";"";"";"COLISÃO LATERAL";"1,0";"1,0";"0,0";"0,0";"0,0";"0,0";"0,0";"0,0";"0,0";"1,0";"0,0";"";"";"";"";"";"";"";"";"";"";"";""
"202435171,0";"2024-12-21";"08:23:00";"COM VÍTIMA";"FINALIZADA";"DOIS IRMAOS";"RUA MANUEL DE MEDEIROS";"";"";"PROX. AO BAR DA CURVA, EM FRENTE A COMPESA";"DOIS IRMAOS";"";"";"COLISÃO";"0,0";"1,0";"0,0";"0,0";"0,0";"0,0";"0,0";"0,0";"0,0";"1,0";"0,0";"";"";"";"";"";"";"";"";"";"";"";""
"202435172,0";"2024-12-21";"08:26:00";"COM VÍTIMA";"FINALIZADA";"MADALENA";"RUA BENFICA";"413";"";"PROX. AO BOMPREÇO, EM FRNTE A  BOSCH SERVIÇOS";"MADALENA";"";"";"COLISÃO";"1,0";"1,0";"0,0";"0,0";"0,0";"0,0";"0,0";"0,0";"0,0";"1,0";"0,0";"";"";"";"";"";"";"";"";"";"";"";""
"202435181,0";"2024-12-21";"10:48:00";"COM VÍTIMA";"FINALIZADA";"IPUTINGA";"AV MAURICIO DE NASSAU";"";"";"POR TRAS DA EXPOSIÇÃO DE ANIMAIS, APOS O ALTINO VENTURA";"IPUTINGA";"";"";"COLISÃO";"0,0";"1,0";"0,0";"0,0";"0,0";"0,0";"0,0";"0,0";"0,0";"1,0";"0,0";"";"";"";"";"";"";"";"";"";"";"";""
"202435188,0";"2024-12-21";"11:40:00";"COM VÍTIMA";"FINALIZADA";"AGUA FRIA";"RUA DA REGENERACAO";"1147";"";"PROX. A ANTIGA COCA-COLA";"AGUA FRIA";"";"";"COLISÃO";"0,0";"1,0";"0,0";"0,0";"0,0";"0,0";"0,0";"0,0";"0,0";"1,0";"0,0";"";"";"";"";"";"";"";"";"";"";"";""
"202435198,0";"2024-12-21";"12:34:00";"SEM VÍTIMA";"FINALIZADA";"ROSARINHO";"RUA HIPOLITO BRAGA";"163";"";"E/F AO EDF TORRES DO ROSARINHO";"ROSARINHO";"";"";"COLISÃO LATERAL";"2,0";"0,0";"0,0";"0,0";"0,0";"0,0";"0,0";"0,0";"0,0";"0,0";"0,0";"";"";"";"";"";"";"";"";"";"";"";""
"202435203,0";"2024-12-21";"01:29:00";"COM VÍTIMA";"FINALIZADA";"VARZEA";"AV AFONSO OLINDENSE";"730";"";"PROX AO NOVO ATACAREJO";"VARZEA";"";"";"COLISÃO LATERAL";"1,0";"1,0";"0,0";"0,0";"0,0";"0,0";"0,0";"0,0";"0,0";"1,0";"0,0";"";"";"";"";"";"";"";"";"";"";"";""
"202435208,0";"2024-12-21";"02:09:00";"COM VÍTIMA";"FINALIZADA";"BOA VIAGEM";"AV CONSELHEIRO AGUIAR";"3864";"";"PROX A LOJA GRILO";"BOA VIAGEM";"";"";"COLISÃO";"0,0";"1,0";"0,0";"0,0";"0,0";"0,0";"0,0";"0,0";"0,0";"1,0";"0,0";"";"";"";"";"";"";"";"";"";"";"";""
"202435209,0";"2024-12-21";"02:12:00";"COM VÍTIMA";"FINALIZADA";"TORRE";"RUA JOSE BONIFACIO";"";"";"APOS A PONTE DO  CARREFOUR  PROX A IGRJA DOS MORMOS";"TORRE";"";"";"COLISÃO";"0,0";"1,0";"0,0";"0,0";"0,0";"0,0";"0,0";"0,0";"0,0";"1,0";"0,0";"";"";"";"";"";"";"";"";"";"";"";""
"202435213,0";"2024-12-21";"02:45:00";"SEM VÍTIMA";"FINALIZADA";"LINHA DO TIRO";"RUA MARCIA MENDES";"";"";"SUB ESTAÇÃO ELÉTRICA DE BEBERIBE";"LINHA DO TIRO";"";"";"COLISÃO LATERAL";"0,0";"1,0";"0,0";"0,0";"0,0";"0,0";"0,0";"1,0";"0,0";"0,0";"0,0";"";"";"";"";"";"";"";"";"";"";"";""
"202435217,0";"2024-12-21";"03:54:00";"COM VÍTIMA";"FINALIZADA";"IMBIRIBEIRA";"AV MARECHAL MASCARENHAS DE MORAES";"";"";"PROX  A FACULDADE UNIVERSO  E  ACADEMIA SKY FIT";"IMBIRIBEIRA";"";"";"COLISÃO";"0,0";"1,0";"0,0";"0,0";"0,0";"0,0";"0,0";"0,0";"0,0";"1,0";"0,0";"";"";"";"";"";"";"";"";"";"";"";""
"202435219,0";"2024-12-21";"04:24:00";"COM VÍTIMA";"FINALIZADA";"IPSEP";"RUA ITAIMBE";"245A";"";"PROX A LOJA MEU SOFÁ";"IPSEP";"";"";"COLISÃO LATERAL";"0,0";"2,0";"0,0";"0,0";"0,0";"0,0";"0,0";"0,0";"0,0";"1,0";"0,0";"";"";"";"";"";"";"";"";"";"";"";""
"202435222,0";"2024-12-21";"05:33:00";"COM VÍTIMA";"FINALIZADA";"IBURA";"RUA EXP FRANCISCO VITORIANO";"130";"";"IBURA DE CIMA E/F AO IBURA GESSO";"IBURA";"";"";"COLISÃO";"0,0";"0,0";"0,0";"0,0";"0,0";"0,0";"0,0";"0,0";"0,0";"1,0";"0,0";"";"";"";"";"";"";"";"";"";"";"";""
"202435231,0";"2024-12-21";"07:17:00";"COM VÍTIMA";"FINALIZADA";"IMBIRIBEIRA";"AV MARECHAL MASCARENHAS DE MORAES";"";"";"EM FRENTE A GRANVIA";"IMBIRIBEIRA";"";"";"COLISÃO";"1,0";"1,0";"0,0";"0,0";"0,0";"0,0";"0,0";"0,0";"0,0";"1,0";"0,0";"";"";"";"";"";"";"";"";"";"";"";""
"202435248,0";"2024-12-22";"06:31:00";"COM VÍTIMA";"FINALIZADA";"BOA VIAGEM";"AV CONSELHEIRO AGUIAR";"";"";"";"BOA VIAGEM";"";"";"COLISÃO";"1,0";"0,0";"0,0";"0,0";"0,0";"1,0";"0,0";"0,0";"0,0";"1,0";"0,0";"";"";"";"";"";"";"";"";"";"";"";""
"202435250,0";"2024-12-22";"06:39:00";"COM VÍTIMA";"FINALIZADA";"NOVA DESCOBERTA";"AV VEREADOR OTACILIO AZEVEDO";"";"";"PROX A UPA";"NOVA DESCOBERTA";"";"";"COLISÃO";"0,0";"1,0";"0,0";"0,0";"0,0";"0,0";"0,0";"0,0";"0,0";"1,0";"0,0";"";"";"";"";"";"";"";"";"";"";"";""
"202435252,0";"2024-12-22";"06:49:00";"COM VÍTIMA";"FINALIZADA";"IMBIRIBEIRA";"AV GENERAL MAC ARTHUR";"";"";"EM BAIXO DO PONTILHÃO DA ESTAÇÃO ANTONIO FALCÃO";"IMBIRIBEIRA";"";"";"COLISÃO";"2,0";"0,0";"0,0";"0,0";"0,0";"0,0";"0,0";"0,0";"0,0";"1,0";"0,0";"";"";"";"";"";"";"";"";"";"";"";""
"202435253,0";"2024-12-22";"06:52:00";"COM VÍTIMA";"FINALIZADA";"DOIS UNIDOS";"AV HILDEBRANDO DE VASCONCELOS";"";"";"PROX A PONTE  DE DOIS UNIDOS";"DOIS UNIDOS";"";"";"COLISÃO";"1,0";"1,0";"0,0";"0,0";"0,0";"0,0";"0,0";"0,0";"0,0";"1,0";"0,0";"";"";"";"";"";"";"";"";"";"";"";""
"202435257,0";"2024-12-22";"07:14:00";"COM VÍTIMA";"FINALIZADA";"PORTO DA MADEIRA";"RUA DALVA DE OLIVEIRA";"157";"";"EM FRENTE AO ANTIGO SEST DE BEBERIBE";"PORTO DA MADEIRA";"";"";"COLISÃO";"0,0";"1,0";"0,0";"0,0";"0,0";"0,0";"0,0";"0,0";"0,0";"1,0";"0,0";"";"";"";"";"";"";"";"";"";"";"";""
"202435258,0";"2024-12-22";"07:14:00";"COM VÍTIMA";"DUPLICIDADE";"BEBERIBE";"RUA DALVA DE OLIVEIRA";"";"";"CRUZAMENTO COM A RUA DALVA DE OLIVEIRA, EM FRENTE AO RESTAURANTE A FAVA, PROX A PANIFICADORA PAN RAINHA";"BEBERIBE";"";"";"COLISÃO";"0,0";"1,0";"0,0";"0,0";"0,0";"0,0";"0,0";"0,0";"0,0";"1,0";"0,0";"";"";"";"";"";"";"";"";"";"";"";""
"202435259,0";"2024-12-22";"08:24:00";"COM VÍTIMA";"FINALIZADA";"IMBIRIBEIRA";"AV MARECHAL MASCARENHAS DE MORAES";"";"";"DISPOR DISTRIBUIDORA DE ISOPOR// EM FRENTE AO HOTEL AEROPORTO";"IMBIRIBEIRA";"471,0";"";"COLISÃO";"1,0";"1,0";"0,0";"0,0";"0,0";"0,0";"0,0";"0,0";"0,0";"1,0";"0,0";"";"";"";"";"";"";"";"";"";"";"";""
"202435268,0";"2024-12-22";"10:50:00";"COM VÍTIMA";"FINALIZADA";"BOA VIAGEM";"AV ENGENHEIRO DOMINGOS FERREIRA";"";"";"EM FRENTE A DELEGACIA DE BOA VIAGEM,";"BOA VIAGEM";"";"";"COLISÃO";"1,0";"1,0";"0,0";"0,0";"0,0";"0,0";"0,0";"0,0";"0,0";"1,0";"0,0";"";"";"";"";"";"";"";"";"";"";"";""
"202435272,0";"2024-12-22";"11:28:00";"COM VÍTIMA";"DUPLICIDADE";"BOA VIAGEM";"AV ENGENHEIRO DOMINGOS FERREIRA";"";"";"EM FRENTE A DELEGACIA DE BOA VIAGEM";"BOA VIAGEM";"";"";"COLISÃO";"0,0";"1,0";"0,0";"0,0";"0,0";"0,0";"0,0";"0,0";"0,0";"1,0";"0,0";"";"";"";"";"";"";"";"";"";"";"";""
"202435274,0";"2024-12-22";"12:31:00";"COM VÍTIMA";"FINALIZADA";"IPSEP";"RUA VIRGINIA HERACLIO";"575";"";"PROXIMO A ACADEMIA GOLFINHOS E AO BATALHÃO DA PM";"IPSEP";"";"";"COLISÃO";"0,0";"1,0";"0,0";"0,0";"0,0";"0,0";"0,0";"0,0";"0,0";"1,0";"0,0";"";"";"";"";"";"";"";"";"";"";"";""
"202435288,0";"2024-12-22";"04:32:00";"COM VÍTIMA";"FINALIZADA";"CAXANGA";"EST DO BARBALHO";"";"AV CAXANGA";"EM FRENTE AO MIX MATEUS";"CAXANGA";"";"";"COLISÃO LATERAL";"1,0";"1,0";"0,0";"0,0";"0,0";"0,0";"0,0";"0,0";"0,0";"1,0";"0,0";"";"";"";"";"";"";"";"";"";"";"";""
"202435289,0";"2024-12-22";"04:48:00";"COM VÍTIMA";"FINALIZADA";"NOVA DESCOBERTA";"AV DR EURICO CHAVES";"";"AV NORTE MIGUEL ARRAES DE ALENCAR";"PROXIMO A GLACIAL SORVETE E FARMACIA MANDACARU";"NOVA DESCOBERTA";"65,0";"";"ATROPELAMENTO DE PESSOA";"0,0";"0,0";"0,0";"0,0";"1,0";"1,0";"0,0";"0,0";"0,0";"1,0";"0,0";"";"";"";"";"";"";"";"";"";"";"";""
"202435292,0";"2024-12-22";"05:02:00";"COM VÍTIMA";"FINALIZADA";"IMBIRIBEIRA";"AV MARECHAL MASCARENHAS DE MORAES";"";"";"EM FRENTE AO HOTEL IBIS E AO AEROPORTO";"IMBIRIBEIRA";"";"";"COLISÃO";"0,0";"1,0";"0,0";"0,0";"0,0";"0,0";"0,0";"0,0";"0,0";"1,0";"0,0";"";"";"";"";"";"";"";"";"";"";"";""
"202435297,0";"2024-12-22";"06:10:00";"COM VÍTIMA";"FINALIZADA";"BAIRRO DO RECIFE";"CAIS DO APOLO";"";"";"";"BAIRRO DO RECIFE";"";"";"COLISÃO";"1,0";"1,0";"0,0";"0,0";"0,0";"0,0";"0,0";"0,0";"0,0";"1,0";"0,0";"";"";"";"";"";"";"";"";"";"";"";""
"202435299,0";"2024-12-22";"06:28:00";"COM VÍTIMA";"FINALIZADA";"BONGI";"AV ENGENHEIRO ABDIAS DE CARVALHO";"6145";"";"EM FRENTE AO COMPAZ";"BONGI";"";"";"COLISÃO";"0,0";"1,0";"0,0";"0,0";"0,0";"0,0";"0,0";"0,0";"0,0";"1,0";"0,0";"";"";"";"";"";"";"";"";"";"";"";""
"202435307,0";"2024-12-22";"09:23:00";"COM VÍTIMA";"FINALIZADA";"CASA AMARELA";"AV NORTE MIGUEL ARRAES DE ALENCAR";"";"";"AO LADO DO PARQUE DA MACAXEIRA";"CASA AMARELA";"";"CIDADE";"COLISÃO TRANSVERSAL";"1,0";"1,0";"0,0";"0,0";"0,0";"0,0";"0,0";"0,0";"0,0";"1,0";"0,0";"";"";"";"";"";"";"";"";"";"";"";""
"202435309,0";"2024-12-22";"10:41:00";"COM VÍTIMA";"FINALIZADA";"IMBIRIBEIRA";"AV ANTONIO TORRES GALVAO";"221";"RUA SARGENTO SILVINO DE MACEDO";"EM  FRENTE A IGREJA EPISCOPAL";"IMBIRIBEIRA";"442,0";"";"COLISÃO";"1,0";"1,0";"0,0";"0,0";"0,0";"0,0";"0,0";"0,0";"0,0";"1,0";"0,0";"";"";"";"";"";"";"";"";"";"";"";""
"202435332,0";"2024-12-23";"07:58:00";"COM VÍTIMA";"FINALIZADA";"SANTO AMARO";"AV PREFEITO ARTUR LIMA CAVALCANTI";"";"";"POR TRÁS DO COLÉGIO ETE, PRÓX. AO CEMITÉRIO DOS INGLESES";"SANTO AMARO";"";"";"COLISÃO";"0,0";"1,0";"0,0";"0,0";"0,0";"0,0";"0,0";"0,0";"0,0";"1,0";"0,0";"";"";"";"";"";"";"";"";"";"";"";""
"202435334,0";"2024-12-23";"08:00:00";"COM VÍTIMA";"FINALIZADA";"BOA VIAGEM";"AVENIDA CELSO FURTADO (VIA MANGUE)";"";"";"PROX. AO ASSAI ATACADOSTA, SENT. PINA";"BOA VIAGEM";"";"";"COLISÃO";"0,0";"1,0";"0,0";"0,0";"0,0";"0,0";"0,0";"0,0";"0,0";"1,0";"0,0";"";"";"";"";"";"";"";"";"";"";"";""
"202435339,0";"2024-12-23";"08:36:00";"COM VÍTIMA";"FINALIZADA";"SANTO AMARO";"AV CRUZ CABUGA";"";"";"";"SANTO AMARO";"";"";"COLISÃO";"0,0";"1,0";"0,0";"0,0";"0,0";"0,0";"0,0";"1,0";"0,0";"1,0";"0,0";"";"";"";"";"";"";"";"";"";"";"";""
"202435343,0";"2024-12-23";"08:49:00";"COM VÍTIMA";"DUPLICIDADE";"SANTO AMARO";"AV CRUZ CABUGA";"";"";"NA FRENTE DA IGREJA UNIVERSAL";"SANTO AMARO";"";"";"COLISÃO";"0,0";"1,0";"0,0";"0,0";"0,0";"0,0";"0,0";"1,0";"0,0";"1,0";"0,0";"";"";"";"";"";"";"";"";"";"";"";""