"Protocolo";"data";"hora";"natureza";"situacao";"bairro";"endereco";"numero";"detalhe_endereco_acidente";"complemento";"bairro_cruzamento";"num_semaforo";"sentido_via";"tipo";"auto";"moto";"ciclom";"ciclista";"pedestre";"onibus";"caminhao";"viatura";"outros";"vitimas";"vitimasfatais";"acidente_verificado";"tempo_clima";"situacao_semaforo";"sinalizacao";"condicao_via";"conservacao_via";"ponto_controle";"situacao_placa";"velocidade_max_via";"mao_direcao";"divisao_via1";"divisao_via2"
"202435344,0";"2024-12-23";"08:53:00";"COM VÍTIMA";"FINALIZADA";"MADALENA";"RUA BENFICA";"411";"";"EM FRENTE A CLINICA OFTALMAX";"MADALENA";"";"";"COLISÃO";"0,0";"1,0";"0,0";"0,0";"0,0";"0,0";"0,0";"0,0";"0,0";"1,0";"0,0";"";"";"";"";"";"";"";"";"";"";"";""
"202435348,0";"2024-12-23";"09:22:00";"COM VÍTIMA";"DUPLICIDADE";"AFOGADOS";"RUA SAO MIGUEL";"";"";"PRÓXIMO À HONDA, SENTIDO AFOGADOS.";"AFOGADOS";"";"";"COLISÃO";"0,0";"2,0";"0,0";"0,0";"0,0";"0,0";"0,0";"0,0";"0,0";"1,0";"0,0";"";"";"";"";"";"";"";"";"";"";"";""
"202435349,0";"2024-12-23";"09:28:00";"COM VÍTIMA";"FINALIZADA";"AREIAS";"AV DR JOSE RUFINO";"";"";"VIA PUBLICA PROX A HONDA";"AREIAS";"";"";"COLISÃO";"0,0";"1,0";"0,0";"0,0";"0,0";"0,0";"0,0";"0,0";"0,0";"1,0";"0,0";"";"";"";"";"";"";"";"";"";"";"";""
"202435351,0";"2024-12-23";"09:32:00";"COM VÍTIMA";"FINALIZADA";"SANTO ANTONIO";"PTE PRINCESA IZABEL";"";"";"NA PONTE PRINCESA ISABEL";"SANTO ANTONIO";"";"";"COLISÃO";"0,0";"1,0";"0,0";"0,0";"0,0";"0,0";"0,0";"0,0";"0,0";"1,0";"0,0";"";"";"";"";"";"";"";"";"";"";"";""
"202435352,0";"2024-12-23";"09:35:00";"COM VÍTIMA";"FINALIZADA";"BOA VIAGEM";"AV ENGENHEIRO DOMINGOS FERREIRA";"2594";"";"PROX A LOJA ARTEX";"BOA VIAGEM";"";"";"COLISÃO";"0,0";"1,0";"0,0";"0,0";"0,0";"0,0";"0,0";"0,0";"0,0";"1,0";"0,0";"";"";"";"";"";"";"";"";"";"";"";""
"202435353,0";"2024-12-23";"09:42:00";"COM VÍTIMA";"FINALIZADA";"CORDEIRO";"AV CAXANGA";"9795";"";"SENTIDO CIDADE PROX A EXPOSICAO DE ANIMAIS ( ESQUINA DA AV. DO FORTE )";"CORDEIRO";"";"";"COLISÃO TRASEIRA";"0,0";"1,0";"0,0";"0,0";"0,0";"0,0";"0,0";"0,0";"0,0";"1,0";"0,0";"";"";"";"";"";"";"";"";"";"";"";""
"202435354,0";"2024-12-23";"09:53:00";"COM VÍTIMA";"FINALIZADA";"BONGI";"AV ENGENHEIRO ABDIAS DE CARVALHO";"";"";"DEPOIS DO NOVO ATACAREJO ( SENTIDO CIDADE )  , EM FRENTE A UMA LOJA DE PISCINA SPLASH";"BONGI";"";"";"COLISÃO TRASEIRA";"4,0";"0,0";"0,0";"0,0";"0,0";"0,0";"0,0";"0,0";"0,0";"1,0";"0,0";"";"";"";"";"";"";"";"";"";"";"";""
"202435357,0";"2024-12-23";"10:14:00";"COM VÍTIMA";"FINALIZADA";"NOVA DESCOBERTA";"RUA ALTO DA QUEIMADA";"693";"";"APÓS O ANTIGO LAVA JATO DE MAMIS ( NA DESCIDA DA BARRACA DE TOTA )";"NOVA DESCOBERTA";"";"";"COLISÃO";"0,0";"1,0";"0,0";"0,0";"0,0";"0,0";"0,0";"0,0";"0,0";"1,0";"0,0";"";"";"";"";"";"";"";"";"";"";"";""
"202435358,0";"2024-12-23";"10:14:00";"COM VÍTIMA";"FINALIZADA";"ESTANCIA";"AV ESTANCIA";"271";"";"VIADUTO ULISSES GUIMARÃES ( SENTIDO BOA VIAGEM )";"ESTANCIA";"";"";"COLISÃO";"0,0";"1,0";"0,0";"0,0";"0,0";"0,0";"0,0";"0,0";"0,0";"1,0";"0,0";"";"";"";"";"";"";"";"";"";"";"";""
"202435360,0";"2024-12-23";"10:29:00";"COM VÍTIMA";"FINALIZADA";"SANTO AMARO";"AV GOVERNADOR AGAMENON MAGALHAES";"S/N";"";"PRÓX. AO CAMPO DO 11 ( SENTIDO OLINDA )";"SANTO AMARO";"";"";"COLISÃO";"0,0";"1,0";"0,0";"0,0";"0,0";"0,0";"0,0";"0,0";"0,0";"1,0";"0,0";"";"";"";"";"";"";"";"";"";"";"";""
"202435362,0";"2024-12-23";"10:42:00";"COM VÍTIMA";"FINALIZADA";"PINA";"AVENIDA CELSO FURTADO (VIA MANGUE)";"";"";"SENT. CIDADE  APOS A LOMBADA ELETRONICA ( PROX AO 18 BATALHÃO DA POLÍCIA )";"PINA";"";"";"COLISÃO LATERAL";"0,0";"1,0";"0,0";"0,0";"0,0";"0,0";"0,0";"0,0";"0,0";"1,0";"0,0";"";"";"";"";"";"";"";"";"";"";"";""
"202435372,0";"2024-12-23";"11:30:00";"COM VÍTIMA";"FINALIZADA";"SAN MARTIN";"AV ENGENHEIRO ABDIAS DE CARVALHO";"";"";"EM FRENTE A FUNASE";"SAN MARTIN";"";"";"COLISÃO";"0,0";"1,0";"0,0";"0,0";"0,0";"0,0";"0,0";"0,0";"0,0";"1,0";"0,0";"";"";"";"";"";"";"";"";"";"";"";""
"202435382,0";"2024-12-23";"12:42:00";"COM VÍTIMA";"FINALIZADA";"BOA VISTA";"RUA NUNES MACHADO";"47";"";"IGREJA DA SOLEDADE, EM FRENTE AO NUMERO  58";"BOA VISTA";"";"";"COLISÃO";"1,0";"1,0";"0,0";"0,0";"0,0";"0,0";"0,0";"0,0";"0,0";"1,0";"0,0";"";"";"";"";"";"";"";"";"";"";"";""
"202435384,0";"2024-12-23";"12:58:00";"COM VÍTIMA";"FINALIZADA";"ILHA DO RETIRO";"RUA SPORT CLUBE DO RECIFE";"23";"";"PROX AO CAMPO DO SPORT  ( SENTIDO MC DONALDS )";"ILHA DO RETIRO";"";"";"COLISÃO";"0,0";"1,0";"0,0";"0,0";"0,0";"0,0";"0,0";"0,0";"0,0";"1,0";"0,0";"";"";"";"";"";"";"";"";"";"";"";""
"202435391,0";"2024-12-23";"02:45:00";"COM VÍTIMA";"FINALIZADA";"VARZEA";"AV PROFESSOR MORAES REGO";"313";"";"PCT NO POSTO DE GASOLINA ALBATEX, EM FRENTE AO MOTEL HEROS, AO LADO DO HOSP DAS CLINICAS";"VARZEA";"";"";"COLISÃO";"0,0";"1,0";"0,0";"0,0";"0,0";"0,0";"0,0";"0,0";"0,0";"1,0";"0,0";"";"";"";"";"";"";"";"";"";"";"";""
"202435392,0";"2024-12-23";"02:47:00";"COM VÍTIMA";"FINALIZADA";"ESPINHEIRO";"RUA QUARENTA E OITO";"";"";"AO LADO DO POSTO BR // PROX AO VIADUTO DA JOAO DE BARROS";"ESPINHEIRO";"";"";"COLISÃO";"0,0";"1,0";"0,0";"0,0";"0,0";"0,0";"0,0";"0,0";"0,0";"1,0";"0,0";"";"";"";"";"";"";"";"";"";"";"";""
"202435397,0";"2024-12-23";"03:24:00";"COM VÍTIMA";"FINALIZADA";"SANTO AMARO";"AV GOVERNADOR AGAMENON MAGALHAES";"";"";"PROX AO SHOPPIN TACARUNA // AO LADO DO POSTO BRSANTO";"SANTO AMARO";"";"";"COLISÃO";"0,0";"1,0";"0,0";"0,0";"0,0";"0,0";"0,0";"0,0";"0,0";"1,0";"0,0";"";"";"";"";"";"";"";"";"";"";"";""
"202435399,0";"2024-12-23";"03:35:00";"COM VÍTIMA";"FINALIZADA";"BONGI";"AV ENGENHEIRO ABDIAS DE CARVALHO";"";"";"E/FA  ENGEFRIO  S/T SUB";"BONGI";"";"";"COLISÃO TRASEIRA";"1,0";"1,0";"0,0";"0,0";"0,0";"0,0";"0,0";"0,0";"0,0";"1,0";"0,0";"";"";"";"";"";"";"";"";"";"";"";""
"202435406,0";"2024-12-23";"04:32:00";"COM VÍTIMA";"FINALIZADA";"CASA AMARELA";"RUA SANTA IZABEL";"408";"";"EM FRENTE À IGREJA BATISTA";"CASA AMARELA";"";"";"COLISÃO";"0,0";"1,0";"0,0";"0,0";"0,0";"0,0";"0,0";"0,0";"0,0";"1,0";"0,0";"";"";"";"";"";"";"";"";"";"";"";""
"202435412,0";"2024-12-23";"05:09:00";"COM VÍTIMA";"FINALIZADA";"IPSEP";"AV PRESIDENTE KENNEDY";"";"";"PROX A PRAÇA MARIA LUCIA / EM FRENTE A POLITEC";"IPSEP";"";"";"COLISÃO";"0,0";"1,0";"0,0";"0,0";"0,0";"0,0";"0,0";"0,0";"0,0";"1,0";"0,0";"";"";"";"";"";"";"";"";"";"";"";""
"202435416,0";"2024-12-23";"06:08:00";"SEM VÍTIMA";"FINALIZADA";"BOA VIAGEM";"AV ENGENHEIRO DOMINGOS FERREIRA";"";"";"EM FRENTE AO CANAL DA  CONSTRUÇÃO";"BOA VIAGEM";"";"";"COLISÃO LATERAL";"2,0";"0,0";"0,0";"0,0";"0,0";"0,0";"0,0";"0,0";"0,0";"0,0";"0,0";"";"";"";"";"";"";"";"";"";"";"";""
"202435420,0";"2024-12-23";"06:41:00";"COM VÍTIMA";"FINALIZADA";"SAN MARTIN";"RUA COMENDADOR QUEIROZ DE OLIVEIRA";"16";"";"EM FRENTE AO HOTEL FADA.";"SAN MARTIN";"";"";"COLISÃO";"0,0";"1,0";"0,0";"0,0";"0,0";"0,0";"0,0";"0,0";"0,0";"1,0";"0,0";"";"";"";"";"";"";"";"";"";"";"";""
"202435421,0";"2024-12-23";"06:53:00";"COM VÍTIMA";"FINALIZADA";"CASA AMARELA";"EST DO ARRAIAL";"2502";"";"PX GALERIA VIA APIA//PX ESPACO BELEZA NATALIA GALDINO";"CASA AMARELA";"";"";"COLISÃO";"0,0";"1,0";"0,0";"0,0";"0,0";"0,0";"0,0";"0,0";"0,0";"1,0";"0,0";"";"";"";"";"";"";"";"";"";"";"";""
"202435437,0";"2024-12-24";"06:27:00";"COM VÍTIMA";"FINALIZADA";"ILHA DO RETIRO";"AV ENGENHEIRO ABDIAS DE CARVALHO";"";"";"PROX A FACULDADE ESTACIO";"ILHA DO RETIRO";"";"";"COLISÃO";"0,0";"1,0";"0,0";"0,0";"0,0";"0,0";"1,0";"0,0";"0,0";"1,0";"0,0";"";"";"";"";"";"";"";"";"";"";"";""
"202435438,0";"2024-12-24";"06:59:00";"COM VÍTIMA";"FINALIZADA";"NOVA DESCOBERTA";"RUA DOIS DE FEVEREIRO";"431";"";"EM FRENTE A LUCAS ADESIVOS";"NOVA DESCOBERTA";"";"";"COLISÃO";"1,0";"1,0";"0,0";"0,0";"0,0";"0,0";"0,0";"0,0";"0,0";"1,0";"0,0";"";"";"";"";"";"";"";"";"";"";"";""
"202435449,0";"2024-12-24";"08:54:00";"COM VÍTIMA";"FINALIZADA";"TOTO";"AV LIBERDADE";"1293";"";"PROX ANTIGA DELEGACIA, ENTRADA DO PLANETA DOS MACACOS";"TOTO";"";"";"COLISÃO";"0,0";"1,0";"0,0";"0,0";"0,0";"0,0";"0,0";"0,0";"0,0";"1,0";"0,0";"";"";"";"";"";"";"";"";"";"";"";""
"202435454,0";"2024-12-24";"10:00:00";"COM VÍTIMA";"FINALIZADA";"IMBIRIBEIRA";"VIADUTO TANCREDO NEVES";"";"";"POSTO PETROBRAS";"IMBIRIBEIRA";"";"BOA VIAGEM";"COLISÃO LATERAL";"0,0";"2,0";"0,0";"0,0";"0,0";"0,0";"0,0";"0,0";"0,0";"2,0";"0,0";"";"";"";"";"";"";"";"";"";"";"";""
"202435463,0";"2024-12-24";"12:49:00";"COM VÍTIMA";"FINALIZADA";"DOIS UNIDOS";"AV HILDEBRANDO DE VASCONCELOS";"1504";"";"EM FRENTE AO NOVO ATACAREJO";"DOIS UNIDOS";"";"";"COLISÃO";"0,0";"1,0";"0,0";"0,0";"0,0";"0,0";"0,0";"0,0";"0,0";"1,0";"0,0";"";"";"";"";"";"";"";"";"";"";"";""
"202435464,0";"2024-12-24";"12:58:00";"COM VÍTIMA";"FINALIZADA";"AREIAS";"AV DR JOSE RUFINO";"2595";"RUA IPOJUCA";"EM FRENTE A IGREJA PRESBITERIANA";"AREIAS";"";"";"COLISÃO FRONTAL";"1,0";"1,0";"0,0";"0,0";"0,0";"0,0";"0,0";"0,0";"0,0";"1,0";"0,0";"";"";"";"";"";"";"";"";"";"";"";""
"202435465,0";"2024-12-24";"01:01:00";"COM VÍTIMA";"FINALIZADA";"IMBIRIBEIRA";"AV MARECHAL MASCARENHAS DE MORAES";"";"";"APÓS O SAM´S CLUBE/ SENTIDO AEROPORTO";"IMBIRIBEIRA";"";"";"COLISÃO";"0,0";"1,0";"0,0";"0,0";"0,0";"0,0";"0,0";"0,0";"0,0";"1,0";"0,0";"";"";"";"";"";"";"";"";"";"";"";""
"202435466,0";"2024-12-24";"01:08:00";"COM VÍTIMA";"FINALIZADA";"SANTO AMARO";"RUA JOAO LIRA";"";"";"ESCOLA SIZENANDO SILVEIRA E O IEP";"SANTO AMARO";"";"";"COLISÃO LATERAL";"1,0";"1,0";"0,0";"0,0";"0,0";"0,0";"0,0";"0,0";"0,0";"1,0";"0,0";"";"";"";"";"";"";"";"";"";"";"";""
"202435469,0";"2024-12-24";"02:19:00";"COM VÍTIMA";"FINALIZADA";"BOA VIAGEM";"RUA PROFESSOR AUGUSTO LINS E SILVA";"364";"";"PROX AO PARQUE DONA LINDU";"BOA VIAGEM";"";"";"COLISÃO";"0,0";"1,0";"0,0";"0,0";"0,0";"0,0";"0,0";"0,0";"0,0";"1,0";"0,0";"";"";"";"";"";"";"";"";"";"";"";""
"202435470,0";"2024-12-24";"02:20:00";"COM VÍTIMA";"FINALIZADA";"IPUTINGA";"RUA JOSE TRIGUEIRO";"157";"";"PROX A RECIFERRO // OFICIINA UNIAO";"IPUTINGA";"";"";"COLISÃO";"0,0";"1,0";"0,0";"0,0";"0,0";"0,0";"0,0";"0,0";"0,0";"1,0";"0,0";"";"";"";"";"";"";"";"";"";"";"";""
"202435474,0";"2024-12-24";"03:57:00";"COM VÍTIMA";"FINALIZADA";"MADALENA";"EST DOS REMEDIOS";"";"AV JOSE GONCALVES DE MEDEIROS";"SEMÁFORO 353";"MADALENA";"";"";"COLISÃO LATERAL";"1,0";"1,0";"0,0";"0,0";"0,0";"0,0";"0,0";"0,0";"0,0";"1,0";"0,0";"";"";"";"";"";"";"";"";"";"";"";""
"202435478,0";"2024-12-24";"05:09:00";"COM VÍTIMA";"FINALIZADA";"CASA AMARELA";"RUA CONS PERETTI";"270";"";"PROXIMO AO EDIFICIO MORADA PAULA BATISTA";"CASA AMARELA";"";"";"COLISÃO LATERAL";"0,0";"1,0";"0,0";"0,0";"0,0";"1,0";"0,0";"0,0";"0,0";"1,0";"0,0";"";"";"";"";"";"";"";"";"";"";"";""
"202435481,0";"2024-12-24";"06:05:00";"COM VÍTIMA";"FINALIZADA";"CORDEIRO";"RUA HONORIO CORREIA";"146";"";"EM FRENTE AO SUPERMERCADO LEÃO";"CORDEIRO";"";"";"COLISÃO";"0,0";"1,0";"0,0";"0,0";"0,0";"0,0";"0,0";"0,0";"0,0";"1,0";"0,0";"";"";"";"";"";"";"";"";"";"";"";""
"202435483,0";"2024-12-24";"07:36:00";"COM VÍTIMA";"FINALIZADA";"AFOGADOS";"RUA QUITERIO INACIO DE MELLO";"260";"";"ANTES DA PONTE MOTOCOLOMBÓ";"AFOGADOS";"";"";"COLISÃO";"1,0";"1,0";"0,0";"0,0";"0,0";"0,0";"0,0";"0,0";"0,0";"1,0";"0,0";"";"";"";"";"";"";"";"";"";"";"";""
"202435491,0";"2024-12-24";"08:56:00";"COM VÍTIMA";"FINALIZADA";"VASCO DA GAMA";"RUA VASCO DA GAMA";"";"";"PRÓXIMO A PADARIA RAINHA DO VASCO";"VASCO DA GAMA";"";"";"COLISÃO FRONTAL";"1,0";"1,0";"0,0";"0,0";"0,0";"0,0";"0,0";"0,0";"0,0";"2,0";"0,0";"";"";"";"";"";"";"";"";"";"";"";""
"202435501,0";"2024-12-24";"09:56:00";"COM VÍTIMA";"FINALIZADA";"IMBIRIBEIRA";"AV MARECHAL MASCARENHAS DE MORAES";"";"";"EM FRENTE AO IBIS HOTEL";"IMBIRIBEIRA";"";"";"QUEDA";"0,0";"1,0";"0,0";"0,0";"0,0";"0,0";"0,0";"0,0";"0,0";"1,0";"0,0";"";"";"";"";"";"";"";"";"";"";"";""
"202435518,0";"2024-12-25";"01:28:00";"COM VÍTIMA";"FINALIZADA";"BOA VIAGEM";"RUA DEZ DE JULHO";"";"RUA WALDEMAR NERY CARNEIRO MONTEIRO";"PERTO DO NÚMERO 265";"BOA VIAGEM";"573,0";"";"COLISÃO LATERAL";"1,0";"1,0";"0,0";"0,0";"0,0";"0,0";"0,0";"0,0";"0,0";"1,0";"0,0";"";"";"";"";"";"";"";"";"";"";"";""
"202435533,0";"2024-12-25";"06:23:00";"COM VÍTIMA";"FINALIZADA";"PASSARINHO";"AV NORTE MIGUEL ARRAES DE ALENCAR";"";"";"EM FRENTE AO POSTO OPERA ENEGY";"PASSARINHO";"";"";"COLISÃO";"0,0";"1,0";"0,0";"0,0";"0,0";"0,0";"0,0";"0,0";"0,0";"1,0";"0,0";"";"";"";"";"";"";"";"";"";"";"";""
"202435534,0";"2024-12-25";"06:24:00";"COM VÍTIMA";"FINALIZADA";"IBURA";"AV SANTA FE";"";"";"UR2 PROX AO TERMINAL /";"IBURA";"";"";"COLISÃO";"0,0";"1,0";"0,0";"0,0";"0,0";"0,0";"0,0";"0,0";"0,0";"1,0";"0,0";"";"";"";"";"";"";"";"";"";"";"";""
"202435535,0";"2024-12-25";"08:16:00";"COM VÍTIMA";"FINALIZADA";"IBURA";"RUA SANTA LEOPOLDINA";"";"";"IBURA DE BAIXO - PROX A PADARIA CRISTI REI , NA MESMA RUA DO POSTO SHELL SUBINDO";"IBURA";"";"";"COLISÃO";"0,0";"1,0";"0,0";"0,0";"0,0";"0,0";"0,0";"0,0";"0,0";"1,0";"0,0";"";"";"";"";"";"";"";"";"";"";"";""
"202435536,0";"2024-12-25";"08:19:00";"COM VÍTIMA";"FINALIZADA";"ILHA DO LEITE";"AV GOVERNADOR AGAMENON MAGALHAES";"";"";"EM FRENTE A CAIXA ECONOMICA SENTIDO OLINDA PROX AO HOSPITAL PORTUGUES";"ILHA DO LEITE";"";"";"COLISÃO";"1,0";"1,0";"0,0";"0,0";"0,0";"0,0";"0,0";"0,0";"0,0";"1,0";"0,0";"";"";"";"";"";"";"";"";"";"";"";""
"202435538,0";"2024-12-25";"09:19:00";"COM VÍTIMA";"FINALIZADA";"IMBIRIBEIRA";"RUA GONCALVES DE MAGALHAES";"";"";"PROX AO NUMERO 24 // APOS A AERONAUTICA";"IMBIRIBEIRA";"";"";"COLISÃO";"0,0";"1,0";"0,0";"0,0";"0,0";"0,0";"0,0";"0,0";"0,0";"1,0";"0,0";"";"";"";"";"";"";"";"";"";"";"";""
"202435539,0";"2024-12-25";"10:03:00";"COM VÍTIMA";"FINALIZADA";"JORDAO";"AV MARIA IRENE";"";"";"PROX AO POSTO DE COMBUSTIVEL TJ JORDAO";"JORDAO";"";"";"COLISÃO";"1,0";"1,0";"0,0";"0,0";"0,0";"0,0";"0,0";"0,0";"0,0";"1,0";"0,0";"";"";"";"";"";"";"";"";"";"";"";""
"202435543,0";"2024-12-25";"01:29:00";"COM VÍTIMA";"FINALIZADA";"AGUA FRIA";"AV BEBERIBE";"";"";"EM FRENTE A FEIRA NOVA DE ÁGUA FRIA";"AGUA FRIA";"";"";"COLISÃO";"0,0";"1,0";"0,0";"0,0";"0,0";"0,0";"0,0";"0,0";"0,0";"1,0";"0,0";"";"";"";"";"";"";"";"";"";"";"";""
"202435552,0";"2024-12-25";"05:01:00";"COM VÍTIMA";"FINALIZADA";"SANTO AMARO";"AV GOVERNADOR AGAMENON MAGALHAES";"";"";"SENTIDO OLINDA / APOS O VIADUTO DA AV NORTE";"SANTO AMARO";"378,0";"";"COLISÃO TRASEIRA";"1,0";"1,0";"0,0";"0,0";"0,0";"0,0";"0,0";"0,0";"0,0";"1,0";"0,0";"";"";"";"";"";"";"";"";"";"";"";""
"202435555,0";"2024-12-25";"06:02:00";"COM VÍTIMA";"FINALIZADA";"MADALENA";"RUA BENFICA";"";"";"PROX AO CLUBE INTERNACIONAL";"MADALENA";"";"";"COLISÃO LATERAL";"1,0";"1,0";"0,0";"0,0";"0,0";"0,0";"0,0";"0,0";"0,0";"1,0";"0,0";"";"";"";"";"";"";"";"";"";"";"";""
"202435556,0";"2024-12-25";"06:29:00";"COM VÍTIMA";"FINALIZADA";"CAMPO GRANDE";"RUA JERONIMO VILELA";"335";"";"PX CLUBE DAS PAZ";"CAMPO GRANDE";"";"";"COLISÃO";"0,0";"1,0";"0,0";"0,0";"0,0";"0,0";"0,0";"0,0";"0,0";"1,0";"0,0";"";"";"";"";"";"";"";"";"";"";"";""
"202435558,0";"2024-12-25";"08:04:00";"COM VÍTIMA";"FINALIZADA";"BOA VIAGEM";"AV ENGENHEIRO DOMINGOS FERREIRA";"";"";"EM FRENTE AO CLINICAL CENTER";"BOA VIAGEM";"";"";"COLISÃO";"1,0";"0,0";"0,0";"1,0";"0,0";"0,0";"0,0";"0,0";"0,0";"1,0";"0,0";"";"";"";"";"";"";"";"";"";"";"";""
"202435564,0";"2024-12-26";"12:48:00";"COM VÍTIMA";"FINALIZADA";"IPSEP";"AV RECIFE";"";"";"ENTRADA DO IBURA NA FRENTE DA LOJA DA HONDA";"IPSEP";"";"";"COLISÃO";"1,0";"1,0";"0,0";"0,0";"0,0";"0,0";"0,0";"0,0";"0,0";"1,0";"0,0";"";"";"";"";"";"";"";"";"";"";"";""
"202435584,0";"2024-12-26";"08:27:00";"COM VÍTIMA";"FINALIZADA";"JORDAO";"AV MARIA IRENE";"1896";"";"( JORDÃO BAIXO ), EM FRENTE A PIZZARIA 145, PRÓX. A ACADEMIA  SELFIT";"JORDAO";"";"";"COLISÃO";"0,0";"1,0";"0,0";"0,0";"0,0";"0,0";"0,0";"0,0";"0,0";"1,0";"0,0";"";"";"";"";"";"";"";"";"";"";"";""
"202435589,0";"2024-12-26";"08:40:00";"COM VÍTIMA";"FINALIZADA";"PINA";"AV ANTONIO DE GOES";"1314";"";"PRÓX. AO BLINDADO BOM JESUS ( BLINDAGEM DE CARROS ) ,PRÓX. A LOJA DA SAMSUNG";"PINA";"";"";"COLISÃO";"0,0";"1,0";"0,0";"0,0";"0,0";"0,0";"0,0";"0,0";"0,0";"1,0";"0,0";"";"";"";"";"";"";"";"";"";"";"";""
"202435591,0";"2024-12-26";"09:09:00";"COM VÍTIMA";"FINALIZADA";"SAO JOSE";"AV MARTINS DE BARROS";"";"";"PROX. A PRAÇA SERGIO LORETO, EM FRENTE A J.A FRIO REFRIGERAÇÃO";"SAO JOSE";"";"";"COLISÃO";"0,0";"1,0";"0,0";"0,0";"0,0";"0,0";"0,0";"0,0";"0,0";"1,0";"0,0";"";"";"";"";"";"";"";"";"";"";"";""
"202435594,0";"2024-12-26";"09:31:00";"COM VÍTIMA";"DUPLICIDADE";"ESPINHEIRO";"RUA DO ESPINHEIRO";"280";"";"EM FRENTE A GALERIA";"ESPINHEIRO";"";"";"COLISÃO";"1,0";"1,0";"0,0";"0,0";"0,0";"0,0";"0,0";"0,0";"0,0";"1,0";"0,0";"";"";"";"";"";"";"";"";"";"";"";""
"202435598,0";"2024-12-26";"09:39:00";"COM VÍTIMA";"FINALIZADA";"JORDAO";"AV CENTENARIO ALBERTO SANTOS DUMONT";"";"";"EM FRENTE A BASE AEREA , AO LADO DO TUNEL FELIPE CAMARAO";"JORDAO";"";"";"COLISÃO";"0,0";"1,0";"0,0";"0,0";"0,0";"0,0";"0,0";"0,0";"0,0";"1,0";"0,0";"";"";"";"";"";"";"";"";"";"";"";""
"202435599,0";"2024-12-26";"09:39:00";"COM VÍTIMA";"FINALIZADA";"ESPINHEIRO";"RUA DO ESPINHEIRO";"230";"";"EM FRENTE A GALERIA ESPINHEIRO";"ESPINHEIRO";"";"";"COLISÃO";"0,0";"1,0";"0,0";"0,0";"0,0";"0,0";"0,0";"0,0";"0,0";"1,0";"0,0";"";"";"";"";"";"";"";"";"";"";"";""
"202435617,0";"2024-12-26";"01:31:00";"COM VÍTIMA";"FINALIZADA";"JOANA BEZERRA";"PTE JOSE DE BARROS LIMA";"";"";"COLISAO SOBRE O VIADUTO AO LADO DO FORUM";"JOANA BEZERRA";"";"";"COLISÃO TRASEIRA";"1,0";"0,0";"0,0";"0,0";"0,0";"0,0";"0,0";"0,0";"0,0";"1,0";"0,0";"";"";"";"";"";"";"";"";"";"";"";""
"202435618,0";"2024-12-26";"01:47:00";"COM VÍTIMA";"FINALIZADA";"AREIAS";"RUA IPOJUCA";"1020";"";"EM FRENTE AO MERCADINHO POPULAR";"AREIAS";"";"";"COLISÃO";"0,0";"1,0";"0,0";"0,0";"0,0";"0,0";"0,0";"0,0";"0,0";"1,0";"0,0";"";"";"";"";"";"";"";"";"";"";"";""
"202435620,0";"2024-12-26";"01:53:00";"COM VÍTIMA";"FINALIZADA";"NOVA DESCOBERTA";"AV VEREADOR OTACILIO AZEVEDO";"";"";"EM FRENTE AO ATACAREJO BELO DIA";"NOVA DESCOBERTA";"";"";"COLISÃO";"0,0";"1,0";"0,0";"0,0";"0,0";"0,0";"0,0";"0,0";"0,0";"1,0";"0,0";"";"";"";"";"";"";"";"";"";"";"";""
"202435673,0";"2024-12-27";"08:43:00";"COM VÍTIMA";"FINALIZADA";"CASA FORTE";"RUA NESTOR SILVA";"";"RUA AFONSO DE ALBUQUERQUE MELO";"POR TRAS DA RUA DO MIX MATHEUS";"CASA FORTE";"";"";"CAPOTAMENTO";"1,0";"0,0";"0,0";"0,0";"0,0";"0,0";"0,0";"0,0";"0,0";"1,0";"0,0";"";"";"";"";"";"";"";"";"";"";"";""
"202435678,0";"2024-12-27";"09:39:00";"COM VÍTIMA";"FINALIZADA";"SAO JOSE";"AV MARTINS DE BARROS";"";"";"FÓRUM THOMAZ DE AQUINO";"SAO JOSE";"";"";"COLISÃO";"1,0";"1,0";"0,0";"0,0";"0,0";"0,0";"0,0";"0,0";"0,0";"1,0";"0,0";"";"";"";"";"";"";"";"";"";"";"";""
"202435679,0";"2024-12-27";"09:41:00";"COM VÍTIMA";"DUPLICIDADE";"SAO JOSE";"AV MARTINS DE BARROS";"";"";"PROX. A CORREGEDORIA GERAL DA JUSTIÇA";"SAO JOSE";"";"";"COLISÃO";"0,0";"1,0";"0,0";"0,0";"0,0";"0,0";"0,0";"0,0";"0,0";"1,0";"0,0";"";"";"";"";"";"";"";"";"";"";"";""
"202435688,0";"2024-12-27";"11:17:00";"COM VÍTIMA";"FINALIZADA";"BOA VIAGEM";"AV CONSELHEIRO AGUIAR";"";"";"EM FRENTE AO EMPORIO DA LUZ, BOUTIQUE DA CARNE";"BOA VIAGEM";"";"";"COLISÃO";"0,0";"1,0";"0,0";"0,0";"0,0";"0,0";"0,0";"0,0";"0,0";"1,0";"0,0";"";"";"";"";"";"";"";"";"";"";"";""
"202435694,0";"2024-12-27";"12:28:00";"COM VÍTIMA";"DUPLICIDADE";"SANCHO";"RUA APRIGIO GUIMARAES";"325";"";"PROX. AO HOSPITAL OTÁVIO DE FREITAS";"SANCHO";"";"";"COLISÃO";"0,0";"1,0";"0,0";"0,0";"0,0";"0,0";"0,0";"0,0";"0,0";"1,0";"0,0";"";"";"";"";"";"";"";"";"";"";"";""