"Protocolo";"data";"hora";"natureza";"situacao";"bairro";"endereco";"numero";"detalhe_endereco_acidente";"complemento";"bairro_cruzamento";"num_semaforo";"sentido_via";"tipo";"auto";"moto";"ciclom";"ciclista";"pedestre";"onibus";"caminhao";"viatura";"outros";"vitimas";"vitimasfatais";"acidente_verificado";"tempo_clima";"situacao_semaforo";"sinalizacao";"condicao_via";"conservacao_via";"ponto_controle";"situacao_placa";"velocidade_max_via";"mao_direcao";"divisao_via1";"divisao_via2"
"202435695,0";"2024-12-27";"12:30:00";"COM VÍTIMA";"FINALIZADA";"IMBIRIBEIRA";"AV MARECHAL MASCARENHAS DE MORAES";"50";"";"PROX. AO VIADUTO TANCREDO NEVES,  EM FRENTE A EMPRESA GDTU";"IMBIRIBEIRA";"";"";"COLISÃO";"0,0";"1,0";"0,0";"0,0";"0,0";"0,0";"0,0";"0,0";"0,0";"1,0";"0,0";"";"";"";"";"";"";"";"";"";"";"";""
"202435696,0";"2024-12-27";"12:33:00";"COM VÍTIMA";"FINALIZADA";"IMBIRIBEIRA";"AV GENERAL MAC ARTHUR";"376";"";"PROX A ESTAÇÃO DE METRO ANTONIO FALCÃO";"IMBIRIBEIRA";"";"";"COLISÃO";"0,0";"1,0";"0,0";"0,0";"0,0";"0,0";"0,0";"0,0";"0,0";"1,0";"0,0";"";"";"";"";"";"";"";"";"";"";"";""
"202435697,0";"2024-12-27";"12:41:00";"SEM VÍTIMA";"FINALIZADA";"BOA VIAGEM";"AV ANTONIO DE GOES";"218";"";"DNIT";"BOA VIAGEM";"";"CIDADE";"COLISÃO TRASEIRA";"1,0";"0,0";"0,0";"0,0";"0,0";"0,0";"0,0";"1,0";"0,0";"0,0";"0,0";"";"";"";"";"";"";"";"";"";"";"";""
"202435698,0";"2024-12-27";"12:48:00";"COM VÍTIMA";"FINALIZADA";"SANTO AMARO";"AV GOVERNADOR AGAMENON MAGALHAES";"";"";"EM FRENTE AO MINISTERIO PUBLICO FEDERAL / SENTIDO DERBY";"SANTO AMARO";"";"";"COLISÃO LATERAL";"1,0";"1,0";"0,0";"0,0";"0,0";"0,0";"0,0";"0,0";"0,0";"1,0";"0,0";"";"";"";"";"";"";"";"";"";"";"";""
"202435699,0";"2024-12-27";"12:51:00";"COM VÍTIMA";"DUPLICIDADE";"PRADO";"RUA CARLOS GOMES";"969";"";"PROX AO CORREIOS";"PRADO";"";"";"COLISÃO";"0,0";"1,0";"0,0";"0,0";"0,0";"0,0";"0,0";"0,0";"0,0";"1,0";"0,0";"";"";"";"";"";"";"";"";"";"";"";""
"202435701,0";"2024-12-27";"12:56:00";"COM VÍTIMA";"FINALIZADA";"BOA VIAGEM";"RUA DES JOAO PAES";"";"";"NA ESQUINA DA FARMACIA DROGASIL";"BOA VIAGEM";"";"";"COLISÃO";"2,0";"0,0";"0,0";"0,0";"0,0";"0,0";"0,0";"0,0";"0,0";"1,0";"0,0";"";"";"";"";"";"";"";"";"";"";"";""
"202435702,0";"2024-12-27";"01:01:00";"COM VÍTIMA";"FINALIZADA";"SAN MARTIN";"AV GENERAL SAN MARTIN";"910";"";"E/F AOS CORREIOS";"SAN MARTIN";"";"";"COLISÃO LATERAL";"1,0";"1,0";"0,0";"0,0";"0,0";"0,0";"0,0";"0,0";"0,0";"1,0";"0,0";"";"";"";"";"";"";"";"";"";"";"";""
"202435703,0";"2024-12-27";"01:08:00";"COM VÍTIMA";"FINALIZADA";"TEJIPIO";"RUA APRIGIO GUIMARAES";"489";"";"EM FRENTE A FABRICA PADARIA";"TEJIPIO";"";"";"COLISÃO LATERAL";"1,0";"1,0";"0,0";"0,0";"0,0";"0,0";"0,0";"0,0";"0,0";"1,0";"0,0";"";"";"";"";"";"";"";"";"";"";"";""
"202435705,0";"2024-12-27";"01:56:00";"SEM VÍTIMA";"FINALIZADA";"SANTO AMARO";"RUA JOAO LIRA";"";"RUA DA SAUDADE";"TRIBUNAL DE CONTAS DO ESTADO DE PERNAMBUCO";"SANTO AMARO";"308,0";"SUBURBIO";"COLISÃO LATERAL";"1,0";"0,0";"0,0";"0,0";"0,0";"0,0";"0,0";"1,0";"0,0";"0,0";"0,0";"";"";"";"";"";"";"";"";"";"";"";""
"202435706,0";"2024-12-27";"01:56:00";"COM VÍTIMA";"FINALIZADA";"JOANA BEZERRA";"VIADUTO CAPITAO TEMUDO";"";"";"SENTIDO OLINDA PROX AO CABANGA";"JOANA BEZERRA";"";"";"COLISÃO";"0,0";"1,0";"0,0";"0,0";"0,0";"0,0";"0,0";"0,0";"0,0";"1,0";"0,0";"";"";"";"";"";"";"";"";"";"";"";""
"202435708,0";"2024-12-27";"02:35:00";"COM VÍTIMA";"FINALIZADA";"SAO JOSE";"C SANTA RITA";"";"";"POSTO IPIRANGA";"SAO JOSE";"";"";"COLISÃO";"1,0";"1,0";"0,0";"0,0";"0,0";"0,0";"0,0";"0,0";"0,0";"1,0";"0,0";"";"";"";"";"";"";"";"";"";"";"";""
"202435710,0";"2024-12-27";"03:29:00";"COM VÍTIMA";"FINALIZADA";"CORDEIRO";"AV INACIO MONTEIRO";"";"";"PX AO INTERIOR RESTAURANTE BAR";"CORDEIRO";"";"";"COLISÃO";"0,0";"1,0";"0,0";"0,0";"0,0";"0,0";"0,0";"0,0";"0,0";"1,0";"0,0";"";"";"";"";"";"";"";"";"";"";"";""
"202435711,0";"2024-12-27";"03:30:00";"COM VÍTIMA";"FINALIZADA";"BARRO";"AV DR JOSE RUFINO";"3486";"";"EM CIMA DO VIADUTO // PROX AO LAVA JATO TREVO";"BARRO";"";"";"COLISÃO FRONTAL";"1,0";"1,0";"0,0";"0,0";"0,0";"0,0";"0,0";"0,0";"0,0";"1,0";"0,0";"";"";"";"";"";"";"";"";"";"";"";""
"202435713,0";"2024-12-27";"04:01:00";"COM VÍTIMA";"FINALIZADA";"CASA AMARELA";"RUA OSCAR DE BARROS";"263";"RUA CONS PERETTI";"PROX AO SERPE";"CASA AMARELA";"";"";"COLISÃO LATERAL";"1,0";"1,0";"0,0";"0,0";"0,0";"0,0";"0,0";"0,0";"0,0";"1,0";"0,0";"";"";"";"";"";"";"";"";"";"";"";""
"202435716,0";"2024-12-27";"04:32:00";"COM VÍTIMA";"FINALIZADA";"SANTO AMARO";"AV CRUZ CABUGA";"";"";"PROX AO SHOPPING TACARUNA SENTIDO OLINDA";"SANTO AMARO";"";"";"COLISÃO";"0,0";"1,0";"0,0";"0,0";"0,0";"0,0";"0,0";"0,0";"0,0";"1,0";"0,0";"";"";"";"";"";"";"";"";"";"";"";""
"202435722,0";"2024-12-27";"05:21:00";"COM VÍTIMA";"FINALIZADA";"TORROES";"AV ENGENHEIRO ABDIAS DE CARVALHO";"";"";"DLP / POSTO DE GASOLINA PETROBRAS / APOS A UPA";"TORROES";"";"";"COLISÃO";"0,0";"1,0";"0,0";"0,0";"0,0";"0,0";"0,0";"0,0";"0,0";"1,0";"0,0";"";"";"";"";"";"";"";"";"";"";"";""
"202435728,0";"2024-12-27";"07:59:00";"COM VÍTIMA";"FINALIZADA";"PAISSANDU";"AV GOVERNADOR AGAMENON MAGALHAES";"";"";"E/F AO HOSPITAL PORTUGUES";"PAISSANDU";"";"";"COLISÃO LATERAL";"1,0";"1,0";"0,0";"0,0";"0,0";"0,0";"0,0";"0,0";"0,0";"1,0";"0,0";"";"";"";"";"";"";"";"";"";"";"";""
"202435736,0";"2024-12-27";"10:25:00";"SEM VÍTIMA";"FINALIZADA";"CASA FORTE";"AV DEZESSETE DE AGOSTO";"";"";"EM FRENTE AO CPOR";"CASA FORTE";"";"";"COLISÃO";"2,0";"0,0";"0,0";"0,0";"0,0";"0,0";"0,0";"0,0";"0,0";"0,0";"0,0";"";"";"";"";"";"";"";"";"";"";"";""
"202435738,0";"2024-12-27";"10:42:00";"COM VÍTIMA";"FINALIZADA";"BONGI";"EST DO BONGI";"336";"";"EM FRENTE TB FORTE TRANSPORTE DE VALORES";"BONGI";"";"";"COLISÃO";"1,0";"1,0";"0,0";"0,0";"0,0";"0,0";"0,0";"0,0";"0,0";"1,0";"0,0";"";"";"";"";"";"";"";"";"";"";"";""
"202435740,0";"2024-12-27";"11:49:00";"COM VÍTIMA";"FINALIZADA";"BOA VIAGEM";"RUA VISCONDE DE JEQUITINHONHA";"";"";"EM FRENTE AO RESTAURANTE PONTEIO";"BOA VIAGEM";"";"";"ATROPELAMENTO DE PESSOA";"1,0";"0,0";"0,0";"0,0";"1,0";"0,0";"0,0";"0,0";"0,0";"1,0";"0,0";"";"";"";"";"";"";"";"";"";"";"";""
"202435758,0";"2024-12-28";"07:14:00";"COM VÍTIMA";"FINALIZADA";"GUABIRABA";"EST DA MUMBECA";"";"";"PX. A ENTRADA DE BOLA NA REDE E PRÓX A DISTRUBUIDORA DE ÁGUA MINERAL";"GUABIRABA";"";"";"COLISÃO";"0,0";"0,0";"0,0";"0,0";"0,0";"1,0";"1,0";"0,0";"0,0";"1,0";"0,0";"";"";"";"";"";"";"";"";"";"";"";""
"202435771,0";"2024-12-28";"10:46:00";"COM VÍTIMA";"FINALIZADA";"ESPINHEIRO";"RUA QUARENTA E OITO";"";"RUA CARNEIRO VILELA";"";"ESPINHEIRO";"";"";"COLISÃO LATERAL";"0,0";"0,0";"0,0";"0,0";"0,0";"0,0";"0,0";"0,0";"0,0";"1,0";"0,0";"";"";"";"";"";"";"";"";"";"";"";""
"202435783,0";"2024-12-28";"01:48:00";"COM VÍTIMA";"FINALIZADA";"VARZEA";"AV BARAO DE BONITO";"";"";"PROX A TRAMONTINA";"VARZEA";"";"";"COLISÃO LATERAL";"2,0";"0,0";"0,0";"0,0";"0,0";"0,0";"0,0";"0,0";"0,0";"1,0";"0,0";"";"";"";"";"";"";"";"";"";"";"";""
"202435784,0";"2024-12-28";"01:50:00";"COM VÍTIMA";"FINALIZADA";"NOVA DESCOBERTA";"COR DO ARCANJO";"152";"";"PROX A ESCOLA MUNICIPAL PEDRINHO";"NOVA DESCOBERTA";"";"";"COLISÃO";"0,0";"1,0";"0,0";"0,0";"0,0";"0,0";"0,0";"0,0";"0,0";"1,0";"0,0";"";"";"";"";"";"";"";"";"";"";"";""
"202435792,0";"2024-12-28";"02:30:00";"SEM VÍTIMA";"FINALIZADA";"IBURA";"AV DOIS RIOS";"1172";"";"EM FRENTE AO RESTAURANTE BOCA A BOCA";"IBURA";"";"SUBURBIO";"COLISÃO TRASEIRA";"1,0";"0,0";"0,0";"0,0";"0,0";"0,0";"0,0";"1,0";"0,0";"0,0";"0,0";"";"";"";"";"";"";"";"";"";"";"";""
"202435797,0";"2024-12-28";"02:57:00";"COM VÍTIMA";"FINALIZADA";"BAIRRO DO RECIFE";"RUA SIQUEIRA CAMPOS";"";"AV MARTINS DE BARROS";"PRÓX AO SANTANDER";"BAIRRO DO RECIFE";"";"";"COLISÃO";"0,0";"1,0";"0,0";"0,0";"0,0";"0,0";"0,0";"0,0";"0,0";"2,0";"0,0";"";"";"";"";"";"";"";"";"";"";"";""
"202435802,0";"2024-12-28";"03:50:00";"COM VÍTIMA";"FINALIZADA";"CASA FORTE";"AV DEZESSETE DE AGOSTO";"1390";"";"PROX AO BAR REAL - PROX AO VERDEFRUT";"CASA FORTE";"";"";"COLISÃO FRONTAL";"1,0";"1,0";"0,0";"0,0";"0,0";"0,0";"0,0";"0,0";"0,0";"1,0";"0,0";"";"";"";"";"";"";"";"";"";"";"";""
"202435810,0";"2024-12-28";"07:27:00";"COM VÍTIMA";"FINALIZADA";"BOA VIAGEM";"AV CONSELHEIRO AGUIAR";"";"RUA ANTONIO FALCAO";"";"BOA VIAGEM";"";"";"COLISÃO";"0,0";"2,0";"0,0";"0,0";"0,0";"0,0";"0,0";"0,0";"0,0";"1,0";"0,0";"";"";"";"";"";"";"";"";"";"";"";""
"202435828,0";"2024-12-28";"11:39:00";"COM VÍTIMA";"FINALIZADA";"IBURA";"AV RECIFE";"";"AV DOM HELDER CAMARA";"ENTRADA DO IBURA";"IBURA";"";"";"COLISÃO LATERAL";"1,0";"2,0";"0,0";"0,0";"0,0";"0,0";"0,0";"0,0";"0,0";"2,0";"0,0";"";"";"";"";"";"";"";"";"";"";"";""
"202435832,0";"2024-12-28";"11:57:00";"COM VÍTIMA";"FINALIZADA";"GRACAS";"RUA CARDEAL ARCOVERDE";"";"RUA GERVASIO FIORAVANTE";"";"GRACAS";"";"";"COLISÃO FRONTAL";"2,0";"0,0";"0,0";"0,0";"0,0";"0,0";"0,0";"0,0";"0,0";"1,0";"0,0";"";"";"";"";"";"";"";"";"";"";"";""
"202435851,0";"2025-12-29";"07:09:00";"COM VÍTIMA";"FINALIZADA";"CASA FORTE";"EST DO ENCANAMENTO";"";"";"EM FRENTE AO COLEGIO JOSE VILELA,  PROX. AO SITIO DA TRINDADE";"CASA FORTE";"";"";"COLISÃO";"0,0";"1,0";"0,0";"0,0";"0,0";"1,0";"0,0";"0,0";"0,0";"2,0";"0,0";"";"";"";"";"";"";"";"";"";"";"";""
"202435852,0";"2025-12-29";"07:42:00";"VÍTIMA FATAL";"FINALIZADA";"BOA VIAGEM";"AV ENGENHEIRO DOMINGOS FERREIRA";"";"";"PROX. AO CLINICAL CENTER,  EM FRENTE AO EMPRESARIAL DOMINGOS FERREIRA";"BOA VIAGEM";"";"";"COLISÃO";"0,0";"1,0";"0,0";"0,0";"0,0";"0,0";"0,0";"0,0";"0,0";"1,0";"2,0";"";"";"";"";"";"";"";"";"";"";"";""
"202435855,0";"2025-12-29";"09:29:00";"COM VÍTIMA";"FINALIZADA";"IMBIRIBEIRA";"AV MARECHAL MASCARENHAS DE MORAES";"";"";"EM FRENTE A FERREIRA COSTA , SENTIDO CIDADE";"IMBIRIBEIRA";"";"";"COLISÃO LATERAL";"1,0";"0,0";"0,0";"1,0";"0,0";"0,0";"0,0";"0,0";"0,0";"1,0";"0,0";"";"";"";"";"";"";"";"";"";"";"";""
"202435856,0";"2025-12-29";"10:58:00";"COM VÍTIMA";"FINALIZADA";"DERBY";"AV GOVERNADOR AGAMENON MAGALHAES";"";"";"PROX. AO COLEGIO AMERICANO BATISTA";"DERBY";"";"";"COLISÃO";"0,0";"1,0";"0,0";"0,0";"0,0";"0,0";"0,0";"0,0";"0,0";"1,0";"0,0";"";"";"";"";"";"";"";"";"";"";"";""
"202435857,0";"2025-12-29";"11:28:00";"COM VÍTIMA";"FINALIZADA";"SANTO AMARO";"AV GOVERNADOR AGAMENON MAGALHAES";"SN";"";"PROX A IGREJA  DO SÉTIMO DIA , PROX AO HOSPITAL INFANTIL HAP VIDA MANDACARU";"SANTO AMARO";"";"";"COLISÃO";"0,0";"1,0";"0,0";"0,0";"0,0";"0,0";"0,0";"0,0";"0,0";"1,0";"0,0";"";"";"";"";"";"";"";"";"";"";"";""
"202435866,0";"2025-12-29";"02:12:00";"COM VÍTIMA";"FINALIZADA";"ESTANCIA";"AV RECIFE";"";"";"E/F AO POSTO SHEL  S/T BR";"ESTANCIA";"";"";"COLISÃO FRONTAL";"1,0";"1,0";"0,0";"0,0";"0,0";"0,0";"0,0";"0,0";"0,0";"1,0";"0,0";"";"";"";"";"";"";"";"";"";"";"";""
"202435867,0";"2025-12-29";"02:46:00";"COM VÍTIMA";"FINALIZADA";"BOA VIAGEM";"AV ENGENHEIRO DOMINGOS FERREIRA";"2600";"";"EM FRENTE A FARMACIA INDEPENDENTE";"BOA VIAGEM";"";"";"COLISÃO LATERAL";"1,0";"1,0";"0,0";"0,0";"0,0";"0,0";"0,0";"0,0";"0,0";"1,0";"0,0";"";"";"";"";"";"";"";"";"";"";"";""
"202435893,0";"2025-12-29";"08:34:00";"COM VÍTIMA";"FINALIZADA";"MANGUEIRA";"RUA DR JOAO ELISIO";"";"";"LANCHONETE MEGA LANCHE";"MANGUEIRA";"";"SUBURBIO";"QUEDA";"0,0";"1,0";"0,0";"0,0";"0,0";"0,0";"0,0";"0,0";"0,0";"1,0";"0,0";"";"";"";"";"";"";"";"";"";"";"";""
"202435900,0";"2025-12-29";"09:47:00";"COM VÍTIMA";"FINALIZADA";"BOA VIAGEM";"AV BOA VIAGEM";"5212";"";"ED. TRANSATLANTICO";"BOA VIAGEM";"";"";"COLISÃO";"1,0";"1,0";"0,0";"0,0";"0,0";"0,0";"0,0";"0,0";"0,0";"1,0";"0,0";"";"";"";"";"";"";"";"";"";"";"";""
"202435927,0";"2025-12-30";"08:32:00";"COM VÍTIMA";"FINALIZADA";"JORDAO";"AV MARIA IRENE";"";"";"PROX. A PRAÇA DO JORDAO BAIXO E POSTO DE GASOLINA";"JORDAO";"";"";"COLISÃO";"0,0";"1,0";"0,0";"0,0";"0,0";"0,0";"0,0";"0,0";"0,0";"1,0";"0,0";"";"";"";"";"";"";"";"";"";"";"";""
"202435928,0";"2025-12-30";"08:41:00";"COM VÍTIMA";"FINALIZADA";"PINA";"AV ANTONIO DE GOES";"158";"";"NA PONTE DO PINA ( SENTIDO OLINDA ) , PRÓX. AO RADAR  ( ANTES DO CABANGA IATE CLUB )";"PINA";"";"";"COLISÃO";"0,0";"1,0";"0,0";"0,0";"0,0";"0,0";"0,0";"0,0";"0,0";"1,0";"0,0";"";"";"";"";"";"";"";"";"";"";"";""
"202435934,0";"2025-12-30";"09:34:00";"COM VÍTIMA";"FINALIZADA";"AFOGADOS";"AV DR JOSE RUFINO";"472";"";"PROX AO MOTEL PREMIO / ANTES DO COLEGIO VIASÃO";"AFOGADOS";"";"";"COLISÃO";"1,0";"1,0";"0,0";"0,0";"0,0";"0,0";"0,0";"0,0";"0,0";"1,0";"0,0";"";"";"";"";"";"";"";"";"";"";"";""
"202435946,0";"2025-12-30";"12:57:00";"COM VÍTIMA";"FINALIZADA";"GRACAS";"RUA CONFEDERACAO DO EQUADOR";"208";"";"EM FRENTE A CASA DOS FRIOS";"GRACAS";"";"";"COLISÃO";"0,0";"1,0";"0,0";"0,0";"0,0";"0,0";"0,0";"0,0";"0,0";"1,0";"0,0";"";"";"";"";"";"";"";"";"";"";"";""
"202435950,0";"2025-12-30";"01:12:00";"COM VÍTIMA";"FINALIZADA";"CASA FORTE";"RUA LEONARDO BEZERRA CAVALCANTE";"766";"";"EM RENTE AO SALAO DE BELEZA BELAS ARTES";"CASA FORTE";"";"";"COLISÃO LATERAL";"1,0";"1,0";"0,0";"0,0";"0,0";"0,0";"0,0";"0,0";"0,0";"1,0";"0,0";"";"";"";"";"";"";"";"";"";"";"";""
"202435957,0";"2025-12-30";"02:49:00";"COM VÍTIMA";"FINALIZADA";"AGUA FRIA";"RUA SAO BENTO";"2446";"";"E/F A FARMACIA DROGASIL";"AGUA FRIA";"";"";"COLISÃO LATERAL";"1,0";"1,0";"0,0";"0,0";"0,0";"0,0";"0,0";"0,0";"0,0";"1,0";"0,0";"";"";"";"";"";"";"";"";"";"";"";""
"202435961,0";"2025-12-30";"03:11:00";"COM VÍTIMA";"FINALIZADA";"AFLITOS";"RUA DES MARTINS PEREIRA";"267";"";"PROX AO SEGUNDO BOMPREÇO DA ROSA E SILVA";"AFLITOS";"";"";"COLISÃO";"0,0";"0,0";"0,0";"0,0";"0,0";"0,0";"0,0";"0,0";"0,0";"1,0";"0,0";"";"";"";"";"";"";"";"";"";"";"";""
"202435964,0";"2025-12-30";"03:49:00";"COM VÍTIMA";"FINALIZADA";"FUNDAO";"AV BEBERIBE";"2680";"";"EM FRENTE NÓS EQUIPADORA";"FUNDAO";"";"";"COLISÃO LATERAL";"1,0";"1,0";"0,0";"0,0";"0,0";"0,0";"0,0";"0,0";"0,0";"2,0";"0,0";"";"";"";"";"";"";"";"";"";"";"";""
"202435978,0";"2025-12-30";"05:38:00";"SEM VÍTIMA";"FINALIZADA";"BOA VIAGEM";"AV ENGENHEIRO DOMINGOS FERREIRA";"";"RUA ARTUR MUNIZ";"PROXIMO AO ASSAI";"BOA VIAGEM";"";"";"COLISÃO LATERAL";"1,0";"0,0";"0,0";"0,0";"0,0";"0,0";"1,0";"0,0";"0,0";"0,0";"0,0";"";"";"";"";"";"";"";"";"";"";"";""
"202435985,0";"2025-12-30";"11:35:00";"COM VÍTIMA";"CANCELADA";"AGUA FRIA";"RUA DA REGENERACAO";"";"";"PROXIMO AO BAR DO PEU";"AGUA FRIA";"";"";"COLISÃO LATERAL";"1,0";"1,0";"0,0";"0,0";"0,0";"0,0";"0,0";"0,0";"0,0";"1,0";"0,0";"";"";"";"";"";"";"";"";"";"";"";""
"202435986,0";"2025-12-30";"11:42:00";"COM VÍTIMA";"FINALIZADA";"IMBIRIBEIRA";"RUA JAMAICA";"130";"";"PROXIMO A ALARM CERTER";"IMBIRIBEIRA";"";"";"COLISÃO TRANSVERSAL";"0,0";"1,0";"0,0";"0,0";"0,0";"1,0";"0,0";"0,0";"0,0";"2,0";"0,0";"";"";"";"";"";"";"";"";"";"";"";""
"202435998,0";"2025-12-31";"08:25:00";"SEM VÍTIMA";"FINALIZADA";"APIPUCOS";"AV DEZESSETE DE AGOSTO";"170";"";"PROX AO COLEGIO CANDIDO DUARTE";"APIPUCOS";"";"";"COLISÃO";"2,0";"0,0";"0,0";"0,0";"0,0";"0,0";"1,0";"0,0";"0,0";"0,0";"0,0";"";"";"";"";"";"";"";"";"";"";"";""
"202436011,0";"2025-12-31";"11:39:00";"COM VÍTIMA";"FINALIZADA";"BAIRRO DO RECIFE";"CAIS DO APOLO";"";"";"RECIFE ANTIGO, EM FRENTE AO TRIBUNAL REGIONAL, E POLICIA FEDERAL";"BAIRRO DO RECIFE";"";"";"COLISÃO";"0,0";"2,0";"0,0";"0,0";"0,0";"0,0";"0,0";"0,0";"0,0";"1,0";"0,0";"";"";"";"";"";"";"";"";"";"";"";""
"202436017,0";"2025-12-31";"12:46:00";"COM VÍTIMA";"DUPLICIDADE";"BOA VIAGEM";"AVENIDA CELSO FURTADO (VIA MANGUE)";"";"";"APÓS O ASSAÍ ( SENTIDO  SHOPPING RECIFE )";"BOA VIAGEM";"";"";"COLISÃO";"0,0";"1,0";"0,0";"0,0";"0,0";"0,0";"0,0";"0,0";"0,0";"1,0";"0,0";"";"";"";"";"";"";"";"";"";"";"";""
"202436021,0";"2025-12-31";"01:15:00";"COM VÍTIMA";"FINALIZADA";"PINA";"AVENIDA CELSO FURTADO (VIA MANGUE)";"";"";"PROX AS TRES TORRES DA QUEIROZ GALVÃO";"PINA";"";"";"COLISÃO TRASEIRA";"2,0";"1,0";"0,0";"0,0";"0,0";"0,0";"0,0";"0,0";"0,0";"1,0";"0,0";"";"";"";"";"";"";"";"";"";"";"";""
"202436022,0";"2025-12-31";"01:34:00";"COM VÍTIMA";"FINALIZADA";"ILHA DO LEITE";"RUA FRANCISCO ALVES";"552";"";"AO LADO DO HOSPITAL ESPERANÇA";"ILHA DO LEITE";"";"";"COLISÃO";"0,0";"1,0";"0,0";"0,0";"0,0";"0,0";"0,0";"0,0";"0,0";"1,0";"0,0";"";"";"";"";"";"";"";"";"";"";"";""
"202436026,0";"2025-12-31";"02:33:00";"COM VÍTIMA";"FINALIZADA";"SANTO AMARO";"AV GOVERNADOR AGAMENON MAGALHAES";"";"";"E/F A UPE APOS O VIADUTO DA JOAO DE BARROS";"SANTO AMARO";"";"";"COLISÃO";"0,0";"1,0";"0,0";"0,0";"0,0";"0,0";"0,0";"0,0";"0,0";"1,0";"0,0";"";"";"";"";"";"";"";"";"";"";"";""
"202436027,0";"2025-12-31";"02:33:00";"COM VÍTIMA";"DUPLICIDADE";"ILHA DO LEITE";"RUA ANTONIO GOMES DE FREITAS";"265";"";"E/F AO SEOPE E PROX AO HOSPITAL ESPERANÇA";"ILHA DO LEITE";"";"";"COLISÃO";"0,0";"1,0";"0,0";"0,0";"0,0";"0,0";"0,0";"0,0";"0,0";"1,0";"0,0";"";"";"";"";"";"";"";"";"";"";"";""
"202436028,0";"2025-12-31";"02:40:00";"COM VÍTIMA";"CANCELADA";"GUABIRABA";"EST DA MUMBECA";"";"";"PROX AO CENTRO DE TREINAMENTO DO SANTA CRUZ";"GUABIRABA";"";"";"COLISÃO";"0,0";"0,0";"0,0";"0,0";"0,0";"0,0";"0,0";"0,0";"0,0";"1,0";"0,0";"";"";"";"";"";"";"";"";"";"";"";""
"202436031,0";"2025-12-31";"03:18:00";"COM VÍTIMA";"FINALIZADA";"DERBY";"RUA HENRIQUE DIAS";"4868";"";"E/F AO COLEGIO MILITAR  AO LADO  DA FUNDAÇAO JOAQUIM NABUCO";"DERBY";"";"";"COLISÃO";"0,0";"1,0";"0,0";"0,0";"0,0";"0,0";"0,0";"0,0";"0,0";"1,0";"0,0";"";"";"";"";"";"";"";"";"";"";"";""
"202436032,0";"2025-12-31";"03:18:00";"COM VÍTIMA";"FINALIZADA";"ENCRUZILHADA";"EST DE BELEM";"119";"";"PROX A  QUITANDARIA";"ENCRUZILHADA";"";"";"COLISÃO";"0,0";"1,0";"0,0";"0,0";"0,0";"0,0";"0,0";"0,0";"0,0";"1,0";"0,0";"";"";"";"";"";"";"";"";"";"";"";""
"202436033,0";"2025-12-31";"03:18:00";"COM VÍTIMA";"FINALIZADA";"PINA";"AV ANTONIO DE GOES";"740";"";"ANTES DO CABANGA IATE CLUBE";"PINA";"";"";"COLISÃO";"0,0";"1,0";"0,0";"0,0";"0,0";"0,0";"0,0";"0,0";"0,0";"1,0";"0,0";"";"";"";"";"";"";"";"";"";"";"";""
"202436034,0";"2025-12-31";"03:34:00";"COM VÍTIMA";"FINALIZADA";"DOIS IRMAOS";"RUA MANUEL DE MEDEIROS";"";"";"PROX AO LAFEPE EO  ZOOLOGICO DE DOIS IRMÃOS";"DOIS IRMAOS";"";"";"COLISÃO";"0,0";"0,0";"0,0";"0,0";"0,0";"0,0";"0,0";"0,0";"0,0";"1,0";"0,0";"";"";"";"";"";"";"";"";"";"";"";""
"202436036,0";"2025-12-31";"03:40:00";"COM VÍTIMA";"FINALIZADA";"ILHA DO RETIRO";"RUA SPORT CLUBE DO RECIFE";"141";"";"E/F AO CLUBE DO SPORT";"ILHA DO RETIRO";"";"";"COLISÃO";"0,0";"1,0";"0,0";"0,0";"0,0";"0,0";"0,0";"0,0";"0,0";"1,0";"0,0";"";"";"";"";"";"";"";"";"";"";"";""
"202436038,0";"2025-12-31";"03:47:00";"COM VÍTIMA";"FINALIZADA";"APIPUCOS";"RUA DE APIPUCOS";"998";"";"E/F AO  EDF ILHA SARDENHA  EO COLEGIO SILVA JARDINS";"APIPUCOS";"";"";"COLISÃO";"1,0";"0,0";"0,0";"0,0";"0,0";"0,0";"0,0";"0,0";"0,0";"1,0";"0,0";"";"";"";"";"";"";"";"";"";"";"";""
"202436051,0";"2025-12-31";"07:37:00";"COM VÍTIMA";"FINALIZADA";"SANTO AMARO";"AV CRUZ CABUGA";"";"";"AO LADO DO HOSPITAL DO CÂNCER";"SANTO AMARO";"";"CIDADE";"COLISÃO";"1,0";"1,0";"0,0";"0,0";"0,0";"0,0";"0,0";"0,0";"0,0";"1,0";"0,0";"";"";"";"";"";"";"";"";"";"";"";""
"202436070,0";"2025-12-31";"10:39:00";"COM VÍTIMA";"FINALIZADA";"BOA VIAGEM";"AV SATURNINO DE BRITO";"";"";"";"BOA VIAGEM";"";"";"COLISÃO";"0,0";"0,0";"0,0";"0,0";"0,0";"0,0";"0,0";"0,0";"0,0";"1,0";"0,0";"";"";"";"";"";"";"";"";"";"";"";""